
===========================================================================
report_checks -path_delay max (Setup)
============================================================================
======================= Typical Corner ===================================

Startpoint: tx_start (input port clocked by clk)
Endpoint: _288_ (rising edge-triggered flip-flop clocked by clk)
Path Group: clk
Path Type: max

Fanout     Cap    Slew   Delay    Time   Description
-----------------------------------------------------------------------------
                  0.15    0.00    0.00   clock clk (rise edge)
                          0.00    0.00   clock network delay (ideal)
                          4.00    4.00 ^ input external delay
                  0.02    0.01    4.01 ^ tx_start (in)
     1    0.00                           tx_start (net)
                  0.02    0.00    4.01 ^ input11/A (sky130_fd_sc_hd__clkbuf_1)
                  0.06    0.09    4.10 ^ input11/X (sky130_fd_sc_hd__clkbuf_1)
     1    0.00                           net11 (net)
                  0.06    0.00    4.10 ^ _216_/D_N (sky130_fd_sc_hd__or4b_1)
                  0.12    0.51    4.61 v _216_/X (sky130_fd_sc_hd__or4b_1)
     3    0.01                           _088_ (net)
                  0.12    0.00    4.61 v _223_/A (sky130_fd_sc_hd__clkbuf_4)
                  0.09    0.24    4.84 v _223_/X (sky130_fd_sc_hd__clkbuf_4)
    10    0.04                           _094_ (net)
                  0.09    0.00    4.84 v _234_/A1 (sky130_fd_sc_hd__a21oi_4)
                  0.27    0.28    5.13 ^ _234_/Y (sky130_fd_sc_hd__a21oi_4)
     8    0.03                           _102_ (net)
                  0.27    0.00    5.13 ^ _235_/S (sky130_fd_sc_hd__mux2_1)
                  0.05    0.37    5.50 v _235_/X (sky130_fd_sc_hd__mux2_1)
     1    0.00                           _103_ (net)
                  0.05    0.00    5.50 v _236_/A (sky130_fd_sc_hd__clkbuf_1)
                  0.02    0.09    5.59 v _236_/X (sky130_fd_sc_hd__clkbuf_1)
     1    0.00                           _027_ (net)
                  0.02    0.00    5.59 v _288_/D (sky130_fd_sc_hd__dfrtp_1)
                                  5.59   data arrival time

                  0.15   20.00   20.00   clock clk (rise edge)
                          0.00   20.00   clock network delay (ideal)
                         -0.25   19.75   clock uncertainty
                          0.00   19.75   clock reconvergence pessimism
                                 19.75 ^ _288_/CLK (sky130_fd_sc_hd__dfrtp_1)
                         -0.08   19.67   library setup time
                                 19.67   data required time
-----------------------------------------------------------------------------
                                 19.67   data required time
                                 -5.59   data arrival time
-----------------------------------------------------------------------------
                                 14.08   slack (MET)


Startpoint: tx_start (input port clocked by clk)
Endpoint: _289_ (rising edge-triggered flip-flop clocked by clk)
Path Group: clk
Path Type: max

Fanout     Cap    Slew   Delay    Time   Description
-----------------------------------------------------------------------------
                  0.15    0.00    0.00   clock clk (rise edge)
                          0.00    0.00   clock network delay (ideal)
                          4.00    4.00 ^ input external delay
                  0.02    0.01    4.01 ^ tx_start (in)
     1    0.00                           tx_start (net)
                  0.02    0.00    4.01 ^ input11/A (sky130_fd_sc_hd__clkbuf_1)
                  0.06    0.09    4.10 ^ input11/X (sky130_fd_sc_hd__clkbuf_1)
     1    0.00                           net11 (net)
                  0.06    0.00    4.10 ^ _216_/D_N (sky130_fd_sc_hd__or4b_1)
                  0.12    0.51    4.61 v _216_/X (sky130_fd_sc_hd__or4b_1)
     3    0.01                           _088_ (net)
                  0.12    0.00    4.61 v _223_/A (sky130_fd_sc_hd__clkbuf_4)
                  0.09    0.24    4.84 v _223_/X (sky130_fd_sc_hd__clkbuf_4)
    10    0.04                           _094_ (net)
                  0.09    0.00    4.84 v _234_/A1 (sky130_fd_sc_hd__a21oi_4)
                  0.27    0.28    5.13 ^ _234_/Y (sky130_fd_sc_hd__a21oi_4)
     8    0.03                           _102_ (net)
                  0.27    0.00    5.13 ^ _238_/S (sky130_fd_sc_hd__mux2_1)
                  0.05    0.37    5.49 v _238_/X (sky130_fd_sc_hd__mux2_1)
     1    0.00                           _105_ (net)
                  0.05    0.00    5.49 v _239_/A (sky130_fd_sc_hd__clkbuf_1)
                  0.02    0.09    5.59 v _239_/X (sky130_fd_sc_hd__clkbuf_1)
     1    0.00                           _028_ (net)
                  0.02    0.00    5.59 v _289_/D (sky130_fd_sc_hd__dfrtp_1)
                                  5.59   data arrival time

                  0.15   20.00   20.00   clock clk (rise edge)
                          0.00   20.00   clock network delay (ideal)
                         -0.25   19.75   clock uncertainty
                          0.00   19.75   clock reconvergence pessimism
                                 19.75 ^ _289_/CLK (sky130_fd_sc_hd__dfrtp_1)
                         -0.08   19.67   library setup time
                                 19.67   data required time
-----------------------------------------------------------------------------
                                 19.67   data required time
                                 -5.59   data arrival time
-----------------------------------------------------------------------------
                                 14.08   slack (MET)


Startpoint: tx_start (input port clocked by clk)
Endpoint: _292_ (rising edge-triggered flip-flop clocked by clk)
Path Group: clk
Path Type: max

Fanout     Cap    Slew   Delay    Time   Description
-----------------------------------------------------------------------------
                  0.15    0.00    0.00   clock clk (rise edge)
                          0.00    0.00   clock network delay (ideal)
                          4.00    4.00 ^ input external delay
                  0.02    0.01    4.01 ^ tx_start (in)
     1    0.00                           tx_start (net)
                  0.02    0.00    4.01 ^ input11/A (sky130_fd_sc_hd__clkbuf_1)
                  0.06    0.09    4.10 ^ input11/X (sky130_fd_sc_hd__clkbuf_1)
     1    0.00                           net11 (net)
                  0.06    0.00    4.10 ^ _216_/D_N (sky130_fd_sc_hd__or4b_1)
                  0.12    0.51    4.61 v _216_/X (sky130_fd_sc_hd__or4b_1)
     3    0.01                           _088_ (net)
                  0.12    0.00    4.61 v _223_/A (sky130_fd_sc_hd__clkbuf_4)
                  0.09    0.24    4.84 v _223_/X (sky130_fd_sc_hd__clkbuf_4)
    10    0.04                           _094_ (net)
                  0.09    0.00    4.84 v _234_/A1 (sky130_fd_sc_hd__a21oi_4)
                  0.27    0.28    5.13 ^ _234_/Y (sky130_fd_sc_hd__a21oi_4)
     8    0.03                           _102_ (net)
                  0.27    0.00    5.13 ^ _247_/S (sky130_fd_sc_hd__mux2_1)
                  0.05    0.37    5.49 v _247_/X (sky130_fd_sc_hd__mux2_1)
     1    0.00                           _111_ (net)
                  0.05    0.00    5.49 v _248_/A (sky130_fd_sc_hd__clkbuf_1)
                  0.02    0.09    5.59 v _248_/X (sky130_fd_sc_hd__clkbuf_1)
     1    0.00                           _031_ (net)
                  0.02    0.00    5.59 v _292_/D (sky130_fd_sc_hd__dfrtp_1)
                                  5.59   data arrival time

                  0.15   20.00   20.00   clock clk (rise edge)
                          0.00   20.00   clock network delay (ideal)
                         -0.25   19.75   clock uncertainty
                          0.00   19.75   clock reconvergence pessimism
                                 19.75 ^ _292_/CLK (sky130_fd_sc_hd__dfrtp_1)
                         -0.08   19.67   library setup time
                                 19.67   data required time
-----------------------------------------------------------------------------
                                 19.67   data required time
                                 -5.59   data arrival time
-----------------------------------------------------------------------------
                                 14.08   slack (MET)


Startpoint: tx_start (input port clocked by clk)
Endpoint: _294_ (rising edge-triggered flip-flop clocked by clk)
Path Group: clk
Path Type: max

Fanout     Cap    Slew   Delay    Time   Description
-----------------------------------------------------------------------------
                  0.15    0.00    0.00   clock clk (rise edge)
                          0.00    0.00   clock network delay (ideal)
                          4.00    4.00 ^ input external delay
                  0.02    0.01    4.01 ^ tx_start (in)
     1    0.00                           tx_start (net)
                  0.02    0.00    4.01 ^ input11/A (sky130_fd_sc_hd__clkbuf_1)
                  0.06    0.09    4.10 ^ input11/X (sky130_fd_sc_hd__clkbuf_1)
     1    0.00                           net11 (net)
                  0.06    0.00    4.10 ^ _216_/D_N (sky130_fd_sc_hd__or4b_1)
                  0.12    0.51    4.61 v _216_/X (sky130_fd_sc_hd__or4b_1)
     3    0.01                           _088_ (net)
                  0.12    0.00    4.61 v _223_/A (sky130_fd_sc_hd__clkbuf_4)
                  0.09    0.24    4.84 v _223_/X (sky130_fd_sc_hd__clkbuf_4)
    10    0.04                           _094_ (net)
                  0.09    0.00    4.84 v _234_/A1 (sky130_fd_sc_hd__a21oi_4)
                  0.27    0.28    5.13 ^ _234_/Y (sky130_fd_sc_hd__a21oi_4)
     8    0.03                           _102_ (net)
                  0.27    0.00    5.13 ^ _253_/S (sky130_fd_sc_hd__mux2_1)
                  0.05    0.36    5.49 v _253_/X (sky130_fd_sc_hd__mux2_1)
     1    0.00                           _115_ (net)
                  0.05    0.00    5.49 v _254_/A (sky130_fd_sc_hd__clkbuf_1)
                  0.03    0.09    5.59 v _254_/X (sky130_fd_sc_hd__clkbuf_1)
     1    0.00                           _033_ (net)
                  0.03    0.00    5.59 v _294_/D (sky130_fd_sc_hd__dfrtp_1)
                                  5.59   data arrival time

                  0.15   20.00   20.00   clock clk (rise edge)
                          0.00   20.00   clock network delay (ideal)
                         -0.25   19.75   clock uncertainty
                          0.00   19.75   clock reconvergence pessimism
                                 19.75 ^ _294_/CLK (sky130_fd_sc_hd__dfrtp_1)
                         -0.08   19.67   library setup time
                                 19.67   data required time
-----------------------------------------------------------------------------
                                 19.67   data required time
                                 -5.59   data arrival time
-----------------------------------------------------------------------------
                                 14.08   slack (MET)


Startpoint: tx_start (input port clocked by clk)
Endpoint: _293_ (rising edge-triggered flip-flop clocked by clk)
Path Group: clk
Path Type: max

Fanout     Cap    Slew   Delay    Time   Description
-----------------------------------------------------------------------------
                  0.15    0.00    0.00   clock clk (rise edge)
                          0.00    0.00   clock network delay (ideal)
                          4.00    4.00 ^ input external delay
                  0.02    0.01    4.01 ^ tx_start (in)
     1    0.00                           tx_start (net)
                  0.02    0.00    4.01 ^ input11/A (sky130_fd_sc_hd__clkbuf_1)
                  0.06    0.09    4.10 ^ input11/X (sky130_fd_sc_hd__clkbuf_1)
     1    0.00                           net11 (net)
                  0.06    0.00    4.10 ^ _216_/D_N (sky130_fd_sc_hd__or4b_1)
                  0.12    0.51    4.61 v _216_/X (sky130_fd_sc_hd__or4b_1)
     3    0.01                           _088_ (net)
                  0.12    0.00    4.61 v _223_/A (sky130_fd_sc_hd__clkbuf_4)
                  0.09    0.24    4.84 v _223_/X (sky130_fd_sc_hd__clkbuf_4)
    10    0.04                           _094_ (net)
                  0.09    0.00    4.84 v _234_/A1 (sky130_fd_sc_hd__a21oi_4)
                  0.27    0.28    5.13 ^ _234_/Y (sky130_fd_sc_hd__a21oi_4)
     8    0.03                           _102_ (net)
                  0.27    0.00    5.13 ^ _250_/S (sky130_fd_sc_hd__mux2_1)
                  0.05    0.36    5.49 v _250_/X (sky130_fd_sc_hd__mux2_1)
     1    0.00                           _113_ (net)
                  0.05    0.00    5.49 v _251_/A (sky130_fd_sc_hd__clkbuf_1)
                  0.02    0.09    5.58 v _251_/X (sky130_fd_sc_hd__clkbuf_1)
     1    0.00                           _032_ (net)
                  0.02    0.00    5.58 v _293_/D (sky130_fd_sc_hd__dfrtp_1)
                                  5.58   data arrival time

                  0.15   20.00   20.00   clock clk (rise edge)
                          0.00   20.00   clock network delay (ideal)
                         -0.25   19.75   clock uncertainty
                          0.00   19.75   clock reconvergence pessimism
                                 19.75 ^ _293_/CLK (sky130_fd_sc_hd__dfrtp_1)
                         -0.08   19.67   library setup time
                                 19.67   data required time
-----------------------------------------------------------------------------
                                 19.67   data required time
                                 -5.58   data arrival time
-----------------------------------------------------------------------------
                                 14.09   slack (MET)


Startpoint: tx_start (input port clocked by clk)
Endpoint: _291_ (rising edge-triggered flip-flop clocked by clk)
Path Group: clk
Path Type: max

Fanout     Cap    Slew   Delay    Time   Description
-----------------------------------------------------------------------------
                  0.15    0.00    0.00   clock clk (rise edge)
                          0.00    0.00   clock network delay (ideal)
                          4.00    4.00 ^ input external delay
                  0.02    0.01    4.01 ^ tx_start (in)
     1    0.00                           tx_start (net)
                  0.02    0.00    4.01 ^ input11/A (sky130_fd_sc_hd__clkbuf_1)
                  0.06    0.09    4.10 ^ input11/X (sky130_fd_sc_hd__clkbuf_1)
     1    0.00                           net11 (net)
                  0.06    0.00    4.10 ^ _216_/D_N (sky130_fd_sc_hd__or4b_1)
                  0.12    0.51    4.61 v _216_/X (sky130_fd_sc_hd__or4b_1)
     3    0.01                           _088_ (net)
                  0.12    0.00    4.61 v _223_/A (sky130_fd_sc_hd__clkbuf_4)
                  0.09    0.24    4.84 v _223_/X (sky130_fd_sc_hd__clkbuf_4)
    10    0.04                           _094_ (net)
                  0.09    0.00    4.84 v _234_/A1 (sky130_fd_sc_hd__a21oi_4)
                  0.27    0.28    5.13 ^ _234_/Y (sky130_fd_sc_hd__a21oi_4)
     8    0.03                           _102_ (net)
                  0.27    0.00    5.13 ^ _244_/S (sky130_fd_sc_hd__mux2_1)
                  0.05    0.36    5.49 v _244_/X (sky130_fd_sc_hd__mux2_1)
     1    0.00                           _109_ (net)
                  0.05    0.00    5.49 v _245_/A (sky130_fd_sc_hd__clkbuf_1)
                  0.02    0.09    5.58 v _245_/X (sky130_fd_sc_hd__clkbuf_1)
     1    0.00                           _030_ (net)
                  0.02    0.00    5.58 v _291_/D (sky130_fd_sc_hd__dfrtp_1)
                                  5.58   data arrival time

                  0.15   20.00   20.00   clock clk (rise edge)
                          0.00   20.00   clock network delay (ideal)
                         -0.25   19.75   clock uncertainty
                          0.00   19.75   clock reconvergence pessimism
                                 19.75 ^ _291_/CLK (sky130_fd_sc_hd__dfrtp_1)
                         -0.08   19.67   library setup time
                                 19.67   data required time
-----------------------------------------------------------------------------
                                 19.67   data required time
                                 -5.58   data arrival time
-----------------------------------------------------------------------------
                                 14.09   slack (MET)


Startpoint: tx_start (input port clocked by clk)
Endpoint: _290_ (rising edge-triggered flip-flop clocked by clk)
Path Group: clk
Path Type: max

Fanout     Cap    Slew   Delay    Time   Description
-----------------------------------------------------------------------------
                  0.15    0.00    0.00   clock clk (rise edge)
                          0.00    0.00   clock network delay (ideal)
                          4.00    4.00 ^ input external delay
                  0.02    0.01    4.01 ^ tx_start (in)
     1    0.00                           tx_start (net)
                  0.02    0.00    4.01 ^ input11/A (sky130_fd_sc_hd__clkbuf_1)
                  0.06    0.09    4.10 ^ input11/X (sky130_fd_sc_hd__clkbuf_1)
     1    0.00                           net11 (net)
                  0.06    0.00    4.10 ^ _216_/D_N (sky130_fd_sc_hd__or4b_1)
                  0.12    0.51    4.61 v _216_/X (sky130_fd_sc_hd__or4b_1)
     3    0.01                           _088_ (net)
                  0.12    0.00    4.61 v _223_/A (sky130_fd_sc_hd__clkbuf_4)
                  0.09    0.24    4.84 v _223_/X (sky130_fd_sc_hd__clkbuf_4)
    10    0.04                           _094_ (net)
                  0.09    0.00    4.84 v _234_/A1 (sky130_fd_sc_hd__a21oi_4)
                  0.27    0.28    5.13 ^ _234_/Y (sky130_fd_sc_hd__a21oi_4)
     8    0.03                           _102_ (net)
                  0.27    0.00    5.13 ^ _241_/S (sky130_fd_sc_hd__mux2_1)
                  0.05    0.36    5.49 v _241_/X (sky130_fd_sc_hd__mux2_1)
     1    0.00                           _107_ (net)
                  0.05    0.00    5.49 v _242_/A (sky130_fd_sc_hd__clkbuf_1)
                  0.02    0.09    5.58 v _242_/X (sky130_fd_sc_hd__clkbuf_1)
     1    0.00                           _029_ (net)
                  0.02    0.00    5.58 v _290_/D (sky130_fd_sc_hd__dfrtp_1)
                                  5.58   data arrival time

                  0.15   20.00   20.00   clock clk (rise edge)
                          0.00   20.00   clock network delay (ideal)
                         -0.25   19.75   clock uncertainty
                          0.00   19.75   clock reconvergence pessimism
                                 19.75 ^ _290_/CLK (sky130_fd_sc_hd__dfrtp_1)
                         -0.08   19.67   library setup time
                                 19.67   data required time
-----------------------------------------------------------------------------
                                 19.67   data required time
                                 -5.58   data arrival time
-----------------------------------------------------------------------------
                                 14.09   slack (MET)


Startpoint: tx_start (input port clocked by clk)
Endpoint: _295_ (rising edge-triggered flip-flop clocked by clk)
Path Group: clk
Path Type: max

Fanout     Cap    Slew   Delay    Time   Description
-----------------------------------------------------------------------------
                  0.15    0.00    0.00   clock clk (rise edge)
                          0.00    0.00   clock network delay (ideal)
                          4.00    4.00 ^ input external delay
                  0.02    0.01    4.01 ^ tx_start (in)
     1    0.00                           tx_start (net)
                  0.02    0.00    4.01 ^ input11/A (sky130_fd_sc_hd__clkbuf_1)
                  0.06    0.09    4.10 ^ input11/X (sky130_fd_sc_hd__clkbuf_1)
     1    0.00                           net11 (net)
                  0.06    0.00    4.10 ^ _216_/D_N (sky130_fd_sc_hd__or4b_1)
                  0.12    0.51    4.61 v _216_/X (sky130_fd_sc_hd__or4b_1)
     3    0.01                           _088_ (net)
                  0.12    0.00    4.61 v _223_/A (sky130_fd_sc_hd__clkbuf_4)
                  0.09    0.24    4.84 v _223_/X (sky130_fd_sc_hd__clkbuf_4)
    10    0.04                           _094_ (net)
                  0.09    0.00    4.84 v _234_/A1 (sky130_fd_sc_hd__a21oi_4)
                  0.27    0.28    5.13 ^ _234_/Y (sky130_fd_sc_hd__a21oi_4)
     8    0.03                           _102_ (net)
                  0.27    0.00    5.13 ^ _255_/A (sky130_fd_sc_hd__inv_2)
                  0.05    0.05    5.17 v _255_/Y (sky130_fd_sc_hd__inv_2)
     1    0.00                           _116_ (net)
                  0.05    0.00    5.17 v _257_/A2 (sky130_fd_sc_hd__a22o_1)
                  0.04    0.23    5.40 v _257_/X (sky130_fd_sc_hd__a22o_1)
     1    0.00                           _034_ (net)
                  0.04    0.00    5.40 v _295_/D (sky130_fd_sc_hd__dfrtp_1)
                                  5.40   data arrival time

                  0.15   20.00   20.00   clock clk (rise edge)
                          0.00   20.00   clock network delay (ideal)
                         -0.25   19.75   clock uncertainty
                          0.00   19.75   clock reconvergence pessimism
                                 19.75 ^ _295_/CLK (sky130_fd_sc_hd__dfrtp_1)
                         -0.09   19.66   library setup time
                                 19.66   data required time
-----------------------------------------------------------------------------
                                 19.66   data required time
                                 -5.40   data arrival time
-----------------------------------------------------------------------------
                                 14.26   slack (MET)


Startpoint: tx_start (input port clocked by clk)
Endpoint: _287_ (rising edge-triggered flip-flop clocked by clk)
Path Group: clk
Path Type: max

Fanout     Cap    Slew   Delay    Time   Description
-----------------------------------------------------------------------------
                  0.15    0.00    0.00   clock clk (rise edge)
                          0.00    0.00   clock network delay (ideal)
                          4.00    4.00 ^ input external delay
                  0.02    0.01    4.01 ^ tx_start (in)
     1    0.00                           tx_start (net)
                  0.02    0.00    4.01 ^ input11/A (sky130_fd_sc_hd__clkbuf_1)
                  0.06    0.09    4.10 ^ input11/X (sky130_fd_sc_hd__clkbuf_1)
     1    0.00                           net11 (net)
                  0.06    0.00    4.10 ^ _216_/D_N (sky130_fd_sc_hd__or4b_1)
                  0.12    0.51    4.61 v _216_/X (sky130_fd_sc_hd__or4b_1)
     3    0.01                           _088_ (net)
                  0.12    0.00    4.61 v _217_/A2 (sky130_fd_sc_hd__a21oi_1)
                  0.24    0.28    4.89 ^ _217_/Y (sky130_fd_sc_hd__a21oi_1)
     4    0.01                           _089_ (net)
                  0.24    0.00    4.89 ^ _227_/B1 (sky130_fd_sc_hd__o21ai_1)
                  0.08    0.12    5.01 v _227_/Y (sky130_fd_sc_hd__o21ai_1)
     2    0.00                           _097_ (net)
                  0.08    0.00    5.01 v _232_/B1 (sky130_fd_sc_hd__a2bb2o_1)
                  0.05    0.29    5.30 v _232_/X (sky130_fd_sc_hd__a2bb2o_1)
     1    0.00                           _026_ (net)
                  0.05    0.00    5.30 v _287_/D (sky130_fd_sc_hd__dfrtp_1)
                                  5.30   data arrival time

                  0.15   20.00   20.00   clock clk (rise edge)
                          0.00   20.00   clock network delay (ideal)
                         -0.25   19.75   clock uncertainty
                          0.00   19.75   clock reconvergence pessimism
                                 19.75 ^ _287_/CLK (sky130_fd_sc_hd__dfrtp_1)
                         -0.09   19.66   library setup time
                                 19.66   data required time
-----------------------------------------------------------------------------
                                 19.66   data required time
                                 -5.30   data arrival time
-----------------------------------------------------------------------------
                                 14.35   slack (MET)


Startpoint: tx_start (input port clocked by clk)
Endpoint: _286_ (rising edge-triggered flip-flop clocked by clk)
Path Group: clk
Path Type: max

Fanout     Cap    Slew   Delay    Time   Description
-----------------------------------------------------------------------------
                  0.15    0.00    0.00   clock clk (rise edge)
                          0.00    0.00   clock network delay (ideal)
                          4.00    4.00 ^ input external delay
                  0.02    0.01    4.01 ^ tx_start (in)
     1    0.00                           tx_start (net)
                  0.02    0.00    4.01 ^ input11/A (sky130_fd_sc_hd__clkbuf_1)
                  0.06    0.09    4.10 ^ input11/X (sky130_fd_sc_hd__clkbuf_1)
     1    0.00                           net11 (net)
                  0.06    0.00    4.10 ^ _216_/D_N (sky130_fd_sc_hd__or4b_1)
                  0.12    0.51    4.61 v _216_/X (sky130_fd_sc_hd__or4b_1)
     3    0.01                           _088_ (net)
                  0.12    0.00    4.61 v _217_/A2 (sky130_fd_sc_hd__a21oi_1)
                  0.24    0.28    4.89 ^ _217_/Y (sky130_fd_sc_hd__a21oi_1)
     4    0.01                           _089_ (net)
                  0.24    0.00    4.89 ^ _227_/B1 (sky130_fd_sc_hd__o21ai_1)
                  0.08    0.12    5.01 v _227_/Y (sky130_fd_sc_hd__o21ai_1)
     2    0.00                           _097_ (net)
                  0.08    0.00    5.01 v _229_/A (sky130_fd_sc_hd__and2_1)
                  0.03    0.15    5.16 v _229_/X (sky130_fd_sc_hd__and2_1)
     1    0.00                           _099_ (net)
                  0.03    0.00    5.16 v _230_/A (sky130_fd_sc_hd__clkbuf_1)
                  0.02    0.08    5.25 v _230_/X (sky130_fd_sc_hd__clkbuf_1)
     1    0.00                           _025_ (net)
                  0.02    0.00    5.25 v _286_/D (sky130_fd_sc_hd__dfrtp_1)
                                  5.25   data arrival time

                  0.15   20.00   20.00   clock clk (rise edge)
                          0.00   20.00   clock network delay (ideal)
                         -0.25   19.75   clock uncertainty
                          0.00   19.75   clock reconvergence pessimism
                                 19.75 ^ _286_/CLK (sky130_fd_sc_hd__dfrtp_1)
                         -0.08   19.67   library setup time
                                 19.67   data required time
-----------------------------------------------------------------------------
                                 19.67   data required time
                                 -5.25   data arrival time
-----------------------------------------------------------------------------
                                 14.42   slack (MET)


Startpoint: tx_start (input port clocked by clk)
Endpoint: _284_ (rising edge-triggered flip-flop clocked by clk)
Path Group: clk
Path Type: max

Fanout     Cap    Slew   Delay    Time   Description
-----------------------------------------------------------------------------
                  0.15    0.00    0.00   clock clk (rise edge)
                          0.00    0.00   clock network delay (ideal)
                          4.00    4.00 ^ input external delay
                  0.02    0.01    4.01 ^ tx_start (in)
     1    0.00                           tx_start (net)
                  0.02    0.00    4.01 ^ input11/A (sky130_fd_sc_hd__clkbuf_1)
                  0.06    0.09    4.10 ^ input11/X (sky130_fd_sc_hd__clkbuf_1)
     1    0.00                           net11 (net)
                  0.06    0.00    4.10 ^ _216_/D_N (sky130_fd_sc_hd__or4b_1)
                  0.12    0.51    4.61 v _216_/X (sky130_fd_sc_hd__or4b_1)
     3    0.01                           _088_ (net)
                  0.12    0.00    4.61 v _217_/A2 (sky130_fd_sc_hd__a21oi_1)
                  0.24    0.28    4.89 ^ _217_/Y (sky130_fd_sc_hd__a21oi_1)
     4    0.01                           _089_ (net)
                  0.24    0.00    4.89 ^ _219_/B (sky130_fd_sc_hd__and2_1)
                  0.06    0.18    5.08 ^ _219_/X (sky130_fd_sc_hd__and2_1)
     2    0.00                           _091_ (net)
                  0.06    0.00    5.08 ^ _220_/B1_N (sky130_fd_sc_hd__o21ba_1)
                  0.04    0.15    5.22 v _220_/X (sky130_fd_sc_hd__o21ba_1)
     1    0.00                           _023_ (net)
                  0.04    0.00    5.22 v _284_/D (sky130_fd_sc_hd__dfrtp_1)
                                  5.22   data arrival time

                  0.15   20.00   20.00   clock clk (rise edge)
                          0.00   20.00   clock network delay (ideal)
                         -0.25   19.75   clock uncertainty
                          0.00   19.75   clock reconvergence pessimism
                                 19.75 ^ _284_/CLK (sky130_fd_sc_hd__dfrtp_1)
                         -0.09   19.66   library setup time
                                 19.66   data required time
-----------------------------------------------------------------------------
                                 19.66   data required time
                                 -5.22   data arrival time
-----------------------------------------------------------------------------
                                 14.44   slack (MET)


Startpoint: tx_start (input port clocked by clk)
Endpoint: _285_ (rising edge-triggered flip-flop clocked by clk)
Path Group: clk
Path Type: max

Fanout     Cap    Slew   Delay    Time   Description
-----------------------------------------------------------------------------
                  0.15    0.00    0.00   clock clk (rise edge)
                          0.00    0.00   clock network delay (ideal)
                          4.00    4.00 ^ input external delay
                  0.02    0.01    4.01 ^ tx_start (in)
     1    0.00                           tx_start (net)
                  0.02    0.00    4.01 ^ input11/A (sky130_fd_sc_hd__clkbuf_1)
                  0.06    0.09    4.10 ^ input11/X (sky130_fd_sc_hd__clkbuf_1)
     1    0.00                           net11 (net)
                  0.06    0.00    4.10 ^ _216_/D_N (sky130_fd_sc_hd__or4b_1)
                  0.12    0.51    4.61 v _216_/X (sky130_fd_sc_hd__or4b_1)
     3    0.01                           _088_ (net)
                  0.12    0.00    4.61 v _223_/A (sky130_fd_sc_hd__clkbuf_4)
                  0.09    0.24    4.84 v _223_/X (sky130_fd_sc_hd__clkbuf_4)
    10    0.04                           _094_ (net)
                  0.09    0.00    4.84 v _224_/A2 (sky130_fd_sc_hd__a21o_1)
                  0.04    0.21    5.05 v _224_/X (sky130_fd_sc_hd__a21o_1)
     2    0.01                           _095_ (net)
                  0.04    0.00    5.05 v _225_/B2 (sky130_fd_sc_hd__o22a_1)
                  0.04    0.16    5.21 v _225_/X (sky130_fd_sc_hd__o22a_1)
     1    0.00                           _024_ (net)
                  0.04    0.00    5.21 v _285_/D (sky130_fd_sc_hd__dfrtp_1)
                                  5.21   data arrival time

                  0.15   20.00   20.00   clock clk (rise edge)
                          0.00   20.00   clock network delay (ideal)
                         -0.25   19.75   clock uncertainty
                          0.00   19.75   clock reconvergence pessimism
                                 19.75 ^ _285_/CLK (sky130_fd_sc_hd__dfrtp_1)
                         -0.09   19.66   library setup time
                                 19.66   data required time
-----------------------------------------------------------------------------
                                 19.66   data required time
                                 -5.21   data arrival time
-----------------------------------------------------------------------------
                                 14.45   slack (MET)


Startpoint: _273_ (rising edge-triggered flip-flop clocked by clk)
Endpoint: tx (output port clocked by clk)
Path Group: clk
Path Type: max

Fanout     Cap    Slew   Delay    Time   Description
-----------------------------------------------------------------------------
                  0.15    0.00    0.00   clock clk (rise edge)
                          0.00    0.00   clock network delay (ideal)
                  0.15    0.00    0.00 ^ _273_/CLK (sky130_fd_sc_hd__dfrtp_1)
                  0.09    0.47    0.47 v _273_/Q (sky130_fd_sc_hd__dfrtp_1)
     5    0.01                           net12 (net)
                  0.09    0.00    0.47 v _130_/A (sky130_fd_sc_hd__buf_2)
                  0.08    0.21    0.67 v _130_/X (sky130_fd_sc_hd__buf_2)
    10    0.03                           _120_ (net)
                  0.08    0.00    0.67 v _132_/A (sky130_fd_sc_hd__nor2_1)
                  0.20    0.21    0.88 ^ _132_/Y (sky130_fd_sc_hd__nor2_1)
     3    0.01                           net14 (net)
                  0.20    0.00    0.88 ^ _142_/B1 (sky130_fd_sc_hd__o211ai_1)
                  0.10    0.15    1.03 v _142_/Y (sky130_fd_sc_hd__o211ai_1)
     1    0.01                           net13 (net)
                  0.10    0.00    1.03 v output13/A (sky130_fd_sc_hd__clkbuf_4)
                  0.08    0.22    1.25 v output13/X (sky130_fd_sc_hd__clkbuf_4)
     1    0.03                           tx (net)
                  0.08    0.00    1.25 v tx (out)
                                  1.25   data arrival time

                  0.15   20.00   20.00   clock clk (rise edge)
                          0.00   20.00   clock network delay (ideal)
                         -0.25   19.75   clock uncertainty
                          0.00   19.75   clock reconvergence pessimism
                         -4.00   15.75   output external delay
                                 15.75   data required time
-----------------------------------------------------------------------------
                                 15.75   data required time
                                 -1.25   data arrival time
-----------------------------------------------------------------------------
                                 14.50   slack (MET)


Startpoint: _273_ (rising edge-triggered flip-flop clocked by clk)
Endpoint: tx_busy (output port clocked by clk)
Path Group: clk
Path Type: max

Fanout     Cap    Slew   Delay    Time   Description
-----------------------------------------------------------------------------
                  0.15    0.00    0.00   clock clk (rise edge)
                          0.00    0.00   clock network delay (ideal)
                  0.15    0.00    0.00 ^ _273_/CLK (sky130_fd_sc_hd__dfrtp_1)
                  0.09    0.47    0.47 v _273_/Q (sky130_fd_sc_hd__dfrtp_1)
     5    0.01                           net12 (net)
                  0.09    0.00    0.47 v _130_/A (sky130_fd_sc_hd__buf_2)
                  0.08    0.21    0.67 v _130_/X (sky130_fd_sc_hd__buf_2)
    10    0.03                           _120_ (net)
                  0.08    0.00    0.67 v _132_/A (sky130_fd_sc_hd__nor2_1)
                  0.20    0.21    0.88 ^ _132_/Y (sky130_fd_sc_hd__nor2_1)
     3    0.01                           net14 (net)
                  0.20    0.00    0.88 ^ output14/A (sky130_fd_sc_hd__buf_2)
                  0.17    0.26    1.14 ^ output14/X (sky130_fd_sc_hd__buf_2)
     1    0.03                           tx_busy (net)
                  0.17    0.00    1.14 ^ tx_busy (out)
                                  1.14   data arrival time

                  0.15   20.00   20.00   clock clk (rise edge)
                          0.00   20.00   clock network delay (ideal)
                         -0.25   19.75   clock uncertainty
                          0.00   19.75   clock reconvergence pessimism
                         -4.00   15.75   output external delay
                                 15.75   data required time
-----------------------------------------------------------------------------
                                 15.75   data required time
                                 -1.14   data arrival time
-----------------------------------------------------------------------------
                                 14.61   slack (MET)


Startpoint: tx_start (input port clocked by clk)
Endpoint: _296_ (rising edge-triggered flip-flop clocked by clk)
Path Group: clk
Path Type: max

Fanout     Cap    Slew   Delay    Time   Description
-----------------------------------------------------------------------------
                  0.15    0.00    0.00   clock clk (rise edge)
                          0.00    0.00   clock network delay (ideal)
                          4.00    4.00 ^ input external delay
                  0.02    0.01    4.01 ^ tx_start (in)
     1    0.00                           tx_start (net)
                  0.02    0.00    4.01 ^ input11/A (sky130_fd_sc_hd__clkbuf_1)
                  0.06    0.09    4.10 ^ input11/X (sky130_fd_sc_hd__clkbuf_1)
     1    0.00                           net11 (net)
                  0.06    0.00    4.10 ^ _216_/D_N (sky130_fd_sc_hd__or4b_1)
                  0.12    0.51    4.61 v _216_/X (sky130_fd_sc_hd__or4b_1)
     3    0.01                           _088_ (net)
                  0.12    0.00    4.61 v _223_/A (sky130_fd_sc_hd__clkbuf_4)
                  0.09    0.24    4.84 v _223_/X (sky130_fd_sc_hd__clkbuf_4)
    10    0.04                           _094_ (net)
                  0.09    0.00    4.84 v _259_/A1 (sky130_fd_sc_hd__a21oi_1)
                  0.12    0.15    4.99 ^ _259_/Y (sky130_fd_sc_hd__a21oi_1)
     1    0.00                           _119_ (net)
                  0.12    0.00    4.99 ^ _260_/B1 (sky130_fd_sc_hd__a21o_1)
                  0.04    0.10    5.09 ^ _260_/X (sky130_fd_sc_hd__a21o_1)
     1    0.00                           _035_ (net)
                  0.04    0.00    5.09 ^ _296_/D (sky130_fd_sc_hd__dfrtp_2)
                                  5.09   data arrival time

                  0.15   20.00   20.00   clock clk (rise edge)
                          0.00   20.00   clock network delay (ideal)
                         -0.25   19.75   clock uncertainty
                          0.00   19.75   clock reconvergence pessimism
                                 19.75 ^ _296_/CLK (sky130_fd_sc_hd__dfrtp_2)
                         -0.05   19.70   library setup time
                                 19.70   data required time
-----------------------------------------------------------------------------
                                 19.70   data required time
                                 -5.09   data arrival time
-----------------------------------------------------------------------------
                                 14.61   slack (MET)


Startpoint: _273_ (rising edge-triggered flip-flop clocked by clk)
Endpoint: sleep_ack (output port clocked by clk)
Path Group: clk
Path Type: max

Fanout     Cap    Slew   Delay    Time   Description
-----------------------------------------------------------------------------
                  0.15    0.00    0.00   clock clk (rise edge)
                          0.00    0.00   clock network delay (ideal)
                  0.15    0.00    0.00 ^ _273_/CLK (sky130_fd_sc_hd__dfrtp_1)
                  0.14    0.45    0.45 ^ _273_/Q (sky130_fd_sc_hd__dfrtp_1)
     5    0.02                           net12 (net)
                  0.14    0.00    0.45 ^ output12/A (sky130_fd_sc_hd__clkbuf_4)
                  0.11    0.23    0.69 ^ output12/X (sky130_fd_sc_hd__clkbuf_4)
     1    0.03                           sleep_ack (net)
                  0.11    0.00    0.69 ^ sleep_ack (out)
                                  0.69   data arrival time

                  0.15   20.00   20.00   clock clk (rise edge)
                          0.00   20.00   clock network delay (ideal)
                         -0.25   19.75   clock uncertainty
                          0.00   19.75   clock reconvergence pessimism
                         -4.00   15.75   output external delay
                                 15.75   data required time
-----------------------------------------------------------------------------
                                 15.75   data required time
                                 -0.69   data arrival time
-----------------------------------------------------------------------------
                                 15.06   slack (MET)


Startpoint: sleep (input port clocked by clk)
Endpoint: _273_ (rising edge-triggered flip-flop clocked by clk)
Path Group: clk
Path Type: max

Fanout     Cap    Slew   Delay    Time   Description
-----------------------------------------------------------------------------
                  0.15    0.00    0.00   clock clk (rise edge)
                          0.00    0.00   clock network delay (ideal)
                          4.00    4.00 v input external delay
                  0.01    0.00    4.00 v sleep (in)
     1    0.00                           sleep (net)
                  0.01    0.00    4.00 v input2/A (sky130_fd_sc_hd__buf_1)
                  0.05    0.10    4.10 v input2/X (sky130_fd_sc_hd__buf_1)
     2    0.01                           net2 (net)
                  0.05    0.00    4.10 v _178_/B (sky130_fd_sc_hd__and2b_1)
                  0.03    0.16    4.26 v _178_/X (sky130_fd_sc_hd__and2b_1)
     1    0.00                           _061_ (net)
                  0.03    0.00    4.26 v _179_/A (sky130_fd_sc_hd__clkbuf_1)
                  0.02    0.08    4.35 v _179_/X (sky130_fd_sc_hd__clkbuf_1)
     1    0.00                           _012_ (net)
                  0.02    0.00    4.35 v _273_/D (sky130_fd_sc_hd__dfrtp_1)
                                  4.35   data arrival time

                  0.15   20.00   20.00   clock clk (rise edge)
                          0.00   20.00   clock network delay (ideal)
                         -0.25   19.75   clock uncertainty
                          0.00   19.75   clock reconvergence pessimism
                                 19.75 ^ _273_/CLK (sky130_fd_sc_hd__dfrtp_1)
                         -0.08   19.67   library setup time
                                 19.67   data required time
-----------------------------------------------------------------------------
                                 19.67   data required time
                                 -4.35   data arrival time
-----------------------------------------------------------------------------
                                 15.32   slack (MET)


Startpoint: sleep (input port clocked by clk)
Endpoint: _272_ (rising edge-triggered flip-flop clocked by clk)
Path Group: clk
Path Type: max

Fanout     Cap    Slew   Delay    Time   Description
-----------------------------------------------------------------------------
                  0.15    0.00    0.00   clock clk (rise edge)
                          0.00    0.00   clock network delay (ideal)
                          4.00    4.00 ^ input external delay
                  0.02    0.01    4.01 ^ sleep (in)
     1    0.00                           sleep (net)
                  0.02    0.00    4.01 ^ input2/A (sky130_fd_sc_hd__buf_1)
                  0.10    0.12    4.13 ^ input2/X (sky130_fd_sc_hd__buf_1)
     2    0.01                           net2 (net)
                  0.10    0.00    4.13 ^ _177_/B1 (sky130_fd_sc_hd__o21a_1)
                  0.04    0.13    4.26 ^ _177_/X (sky130_fd_sc_hd__o21a_1)
     1    0.00                           _011_ (net)
                  0.04    0.00    4.26 ^ _272_/D (sky130_fd_sc_hd__dfrtp_1)
                                  4.26   data arrival time

                  0.15   20.00   20.00   clock clk (rise edge)
                          0.00   20.00   clock network delay (ideal)
                         -0.25   19.75   clock uncertainty
                          0.00   19.75   clock reconvergence pessimism
                                 19.75 ^ _272_/CLK (sky130_fd_sc_hd__dfrtp_1)
                         -0.04   19.71   library setup time
                                 19.71   data required time
-----------------------------------------------------------------------------
                                 19.71   data required time
                                 -4.26   data arrival time
-----------------------------------------------------------------------------
                                 15.45   slack (MET)


Startpoint: rst_n (input port clocked by clk)
Endpoint: _274_ (recovery check against rising-edge clock clk)
Path Group: asynchronous
Path Type: max

Fanout     Cap    Slew   Delay    Time   Description
-----------------------------------------------------------------------------
                  0.15    0.00    0.00   clock clk (rise edge)
                          0.00    0.00   clock network delay (ideal)
                          4.00    4.00 ^ input external delay
                  0.02    0.01    4.01 ^ rst_n (in)
     1    0.00                           rst_n (net)
                  0.02    0.00    4.01 ^ input1/A (sky130_fd_sc_hd__dlymetal6s2s_1)
                  0.18    0.18    4.19 ^ input1/X (sky130_fd_sc_hd__dlymetal6s2s_1)
     4    0.02                           net1 (net)
                  0.18    0.00    4.19 ^ fanout16/A (sky130_fd_sc_hd__buf_2)
                  0.17    0.26    4.45 ^ fanout16/X (sky130_fd_sc_hd__buf_2)
     8    0.03                           net16 (net)
                  0.17    0.00    4.45 ^ _274_/RESET_B (sky130_fd_sc_hd__dfrtp_2)
                                  4.45   data arrival time

                  0.15   20.00   20.00   clock clk (rise edge)
                          0.00   20.00   clock network delay (ideal)
                         -0.25   19.75   clock uncertainty
                          0.00   19.75   clock reconvergence pessimism
                                 19.75 ^ _274_/CLK (sky130_fd_sc_hd__dfrtp_2)
                          0.21   19.96   library recovery time
                                 19.96   data required time
-----------------------------------------------------------------------------
                                 19.96   data required time
                                 -4.45   data arrival time
-----------------------------------------------------------------------------
                                 15.52   slack (MET)


Startpoint: rst_n (input port clocked by clk)
Endpoint: _297_ (recovery check against rising-edge clock clk)
Path Group: asynchronous
Path Type: max

Fanout     Cap    Slew   Delay    Time   Description
-----------------------------------------------------------------------------
                  0.15    0.00    0.00   clock clk (rise edge)
                          0.00    0.00   clock network delay (ideal)
                          4.00    4.00 ^ input external delay
                  0.02    0.01    4.01 ^ rst_n (in)
     1    0.00                           rst_n (net)
                  0.02    0.00    4.01 ^ input1/A (sky130_fd_sc_hd__dlymetal6s2s_1)
                  0.18    0.18    4.19 ^ input1/X (sky130_fd_sc_hd__dlymetal6s2s_1)
     4    0.02                           net1 (net)
                  0.18    0.00    4.19 ^ fanout17/A (sky130_fd_sc_hd__clkbuf_4)
                  0.14    0.26    4.45 ^ fanout17/X (sky130_fd_sc_hd__clkbuf_4)
    10    0.04                           net17 (net)
                  0.14    0.00    4.45 ^ _297_/RESET_B (sky130_fd_sc_hd__dfrtp_4)
                                  4.45   data arrival time

                  0.15   20.00   20.00   clock clk (rise edge)
                          0.00   20.00   clock network delay (ideal)
                         -0.25   19.75   clock uncertainty
                          0.00   19.75   clock reconvergence pessimism
                                 19.75 ^ _297_/CLK (sky130_fd_sc_hd__dfrtp_4)
                          0.22   19.97   library recovery time
                                 19.97   data required time
-----------------------------------------------------------------------------
                                 19.97   data required time
                                 -4.45   data arrival time
-----------------------------------------------------------------------------
                                 15.52   slack (MET)


Startpoint: rst_n (input port clocked by clk)
Endpoint: _296_ (recovery check against rising-edge clock clk)
Path Group: asynchronous
Path Type: max

Fanout     Cap    Slew   Delay    Time   Description
-----------------------------------------------------------------------------
                  0.15    0.00    0.00   clock clk (rise edge)
                          0.00    0.00   clock network delay (ideal)
                          4.00    4.00 ^ input external delay
                  0.02    0.01    4.01 ^ rst_n (in)
     1    0.00                           rst_n (net)
                  0.02    0.00    4.01 ^ input1/A (sky130_fd_sc_hd__dlymetal6s2s_1)
                  0.18    0.18    4.19 ^ input1/X (sky130_fd_sc_hd__dlymetal6s2s_1)
     4    0.02                           net1 (net)
                  0.18    0.00    4.19 ^ fanout17/A (sky130_fd_sc_hd__clkbuf_4)
                  0.14    0.26    4.45 ^ fanout17/X (sky130_fd_sc_hd__clkbuf_4)
    10    0.04                           net17 (net)
                  0.14    0.00    4.45 ^ _296_/RESET_B (sky130_fd_sc_hd__dfrtp_2)
                                  4.45   data arrival time

                  0.15   20.00   20.00   clock clk (rise edge)
                          0.00   20.00   clock network delay (ideal)
                         -0.25   19.75   clock uncertainty
                          0.00   19.75   clock reconvergence pessimism
                                 19.75 ^ _296_/CLK (sky130_fd_sc_hd__dfrtp_2)
                          0.22   19.97   library recovery time
                                 19.97   data required time
-----------------------------------------------------------------------------
                                 19.97   data required time
                                 -4.45   data arrival time
-----------------------------------------------------------------------------
                                 15.52   slack (MET)


Startpoint: rst_n (input port clocked by clk)
Endpoint: _277_ (recovery check against rising-edge clock clk)
Path Group: asynchronous
Path Type: max

Fanout     Cap    Slew   Delay    Time   Description
-----------------------------------------------------------------------------
                  0.15    0.00    0.00   clock clk (rise edge)
                          0.00    0.00   clock network delay (ideal)
                          4.00    4.00 ^ input external delay
                  0.02    0.01    4.01 ^ rst_n (in)
     1    0.00                           rst_n (net)
                  0.02    0.00    4.01 ^ input1/A (sky130_fd_sc_hd__dlymetal6s2s_1)
                  0.18    0.18    4.19 ^ input1/X (sky130_fd_sc_hd__dlymetal6s2s_1)
     4    0.02                           net1 (net)
                  0.18    0.00    4.19 ^ fanout16/A (sky130_fd_sc_hd__buf_2)
                  0.17    0.26    4.45 ^ fanout16/X (sky130_fd_sc_hd__buf_2)
     8    0.03                           net16 (net)
                  0.17    0.00    4.45 ^ _277_/RESET_B (sky130_fd_sc_hd__dfrtp_1)
                                  4.45   data arrival time

                  0.15   20.00   20.00   clock clk (rise edge)
                          0.00   20.00   clock network delay (ideal)
                         -0.25   19.75   clock uncertainty
                          0.00   19.75   clock reconvergence pessimism
                                 19.75 ^ _277_/CLK (sky130_fd_sc_hd__dfrtp_1)
                          0.23   19.98   library recovery time
                                 19.98   data required time
-----------------------------------------------------------------------------
                                 19.98   data required time
                                 -4.45   data arrival time
-----------------------------------------------------------------------------
                                 15.53   slack (MET)


Startpoint: rst_n (input port clocked by clk)
Endpoint: _276_ (recovery check against rising-edge clock clk)
Path Group: asynchronous
Path Type: max

Fanout     Cap    Slew   Delay    Time   Description
-----------------------------------------------------------------------------
                  0.15    0.00    0.00   clock clk (rise edge)
                          0.00    0.00   clock network delay (ideal)
                          4.00    4.00 ^ input external delay
                  0.02    0.01    4.01 ^ rst_n (in)
     1    0.00                           rst_n (net)
                  0.02    0.00    4.01 ^ input1/A (sky130_fd_sc_hd__dlymetal6s2s_1)
                  0.18    0.18    4.19 ^ input1/X (sky130_fd_sc_hd__dlymetal6s2s_1)
     4    0.02                           net1 (net)
                  0.18    0.00    4.19 ^ fanout16/A (sky130_fd_sc_hd__buf_2)
                  0.17    0.26    4.45 ^ fanout16/X (sky130_fd_sc_hd__buf_2)
     8    0.03                           net16 (net)
                  0.17    0.00    4.45 ^ _276_/RESET_B (sky130_fd_sc_hd__dfrtp_1)
                                  4.45   data arrival time

                  0.15   20.00   20.00   clock clk (rise edge)
                          0.00   20.00   clock network delay (ideal)
                         -0.25   19.75   clock uncertainty
                          0.00   19.75   clock reconvergence pessimism
                                 19.75 ^ _276_/CLK (sky130_fd_sc_hd__dfrtp_1)
                          0.23   19.98   library recovery time
                                 19.98   data required time
-----------------------------------------------------------------------------
                                 19.98   data required time
                                 -4.45   data arrival time
-----------------------------------------------------------------------------
                                 15.53   slack (MET)


Startpoint: rst_n (input port clocked by clk)
Endpoint: _275_ (recovery check against rising-edge clock clk)
Path Group: asynchronous
Path Type: max

Fanout     Cap    Slew   Delay    Time   Description
-----------------------------------------------------------------------------
                  0.15    0.00    0.00   clock clk (rise edge)
                          0.00    0.00   clock network delay (ideal)
                          4.00    4.00 ^ input external delay
                  0.02    0.01    4.01 ^ rst_n (in)
     1    0.00                           rst_n (net)
                  0.02    0.00    4.01 ^ input1/A (sky130_fd_sc_hd__dlymetal6s2s_1)
                  0.18    0.18    4.19 ^ input1/X (sky130_fd_sc_hd__dlymetal6s2s_1)
     4    0.02                           net1 (net)
                  0.18    0.00    4.19 ^ fanout16/A (sky130_fd_sc_hd__buf_2)
                  0.17    0.26    4.45 ^ fanout16/X (sky130_fd_sc_hd__buf_2)
     8    0.03                           net16 (net)
                  0.17    0.00    4.45 ^ _275_/RESET_B (sky130_fd_sc_hd__dfrtp_1)
                                  4.45   data arrival time

                  0.15   20.00   20.00   clock clk (rise edge)
                          0.00   20.00   clock network delay (ideal)
                         -0.25   19.75   clock uncertainty
                          0.00   19.75   clock reconvergence pessimism
                                 19.75 ^ _275_/CLK (sky130_fd_sc_hd__dfrtp_1)
                          0.23   19.98   library recovery time
                                 19.98   data required time
-----------------------------------------------------------------------------
                                 19.98   data required time
                                 -4.45   data arrival time
-----------------------------------------------------------------------------
                                 15.53   slack (MET)


Startpoint: rst_n (input port clocked by clk)
Endpoint: _283_ (recovery check against rising-edge clock clk)
Path Group: asynchronous
Path Type: max

Fanout     Cap    Slew   Delay    Time   Description
-----------------------------------------------------------------------------
                  0.15    0.00    0.00   clock clk (rise edge)
                          0.00    0.00   clock network delay (ideal)
                          4.00    4.00 ^ input external delay
                  0.02    0.01    4.01 ^ rst_n (in)
     1    0.00                           rst_n (net)
                  0.02    0.00    4.01 ^ input1/A (sky130_fd_sc_hd__dlymetal6s2s_1)
                  0.18    0.18    4.19 ^ input1/X (sky130_fd_sc_hd__dlymetal6s2s_1)
     4    0.02                           net1 (net)
                  0.18    0.00    4.19 ^ fanout16/A (sky130_fd_sc_hd__buf_2)
                  0.17    0.26    4.45 ^ fanout16/X (sky130_fd_sc_hd__buf_2)
     8    0.03                           net16 (net)
                  0.17    0.00    4.45 ^ _283_/RESET_B (sky130_fd_sc_hd__dfrtp_1)
                                  4.45   data arrival time

                  0.15   20.00   20.00   clock clk (rise edge)
                          0.00   20.00   clock network delay (ideal)
                         -0.25   19.75   clock uncertainty
                          0.00   19.75   clock reconvergence pessimism
                                 19.75 ^ _283_/CLK (sky130_fd_sc_hd__dfrtp_1)
                          0.23   19.98   library recovery time
                                 19.98   data required time
-----------------------------------------------------------------------------
                                 19.98   data required time
                                 -4.45   data arrival time
-----------------------------------------------------------------------------
                                 15.53   slack (MET)


Startpoint: rst_n (input port clocked by clk)
Endpoint: _282_ (recovery check against rising-edge clock clk)
Path Group: asynchronous
Path Type: max

Fanout     Cap    Slew   Delay    Time   Description
-----------------------------------------------------------------------------
                  0.15    0.00    0.00   clock clk (rise edge)
                          0.00    0.00   clock network delay (ideal)
                          4.00    4.00 ^ input external delay
                  0.02    0.01    4.01 ^ rst_n (in)
     1    0.00                           rst_n (net)
                  0.02    0.00    4.01 ^ input1/A (sky130_fd_sc_hd__dlymetal6s2s_1)
                  0.18    0.18    4.19 ^ input1/X (sky130_fd_sc_hd__dlymetal6s2s_1)
     4    0.02                           net1 (net)
                  0.18    0.00    4.19 ^ fanout16/A (sky130_fd_sc_hd__buf_2)
                  0.17    0.26    4.45 ^ fanout16/X (sky130_fd_sc_hd__buf_2)
     8    0.03                           net16 (net)
                  0.17    0.00    4.45 ^ _282_/RESET_B (sky130_fd_sc_hd__dfrtp_1)
                                  4.45   data arrival time

                  0.15   20.00   20.00   clock clk (rise edge)
                          0.00   20.00   clock network delay (ideal)
                         -0.25   19.75   clock uncertainty
                          0.00   19.75   clock reconvergence pessimism
                                 19.75 ^ _282_/CLK (sky130_fd_sc_hd__dfrtp_1)
                          0.23   19.98   library recovery time
                                 19.98   data required time
-----------------------------------------------------------------------------
                                 19.98   data required time
                                 -4.45   data arrival time
-----------------------------------------------------------------------------
                                 15.53   slack (MET)


Startpoint: rst_n (input port clocked by clk)
Endpoint: _278_ (recovery check against rising-edge clock clk)
Path Group: asynchronous
Path Type: max

Fanout     Cap    Slew   Delay    Time   Description
-----------------------------------------------------------------------------
                  0.15    0.00    0.00   clock clk (rise edge)
                          0.00    0.00   clock network delay (ideal)
                          4.00    4.00 ^ input external delay
                  0.02    0.01    4.01 ^ rst_n (in)
     1    0.00                           rst_n (net)
                  0.02    0.00    4.01 ^ input1/A (sky130_fd_sc_hd__dlymetal6s2s_1)
                  0.18    0.18    4.19 ^ input1/X (sky130_fd_sc_hd__dlymetal6s2s_1)
     4    0.02                           net1 (net)
                  0.18    0.00    4.19 ^ fanout16/A (sky130_fd_sc_hd__buf_2)
                  0.17    0.26    4.45 ^ fanout16/X (sky130_fd_sc_hd__buf_2)
     8    0.03                           net16 (net)
                  0.17    0.00    4.45 ^ _278_/RESET_B (sky130_fd_sc_hd__dfrtp_1)
                                  4.45   data arrival time

                  0.15   20.00   20.00   clock clk (rise edge)
                          0.00   20.00   clock network delay (ideal)
                         -0.25   19.75   clock uncertainty
                          0.00   19.75   clock reconvergence pessimism
                                 19.75 ^ _278_/CLK (sky130_fd_sc_hd__dfrtp_1)
                          0.23   19.98   library recovery time
                                 19.98   data required time
-----------------------------------------------------------------------------
                                 19.98   data required time
                                 -4.45   data arrival time
-----------------------------------------------------------------------------
                                 15.53   slack (MET)


Startpoint: rst_n (input port clocked by clk)
Endpoint: _273_ (recovery check against rising-edge clock clk)
Path Group: asynchronous
Path Type: max

Fanout     Cap    Slew   Delay    Time   Description
-----------------------------------------------------------------------------
                  0.15    0.00    0.00   clock clk (rise edge)
                          0.00    0.00   clock network delay (ideal)
                          4.00    4.00 ^ input external delay
                  0.02    0.01    4.01 ^ rst_n (in)
     1    0.00                           rst_n (net)
                  0.02    0.00    4.01 ^ input1/A (sky130_fd_sc_hd__dlymetal6s2s_1)
                  0.18    0.18    4.19 ^ input1/X (sky130_fd_sc_hd__dlymetal6s2s_1)
     4    0.02                           net1 (net)
                  0.18    0.00    4.19 ^ fanout16/A (sky130_fd_sc_hd__buf_2)
                  0.17    0.26    4.45 ^ fanout16/X (sky130_fd_sc_hd__buf_2)
     8    0.03                           net16 (net)
                  0.17    0.00    4.45 ^ _273_/RESET_B (sky130_fd_sc_hd__dfrtp_1)
                                  4.45   data arrival time

                  0.15   20.00   20.00   clock clk (rise edge)
                          0.00   20.00   clock network delay (ideal)
                         -0.25   19.75   clock uncertainty
                          0.00   19.75   clock reconvergence pessimism
                                 19.75 ^ _273_/CLK (sky130_fd_sc_hd__dfrtp_1)
                          0.23   19.98   library recovery time
                                 19.98   data required time
-----------------------------------------------------------------------------
                                 19.98   data required time
                                 -4.45   data arrival time
-----------------------------------------------------------------------------
                                 15.53   slack (MET)


Startpoint: rst_n (input port clocked by clk)
Endpoint: _293_ (recovery check against rising-edge clock clk)
Path Group: asynchronous
Path Type: max

Fanout     Cap    Slew   Delay    Time   Description
-----------------------------------------------------------------------------
                  0.15    0.00    0.00   clock clk (rise edge)
                          0.00    0.00   clock network delay (ideal)
                          4.00    4.00 ^ input external delay
                  0.02    0.01    4.01 ^ rst_n (in)
     1    0.00                           rst_n (net)
                  0.02    0.00    4.01 ^ input1/A (sky130_fd_sc_hd__dlymetal6s2s_1)
                  0.18    0.18    4.19 ^ input1/X (sky130_fd_sc_hd__dlymetal6s2s_1)
     4    0.02                           net1 (net)
                  0.18    0.00    4.19 ^ fanout15/A (sky130_fd_sc_hd__clkbuf_4)
                  0.14    0.26    4.45 ^ fanout15/X (sky130_fd_sc_hd__clkbuf_4)
    10    0.04                           net15 (net)
                  0.14    0.00    4.46 ^ _293_/RESET_B (sky130_fd_sc_hd__dfrtp_1)
                                  4.46   data arrival time

                  0.15   20.00   20.00   clock clk (rise edge)
                          0.00   20.00   clock network delay (ideal)
                         -0.25   19.75   clock uncertainty
                          0.00   19.75   clock reconvergence pessimism
                                 19.75 ^ _293_/CLK (sky130_fd_sc_hd__dfrtp_1)
                          0.24   19.99   library recovery time
                                 19.99   data required time
-----------------------------------------------------------------------------
                                 19.99   data required time
                                 -4.46   data arrival time
-----------------------------------------------------------------------------
                                 15.53   slack (MET)


Startpoint: rst_n (input port clocked by clk)
Endpoint: _294_ (recovery check against rising-edge clock clk)
Path Group: asynchronous
Path Type: max

Fanout     Cap    Slew   Delay    Time   Description
-----------------------------------------------------------------------------
                  0.15    0.00    0.00   clock clk (rise edge)
                          0.00    0.00   clock network delay (ideal)
                          4.00    4.00 ^ input external delay
                  0.02    0.01    4.01 ^ rst_n (in)
     1    0.00                           rst_n (net)
                  0.02    0.00    4.01 ^ input1/A (sky130_fd_sc_hd__dlymetal6s2s_1)
                  0.18    0.18    4.19 ^ input1/X (sky130_fd_sc_hd__dlymetal6s2s_1)
     4    0.02                           net1 (net)
                  0.18    0.00    4.19 ^ fanout15/A (sky130_fd_sc_hd__clkbuf_4)
                  0.14    0.26    4.45 ^ fanout15/X (sky130_fd_sc_hd__clkbuf_4)
    10    0.04                           net15 (net)
                  0.14    0.00    4.46 ^ _294_/RESET_B (sky130_fd_sc_hd__dfrtp_1)
                                  4.46   data arrival time

                  0.15   20.00   20.00   clock clk (rise edge)
                          0.00   20.00   clock network delay (ideal)
                         -0.25   19.75   clock uncertainty
                          0.00   19.75   clock reconvergence pessimism
                                 19.75 ^ _294_/CLK (sky130_fd_sc_hd__dfrtp_1)
                          0.24   19.99   library recovery time
                                 19.99   data required time
-----------------------------------------------------------------------------
                                 19.99   data required time
                                 -4.46   data arrival time
-----------------------------------------------------------------------------
                                 15.53   slack (MET)


Startpoint: rst_n (input port clocked by clk)
Endpoint: _272_ (recovery check against rising-edge clock clk)
Path Group: asynchronous
Path Type: max

Fanout     Cap    Slew   Delay    Time   Description
-----------------------------------------------------------------------------
                  0.15    0.00    0.00   clock clk (rise edge)
                          0.00    0.00   clock network delay (ideal)
                          4.00    4.00 ^ input external delay
                  0.02    0.01    4.01 ^ rst_n (in)
     1    0.00                           rst_n (net)
                  0.02    0.00    4.01 ^ input1/A (sky130_fd_sc_hd__dlymetal6s2s_1)
                  0.18    0.18    4.19 ^ input1/X (sky130_fd_sc_hd__dlymetal6s2s_1)
     4    0.02                           net1 (net)
                  0.18    0.00    4.19 ^ fanout15/A (sky130_fd_sc_hd__clkbuf_4)
                  0.14    0.26    4.45 ^ fanout15/X (sky130_fd_sc_hd__clkbuf_4)
    10    0.04                           net15 (net)
                  0.14    0.00    4.46 ^ _272_/RESET_B (sky130_fd_sc_hd__dfrtp_1)
                                  4.46   data arrival time

                  0.15   20.00   20.00   clock clk (rise edge)
                          0.00   20.00   clock network delay (ideal)
                         -0.25   19.75   clock uncertainty
                          0.00   19.75   clock reconvergence pessimism
                                 19.75 ^ _272_/CLK (sky130_fd_sc_hd__dfrtp_1)
                          0.24   19.99   library recovery time
                                 19.99   data required time
-----------------------------------------------------------------------------
                                 19.99   data required time
                                 -4.46   data arrival time
-----------------------------------------------------------------------------
                                 15.53   slack (MET)


Startpoint: rst_n (input port clocked by clk)
Endpoint: _292_ (recovery check against rising-edge clock clk)
Path Group: asynchronous
Path Type: max

Fanout     Cap    Slew   Delay    Time   Description
-----------------------------------------------------------------------------
                  0.15    0.00    0.00   clock clk (rise edge)
                          0.00    0.00   clock network delay (ideal)
                          4.00    4.00 ^ input external delay
                  0.02    0.01    4.01 ^ rst_n (in)
     1    0.00                           rst_n (net)
                  0.02    0.00    4.01 ^ input1/A (sky130_fd_sc_hd__dlymetal6s2s_1)
                  0.18    0.18    4.19 ^ input1/X (sky130_fd_sc_hd__dlymetal6s2s_1)
     4    0.02                           net1 (net)
                  0.18    0.00    4.19 ^ fanout15/A (sky130_fd_sc_hd__clkbuf_4)
                  0.14    0.26    4.45 ^ fanout15/X (sky130_fd_sc_hd__clkbuf_4)
    10    0.04                           net15 (net)
                  0.14    0.00    4.46 ^ _292_/RESET_B (sky130_fd_sc_hd__dfrtp_1)
                                  4.46   data arrival time

                  0.15   20.00   20.00   clock clk (rise edge)
                          0.00   20.00   clock network delay (ideal)
                         -0.25   19.75   clock uncertainty
                          0.00   19.75   clock reconvergence pessimism
                                 19.75 ^ _292_/CLK (sky130_fd_sc_hd__dfrtp_1)
                          0.24   19.99   library recovery time
                                 19.99   data required time
-----------------------------------------------------------------------------
                                 19.99   data required time
                                 -4.46   data arrival time
-----------------------------------------------------------------------------
                                 15.53   slack (MET)


Startpoint: rst_n (input port clocked by clk)
Endpoint: _289_ (recovery check against rising-edge clock clk)
Path Group: asynchronous
Path Type: max

Fanout     Cap    Slew   Delay    Time   Description
-----------------------------------------------------------------------------
                  0.15    0.00    0.00   clock clk (rise edge)
                          0.00    0.00   clock network delay (ideal)
                          4.00    4.00 ^ input external delay
                  0.02    0.01    4.01 ^ rst_n (in)
     1    0.00                           rst_n (net)
                  0.02    0.00    4.01 ^ input1/A (sky130_fd_sc_hd__dlymetal6s2s_1)
                  0.18    0.18    4.19 ^ input1/X (sky130_fd_sc_hd__dlymetal6s2s_1)
     4    0.02                           net1 (net)
                  0.18    0.00    4.19 ^ fanout15/A (sky130_fd_sc_hd__clkbuf_4)
                  0.14    0.26    4.45 ^ fanout15/X (sky130_fd_sc_hd__clkbuf_4)
    10    0.04                           net15 (net)
                  0.14    0.00    4.46 ^ _289_/RESET_B (sky130_fd_sc_hd__dfrtp_1)
                                  4.46   data arrival time

                  0.15   20.00   20.00   clock clk (rise edge)
                          0.00   20.00   clock network delay (ideal)
                         -0.25   19.75   clock uncertainty
                          0.00   19.75   clock reconvergence pessimism
                                 19.75 ^ _289_/CLK (sky130_fd_sc_hd__dfrtp_1)
                          0.24   19.99   library recovery time
                                 19.99   data required time
-----------------------------------------------------------------------------
                                 19.99   data required time
                                 -4.46   data arrival time
-----------------------------------------------------------------------------
                                 15.53   slack (MET)


Startpoint: rst_n (input port clocked by clk)
Endpoint: _290_ (recovery check against rising-edge clock clk)
Path Group: asynchronous
Path Type: max

Fanout     Cap    Slew   Delay    Time   Description
-----------------------------------------------------------------------------
                  0.15    0.00    0.00   clock clk (rise edge)
                          0.00    0.00   clock network delay (ideal)
                          4.00    4.00 ^ input external delay
                  0.02    0.01    4.01 ^ rst_n (in)
     1    0.00                           rst_n (net)
                  0.02    0.00    4.01 ^ input1/A (sky130_fd_sc_hd__dlymetal6s2s_1)
                  0.18    0.18    4.19 ^ input1/X (sky130_fd_sc_hd__dlymetal6s2s_1)
     4    0.02                           net1 (net)
                  0.18    0.00    4.19 ^ fanout15/A (sky130_fd_sc_hd__clkbuf_4)
                  0.14    0.26    4.45 ^ fanout15/X (sky130_fd_sc_hd__clkbuf_4)
    10    0.04                           net15 (net)
                  0.14    0.00    4.46 ^ _290_/RESET_B (sky130_fd_sc_hd__dfrtp_1)
                                  4.46   data arrival time

                  0.15   20.00   20.00   clock clk (rise edge)
                          0.00   20.00   clock network delay (ideal)
                         -0.25   19.75   clock uncertainty
                          0.00   19.75   clock reconvergence pessimism
                                 19.75 ^ _290_/CLK (sky130_fd_sc_hd__dfrtp_1)
                          0.24   19.99   library recovery time
                                 19.99   data required time
-----------------------------------------------------------------------------
                                 19.99   data required time
                                 -4.46   data arrival time
-----------------------------------------------------------------------------
                                 15.53   slack (MET)


Startpoint: rst_n (input port clocked by clk)
Endpoint: _291_ (recovery check against rising-edge clock clk)
Path Group: asynchronous
Path Type: max

Fanout     Cap    Slew   Delay    Time   Description
-----------------------------------------------------------------------------
                  0.15    0.00    0.00   clock clk (rise edge)
                          0.00    0.00   clock network delay (ideal)
                          4.00    4.00 ^ input external delay
                  0.02    0.01    4.01 ^ rst_n (in)
     1    0.00                           rst_n (net)
                  0.02    0.00    4.01 ^ input1/A (sky130_fd_sc_hd__dlymetal6s2s_1)
                  0.18    0.18    4.19 ^ input1/X (sky130_fd_sc_hd__dlymetal6s2s_1)
     4    0.02                           net1 (net)
                  0.18    0.00    4.19 ^ fanout15/A (sky130_fd_sc_hd__clkbuf_4)
                  0.14    0.26    4.45 ^ fanout15/X (sky130_fd_sc_hd__clkbuf_4)
    10    0.04                           net15 (net)
                  0.14    0.00    4.46 ^ _291_/RESET_B (sky130_fd_sc_hd__dfrtp_1)
                                  4.46   data arrival time

                  0.15   20.00   20.00   clock clk (rise edge)
                          0.00   20.00   clock network delay (ideal)
                         -0.25   19.75   clock uncertainty
                          0.00   19.75   clock reconvergence pessimism
                                 19.75 ^ _291_/CLK (sky130_fd_sc_hd__dfrtp_1)
                          0.24   19.99   library recovery time
                                 19.99   data required time
-----------------------------------------------------------------------------
                                 19.99   data required time
                                 -4.46   data arrival time
-----------------------------------------------------------------------------
                                 15.53   slack (MET)


Startpoint: rst_n (input port clocked by clk)
Endpoint: _288_ (recovery check against rising-edge clock clk)
Path Group: asynchronous
Path Type: max

Fanout     Cap    Slew   Delay    Time   Description
-----------------------------------------------------------------------------
                  0.15    0.00    0.00   clock clk (rise edge)
                          0.00    0.00   clock network delay (ideal)
                          4.00    4.00 ^ input external delay
                  0.02    0.01    4.01 ^ rst_n (in)
     1    0.00                           rst_n (net)
                  0.02    0.00    4.01 ^ input1/A (sky130_fd_sc_hd__dlymetal6s2s_1)
                  0.18    0.18    4.19 ^ input1/X (sky130_fd_sc_hd__dlymetal6s2s_1)
     4    0.02                           net1 (net)
                  0.18    0.00    4.19 ^ fanout15/A (sky130_fd_sc_hd__clkbuf_4)
                  0.14    0.26    4.45 ^ fanout15/X (sky130_fd_sc_hd__clkbuf_4)
    10    0.04                           net15 (net)
                  0.14    0.00    4.46 ^ _288_/RESET_B (sky130_fd_sc_hd__dfrtp_1)
                                  4.46   data arrival time

                  0.15   20.00   20.00   clock clk (rise edge)
                          0.00   20.00   clock network delay (ideal)
                         -0.25   19.75   clock uncertainty
                          0.00   19.75   clock reconvergence pessimism
                                 19.75 ^ _288_/CLK (sky130_fd_sc_hd__dfrtp_1)
                          0.24   19.99   library recovery time
                                 19.99   data required time
-----------------------------------------------------------------------------
                                 19.99   data required time
                                 -4.46   data arrival time
-----------------------------------------------------------------------------
                                 15.53   slack (MET)


Startpoint: rst_n (input port clocked by clk)
Endpoint: _295_ (recovery check against rising-edge clock clk)
Path Group: asynchronous
Path Type: max

Fanout     Cap    Slew   Delay    Time   Description
-----------------------------------------------------------------------------
                  0.15    0.00    0.00   clock clk (rise edge)
                          0.00    0.00   clock network delay (ideal)
                          4.00    4.00 ^ input external delay
                  0.02    0.01    4.01 ^ rst_n (in)
     1    0.00                           rst_n (net)
                  0.02    0.00    4.01 ^ input1/A (sky130_fd_sc_hd__dlymetal6s2s_1)
                  0.18    0.18    4.19 ^ input1/X (sky130_fd_sc_hd__dlymetal6s2s_1)
     4    0.02                           net1 (net)
                  0.18    0.00    4.19 ^ fanout15/A (sky130_fd_sc_hd__clkbuf_4)
                  0.14    0.26    4.45 ^ fanout15/X (sky130_fd_sc_hd__clkbuf_4)
    10    0.04                           net15 (net)
                  0.14    0.00    4.46 ^ _295_/RESET_B (sky130_fd_sc_hd__dfrtp_1)
                                  4.46   data arrival time

                  0.15   20.00   20.00   clock clk (rise edge)
                          0.00   20.00   clock network delay (ideal)
                         -0.25   19.75   clock uncertainty
                          0.00   19.75   clock reconvergence pessimism
                                 19.75 ^ _295_/CLK (sky130_fd_sc_hd__dfrtp_1)
                          0.24   19.99   library recovery time
                                 19.99   data required time
-----------------------------------------------------------------------------
                                 19.99   data required time
                                 -4.46   data arrival time
-----------------------------------------------------------------------------
                                 15.53   slack (MET)


Startpoint: rst_n (input port clocked by clk)
Endpoint: _287_ (recovery check against rising-edge clock clk)
Path Group: asynchronous
Path Type: max

Fanout     Cap    Slew   Delay    Time   Description
-----------------------------------------------------------------------------
                  0.15    0.00    0.00   clock clk (rise edge)
                          0.00    0.00   clock network delay (ideal)
                          4.00    4.00 ^ input external delay
                  0.02    0.01    4.01 ^ rst_n (in)
     1    0.00                           rst_n (net)
                  0.02    0.00    4.01 ^ input1/A (sky130_fd_sc_hd__dlymetal6s2s_1)
                  0.18    0.18    4.19 ^ input1/X (sky130_fd_sc_hd__dlymetal6s2s_1)
     4    0.02                           net1 (net)
                  0.18    0.00    4.19 ^ fanout15/A (sky130_fd_sc_hd__clkbuf_4)
                  0.14    0.26    4.45 ^ fanout15/X (sky130_fd_sc_hd__clkbuf_4)
    10    0.04                           net15 (net)
                  0.14    0.00    4.45 ^ _287_/RESET_B (sky130_fd_sc_hd__dfrtp_1)
                                  4.45   data arrival time

                  0.15   20.00   20.00   clock clk (rise edge)
                          0.00   20.00   clock network delay (ideal)
                         -0.25   19.75   clock uncertainty
                          0.00   19.75   clock reconvergence pessimism
                                 19.75 ^ _287_/CLK (sky130_fd_sc_hd__dfrtp_1)
                          0.24   19.99   library recovery time
                                 19.99   data required time
-----------------------------------------------------------------------------
                                 19.99   data required time
                                 -4.45   data arrival time
-----------------------------------------------------------------------------
                                 15.53   slack (MET)


Startpoint: rst_n (input port clocked by clk)
Endpoint: _298_ (recovery check against rising-edge clock clk)
Path Group: asynchronous
Path Type: max

Fanout     Cap    Slew   Delay    Time   Description
-----------------------------------------------------------------------------
                  0.15    0.00    0.00   clock clk (rise edge)
                          0.00    0.00   clock network delay (ideal)
                          4.00    4.00 ^ input external delay
                  0.02    0.01    4.01 ^ rst_n (in)
     1    0.00                           rst_n (net)
                  0.02    0.00    4.01 ^ input1/A (sky130_fd_sc_hd__dlymetal6s2s_1)
                  0.18    0.18    4.19 ^ input1/X (sky130_fd_sc_hd__dlymetal6s2s_1)
     4    0.02                           net1 (net)
                  0.18    0.00    4.19 ^ fanout17/A (sky130_fd_sc_hd__clkbuf_4)
                  0.14    0.26    4.45 ^ fanout17/X (sky130_fd_sc_hd__clkbuf_4)
    10    0.04                           net17 (net)
                  0.14    0.00    4.45 ^ _298_/RESET_B (sky130_fd_sc_hd__dfrtp_1)
                                  4.45   data arrival time

                  0.15   20.00   20.00   clock clk (rise edge)
                          0.00   20.00   clock network delay (ideal)
                         -0.25   19.75   clock uncertainty
                          0.00   19.75   clock reconvergence pessimism
                                 19.75 ^ _298_/CLK (sky130_fd_sc_hd__dfrtp_1)
                          0.24   19.99   library recovery time
                                 19.99   data required time
-----------------------------------------------------------------------------
                                 19.99   data required time
                                 -4.45   data arrival time
-----------------------------------------------------------------------------
                                 15.54   slack (MET)


Startpoint: rst_n (input port clocked by clk)
Endpoint: _268_ (recovery check against rising-edge clock clk)
Path Group: asynchronous
Path Type: max

Fanout     Cap    Slew   Delay    Time   Description
-----------------------------------------------------------------------------
                  0.15    0.00    0.00   clock clk (rise edge)
                          0.00    0.00   clock network delay (ideal)
                          4.00    4.00 ^ input external delay
                  0.02    0.01    4.01 ^ rst_n (in)
     1    0.00                           rst_n (net)
                  0.02    0.00    4.01 ^ input1/A (sky130_fd_sc_hd__dlymetal6s2s_1)
                  0.18    0.18    4.19 ^ input1/X (sky130_fd_sc_hd__dlymetal6s2s_1)
     4    0.02                           net1 (net)
                  0.18    0.00    4.19 ^ fanout17/A (sky130_fd_sc_hd__clkbuf_4)
                  0.14    0.26    4.45 ^ fanout17/X (sky130_fd_sc_hd__clkbuf_4)
    10    0.04                           net17 (net)
                  0.14    0.00    4.45 ^ _268_/RESET_B (sky130_fd_sc_hd__dfrtp_1)
                                  4.45   data arrival time

                  0.15   20.00   20.00   clock clk (rise edge)
                          0.00   20.00   clock network delay (ideal)
                         -0.25   19.75   clock uncertainty
                          0.00   19.75   clock reconvergence pessimism
                                 19.75 ^ _268_/CLK (sky130_fd_sc_hd__dfrtp_1)
                          0.24   19.99   library recovery time
                                 19.99   data required time
-----------------------------------------------------------------------------
                                 19.99   data required time
                                 -4.45   data arrival time
-----------------------------------------------------------------------------
                                 15.54   slack (MET)


Startpoint: rst_n (input port clocked by clk)
Endpoint: _284_ (recovery check against rising-edge clock clk)
Path Group: asynchronous
Path Type: max

Fanout     Cap    Slew   Delay    Time   Description
-----------------------------------------------------------------------------
                  0.15    0.00    0.00   clock clk (rise edge)
                          0.00    0.00   clock network delay (ideal)
                          4.00    4.00 ^ input external delay
                  0.02    0.01    4.01 ^ rst_n (in)
     1    0.00                           rst_n (net)
                  0.02    0.00    4.01 ^ input1/A (sky130_fd_sc_hd__dlymetal6s2s_1)
                  0.18    0.18    4.19 ^ input1/X (sky130_fd_sc_hd__dlymetal6s2s_1)
     4    0.02                           net1 (net)
                  0.18    0.00    4.19 ^ fanout17/A (sky130_fd_sc_hd__clkbuf_4)
                  0.14    0.26    4.45 ^ fanout17/X (sky130_fd_sc_hd__clkbuf_4)
    10    0.04                           net17 (net)
                  0.14    0.00    4.45 ^ _284_/RESET_B (sky130_fd_sc_hd__dfrtp_1)
                                  4.45   data arrival time

                  0.15   20.00   20.00   clock clk (rise edge)
                          0.00   20.00   clock network delay (ideal)
                         -0.25   19.75   clock uncertainty
                          0.00   19.75   clock reconvergence pessimism
                                 19.75 ^ _284_/CLK (sky130_fd_sc_hd__dfrtp_1)
                          0.24   19.99   library recovery time
                                 19.99   data required time
-----------------------------------------------------------------------------
                                 19.99   data required time
                                 -4.45   data arrival time
-----------------------------------------------------------------------------
                                 15.54   slack (MET)


Startpoint: rst_n (input port clocked by clk)
Endpoint: _286_ (recovery check against rising-edge clock clk)
Path Group: asynchronous
Path Type: max

Fanout     Cap    Slew   Delay    Time   Description
-----------------------------------------------------------------------------
                  0.15    0.00    0.00   clock clk (rise edge)
                          0.00    0.00   clock network delay (ideal)
                          4.00    4.00 ^ input external delay
                  0.02    0.01    4.01 ^ rst_n (in)
     1    0.00                           rst_n (net)
                  0.02    0.00    4.01 ^ input1/A (sky130_fd_sc_hd__dlymetal6s2s_1)
                  0.18    0.18    4.19 ^ input1/X (sky130_fd_sc_hd__dlymetal6s2s_1)
     4    0.02                           net1 (net)
                  0.18    0.00    4.19 ^ fanout17/A (sky130_fd_sc_hd__clkbuf_4)
                  0.14    0.26    4.45 ^ fanout17/X (sky130_fd_sc_hd__clkbuf_4)
    10    0.04                           net17 (net)
                  0.14    0.00    4.45 ^ _286_/RESET_B (sky130_fd_sc_hd__dfrtp_1)
                                  4.45   data arrival time

                  0.15   20.00   20.00   clock clk (rise edge)
                          0.00   20.00   clock network delay (ideal)
                         -0.25   19.75   clock uncertainty
                          0.00   19.75   clock reconvergence pessimism
                                 19.75 ^ _286_/CLK (sky130_fd_sc_hd__dfrtp_1)
                          0.24   19.99   library recovery time
                                 19.99   data required time
-----------------------------------------------------------------------------
                                 19.99   data required time
                                 -4.45   data arrival time
-----------------------------------------------------------------------------
                                 15.54   slack (MET)


Startpoint: rst_n (input port clocked by clk)
Endpoint: _285_ (recovery check against rising-edge clock clk)
Path Group: asynchronous
Path Type: max

Fanout     Cap    Slew   Delay    Time   Description
-----------------------------------------------------------------------------
                  0.15    0.00    0.00   clock clk (rise edge)
                          0.00    0.00   clock network delay (ideal)
                          4.00    4.00 ^ input external delay
                  0.02    0.01    4.01 ^ rst_n (in)
     1    0.00                           rst_n (net)
                  0.02    0.00    4.01 ^ input1/A (sky130_fd_sc_hd__dlymetal6s2s_1)
                  0.18    0.18    4.19 ^ input1/X (sky130_fd_sc_hd__dlymetal6s2s_1)
     4    0.02                           net1 (net)
                  0.18    0.00    4.19 ^ fanout17/A (sky130_fd_sc_hd__clkbuf_4)
                  0.14    0.26    4.45 ^ fanout17/X (sky130_fd_sc_hd__clkbuf_4)
    10    0.04                           net17 (net)
                  0.14    0.00    4.45 ^ _285_/RESET_B (sky130_fd_sc_hd__dfrtp_1)
                                  4.45   data arrival time

                  0.15   20.00   20.00   clock clk (rise edge)
                          0.00   20.00   clock network delay (ideal)
                         -0.25   19.75   clock uncertainty
                          0.00   19.75   clock reconvergence pessimism
                                 19.75 ^ _285_/CLK (sky130_fd_sc_hd__dfrtp_1)
                          0.24   19.99   library recovery time
                                 19.99   data required time
-----------------------------------------------------------------------------
                                 19.99   data required time
                                 -4.45   data arrival time
-----------------------------------------------------------------------------
                                 15.54   slack (MET)


Startpoint: rst_n (input port clocked by clk)
Endpoint: _270_ (recovery check against rising-edge clock clk)
Path Group: asynchronous
Path Type: max

Fanout     Cap    Slew   Delay    Time   Description
-----------------------------------------------------------------------------
                  0.15    0.00    0.00   clock clk (rise edge)
                          0.00    0.00   clock network delay (ideal)
                          4.00    4.00 ^ input external delay
                  0.02    0.01    4.01 ^ rst_n (in)
     1    0.00                           rst_n (net)
                  0.02    0.00    4.01 ^ input1/A (sky130_fd_sc_hd__dlymetal6s2s_1)
                  0.18    0.18    4.19 ^ input1/X (sky130_fd_sc_hd__dlymetal6s2s_1)
     4    0.02                           net1 (net)
                  0.18    0.00    4.19 ^ fanout17/A (sky130_fd_sc_hd__clkbuf_4)
                  0.14    0.26    4.45 ^ fanout17/X (sky130_fd_sc_hd__clkbuf_4)
    10    0.04                           net17 (net)
                  0.14    0.00    4.45 ^ _270_/RESET_B (sky130_fd_sc_hd__dfrtp_1)
                                  4.45   data arrival time

                  0.15   20.00   20.00   clock clk (rise edge)
                          0.00   20.00   clock network delay (ideal)
                         -0.25   19.75   clock uncertainty
                          0.00   19.75   clock reconvergence pessimism
                                 19.75 ^ _270_/CLK (sky130_fd_sc_hd__dfrtp_1)
                          0.24   19.99   library recovery time
                                 19.99   data required time
-----------------------------------------------------------------------------
                                 19.99   data required time
                                 -4.45   data arrival time
-----------------------------------------------------------------------------
                                 15.54   slack (MET)


Startpoint: rst_n (input port clocked by clk)
Endpoint: _267_ (recovery check against rising-edge clock clk)
Path Group: asynchronous
Path Type: max

Fanout     Cap    Slew   Delay    Time   Description
-----------------------------------------------------------------------------
                  0.15    0.00    0.00   clock clk (rise edge)
                          0.00    0.00   clock network delay (ideal)
                          4.00    4.00 ^ input external delay
                  0.02    0.01    4.01 ^ rst_n (in)
     1    0.00                           rst_n (net)
                  0.02    0.00    4.01 ^ input1/A (sky130_fd_sc_hd__dlymetal6s2s_1)
                  0.18    0.18    4.19 ^ input1/X (sky130_fd_sc_hd__dlymetal6s2s_1)
     4    0.02                           net1 (net)
                  0.18    0.00    4.19 ^ fanout17/A (sky130_fd_sc_hd__clkbuf_4)
                  0.14    0.26    4.45 ^ fanout17/X (sky130_fd_sc_hd__clkbuf_4)
    10    0.04                           net17 (net)
                  0.14    0.00    4.45 ^ _267_/RESET_B (sky130_fd_sc_hd__dfrtp_1)
                                  4.45   data arrival time

                  0.15   20.00   20.00   clock clk (rise edge)
                          0.00   20.00   clock network delay (ideal)
                         -0.25   19.75   clock uncertainty
                          0.00   19.75   clock reconvergence pessimism
                                 19.75 ^ _267_/CLK (sky130_fd_sc_hd__dfrtp_1)
                          0.24   19.99   library recovery time
                                 19.99   data required time
-----------------------------------------------------------------------------
                                 19.99   data required time
                                 -4.45   data arrival time
-----------------------------------------------------------------------------
                                 15.54   slack (MET)


Startpoint: rst_n (input port clocked by clk)
Endpoint: _266_ (recovery check against rising-edge clock clk)
Path Group: asynchronous
Path Type: max

Fanout     Cap    Slew   Delay    Time   Description
-----------------------------------------------------------------------------
                  0.15    0.00    0.00   clock clk (rise edge)
                          0.00    0.00   clock network delay (ideal)
                          4.00    4.00 ^ input external delay
                  0.02    0.01    4.01 ^ rst_n (in)
     1    0.00                           rst_n (net)
                  0.02    0.00    4.01 ^ input1/A (sky130_fd_sc_hd__dlymetal6s2s_1)
                  0.18    0.18    4.19 ^ input1/X (sky130_fd_sc_hd__dlymetal6s2s_1)
     4    0.02                           net1 (net)
                  0.18    0.00    4.19 ^ fanout17/A (sky130_fd_sc_hd__clkbuf_4)
                  0.14    0.26    4.45 ^ fanout17/X (sky130_fd_sc_hd__clkbuf_4)
    10    0.04                           net17 (net)
                  0.14    0.00    4.45 ^ _266_/RESET_B (sky130_fd_sc_hd__dfrtp_1)
                                  4.45   data arrival time

                  0.15   20.00   20.00   clock clk (rise edge)
                          0.00   20.00   clock network delay (ideal)
                         -0.25   19.75   clock uncertainty
                          0.00   19.75   clock reconvergence pessimism
                                 19.75 ^ _266_/CLK (sky130_fd_sc_hd__dfrtp_1)
                          0.24   19.99   library recovery time
                                 19.99   data required time
-----------------------------------------------------------------------------
                                 19.99   data required time
                                 -4.45   data arrival time
-----------------------------------------------------------------------------
                                 15.54   slack (MET)


Startpoint: rst_n (input port clocked by clk)
Endpoint: _279_ (recovery check against rising-edge clock clk)
Path Group: asynchronous
Path Type: max

Fanout     Cap    Slew   Delay    Time   Description
-----------------------------------------------------------------------------
                  0.15    0.00    0.00   clock clk (rise edge)
                          0.00    0.00   clock network delay (ideal)
                          4.00    4.00 ^ input external delay
                  0.02    0.01    4.01 ^ rst_n (in)
     1    0.00                           rst_n (net)
                  0.02    0.00    4.01 ^ input1/A (sky130_fd_sc_hd__dlymetal6s2s_1)
                  0.18    0.18    4.19 ^ input1/X (sky130_fd_sc_hd__dlymetal6s2s_1)
     4    0.02                           net1 (net)
                  0.18    0.00    4.19 ^ fanout18/A (sky130_fd_sc_hd__clkbuf_4)
                  0.13    0.25    4.45 ^ fanout18/X (sky130_fd_sc_hd__clkbuf_4)
     9    0.04                           net18 (net)
                  0.13    0.00    4.45 ^ _279_/RESET_B (sky130_fd_sc_hd__dfrtp_1)
                                  4.45   data arrival time

                  0.15   20.00   20.00   clock clk (rise edge)
                          0.00   20.00   clock network delay (ideal)
                         -0.25   19.75   clock uncertainty
                          0.00   19.75   clock reconvergence pessimism
                                 19.75 ^ _279_/CLK (sky130_fd_sc_hd__dfrtp_1)
                          0.24   19.99   library recovery time
                                 19.99   data required time
-----------------------------------------------------------------------------
                                 19.99   data required time
                                 -4.45   data arrival time
-----------------------------------------------------------------------------
                                 15.54   slack (MET)


Startpoint: rst_n (input port clocked by clk)
Endpoint: _280_ (recovery check against rising-edge clock clk)
Path Group: asynchronous
Path Type: max

Fanout     Cap    Slew   Delay    Time   Description
-----------------------------------------------------------------------------
                  0.15    0.00    0.00   clock clk (rise edge)
                          0.00    0.00   clock network delay (ideal)
                          4.00    4.00 ^ input external delay
                  0.02    0.01    4.01 ^ rst_n (in)
     1    0.00                           rst_n (net)
                  0.02    0.00    4.01 ^ input1/A (sky130_fd_sc_hd__dlymetal6s2s_1)
                  0.18    0.18    4.19 ^ input1/X (sky130_fd_sc_hd__dlymetal6s2s_1)
     4    0.02                           net1 (net)
                  0.18    0.00    4.19 ^ fanout18/A (sky130_fd_sc_hd__clkbuf_4)
                  0.13    0.25    4.45 ^ fanout18/X (sky130_fd_sc_hd__clkbuf_4)
     9    0.04                           net18 (net)
                  0.13    0.00    4.45 ^ _280_/RESET_B (sky130_fd_sc_hd__dfrtp_1)
                                  4.45   data arrival time

                  0.15   20.00   20.00   clock clk (rise edge)
                          0.00   20.00   clock network delay (ideal)
                         -0.25   19.75   clock uncertainty
                          0.00   19.75   clock reconvergence pessimism
                                 19.75 ^ _280_/CLK (sky130_fd_sc_hd__dfrtp_1)
                          0.24   19.99   library recovery time
                                 19.99   data required time
-----------------------------------------------------------------------------
                                 19.99   data required time
                                 -4.45   data arrival time
-----------------------------------------------------------------------------
                                 15.54   slack (MET)


Startpoint: rst_n (input port clocked by clk)
Endpoint: _265_ (recovery check against rising-edge clock clk)
Path Group: asynchronous
Path Type: max

Fanout     Cap    Slew   Delay    Time   Description
-----------------------------------------------------------------------------
                  0.15    0.00    0.00   clock clk (rise edge)
                          0.00    0.00   clock network delay (ideal)
                          4.00    4.00 ^ input external delay
                  0.02    0.01    4.01 ^ rst_n (in)
     1    0.00                           rst_n (net)
                  0.02    0.00    4.01 ^ input1/A (sky130_fd_sc_hd__dlymetal6s2s_1)
                  0.18    0.18    4.19 ^ input1/X (sky130_fd_sc_hd__dlymetal6s2s_1)
     4    0.02                           net1 (net)
                  0.18    0.00    4.19 ^ fanout18/A (sky130_fd_sc_hd__clkbuf_4)
                  0.13    0.25    4.45 ^ fanout18/X (sky130_fd_sc_hd__clkbuf_4)
     9    0.04                           net18 (net)
                  0.13    0.00    4.45 ^ _265_/RESET_B (sky130_fd_sc_hd__dfrtp_1)
                                  4.45   data arrival time

                  0.15   20.00   20.00   clock clk (rise edge)
                          0.00   20.00   clock network delay (ideal)
                         -0.25   19.75   clock uncertainty
                          0.00   19.75   clock reconvergence pessimism
                                 19.75 ^ _265_/CLK (sky130_fd_sc_hd__dfrtp_1)
                          0.24   19.99   library recovery time
                                 19.99   data required time
-----------------------------------------------------------------------------
                                 19.99   data required time
                                 -4.45   data arrival time
-----------------------------------------------------------------------------
                                 15.54   slack (MET)


Startpoint: rst_n (input port clocked by clk)
Endpoint: _281_ (recovery check against rising-edge clock clk)
Path Group: asynchronous
Path Type: max

Fanout     Cap    Slew   Delay    Time   Description
-----------------------------------------------------------------------------
                  0.15    0.00    0.00   clock clk (rise edge)
                          0.00    0.00   clock network delay (ideal)
                          4.00    4.00 ^ input external delay
                  0.02    0.01    4.01 ^ rst_n (in)
     1    0.00                           rst_n (net)
                  0.02    0.00    4.01 ^ input1/A (sky130_fd_sc_hd__dlymetal6s2s_1)
                  0.18    0.18    4.19 ^ input1/X (sky130_fd_sc_hd__dlymetal6s2s_1)
     4    0.02                           net1 (net)
                  0.18    0.00    4.19 ^ fanout18/A (sky130_fd_sc_hd__clkbuf_4)
                  0.13    0.25    4.45 ^ fanout18/X (sky130_fd_sc_hd__clkbuf_4)
     9    0.04                           net18 (net)
                  0.13    0.00    4.45 ^ _281_/RESET_B (sky130_fd_sc_hd__dfrtp_1)
                                  4.45   data arrival time

                  0.15   20.00   20.00   clock clk (rise edge)
                          0.00   20.00   clock network delay (ideal)
                         -0.25   19.75   clock uncertainty
                          0.00   19.75   clock reconvergence pessimism
                                 19.75 ^ _281_/CLK (sky130_fd_sc_hd__dfrtp_1)
                          0.24   19.99   library recovery time
                                 19.99   data required time
-----------------------------------------------------------------------------
                                 19.99   data required time
                                 -4.45   data arrival time
-----------------------------------------------------------------------------
                                 15.54   slack (MET)


Startpoint: rst_n (input port clocked by clk)
Endpoint: _262_ (recovery check against rising-edge clock clk)
Path Group: asynchronous
Path Type: max

Fanout     Cap    Slew   Delay    Time   Description
-----------------------------------------------------------------------------
                  0.15    0.00    0.00   clock clk (rise edge)
                          0.00    0.00   clock network delay (ideal)
                          4.00    4.00 ^ input external delay
                  0.02    0.01    4.01 ^ rst_n (in)
     1    0.00                           rst_n (net)
                  0.02    0.00    4.01 ^ input1/A (sky130_fd_sc_hd__dlymetal6s2s_1)
                  0.18    0.18    4.19 ^ input1/X (sky130_fd_sc_hd__dlymetal6s2s_1)
     4    0.02                           net1 (net)
                  0.18    0.00    4.19 ^ fanout18/A (sky130_fd_sc_hd__clkbuf_4)
                  0.13    0.25    4.45 ^ fanout18/X (sky130_fd_sc_hd__clkbuf_4)
     9    0.04                           net18 (net)
                  0.13    0.00    4.45 ^ _262_/RESET_B (sky130_fd_sc_hd__dfrtp_1)
                                  4.45   data arrival time

                  0.15   20.00   20.00   clock clk (rise edge)
                          0.00   20.00   clock network delay (ideal)
                         -0.25   19.75   clock uncertainty
                          0.00   19.75   clock reconvergence pessimism
                                 19.75 ^ _262_/CLK (sky130_fd_sc_hd__dfrtp_1)
                          0.24   19.99   library recovery time
                                 19.99   data required time
-----------------------------------------------------------------------------
                                 19.99   data required time
                                 -4.45   data arrival time
-----------------------------------------------------------------------------
                                 15.54   slack (MET)


Startpoint: rst_n (input port clocked by clk)
Endpoint: _264_ (recovery check against rising-edge clock clk)
Path Group: asynchronous
Path Type: max

Fanout     Cap    Slew   Delay    Time   Description
-----------------------------------------------------------------------------
                  0.15    0.00    0.00   clock clk (rise edge)
                          0.00    0.00   clock network delay (ideal)
                          4.00    4.00 ^ input external delay
                  0.02    0.01    4.01 ^ rst_n (in)
     1    0.00                           rst_n (net)
                  0.02    0.00    4.01 ^ input1/A (sky130_fd_sc_hd__dlymetal6s2s_1)
                  0.18    0.18    4.19 ^ input1/X (sky130_fd_sc_hd__dlymetal6s2s_1)
     4    0.02                           net1 (net)
                  0.18    0.00    4.19 ^ fanout18/A (sky130_fd_sc_hd__clkbuf_4)
                  0.13    0.25    4.45 ^ fanout18/X (sky130_fd_sc_hd__clkbuf_4)
     9    0.04                           net18 (net)
                  0.13    0.00    4.45 ^ _264_/RESET_B (sky130_fd_sc_hd__dfrtp_1)
                                  4.45   data arrival time

                  0.15   20.00   20.00   clock clk (rise edge)
                          0.00   20.00   clock network delay (ideal)
                         -0.25   19.75   clock uncertainty
                          0.00   19.75   clock reconvergence pessimism
                                 19.75 ^ _264_/CLK (sky130_fd_sc_hd__dfrtp_1)
                          0.24   19.99   library recovery time
                                 19.99   data required time
-----------------------------------------------------------------------------
                                 19.99   data required time
                                 -4.45   data arrival time
-----------------------------------------------------------------------------
                                 15.54   slack (MET)


Startpoint: rst_n (input port clocked by clk)
Endpoint: _263_ (recovery check against rising-edge clock clk)
Path Group: asynchronous
Path Type: max

Fanout     Cap    Slew   Delay    Time   Description
-----------------------------------------------------------------------------
                  0.15    0.00    0.00   clock clk (rise edge)
                          0.00    0.00   clock network delay (ideal)
                          4.00    4.00 ^ input external delay
                  0.02    0.01    4.01 ^ rst_n (in)
     1    0.00                           rst_n (net)
                  0.02    0.00    4.01 ^ input1/A (sky130_fd_sc_hd__dlymetal6s2s_1)
                  0.18    0.18    4.19 ^ input1/X (sky130_fd_sc_hd__dlymetal6s2s_1)
     4    0.02                           net1 (net)
                  0.18    0.00    4.19 ^ fanout18/A (sky130_fd_sc_hd__clkbuf_4)
                  0.13    0.25    4.45 ^ fanout18/X (sky130_fd_sc_hd__clkbuf_4)
     9    0.04                           net18 (net)
                  0.13    0.00    4.45 ^ _263_/RESET_B (sky130_fd_sc_hd__dfrtp_1)
                                  4.45   data arrival time

                  0.15   20.00   20.00   clock clk (rise edge)
                          0.00   20.00   clock network delay (ideal)
                         -0.25   19.75   clock uncertainty
                          0.00   19.75   clock reconvergence pessimism
                                 19.75 ^ _263_/CLK (sky130_fd_sc_hd__dfrtp_1)
                          0.24   19.99   library recovery time
                                 19.99   data required time
-----------------------------------------------------------------------------
                                 19.99   data required time
                                 -4.45   data arrival time
-----------------------------------------------------------------------------
                                 15.54   slack (MET)


Startpoint: rst_n (input port clocked by clk)
Endpoint: _271_ (recovery check against rising-edge clock clk)
Path Group: asynchronous
Path Type: max

Fanout     Cap    Slew   Delay    Time   Description
-----------------------------------------------------------------------------
                  0.15    0.00    0.00   clock clk (rise edge)
                          0.00    0.00   clock network delay (ideal)
                          4.00    4.00 ^ input external delay
                  0.02    0.01    4.01 ^ rst_n (in)
     1    0.00                           rst_n (net)
                  0.02    0.00    4.01 ^ input1/A (sky130_fd_sc_hd__dlymetal6s2s_1)
                  0.18    0.18    4.19 ^ input1/X (sky130_fd_sc_hd__dlymetal6s2s_1)
     4    0.02                           net1 (net)
                  0.18    0.00    4.19 ^ fanout18/A (sky130_fd_sc_hd__clkbuf_4)
                  0.13    0.25    4.45 ^ fanout18/X (sky130_fd_sc_hd__clkbuf_4)
     9    0.04                           net18 (net)
                  0.13    0.00    4.45 ^ _271_/RESET_B (sky130_fd_sc_hd__dfrtp_1)
                                  4.45   data arrival time

                  0.15   20.00   20.00   clock clk (rise edge)
                          0.00   20.00   clock network delay (ideal)
                         -0.25   19.75   clock uncertainty
                          0.00   19.75   clock reconvergence pessimism
                                 19.75 ^ _271_/CLK (sky130_fd_sc_hd__dfrtp_1)
                          0.24   19.99   library recovery time
                                 19.99   data required time
-----------------------------------------------------------------------------
                                 19.99   data required time
                                 -4.45   data arrival time
-----------------------------------------------------------------------------
                                 15.54   slack (MET)


Startpoint: rst_n (input port clocked by clk)
Endpoint: _269_ (recovery check against rising-edge clock clk)
Path Group: asynchronous
Path Type: max

Fanout     Cap    Slew   Delay    Time   Description
-----------------------------------------------------------------------------
                  0.15    0.00    0.00   clock clk (rise edge)
                          0.00    0.00   clock network delay (ideal)
                          4.00    4.00 ^ input external delay
                  0.02    0.01    4.01 ^ rst_n (in)
     1    0.00                           rst_n (net)
                  0.02    0.00    4.01 ^ input1/A (sky130_fd_sc_hd__dlymetal6s2s_1)
                  0.18    0.18    4.19 ^ input1/X (sky130_fd_sc_hd__dlymetal6s2s_1)
     4    0.02                           net1 (net)
                  0.18    0.00    4.19 ^ fanout18/A (sky130_fd_sc_hd__clkbuf_4)
                  0.13    0.25    4.45 ^ fanout18/X (sky130_fd_sc_hd__clkbuf_4)
     9    0.04                           net18 (net)
                  0.13    0.00    4.45 ^ _269_/RESET_B (sky130_fd_sc_hd__dfrtp_1)
                                  4.45   data arrival time

                  0.15   20.00   20.00   clock clk (rise edge)
                          0.00   20.00   clock network delay (ideal)
                         -0.25   19.75   clock uncertainty
                          0.00   19.75   clock reconvergence pessimism
                                 19.75 ^ _269_/CLK (sky130_fd_sc_hd__dfrtp_1)
                          0.24   19.99   library recovery time
                                 19.99   data required time
-----------------------------------------------------------------------------
                                 19.99   data required time
                                 -4.45   data arrival time
-----------------------------------------------------------------------------
                                 15.55   slack (MET)


Startpoint: _263_ (rising edge-triggered flip-flop clocked by clk)
Endpoint: _266_ (rising edge-triggered flip-flop clocked by clk)
Path Group: clk
Path Type: max

Fanout     Cap    Slew   Delay    Time   Description
-----------------------------------------------------------------------------
                  0.15    0.00    0.00   clock clk (rise edge)
                          0.00    0.00   clock network delay (ideal)
                  0.15    0.00    0.00 ^ _263_/CLK (sky130_fd_sc_hd__dfrtp_1)
                  0.06    0.44    0.44 v _263_/Q (sky130_fd_sc_hd__dfrtp_1)
     4    0.01                           baud_counter[1] (net)
                  0.06    0.00    0.44 v _137_/A (sky130_fd_sc_hd__or4b_1)
                  0.07    0.53    0.97 v _137_/X (sky130_fd_sc_hd__or4b_1)
     1    0.00                           _126_ (net)
                  0.07    0.00    0.97 v _138_/D (sky130_fd_sc_hd__or4_1)
                  0.12    0.47    1.44 v _138_/X (sky130_fd_sc_hd__or4_1)
     3    0.01                           _127_ (net)
                  0.12    0.00    1.44 v _155_/B_N (sky130_fd_sc_hd__nor2b_1)
                  0.07    0.20    1.63 v _155_/Y (sky130_fd_sc_hd__nor2b_1)
     4    0.01                           _045_ (net)
                  0.07    0.00    1.63 v _157_/A2 (sky130_fd_sc_hd__a32o_1)
                  0.04    0.26    1.90 v _157_/X (sky130_fd_sc_hd__a32o_1)
     1    0.00                           _005_ (net)
                  0.04    0.00    1.90 v _266_/D (sky130_fd_sc_hd__dfrtp_1)
                                  1.90   data arrival time

                  0.15   20.00   20.00   clock clk (rise edge)
                          0.00   20.00   clock network delay (ideal)
                         -0.25   19.75   clock uncertainty
                          0.00   19.75   clock reconvergence pessimism
                                 19.75 ^ _266_/CLK (sky130_fd_sc_hd__dfrtp_1)
                         -0.09   19.66   library setup time
                                 19.66   data required time
-----------------------------------------------------------------------------
                                 19.66   data required time
                                 -1.90   data arrival time
-----------------------------------------------------------------------------
                                 17.77   slack (MET)


Startpoint: _263_ (rising edge-triggered flip-flop clocked by clk)
Endpoint: _270_ (rising edge-triggered flip-flop clocked by clk)
Path Group: clk
Path Type: max

Fanout     Cap    Slew   Delay    Time   Description
-----------------------------------------------------------------------------
                  0.15    0.00    0.00   clock clk (rise edge)
                          0.00    0.00   clock network delay (ideal)
                  0.15    0.00    0.00 ^ _263_/CLK (sky130_fd_sc_hd__dfrtp_1)
                  0.06    0.44    0.44 v _263_/Q (sky130_fd_sc_hd__dfrtp_1)
     4    0.01                           baud_counter[1] (net)
                  0.06    0.00    0.44 v _137_/A (sky130_fd_sc_hd__or4b_1)
                  0.07    0.53    0.97 v _137_/X (sky130_fd_sc_hd__or4b_1)
     1    0.00                           _126_ (net)
                  0.07    0.00    0.97 v _138_/D (sky130_fd_sc_hd__or4_1)
                  0.12    0.47    1.44 v _138_/X (sky130_fd_sc_hd__or4_1)
     3    0.01                           _127_ (net)
                  0.12    0.00    1.44 v _155_/B_N (sky130_fd_sc_hd__nor2b_1)
                  0.07    0.20    1.63 v _155_/Y (sky130_fd_sc_hd__nor2b_1)
     4    0.01                           _045_ (net)
                  0.07    0.00    1.63 v _169_/A1 (sky130_fd_sc_hd__a32o_1)
                  0.04    0.23    1.87 v _169_/X (sky130_fd_sc_hd__a32o_1)
     1    0.00                           _009_ (net)
                  0.04    0.00    1.87 v _270_/D (sky130_fd_sc_hd__dfrtp_1)
                                  1.87   data arrival time

                  0.15   20.00   20.00   clock clk (rise edge)
                          0.00   20.00   clock network delay (ideal)
                         -0.25   19.75   clock uncertainty
                          0.00   19.75   clock reconvergence pessimism
                                 19.75 ^ _270_/CLK (sky130_fd_sc_hd__dfrtp_1)
                         -0.09   19.66   library setup time
                                 19.66   data required time
-----------------------------------------------------------------------------
                                 19.66   data required time
                                 -1.87   data arrival time
-----------------------------------------------------------------------------
                                 17.79   slack (MET)


Startpoint: _263_ (rising edge-triggered flip-flop clocked by clk)
Endpoint: _267_ (rising edge-triggered flip-flop clocked by clk)
Path Group: clk
Path Type: max

Fanout     Cap    Slew   Delay    Time   Description
-----------------------------------------------------------------------------
                  0.15    0.00    0.00   clock clk (rise edge)
                          0.00    0.00   clock network delay (ideal)
                  0.15    0.00    0.00 ^ _263_/CLK (sky130_fd_sc_hd__dfrtp_1)
                  0.06    0.44    0.44 v _263_/Q (sky130_fd_sc_hd__dfrtp_1)
     4    0.01                           baud_counter[1] (net)
                  0.06    0.00    0.44 v _137_/A (sky130_fd_sc_hd__or4b_1)
                  0.07    0.53    0.97 v _137_/X (sky130_fd_sc_hd__or4b_1)
     1    0.00                           _126_ (net)
                  0.07    0.00    0.97 v _138_/D (sky130_fd_sc_hd__or4_1)
                  0.12    0.47    1.44 v _138_/X (sky130_fd_sc_hd__or4_1)
     3    0.01                           _127_ (net)
                  0.12    0.00    1.44 v _155_/B_N (sky130_fd_sc_hd__nor2b_1)
                  0.07    0.20    1.63 v _155_/Y (sky130_fd_sc_hd__nor2b_1)
     4    0.01                           _045_ (net)
                  0.07    0.00    1.63 v _160_/A1 (sky130_fd_sc_hd__a32o_1)
                  0.04    0.23    1.87 v _160_/X (sky130_fd_sc_hd__a32o_1)
     1    0.00                           _006_ (net)
                  0.04    0.00    1.87 v _267_/D (sky130_fd_sc_hd__dfrtp_1)
                                  1.87   data arrival time

                  0.15   20.00   20.00   clock clk (rise edge)
                          0.00   20.00   clock network delay (ideal)
                         -0.25   19.75   clock uncertainty
                          0.00   19.75   clock reconvergence pessimism
                                 19.75 ^ _267_/CLK (sky130_fd_sc_hd__dfrtp_1)
                         -0.09   19.66   library setup time
                                 19.66   data required time
-----------------------------------------------------------------------------
                                 19.66   data required time
                                 -1.87   data arrival time
-----------------------------------------------------------------------------
                                 17.80   slack (MET)


Startpoint: _263_ (rising edge-triggered flip-flop clocked by clk)
Endpoint: _269_ (rising edge-triggered flip-flop clocked by clk)
Path Group: clk
Path Type: max

Fanout     Cap    Slew   Delay    Time   Description
-----------------------------------------------------------------------------
                  0.15    0.00    0.00   clock clk (rise edge)
                          0.00    0.00   clock network delay (ideal)
                  0.15    0.00    0.00 ^ _263_/CLK (sky130_fd_sc_hd__dfrtp_1)
                  0.06    0.44    0.44 v _263_/Q (sky130_fd_sc_hd__dfrtp_1)
     4    0.01                           baud_counter[1] (net)
                  0.06    0.00    0.44 v _137_/A (sky130_fd_sc_hd__or4b_1)
                  0.07    0.53    0.97 v _137_/X (sky130_fd_sc_hd__or4b_1)
     1    0.00                           _126_ (net)
                  0.07    0.00    0.97 v _138_/D (sky130_fd_sc_hd__or4_1)
                  0.12    0.47    1.44 v _138_/X (sky130_fd_sc_hd__or4_1)
     3    0.01                           _127_ (net)
                  0.12    0.00    1.44 v _155_/B_N (sky130_fd_sc_hd__nor2b_1)
                  0.07    0.20    1.63 v _155_/Y (sky130_fd_sc_hd__nor2b_1)
     4    0.01                           _045_ (net)
                  0.07    0.00    1.63 v _165_/B1 (sky130_fd_sc_hd__a22o_1)
                  0.04    0.19    1.82 v _165_/X (sky130_fd_sc_hd__a22o_1)
     1    0.00                           _008_ (net)
                  0.04    0.00    1.82 v _269_/D (sky130_fd_sc_hd__dfrtp_1)
                                  1.82   data arrival time

                  0.15   20.00   20.00   clock clk (rise edge)
                          0.00   20.00   clock network delay (ideal)
                         -0.25   19.75   clock uncertainty
                          0.00   19.75   clock reconvergence pessimism
                                 19.75 ^ _269_/CLK (sky130_fd_sc_hd__dfrtp_1)
                         -0.09   19.66   library setup time
                                 19.66   data required time
-----------------------------------------------------------------------------
                                 19.66   data required time
                                 -1.82   data arrival time
-----------------------------------------------------------------------------
                                 17.84   slack (MET)


Startpoint: _297_ (rising edge-triggered flip-flop clocked by clk)
Endpoint: _276_ (rising edge-triggered flip-flop clocked by clk)
Path Group: clk
Path Type: max

Fanout     Cap    Slew   Delay    Time   Description
-----------------------------------------------------------------------------
                  0.15    0.00    0.00   clock clk (rise edge)
                          0.00    0.00   clock network delay (ideal)
                  0.15    0.00    0.00 ^ _297_/CLK (sky130_fd_sc_hd__dfrtp_4)
                  0.08    0.56    0.56 v _297_/Q (sky130_fd_sc_hd__dfrtp_4)
     8    0.02                           state[1] (net)
                  0.08    0.00    0.56 v _181_/A (sky130_fd_sc_hd__or4b_2)
                  0.14    0.77    1.34 v _181_/X (sky130_fd_sc_hd__or4b_2)
     3    0.01                           _063_ (net)
                  0.14    0.00    1.34 v _190_/B (sky130_fd_sc_hd__nor2_2)
                  0.21    0.23    1.57 ^ _190_/Y (sky130_fd_sc_hd__nor2_2)
     6    0.02                           _070_ (net)
                  0.21    0.00    1.57 ^ _193_/A2 (sky130_fd_sc_hd__a32o_1)
                  0.05    0.20    1.77 ^ _193_/X (sky130_fd_sc_hd__a32o_1)
     1    0.00                           _015_ (net)
                  0.05    0.00    1.77 ^ _276_/D (sky130_fd_sc_hd__dfrtp_1)
                                  1.77   data arrival time

                  0.15   20.00   20.00   clock clk (rise edge)
                          0.00   20.00   clock network delay (ideal)
                         -0.25   19.75   clock uncertainty
                          0.00   19.75   clock reconvergence pessimism
                                 19.75 ^ _276_/CLK (sky130_fd_sc_hd__dfrtp_1)
                         -0.05   19.70   library setup time
                                 19.70   data required time
-----------------------------------------------------------------------------
                                 19.70   data required time
                                 -1.77   data arrival time
-----------------------------------------------------------------------------
                                 17.93   slack (MET)


Startpoint: _297_ (rising edge-triggered flip-flop clocked by clk)
Endpoint: _281_ (rising edge-triggered flip-flop clocked by clk)
Path Group: clk
Path Type: max

Fanout     Cap    Slew   Delay    Time   Description
-----------------------------------------------------------------------------
                  0.15    0.00    0.00   clock clk (rise edge)
                          0.00    0.00   clock network delay (ideal)
                  0.15    0.00    0.00 ^ _297_/CLK (sky130_fd_sc_hd__dfrtp_4)
                  0.08    0.56    0.56 v _297_/Q (sky130_fd_sc_hd__dfrtp_4)
     8    0.02                           state[1] (net)
                  0.08    0.00    0.56 v _181_/A (sky130_fd_sc_hd__or4b_2)
                  0.14    0.77    1.34 v _181_/X (sky130_fd_sc_hd__or4b_2)
     3    0.01                           _063_ (net)
                  0.14    0.00    1.34 v _190_/B (sky130_fd_sc_hd__nor2_2)
                  0.21    0.23    1.57 ^ _190_/Y (sky130_fd_sc_hd__nor2_2)
     6    0.02                           _070_ (net)
                  0.21    0.00    1.57 ^ _210_/A1 (sky130_fd_sc_hd__a32o_1)
                  0.05    0.20    1.77 ^ _210_/X (sky130_fd_sc_hd__a32o_1)
     1    0.00                           _020_ (net)
                  0.05    0.00    1.77 ^ _281_/D (sky130_fd_sc_hd__dfrtp_1)
                                  1.77   data arrival time

                  0.15   20.00   20.00   clock clk (rise edge)
                          0.00   20.00   clock network delay (ideal)
                         -0.25   19.75   clock uncertainty
                          0.00   19.75   clock reconvergence pessimism
                                 19.75 ^ _281_/CLK (sky130_fd_sc_hd__dfrtp_1)
                         -0.05   19.70   library setup time
                                 19.70   data required time
-----------------------------------------------------------------------------
                                 19.70   data required time
                                 -1.77   data arrival time
-----------------------------------------------------------------------------
                                 17.94   slack (MET)


Startpoint: _297_ (rising edge-triggered flip-flop clocked by clk)
Endpoint: _277_ (rising edge-triggered flip-flop clocked by clk)
Path Group: clk
Path Type: max

Fanout     Cap    Slew   Delay    Time   Description
-----------------------------------------------------------------------------
                  0.15    0.00    0.00   clock clk (rise edge)
                          0.00    0.00   clock network delay (ideal)
                  0.15    0.00    0.00 ^ _297_/CLK (sky130_fd_sc_hd__dfrtp_4)
                  0.08    0.56    0.56 v _297_/Q (sky130_fd_sc_hd__dfrtp_4)
     8    0.02                           state[1] (net)
                  0.08    0.00    0.56 v _181_/A (sky130_fd_sc_hd__or4b_2)
                  0.14    0.77    1.34 v _181_/X (sky130_fd_sc_hd__or4b_2)
     3    0.01                           _063_ (net)
                  0.14    0.00    1.34 v _190_/B (sky130_fd_sc_hd__nor2_2)
                  0.21    0.23    1.57 ^ _190_/Y (sky130_fd_sc_hd__nor2_2)
     6    0.02                           _070_ (net)
                  0.21    0.00    1.57 ^ _197_/A1 (sky130_fd_sc_hd__a32o_1)
                  0.05    0.20    1.77 ^ _197_/X (sky130_fd_sc_hd__a32o_1)
     1    0.00                           _016_ (net)
                  0.05    0.00    1.77 ^ _277_/D (sky130_fd_sc_hd__dfrtp_1)
                                  1.77   data arrival time

                  0.15   20.00   20.00   clock clk (rise edge)
                          0.00   20.00   clock network delay (ideal)
                         -0.25   19.75   clock uncertainty
                          0.00   19.75   clock reconvergence pessimism
                                 19.75 ^ _277_/CLK (sky130_fd_sc_hd__dfrtp_1)
                         -0.05   19.70   library setup time
                                 19.70   data required time
-----------------------------------------------------------------------------
                                 19.70   data required time
                                 -1.77   data arrival time
-----------------------------------------------------------------------------
                                 17.94   slack (MET)


Startpoint: _297_ (rising edge-triggered flip-flop clocked by clk)
Endpoint: _278_ (rising edge-triggered flip-flop clocked by clk)
Path Group: clk
Path Type: max

Fanout     Cap    Slew   Delay    Time   Description
-----------------------------------------------------------------------------
                  0.15    0.00    0.00   clock clk (rise edge)
                          0.00    0.00   clock network delay (ideal)
                  0.15    0.00    0.00 ^ _297_/CLK (sky130_fd_sc_hd__dfrtp_4)
                  0.08    0.56    0.56 v _297_/Q (sky130_fd_sc_hd__dfrtp_4)
     8    0.02                           state[1] (net)
                  0.08    0.00    0.56 v _181_/A (sky130_fd_sc_hd__or4b_2)
                  0.14    0.77    1.34 v _181_/X (sky130_fd_sc_hd__or4b_2)
     3    0.01                           _063_ (net)
                  0.14    0.00    1.34 v _190_/B (sky130_fd_sc_hd__nor2_2)
                  0.21    0.23    1.57 ^ _190_/Y (sky130_fd_sc_hd__nor2_2)
     6    0.02                           _070_ (net)
                  0.21    0.00    1.57 ^ _200_/A1 (sky130_fd_sc_hd__a32o_1)
                  0.05    0.20    1.77 ^ _200_/X (sky130_fd_sc_hd__a32o_1)
     1    0.00                           _017_ (net)
                  0.05    0.00    1.77 ^ _278_/D (sky130_fd_sc_hd__dfrtp_1)
                                  1.77   data arrival time

                  0.15   20.00   20.00   clock clk (rise edge)
                          0.00   20.00   clock network delay (ideal)
                         -0.25   19.75   clock uncertainty
                          0.00   19.75   clock reconvergence pessimism
                                 19.75 ^ _278_/CLK (sky130_fd_sc_hd__dfrtp_1)
                         -0.05   19.70   library setup time
                                 19.70   data required time
-----------------------------------------------------------------------------
                                 19.70   data required time
                                 -1.77   data arrival time
-----------------------------------------------------------------------------
                                 17.94   slack (MET)


Startpoint: _297_ (rising edge-triggered flip-flop clocked by clk)
Endpoint: _280_ (rising edge-triggered flip-flop clocked by clk)
Path Group: clk
Path Type: max

Fanout     Cap    Slew   Delay    Time   Description
-----------------------------------------------------------------------------
                  0.15    0.00    0.00   clock clk (rise edge)
                          0.00    0.00   clock network delay (ideal)
                  0.15    0.00    0.00 ^ _297_/CLK (sky130_fd_sc_hd__dfrtp_4)
                  0.08    0.56    0.56 v _297_/Q (sky130_fd_sc_hd__dfrtp_4)
     8    0.02                           state[1] (net)
                  0.08    0.00    0.56 v _181_/A (sky130_fd_sc_hd__or4b_2)
                  0.14    0.77    1.34 v _181_/X (sky130_fd_sc_hd__or4b_2)
     3    0.01                           _063_ (net)
                  0.14    0.00    1.34 v _190_/B (sky130_fd_sc_hd__nor2_2)
                  0.21    0.23    1.57 ^ _190_/Y (sky130_fd_sc_hd__nor2_2)
     6    0.02                           _070_ (net)
                  0.21    0.00    1.57 ^ _207_/A1 (sky130_fd_sc_hd__a32o_1)
                  0.05    0.19    1.76 ^ _207_/X (sky130_fd_sc_hd__a32o_1)
     1    0.00                           _019_ (net)
                  0.05    0.00    1.76 ^ _280_/D (sky130_fd_sc_hd__dfrtp_1)
                                  1.76   data arrival time

                  0.15   20.00   20.00   clock clk (rise edge)
                          0.00   20.00   clock network delay (ideal)
                         -0.25   19.75   clock uncertainty
                          0.00   19.75   clock reconvergence pessimism
                                 19.75 ^ _280_/CLK (sky130_fd_sc_hd__dfrtp_1)
                         -0.05   19.70   library setup time
                                 19.70   data required time
-----------------------------------------------------------------------------
                                 19.70   data required time
                                 -1.76   data arrival time
-----------------------------------------------------------------------------
                                 17.94   slack (MET)


Startpoint: _297_ (rising edge-triggered flip-flop clocked by clk)
Endpoint: _279_ (rising edge-triggered flip-flop clocked by clk)
Path Group: clk
Path Type: max

Fanout     Cap    Slew   Delay    Time   Description
-----------------------------------------------------------------------------
                  0.15    0.00    0.00   clock clk (rise edge)
                          0.00    0.00   clock network delay (ideal)
                  0.15    0.00    0.00 ^ _297_/CLK (sky130_fd_sc_hd__dfrtp_4)
                  0.08    0.56    0.56 v _297_/Q (sky130_fd_sc_hd__dfrtp_4)
     8    0.02                           state[1] (net)
                  0.08    0.00    0.56 v _181_/A (sky130_fd_sc_hd__or4b_2)
                  0.14    0.77    1.34 v _181_/X (sky130_fd_sc_hd__or4b_2)
     3    0.01                           _063_ (net)
                  0.14    0.00    1.34 v _192_/B (sky130_fd_sc_hd__nor2_2)
                  0.22    0.23    1.57 ^ _192_/Y (sky130_fd_sc_hd__nor2_2)
     6    0.02                           _072_ (net)
                  0.22    0.00    1.57 ^ _204_/A2 (sky130_fd_sc_hd__a22o_1)
                  0.05    0.18    1.75 ^ _204_/X (sky130_fd_sc_hd__a22o_1)
     1    0.00                           _018_ (net)
                  0.05    0.00    1.75 ^ _279_/D (sky130_fd_sc_hd__dfrtp_1)
                                  1.75   data arrival time

                  0.15   20.00   20.00   clock clk (rise edge)
                          0.00   20.00   clock network delay (ideal)
                         -0.25   19.75   clock uncertainty
                          0.00   19.75   clock reconvergence pessimism
                                 19.75 ^ _279_/CLK (sky130_fd_sc_hd__dfrtp_1)
                         -0.04   19.71   library setup time
                                 19.71   data required time
-----------------------------------------------------------------------------
                                 19.71   data required time
                                 -1.75   data arrival time
-----------------------------------------------------------------------------
                                 17.95   slack (MET)


Startpoint: _264_ (rising edge-triggered flip-flop clocked by clk)
Endpoint: _271_ (rising edge-triggered flip-flop clocked by clk)
Path Group: clk
Path Type: max

Fanout     Cap    Slew   Delay    Time   Description
-----------------------------------------------------------------------------
                  0.15    0.00    0.00   clock clk (rise edge)
                          0.00    0.00   clock network delay (ideal)
                  0.15    0.00    0.00 ^ _264_/CLK (sky130_fd_sc_hd__dfrtp_1)
                  0.15    0.46    0.46 ^ _264_/Q (sky130_fd_sc_hd__dfrtp_1)
     5    0.02                           baud_counter[2] (net)
                  0.15    0.00    0.46 ^ _153_/D (sky130_fd_sc_hd__and4_1)
                  0.15    0.30    0.76 ^ _153_/X (sky130_fd_sc_hd__and4_1)
     6    0.01                           _043_ (net)
                  0.15    0.00    0.76 ^ _168_/C_N (sky130_fd_sc_hd__or4bb_1)
                  0.09    0.54    1.30 v _168_/X (sky130_fd_sc_hd__or4bb_1)
     2    0.01                           _054_ (net)
                  0.09    0.00    1.30 v _170_/B (sky130_fd_sc_hd__or2_1)
                  0.06    0.24    1.54 v _170_/X (sky130_fd_sc_hd__or2_1)
     1    0.00                           _055_ (net)
                  0.06    0.00    1.54 v _171_/B (sky130_fd_sc_hd__xnor2_1)
                  0.04    0.13    1.67 v _171_/Y (sky130_fd_sc_hd__xnor2_1)
     1    0.00                           _010_ (net)
                  0.04    0.00    1.67 v _271_/D (sky130_fd_sc_hd__dfrtp_1)
                                  1.67   data arrival time

                  0.15   20.00   20.00   clock clk (rise edge)
                          0.00   20.00   clock network delay (ideal)
                         -0.25   19.75   clock uncertainty
                          0.00   19.75   clock reconvergence pessimism
                                 19.75 ^ _271_/CLK (sky130_fd_sc_hd__dfrtp_1)
                         -0.09   19.66   library setup time
                                 19.66   data required time
-----------------------------------------------------------------------------
                                 19.66   data required time
                                 -1.67   data arrival time
-----------------------------------------------------------------------------
                                 17.99   slack (MET)


Startpoint: _263_ (rising edge-triggered flip-flop clocked by clk)
Endpoint: _263_ (rising edge-triggered flip-flop clocked by clk)
Path Group: clk
Path Type: max

Fanout     Cap    Slew   Delay    Time   Description
-----------------------------------------------------------------------------
                  0.15    0.00    0.00   clock clk (rise edge)
                          0.00    0.00   clock network delay (ideal)
                  0.15    0.00    0.00 ^ _263_/CLK (sky130_fd_sc_hd__dfrtp_1)
                  0.06    0.44    0.44 v _263_/Q (sky130_fd_sc_hd__dfrtp_1)
     4    0.01                           baud_counter[1] (net)
                  0.06    0.00    0.44 v _137_/A (sky130_fd_sc_hd__or4b_1)
                  0.07    0.53    0.97 v _137_/X (sky130_fd_sc_hd__or4b_1)
     1    0.00                           _126_ (net)
                  0.07    0.00    0.97 v _138_/D (sky130_fd_sc_hd__or4_1)
                  0.12    0.47    1.44 v _138_/X (sky130_fd_sc_hd__or4_1)
     3    0.01                           _127_ (net)
                  0.12    0.00    1.44 v _148_/A2 (sky130_fd_sc_hd__o211a_1)
                  0.04    0.23    1.67 v _148_/X (sky130_fd_sc_hd__o211a_1)
     1    0.00                           _002_ (net)
                  0.04    0.00    1.67 v _263_/D (sky130_fd_sc_hd__dfrtp_1)
                                  1.67   data arrival time

                  0.15   20.00   20.00   clock clk (rise edge)
                          0.00   20.00   clock network delay (ideal)
                         -0.25   19.75   clock uncertainty
                          0.00   19.75   clock reconvergence pessimism
                                 19.75 ^ _263_/CLK (sky130_fd_sc_hd__dfrtp_1)
                         -0.09   19.66   library setup time
                                 19.66   data required time
-----------------------------------------------------------------------------
                                 19.66   data required time
                                 -1.67   data arrival time
-----------------------------------------------------------------------------
                                 17.99   slack (MET)


Startpoint: _297_ (rising edge-triggered flip-flop clocked by clk)
Endpoint: _274_ (rising edge-triggered flip-flop clocked by clk)
Path Group: clk
Path Type: max

Fanout     Cap    Slew   Delay    Time   Description
-----------------------------------------------------------------------------
                  0.15    0.00    0.00   clock clk (rise edge)
                          0.00    0.00   clock network delay (ideal)
                  0.15    0.00    0.00 ^ _297_/CLK (sky130_fd_sc_hd__dfrtp_4)
                  0.08    0.56    0.56 v _297_/Q (sky130_fd_sc_hd__dfrtp_4)
     8    0.02                           state[1] (net)
                  0.08    0.00    0.56 v _181_/A (sky130_fd_sc_hd__or4b_2)
                  0.14    0.77    1.34 v _181_/X (sky130_fd_sc_hd__or4b_2)
     3    0.01                           _063_ (net)
                  0.14    0.00    1.34 v _182_/B1 (sky130_fd_sc_hd__a21oi_1)
                  0.11    0.15    1.49 ^ _182_/Y (sky130_fd_sc_hd__a21oi_1)
     1    0.00                           _064_ (net)
                  0.11    0.00    1.49 ^ _183_/B1 (sky130_fd_sc_hd__o21a_1)
                  0.04    0.13    1.62 ^ _183_/X (sky130_fd_sc_hd__o21a_1)
     1    0.00                           _013_ (net)
                  0.04    0.00    1.62 ^ _274_/D (sky130_fd_sc_hd__dfrtp_2)
                                  1.62   data arrival time

                  0.15   20.00   20.00   clock clk (rise edge)
                          0.00   20.00   clock network delay (ideal)
                         -0.25   19.75   clock uncertainty
                          0.00   19.75   clock reconvergence pessimism
                                 19.75 ^ _274_/CLK (sky130_fd_sc_hd__dfrtp_2)
                         -0.05   19.70   library setup time
                                 19.70   data required time
-----------------------------------------------------------------------------
                                 19.70   data required time
                                 -1.62   data arrival time
-----------------------------------------------------------------------------
                                 18.09   slack (MET)


Startpoint: _263_ (rising edge-triggered flip-flop clocked by clk)
Endpoint: _298_ (rising edge-triggered flip-flop clocked by clk)
Path Group: clk
Path Type: max

Fanout     Cap    Slew   Delay    Time   Description
-----------------------------------------------------------------------------
                  0.15    0.00    0.00   clock clk (rise edge)
                          0.00    0.00   clock network delay (ideal)
                  0.15    0.00    0.00 ^ _263_/CLK (sky130_fd_sc_hd__dfrtp_1)
                  0.06    0.44    0.44 v _263_/Q (sky130_fd_sc_hd__dfrtp_1)
     4    0.01                           baud_counter[1] (net)
                  0.06    0.00    0.44 v _137_/A (sky130_fd_sc_hd__or4b_1)
                  0.07    0.53    0.97 v _137_/X (sky130_fd_sc_hd__or4b_1)
     1    0.00                           _126_ (net)
                  0.07    0.00    0.97 v _138_/D (sky130_fd_sc_hd__or4_1)
                  0.12    0.47    1.44 v _138_/X (sky130_fd_sc_hd__or4_1)
     3    0.01                           _127_ (net)
                  0.12    0.00    1.44 v _139_/B (sky130_fd_sc_hd__nor2_1)
                  0.08    0.11    1.55 ^ _139_/Y (sky130_fd_sc_hd__nor2_1)
     1    0.00                           _000_ (net)
                  0.08    0.00    1.55 ^ _298_/D (sky130_fd_sc_hd__dfrtp_1)
                                  1.55   data arrival time

                  0.15   20.00   20.00   clock clk (rise edge)
                          0.00   20.00   clock network delay (ideal)
                         -0.25   19.75   clock uncertainty
                          0.00   19.75   clock reconvergence pessimism
                                 19.75 ^ _298_/CLK (sky130_fd_sc_hd__dfrtp_1)
                         -0.05   19.70   library setup time
                                 19.70   data required time
-----------------------------------------------------------------------------
                                 19.70   data required time
                                 -1.55   data arrival time
-----------------------------------------------------------------------------
                                 18.15   slack (MET)


Startpoint: _264_ (rising edge-triggered flip-flop clocked by clk)
Endpoint: _268_ (rising edge-triggered flip-flop clocked by clk)
Path Group: clk
Path Type: max

Fanout     Cap    Slew   Delay    Time   Description
-----------------------------------------------------------------------------
                  0.15    0.00    0.00   clock clk (rise edge)
                          0.00    0.00   clock network delay (ideal)
                  0.15    0.00    0.00 ^ _264_/CLK (sky130_fd_sc_hd__dfrtp_1)
                  0.15    0.46    0.46 ^ _264_/Q (sky130_fd_sc_hd__dfrtp_1)
     5    0.02                           baud_counter[2] (net)
                  0.15    0.00    0.46 ^ _153_/D (sky130_fd_sc_hd__and4_1)
                  0.15    0.30    0.76 ^ _153_/X (sky130_fd_sc_hd__and4_1)
     6    0.01                           _043_ (net)
                  0.15    0.00    0.76 ^ _159_/B_N (sky130_fd_sc_hd__or2b_1)
                  0.05    0.26    1.03 v _159_/X (sky130_fd_sc_hd__or2b_1)
     2    0.00                           _048_ (net)
                  0.05    0.00    1.03 v _161_/B (sky130_fd_sc_hd__or2_1)
                  0.06    0.23    1.26 v _161_/X (sky130_fd_sc_hd__or2_1)
     1    0.00                           _049_ (net)
                  0.06    0.00    1.26 v _162_/B (sky130_fd_sc_hd__xnor2_1)
                  0.04    0.13    1.38 v _162_/Y (sky130_fd_sc_hd__xnor2_1)
     1    0.00                           _007_ (net)
                  0.04    0.00    1.38 v _268_/D (sky130_fd_sc_hd__dfrtp_1)
                                  1.38   data arrival time

                  0.15   20.00   20.00   clock clk (rise edge)
                          0.00   20.00   clock network delay (ideal)
                         -0.25   19.75   clock uncertainty
                          0.00   19.75   clock reconvergence pessimism
                                 19.75 ^ _268_/CLK (sky130_fd_sc_hd__dfrtp_1)
                         -0.09   19.66   library setup time
                                 19.66   data required time
-----------------------------------------------------------------------------
                                 19.66   data required time
                                 -1.38   data arrival time
-----------------------------------------------------------------------------
                                 18.28   slack (MET)


Startpoint: _278_ (rising edge-triggered flip-flop clocked by clk)
Endpoint: _275_ (rising edge-triggered flip-flop clocked by clk)
Path Group: clk
Path Type: max

Fanout     Cap    Slew   Delay    Time   Description
-----------------------------------------------------------------------------
                  0.15    0.00    0.00   clock clk (rise edge)
                          0.00    0.00   clock network delay (ideal)
                  0.15    0.00    0.00 ^ _278_/CLK (sky130_fd_sc_hd__dfrtp_1)
                  0.07    0.45    0.45 v _278_/Q (sky130_fd_sc_hd__dfrtp_1)
     5    0.01                           idle_counter[4] (net)
                  0.07    0.00    0.45 v _172_/D (sky130_fd_sc_hd__and4_1)
                  0.07    0.26    0.71 v _172_/X (sky130_fd_sc_hd__and4_1)
     3    0.01                           _056_ (net)
                  0.07    0.00    0.71 v _180_/A1 (sky130_fd_sc_hd__a21oi_2)
                  0.22    0.24    0.94 ^ _180_/Y (sky130_fd_sc_hd__a21oi_2)
     5    0.02                           _062_ (net)
                  0.22    0.00    0.94 ^ _185_/C (sky130_fd_sc_hd__nand3_1)
                  0.06    0.10    1.05 v _185_/Y (sky130_fd_sc_hd__nand3_1)
     1    0.00                           _066_ (net)
                  0.06    0.00    1.05 v _187_/B (sky130_fd_sc_hd__and3_1)
                  0.03    0.17    1.22 v _187_/X (sky130_fd_sc_hd__and3_1)
     1    0.00                           _068_ (net)
                  0.03    0.00    1.22 v _188_/A (sky130_fd_sc_hd__clkbuf_1)
                  0.02    0.08    1.30 v _188_/X (sky130_fd_sc_hd__clkbuf_1)
     1    0.00                           _014_ (net)
                  0.02    0.00    1.30 v _275_/D (sky130_fd_sc_hd__dfrtp_1)
                                  1.30   data arrival time

                  0.15   20.00   20.00   clock clk (rise edge)
                          0.00   20.00   clock network delay (ideal)
                         -0.25   19.75   clock uncertainty
                          0.00   19.75   clock reconvergence pessimism
                                 19.75 ^ _275_/CLK (sky130_fd_sc_hd__dfrtp_1)
                         -0.08   19.67   library setup time
                                 19.67   data required time
-----------------------------------------------------------------------------
                                 19.67   data required time
                                 -1.30   data arrival time
-----------------------------------------------------------------------------
                                 18.37   slack (MET)


Startpoint: _273_ (rising edge-triggered flip-flop clocked by clk)
Endpoint: _283_ (rising edge-triggered flip-flop clocked by clk)
Path Group: clk
Path Type: max

Fanout     Cap    Slew   Delay    Time   Description
-----------------------------------------------------------------------------
                  0.15    0.00    0.00   clock clk (rise edge)
                          0.00    0.00   clock network delay (ideal)
                  0.15    0.00    0.00 ^ _273_/CLK (sky130_fd_sc_hd__dfrtp_1)
                  0.14    0.45    0.45 ^ _273_/Q (sky130_fd_sc_hd__dfrtp_1)
     5    0.02                           net12 (net)
                  0.14    0.00    0.45 ^ _130_/A (sky130_fd_sc_hd__buf_2)
                  0.17    0.25    0.70 ^ _130_/X (sky130_fd_sc_hd__buf_2)
    10    0.03                           _120_ (net)
                  0.17    0.00    0.70 ^ _184_/A_N (sky130_fd_sc_hd__and3b_1)
                  0.06    0.23    0.93 v _184_/X (sky130_fd_sc_hd__and3b_1)
     3    0.01                           _065_ (net)
                  0.06    0.00    0.93 v _213_/B (sky130_fd_sc_hd__and2_1)
                  0.03    0.16    1.09 v _213_/X (sky130_fd_sc_hd__and2_1)
     1    0.00                           _086_ (net)
                  0.03    0.00    1.09 v _214_/A (sky130_fd_sc_hd__clkbuf_1)
                  0.02    0.08    1.17 v _214_/X (sky130_fd_sc_hd__clkbuf_1)
     1    0.00                           _022_ (net)
                  0.02    0.00    1.17 v _283_/D (sky130_fd_sc_hd__dfrtp_1)
                                  1.17   data arrival time

                  0.15   20.00   20.00   clock clk (rise edge)
                          0.00   20.00   clock network delay (ideal)
                         -0.25   19.75   clock uncertainty
                          0.00   19.75   clock reconvergence pessimism
                                 19.75 ^ _283_/CLK (sky130_fd_sc_hd__dfrtp_1)
                         -0.08   19.67   library setup time
                                 19.67   data required time
-----------------------------------------------------------------------------
                                 19.67   data required time
                                 -1.17   data arrival time
-----------------------------------------------------------------------------
                                 18.49   slack (MET)


Startpoint: _273_ (rising edge-triggered flip-flop clocked by clk)
Endpoint: _297_ (rising edge-triggered flip-flop clocked by clk)
Path Group: clk
Path Type: max

Fanout     Cap    Slew   Delay    Time   Description
-----------------------------------------------------------------------------
                  0.15    0.00    0.00   clock clk (rise edge)
                          0.00    0.00   clock network delay (ideal)
                  0.15    0.00    0.00 ^ _273_/CLK (sky130_fd_sc_hd__dfrtp_1)
                  0.09    0.47    0.47 v _273_/Q (sky130_fd_sc_hd__dfrtp_1)
     5    0.01                           net12 (net)
                  0.09    0.00    0.47 v _130_/A (sky130_fd_sc_hd__buf_2)
                  0.08    0.21    0.67 v _130_/X (sky130_fd_sc_hd__buf_2)
    10    0.03                           _120_ (net)
                  0.08    0.00    0.67 v _258_/A (sky130_fd_sc_hd__or2b_1)
                  0.06    0.26    0.93 v _258_/X (sky130_fd_sc_hd__or2b_1)
     2    0.01                           _118_ (net)
                  0.06    0.00    0.93 v _261_/B1 (sky130_fd_sc_hd__a32o_1)
                  0.04    0.21    1.14 v _261_/X (sky130_fd_sc_hd__a32o_1)
     1    0.00                           _036_ (net)
                  0.04    0.00    1.14 v _297_/D (sky130_fd_sc_hd__dfrtp_4)
                                  1.14   data arrival time

                  0.15   20.00   20.00   clock clk (rise edge)
                          0.00   20.00   clock network delay (ideal)
                         -0.25   19.75   clock uncertainty
                          0.00   19.75   clock reconvergence pessimism
                                 19.75 ^ _297_/CLK (sky130_fd_sc_hd__dfrtp_4)
                         -0.09   19.66   library setup time
                                 19.66   data required time
-----------------------------------------------------------------------------
                                 19.66   data required time
                                 -1.14   data arrival time
-----------------------------------------------------------------------------
                                 18.52   slack (MET)


Startpoint: _278_ (rising edge-triggered flip-flop clocked by clk)
Endpoint: _282_ (rising edge-triggered flip-flop clocked by clk)
Path Group: clk
Path Type: max

Fanout     Cap    Slew   Delay    Time   Description
-----------------------------------------------------------------------------
                  0.15    0.00    0.00   clock clk (rise edge)
                          0.00    0.00   clock network delay (ideal)
                  0.15    0.00    0.00 ^ _278_/CLK (sky130_fd_sc_hd__dfrtp_1)
                  0.11    0.43    0.43 ^ _278_/Q (sky130_fd_sc_hd__dfrtp_1)
     5    0.01                           idle_counter[4] (net)
                  0.11    0.00    0.43 ^ _172_/D (sky130_fd_sc_hd__and4_1)
                  0.13    0.28    0.70 ^ _172_/X (sky130_fd_sc_hd__and4_1)
     3    0.01                           _056_ (net)
                  0.13    0.00    0.70 ^ _174_/A1 (sky130_fd_sc_hd__a21o_1)
                  0.10    0.18    0.88 ^ _174_/X (sky130_fd_sc_hd__a21o_1)
     3    0.01                           _058_ (net)
                  0.10    0.00    0.88 ^ _211_/A (sky130_fd_sc_hd__nor2_1)
                  0.04    0.06    0.94 v _211_/Y (sky130_fd_sc_hd__nor2_1)
     1    0.00                           _085_ (net)
                  0.04    0.00    0.94 v _212_/A2 (sky130_fd_sc_hd__o21a_1)
                  0.03    0.16    1.10 v _212_/X (sky130_fd_sc_hd__o21a_1)
     1    0.00                           _021_ (net)
                  0.03    0.00    1.10 v _282_/D (sky130_fd_sc_hd__dfrtp_1)
                                  1.10   data arrival time

                  0.15   20.00   20.00   clock clk (rise edge)
                          0.00   20.00   clock network delay (ideal)
                         -0.25   19.75   clock uncertainty
                          0.00   19.75   clock reconvergence pessimism
                                 19.75 ^ _282_/CLK (sky130_fd_sc_hd__dfrtp_1)
                         -0.08   19.67   library setup time
                                 19.67   data required time
-----------------------------------------------------------------------------
                                 19.67   data required time
                                 -1.10   data arrival time
-----------------------------------------------------------------------------
                                 18.56   slack (MET)


Startpoint: _273_ (rising edge-triggered flip-flop clocked by clk)
Endpoint: _265_ (rising edge-triggered flip-flop clocked by clk)
Path Group: clk
Path Type: max

Fanout     Cap    Slew   Delay    Time   Description
-----------------------------------------------------------------------------
                  0.15    0.00    0.00   clock clk (rise edge)
                          0.00    0.00   clock network delay (ideal)
                  0.15    0.00    0.00 ^ _273_/CLK (sky130_fd_sc_hd__dfrtp_1)
                  0.14    0.45    0.45 ^ _273_/Q (sky130_fd_sc_hd__dfrtp_1)
     5    0.02                           net12 (net)
                  0.14    0.00    0.45 ^ _143_/A_N (sky130_fd_sc_hd__and2b_1)
                  0.05    0.23    0.68 v _143_/X (sky130_fd_sc_hd__and2b_1)
     3    0.01                           _037_ (net)
                  0.05    0.00    0.68 v _146_/B (sky130_fd_sc_hd__nand2_1)
                  0.11    0.12    0.80 ^ _146_/Y (sky130_fd_sc_hd__nand2_1)
     3    0.01                           _039_ (net)
                  0.11    0.00    0.80 ^ _150_/B (sky130_fd_sc_hd__nand2_1)
                  0.06    0.08    0.88 v _150_/Y (sky130_fd_sc_hd__nand2_1)
     1    0.01                           _041_ (net)
                  0.06    0.00    0.88 v _152_/A (sky130_fd_sc_hd__xnor2_1)
                  0.05    0.13    1.01 v _152_/Y (sky130_fd_sc_hd__xnor2_1)
     1    0.00                           _004_ (net)
                  0.05    0.00    1.01 v _265_/D (sky130_fd_sc_hd__dfrtp_1)
                                  1.01   data arrival time

                  0.15   20.00   20.00   clock clk (rise edge)
                          0.00   20.00   clock network delay (ideal)
                         -0.25   19.75   clock uncertainty
                          0.00   19.75   clock reconvergence pessimism
                                 19.75 ^ _265_/CLK (sky130_fd_sc_hd__dfrtp_1)
                         -0.09   19.66   library setup time
                                 19.66   data required time
-----------------------------------------------------------------------------
                                 19.66   data required time
                                 -1.01   data arrival time
-----------------------------------------------------------------------------
                                 18.65   slack (MET)


Startpoint: _273_ (rising edge-triggered flip-flop clocked by clk)
Endpoint: _264_ (rising edge-triggered flip-flop clocked by clk)
Path Group: clk
Path Type: max

Fanout     Cap    Slew   Delay    Time   Description
-----------------------------------------------------------------------------
                  0.15    0.00    0.00   clock clk (rise edge)
                          0.00    0.00   clock network delay (ideal)
                  0.15    0.00    0.00 ^ _273_/CLK (sky130_fd_sc_hd__dfrtp_1)
                  0.09    0.47    0.47 v _273_/Q (sky130_fd_sc_hd__dfrtp_1)
     5    0.01                           net12 (net)
                  0.09    0.00    0.47 v _143_/A_N (sky130_fd_sc_hd__and2b_1)
                  0.08    0.24    0.71 ^ _143_/X (sky130_fd_sc_hd__and2b_1)
     3    0.01                           _037_ (net)
                  0.08    0.00    0.71 ^ _146_/B (sky130_fd_sc_hd__nand2_1)
                  0.08    0.10    0.81 v _146_/Y (sky130_fd_sc_hd__nand2_1)
     3    0.01                           _039_ (net)
                  0.08    0.00    0.81 v _149_/B (sky130_fd_sc_hd__xnor2_1)
                  0.05    0.14    0.95 v _149_/Y (sky130_fd_sc_hd__xnor2_1)
     1    0.00                           _003_ (net)
                  0.05    0.00    0.95 v _264_/D (sky130_fd_sc_hd__dfrtp_1)
                                  0.95   data arrival time

                  0.15   20.00   20.00   clock clk (rise edge)
                          0.00   20.00   clock network delay (ideal)
                         -0.25   19.75   clock uncertainty
                          0.00   19.75   clock reconvergence pessimism
                                 19.75 ^ _264_/CLK (sky130_fd_sc_hd__dfrtp_1)
                         -0.09   19.66   library setup time
                                 19.66   data required time
-----------------------------------------------------------------------------
                                 19.66   data required time
                                 -0.95   data arrival time
-----------------------------------------------------------------------------
                                 18.70   slack (MET)


Startpoint: _273_ (rising edge-triggered flip-flop clocked by clk)
Endpoint: _262_ (rising edge-triggered flip-flop clocked by clk)
Path Group: clk
Path Type: max

Fanout     Cap    Slew   Delay    Time   Description
-----------------------------------------------------------------------------
                  0.15    0.00    0.00   clock clk (rise edge)
                          0.00    0.00   clock network delay (ideal)
                  0.15    0.00    0.00 ^ _273_/CLK (sky130_fd_sc_hd__dfrtp_1)
                  0.09    0.47    0.47 v _273_/Q (sky130_fd_sc_hd__dfrtp_1)
     5    0.01                           net12 (net)
                  0.09    0.00    0.47 v _130_/A (sky130_fd_sc_hd__buf_2)
                  0.08    0.21    0.67 v _130_/X (sky130_fd_sc_hd__buf_2)
    10    0.03                           _120_ (net)
                  0.08    0.00    0.67 v _144_/B (sky130_fd_sc_hd__and2b_1)
                  0.03    0.18    0.85 v _144_/X (sky130_fd_sc_hd__and2b_1)
     1    0.00                           _038_ (net)
                  0.03    0.00    0.85 v _145_/B (sky130_fd_sc_hd__nor2_1)
                  0.07    0.07    0.92 ^ _145_/Y (sky130_fd_sc_hd__nor2_1)
     1    0.00                           _001_ (net)
                  0.07    0.00    0.92 ^ _262_/D (sky130_fd_sc_hd__dfrtp_1)
                                  0.92   data arrival time

                  0.15   20.00   20.00   clock clk (rise edge)
                          0.00   20.00   clock network delay (ideal)
                         -0.25   19.75   clock uncertainty
                          0.00   19.75   clock reconvergence pessimism
                                 19.75 ^ _262_/CLK (sky130_fd_sc_hd__dfrtp_1)
                         -0.05   19.70   library setup time
                                 19.70   data required time
-----------------------------------------------------------------------------
                                 19.70   data required time
                                 -0.92   data arrival time
-----------------------------------------------------------------------------
                                 18.78   slack (MET)



