
===========================================================================
report_checks -path_delay max (Setup)
============================================================================
======================= Typical Corner ===================================

Startpoint: _273_ (rising edge-triggered flip-flop clocked by clk)
Endpoint: tx (output port clocked by clk)
Path Group: clk
Path Type: max

Fanout     Cap    Slew   Delay    Time   Description
-----------------------------------------------------------------------------
                          0.00    0.00   clock clk (rise edge)
                          0.00    0.00   clock source latency
                  0.07    0.05    0.05 ^ clk (in)
     1    0.01                           clk (net)
                  0.07    0.00    0.05 ^ clkbuf_0_clk/A (sky130_fd_sc_hd__clkbuf_16)
                  0.06    0.16    0.21 ^ clkbuf_0_clk/X (sky130_fd_sc_hd__clkbuf_16)
     4    0.04                           clknet_0_clk (net)
                  0.06    0.00    0.21 ^ clkbuf_2_2__f_clk/A (sky130_fd_sc_hd__clkbuf_16)
                  0.04    0.14    0.35 ^ clkbuf_2_2__f_clk/X (sky130_fd_sc_hd__clkbuf_16)
     8    0.02                           clknet_2_2__leaf_clk (net)
                  0.04    0.00    0.36 ^ _273_/CLK (sky130_fd_sc_hd__dfrtp_2)
                  0.08    0.46    0.81 v _273_/Q (sky130_fd_sc_hd__dfrtp_2)
     5    0.02                           net12 (net)
                  0.08    0.00    0.81 v _130_/A (sky130_fd_sc_hd__clkbuf_4)
                  0.09    0.21    1.03 v _130_/X (sky130_fd_sc_hd__clkbuf_4)
    10    0.04                           _120_ (net)
                  0.09    0.00    1.03 v _132_/A (sky130_fd_sc_hd__nor2_1)
                  0.28    0.27    1.30 ^ _132_/Y (sky130_fd_sc_hd__nor2_1)
     3    0.01                           net14 (net)
                  0.28    0.00    1.30 ^ _142_/B1 (sky130_fd_sc_hd__o211ai_1)
                  0.12    0.18    1.48 v _142_/Y (sky130_fd_sc_hd__o211ai_1)
     1    0.01                           net13 (net)
                  0.12    0.00    1.48 v output13/A (sky130_fd_sc_hd__clkbuf_4)
                  0.08    0.23    1.71 v output13/X (sky130_fd_sc_hd__clkbuf_4)
     1    0.03                           tx (net)
                  0.08    0.00    1.71 v tx (out)
                                  1.71   data arrival time

                         20.00   20.00   clock clk (rise edge)
                          0.00   20.00   clock network delay (propagated)
                         -0.25   19.75   clock uncertainty
                          0.00   19.75   clock reconvergence pessimism
                         -4.00   15.75   output external delay
                                 15.75   data required time
-----------------------------------------------------------------------------
                                 15.75   data required time
                                 -1.71   data arrival time
-----------------------------------------------------------------------------
                                 14.04   slack (MET)


Startpoint: tx_start (input port clocked by clk)
Endpoint: _288_ (rising edge-triggered flip-flop clocked by clk)
Path Group: clk
Path Type: max

Fanout     Cap    Slew   Delay    Time   Description
-----------------------------------------------------------------------------
                          0.00    0.00   clock clk (rise edge)
                          0.00    0.00   clock network delay (propagated)
                          4.00    4.00 ^ input external delay
                  0.02    0.01    4.01 ^ tx_start (in)
     1    0.00                           tx_start (net)
                  0.02    0.00    4.01 ^ input11/A (sky130_fd_sc_hd__clkbuf_1)
                  0.09    0.11    4.12 ^ input11/X (sky130_fd_sc_hd__clkbuf_1)
     1    0.01                           net11 (net)
                  0.09    0.00    4.12 ^ _216_/D_N (sky130_fd_sc_hd__or4b_2)
                  0.14    0.69    4.81 v _216_/X (sky130_fd_sc_hd__or4b_2)
     3    0.01                           _088_ (net)
                  0.14    0.00    4.81 v _223_/A (sky130_fd_sc_hd__clkbuf_4)
                  0.10    0.26    5.06 v _223_/X (sky130_fd_sc_hd__clkbuf_4)
    10    0.05                           _094_ (net)
                  0.10    0.00    5.07 v _234_/A1 (sky130_fd_sc_hd__a21oi_4)
                  0.29    0.30    5.37 ^ _234_/Y (sky130_fd_sc_hd__a21oi_4)
     8    0.04                           _102_ (net)
                  0.29    0.00    5.37 ^ _235_/S (sky130_fd_sc_hd__mux2_1)
                  0.06    0.37    5.75 v _235_/X (sky130_fd_sc_hd__mux2_1)
     1    0.00                           _103_ (net)
                  0.06    0.00    5.75 v _236_/A (sky130_fd_sc_hd__clkbuf_1)
                  0.02    0.10    5.84 v _236_/X (sky130_fd_sc_hd__clkbuf_1)
     1    0.00                           _027_ (net)
                  0.02    0.00    5.84 v _288_/D (sky130_fd_sc_hd__dfrtp_1)
                                  5.84   data arrival time

                         20.00   20.00   clock clk (rise edge)
                          0.00   20.00   clock source latency
                  0.07    0.04   20.04 ^ clk (in)
     1    0.01                           clk (net)
                  0.07    0.00   20.04 ^ clkbuf_0_clk/A (sky130_fd_sc_hd__clkbuf_16)
                  0.06    0.15   20.19 ^ clkbuf_0_clk/X (sky130_fd_sc_hd__clkbuf_16)
     4    0.04                           clknet_0_clk (net)
                  0.06    0.00   20.19 ^ clkbuf_2_0__f_clk/A (sky130_fd_sc_hd__clkbuf_16)
                  0.05    0.13   20.32 ^ clkbuf_2_0__f_clk/X (sky130_fd_sc_hd__clkbuf_16)
     9    0.03                           clknet_2_0__leaf_clk (net)
                  0.05    0.00   20.33 ^ _288_/CLK (sky130_fd_sc_hd__dfrtp_1)
                         -0.25   20.08   clock uncertainty
                          0.00   20.08   clock reconvergence pessimism
                         -0.10   19.97   library setup time
                                 19.97   data required time
-----------------------------------------------------------------------------
                                 19.97   data required time
                                 -5.84   data arrival time
-----------------------------------------------------------------------------
                                 14.13   slack (MET)


Startpoint: tx_start (input port clocked by clk)
Endpoint: _292_ (rising edge-triggered flip-flop clocked by clk)
Path Group: clk
Path Type: max

Fanout     Cap    Slew   Delay    Time   Description
-----------------------------------------------------------------------------
                          0.00    0.00   clock clk (rise edge)
                          0.00    0.00   clock network delay (propagated)
                          4.00    4.00 ^ input external delay
                  0.02    0.01    4.01 ^ tx_start (in)
     1    0.00                           tx_start (net)
                  0.02    0.00    4.01 ^ input11/A (sky130_fd_sc_hd__clkbuf_1)
                  0.09    0.11    4.12 ^ input11/X (sky130_fd_sc_hd__clkbuf_1)
     1    0.01                           net11 (net)
                  0.09    0.00    4.12 ^ _216_/D_N (sky130_fd_sc_hd__or4b_2)
                  0.14    0.69    4.81 v _216_/X (sky130_fd_sc_hd__or4b_2)
     3    0.01                           _088_ (net)
                  0.14    0.00    4.81 v _223_/A (sky130_fd_sc_hd__clkbuf_4)
                  0.10    0.26    5.06 v _223_/X (sky130_fd_sc_hd__clkbuf_4)
    10    0.05                           _094_ (net)
                  0.10    0.00    5.07 v _234_/A1 (sky130_fd_sc_hd__a21oi_4)
                  0.29    0.30    5.37 ^ _234_/Y (sky130_fd_sc_hd__a21oi_4)
     8    0.04                           _102_ (net)
                  0.29    0.00    5.37 ^ _247_/S (sky130_fd_sc_hd__mux2_1)
                  0.06    0.37    5.75 v _247_/X (sky130_fd_sc_hd__mux2_1)
     1    0.00                           _111_ (net)
                  0.06    0.00    5.75 v _248_/A (sky130_fd_sc_hd__clkbuf_1)
                  0.02    0.09    5.84 v _248_/X (sky130_fd_sc_hd__clkbuf_1)
     1    0.00                           _031_ (net)
                  0.02    0.00    5.84 v _292_/D (sky130_fd_sc_hd__dfrtp_1)
                                  5.84   data arrival time

                         20.00   20.00   clock clk (rise edge)
                          0.00   20.00   clock source latency
                  0.07    0.04   20.04 ^ clk (in)
     1    0.01                           clk (net)
                  0.07    0.00   20.04 ^ clkbuf_0_clk/A (sky130_fd_sc_hd__clkbuf_16)
                  0.06    0.15   20.19 ^ clkbuf_0_clk/X (sky130_fd_sc_hd__clkbuf_16)
     4    0.04                           clknet_0_clk (net)
                  0.06    0.00   20.19 ^ clkbuf_2_0__f_clk/A (sky130_fd_sc_hd__clkbuf_16)
                  0.05    0.13   20.32 ^ clkbuf_2_0__f_clk/X (sky130_fd_sc_hd__clkbuf_16)
     9    0.03                           clknet_2_0__leaf_clk (net)
                  0.05    0.00   20.33 ^ _292_/CLK (sky130_fd_sc_hd__dfrtp_1)
                         -0.25   20.08   clock uncertainty
                          0.00   20.08   clock reconvergence pessimism
                         -0.10   19.97   library setup time
                                 19.97   data required time
-----------------------------------------------------------------------------
                                 19.97   data required time
                                 -5.84   data arrival time
-----------------------------------------------------------------------------
                                 14.13   slack (MET)


Startpoint: tx_start (input port clocked by clk)
Endpoint: _294_ (rising edge-triggered flip-flop clocked by clk)
Path Group: clk
Path Type: max

Fanout     Cap    Slew   Delay    Time   Description
-----------------------------------------------------------------------------
                          0.00    0.00   clock clk (rise edge)
                          0.00    0.00   clock network delay (propagated)
                          4.00    4.00 ^ input external delay
                  0.02    0.01    4.01 ^ tx_start (in)
     1    0.00                           tx_start (net)
                  0.02    0.00    4.01 ^ input11/A (sky130_fd_sc_hd__clkbuf_1)
                  0.09    0.11    4.12 ^ input11/X (sky130_fd_sc_hd__clkbuf_1)
     1    0.01                           net11 (net)
                  0.09    0.00    4.12 ^ _216_/D_N (sky130_fd_sc_hd__or4b_2)
                  0.14    0.69    4.81 v _216_/X (sky130_fd_sc_hd__or4b_2)
     3    0.01                           _088_ (net)
                  0.14    0.00    4.81 v _223_/A (sky130_fd_sc_hd__clkbuf_4)
                  0.10    0.26    5.06 v _223_/X (sky130_fd_sc_hd__clkbuf_4)
    10    0.05                           _094_ (net)
                  0.10    0.00    5.07 v _234_/A1 (sky130_fd_sc_hd__a21oi_4)
                  0.29    0.30    5.37 ^ _234_/Y (sky130_fd_sc_hd__a21oi_4)
     8    0.04                           _102_ (net)
                  0.29    0.00    5.37 ^ _253_/S (sky130_fd_sc_hd__mux2_1)
                  0.05    0.37    5.74 v _253_/X (sky130_fd_sc_hd__mux2_1)
     1    0.00                           _115_ (net)
                  0.05    0.00    5.74 v _254_/A (sky130_fd_sc_hd__clkbuf_1)
                  0.03    0.10    5.84 v _254_/X (sky130_fd_sc_hd__clkbuf_1)
     1    0.00                           _033_ (net)
                  0.03    0.00    5.84 v _294_/D (sky130_fd_sc_hd__dfrtp_1)
                                  5.84   data arrival time

                         20.00   20.00   clock clk (rise edge)
                          0.00   20.00   clock source latency
                  0.07    0.04   20.04 ^ clk (in)
     1    0.01                           clk (net)
                  0.07    0.00   20.04 ^ clkbuf_0_clk/A (sky130_fd_sc_hd__clkbuf_16)
                  0.06    0.15   20.19 ^ clkbuf_0_clk/X (sky130_fd_sc_hd__clkbuf_16)
     4    0.04                           clknet_0_clk (net)
                  0.06    0.00   20.19 ^ clkbuf_2_0__f_clk/A (sky130_fd_sc_hd__clkbuf_16)
                  0.05    0.13   20.32 ^ clkbuf_2_0__f_clk/X (sky130_fd_sc_hd__clkbuf_16)
     9    0.03                           clknet_2_0__leaf_clk (net)
                  0.05    0.00   20.33 ^ _294_/CLK (sky130_fd_sc_hd__dfrtp_1)
                         -0.25   20.08   clock uncertainty
                          0.00   20.08   clock reconvergence pessimism
                         -0.11   19.97   library setup time
                                 19.97   data required time
-----------------------------------------------------------------------------
                                 19.97   data required time
                                 -5.84   data arrival time
-----------------------------------------------------------------------------
                                 14.13   slack (MET)


Startpoint: tx_start (input port clocked by clk)
Endpoint: _289_ (rising edge-triggered flip-flop clocked by clk)
Path Group: clk
Path Type: max

Fanout     Cap    Slew   Delay    Time   Description
-----------------------------------------------------------------------------
                          0.00    0.00   clock clk (rise edge)
                          0.00    0.00   clock network delay (propagated)
                          4.00    4.00 ^ input external delay
                  0.02    0.01    4.01 ^ tx_start (in)
     1    0.00                           tx_start (net)
                  0.02    0.00    4.01 ^ input11/A (sky130_fd_sc_hd__clkbuf_1)
                  0.09    0.11    4.12 ^ input11/X (sky130_fd_sc_hd__clkbuf_1)
     1    0.01                           net11 (net)
                  0.09    0.00    4.12 ^ _216_/D_N (sky130_fd_sc_hd__or4b_2)
                  0.14    0.69    4.81 v _216_/X (sky130_fd_sc_hd__or4b_2)
     3    0.01                           _088_ (net)
                  0.14    0.00    4.81 v _223_/A (sky130_fd_sc_hd__clkbuf_4)
                  0.10    0.26    5.06 v _223_/X (sky130_fd_sc_hd__clkbuf_4)
    10    0.05                           _094_ (net)
                  0.10    0.00    5.07 v _234_/A1 (sky130_fd_sc_hd__a21oi_4)
                  0.29    0.30    5.37 ^ _234_/Y (sky130_fd_sc_hd__a21oi_4)
     8    0.04                           _102_ (net)
                  0.29    0.00    5.37 ^ _238_/S (sky130_fd_sc_hd__mux2_1)
                  0.05    0.37    5.74 v _238_/X (sky130_fd_sc_hd__mux2_1)
     1    0.00                           _105_ (net)
                  0.05    0.00    5.74 v _239_/A (sky130_fd_sc_hd__clkbuf_1)
                  0.02    0.09    5.84 v _239_/X (sky130_fd_sc_hd__clkbuf_1)
     1    0.00                           _028_ (net)
                  0.02    0.00    5.84 v _289_/D (sky130_fd_sc_hd__dfrtp_1)
                                  5.84   data arrival time

                         20.00   20.00   clock clk (rise edge)
                          0.00   20.00   clock source latency
                  0.07    0.04   20.04 ^ clk (in)
     1    0.01                           clk (net)
                  0.07    0.00   20.04 ^ clkbuf_0_clk/A (sky130_fd_sc_hd__clkbuf_16)
                  0.06    0.15   20.19 ^ clkbuf_0_clk/X (sky130_fd_sc_hd__clkbuf_16)
     4    0.04                           clknet_0_clk (net)
                  0.06    0.00   20.19 ^ clkbuf_2_0__f_clk/A (sky130_fd_sc_hd__clkbuf_16)
                  0.05    0.13   20.32 ^ clkbuf_2_0__f_clk/X (sky130_fd_sc_hd__clkbuf_16)
     9    0.03                           clknet_2_0__leaf_clk (net)
                  0.05    0.00   20.33 ^ _289_/CLK (sky130_fd_sc_hd__dfrtp_1)
                         -0.25   20.08   clock uncertainty
                          0.00   20.08   clock reconvergence pessimism
                         -0.10   19.97   library setup time
                                 19.97   data required time
-----------------------------------------------------------------------------
                                 19.97   data required time
                                 -5.84   data arrival time
-----------------------------------------------------------------------------
                                 14.14   slack (MET)


Startpoint: tx_start (input port clocked by clk)
Endpoint: _293_ (rising edge-triggered flip-flop clocked by clk)
Path Group: clk
Path Type: max

Fanout     Cap    Slew   Delay    Time   Description
-----------------------------------------------------------------------------
                          0.00    0.00   clock clk (rise edge)
                          0.00    0.00   clock network delay (propagated)
                          4.00    4.00 ^ input external delay
                  0.02    0.01    4.01 ^ tx_start (in)
     1    0.00                           tx_start (net)
                  0.02    0.00    4.01 ^ input11/A (sky130_fd_sc_hd__clkbuf_1)
                  0.09    0.11    4.12 ^ input11/X (sky130_fd_sc_hd__clkbuf_1)
     1    0.01                           net11 (net)
                  0.09    0.00    4.12 ^ _216_/D_N (sky130_fd_sc_hd__or4b_2)
                  0.14    0.69    4.81 v _216_/X (sky130_fd_sc_hd__or4b_2)
     3    0.01                           _088_ (net)
                  0.14    0.00    4.81 v _223_/A (sky130_fd_sc_hd__clkbuf_4)
                  0.10    0.26    5.06 v _223_/X (sky130_fd_sc_hd__clkbuf_4)
    10    0.05                           _094_ (net)
                  0.10    0.00    5.07 v _234_/A1 (sky130_fd_sc_hd__a21oi_4)
                  0.29    0.30    5.37 ^ _234_/Y (sky130_fd_sc_hd__a21oi_4)
     8    0.04                           _102_ (net)
                  0.29    0.00    5.37 ^ _250_/S (sky130_fd_sc_hd__mux2_1)
                  0.05    0.37    5.74 v _250_/X (sky130_fd_sc_hd__mux2_1)
     1    0.00                           _113_ (net)
                  0.05    0.00    5.74 v _251_/A (sky130_fd_sc_hd__clkbuf_1)
                  0.02    0.09    5.83 v _251_/X (sky130_fd_sc_hd__clkbuf_1)
     1    0.00                           _032_ (net)
                  0.02    0.00    5.83 v _293_/D (sky130_fd_sc_hd__dfrtp_1)
                                  5.83   data arrival time

                         20.00   20.00   clock clk (rise edge)
                          0.00   20.00   clock source latency
                  0.07    0.04   20.04 ^ clk (in)
     1    0.01                           clk (net)
                  0.07    0.00   20.04 ^ clkbuf_0_clk/A (sky130_fd_sc_hd__clkbuf_16)
                  0.06    0.15   20.19 ^ clkbuf_0_clk/X (sky130_fd_sc_hd__clkbuf_16)
     4    0.04                           clknet_0_clk (net)
                  0.06    0.00   20.19 ^ clkbuf_2_0__f_clk/A (sky130_fd_sc_hd__clkbuf_16)
                  0.05    0.13   20.32 ^ clkbuf_2_0__f_clk/X (sky130_fd_sc_hd__clkbuf_16)
     9    0.03                           clknet_2_0__leaf_clk (net)
                  0.05    0.00   20.33 ^ _293_/CLK (sky130_fd_sc_hd__dfrtp_1)
                         -0.25   20.08   clock uncertainty
                          0.00   20.08   clock reconvergence pessimism
                         -0.10   19.97   library setup time
                                 19.97   data required time
-----------------------------------------------------------------------------
                                 19.97   data required time
                                 -5.83   data arrival time
-----------------------------------------------------------------------------
                                 14.14   slack (MET)


Startpoint: tx_start (input port clocked by clk)
Endpoint: _291_ (rising edge-triggered flip-flop clocked by clk)
Path Group: clk
Path Type: max

Fanout     Cap    Slew   Delay    Time   Description
-----------------------------------------------------------------------------
                          0.00    0.00   clock clk (rise edge)
                          0.00    0.00   clock network delay (propagated)
                          4.00    4.00 ^ input external delay
                  0.02    0.01    4.01 ^ tx_start (in)
     1    0.00                           tx_start (net)
                  0.02    0.00    4.01 ^ input11/A (sky130_fd_sc_hd__clkbuf_1)
                  0.09    0.11    4.12 ^ input11/X (sky130_fd_sc_hd__clkbuf_1)
     1    0.01                           net11 (net)
                  0.09    0.00    4.12 ^ _216_/D_N (sky130_fd_sc_hd__or4b_2)
                  0.14    0.69    4.81 v _216_/X (sky130_fd_sc_hd__or4b_2)
     3    0.01                           _088_ (net)
                  0.14    0.00    4.81 v _223_/A (sky130_fd_sc_hd__clkbuf_4)
                  0.10    0.26    5.06 v _223_/X (sky130_fd_sc_hd__clkbuf_4)
    10    0.05                           _094_ (net)
                  0.10    0.00    5.07 v _234_/A1 (sky130_fd_sc_hd__a21oi_4)
                  0.29    0.30    5.37 ^ _234_/Y (sky130_fd_sc_hd__a21oi_4)
     8    0.04                           _102_ (net)
                  0.29    0.00    5.37 ^ _244_/S (sky130_fd_sc_hd__mux2_1)
                  0.05    0.37    5.74 v _244_/X (sky130_fd_sc_hd__mux2_1)
     1    0.00                           _109_ (net)
                  0.05    0.00    5.74 v _245_/A (sky130_fd_sc_hd__clkbuf_1)
                  0.02    0.09    5.83 v _245_/X (sky130_fd_sc_hd__clkbuf_1)
     1    0.00                           _030_ (net)
                  0.02    0.00    5.83 v _291_/D (sky130_fd_sc_hd__dfrtp_1)
                                  5.83   data arrival time

                         20.00   20.00   clock clk (rise edge)
                          0.00   20.00   clock source latency
                  0.07    0.04   20.04 ^ clk (in)
     1    0.01                           clk (net)
                  0.07    0.00   20.04 ^ clkbuf_0_clk/A (sky130_fd_sc_hd__clkbuf_16)
                  0.06    0.15   20.19 ^ clkbuf_0_clk/X (sky130_fd_sc_hd__clkbuf_16)
     4    0.04                           clknet_0_clk (net)
                  0.06    0.00   20.19 ^ clkbuf_2_0__f_clk/A (sky130_fd_sc_hd__clkbuf_16)
                  0.05    0.13   20.32 ^ clkbuf_2_0__f_clk/X (sky130_fd_sc_hd__clkbuf_16)
     9    0.03                           clknet_2_0__leaf_clk (net)
                  0.05    0.00   20.33 ^ _291_/CLK (sky130_fd_sc_hd__dfrtp_1)
                         -0.25   20.08   clock uncertainty
                          0.00   20.08   clock reconvergence pessimism
                         -0.10   19.97   library setup time
                                 19.97   data required time
-----------------------------------------------------------------------------
                                 19.97   data required time
                                 -5.83   data arrival time
-----------------------------------------------------------------------------
                                 14.14   slack (MET)


Startpoint: tx_start (input port clocked by clk)
Endpoint: _290_ (rising edge-triggered flip-flop clocked by clk)
Path Group: clk
Path Type: max

Fanout     Cap    Slew   Delay    Time   Description
-----------------------------------------------------------------------------
                          0.00    0.00   clock clk (rise edge)
                          0.00    0.00   clock network delay (propagated)
                          4.00    4.00 ^ input external delay
                  0.02    0.01    4.01 ^ tx_start (in)
     1    0.00                           tx_start (net)
                  0.02    0.00    4.01 ^ input11/A (sky130_fd_sc_hd__clkbuf_1)
                  0.09    0.11    4.12 ^ input11/X (sky130_fd_sc_hd__clkbuf_1)
     1    0.01                           net11 (net)
                  0.09    0.00    4.12 ^ _216_/D_N (sky130_fd_sc_hd__or4b_2)
                  0.14    0.69    4.81 v _216_/X (sky130_fd_sc_hd__or4b_2)
     3    0.01                           _088_ (net)
                  0.14    0.00    4.81 v _223_/A (sky130_fd_sc_hd__clkbuf_4)
                  0.10    0.26    5.06 v _223_/X (sky130_fd_sc_hd__clkbuf_4)
    10    0.05                           _094_ (net)
                  0.10    0.00    5.07 v _234_/A1 (sky130_fd_sc_hd__a21oi_4)
                  0.29    0.30    5.37 ^ _234_/Y (sky130_fd_sc_hd__a21oi_4)
     8    0.04                           _102_ (net)
                  0.29    0.00    5.37 ^ _241_/S (sky130_fd_sc_hd__mux2_1)
                  0.05    0.37    5.74 v _241_/X (sky130_fd_sc_hd__mux2_1)
     1    0.00                           _107_ (net)
                  0.05    0.00    5.74 v _242_/A (sky130_fd_sc_hd__clkbuf_1)
                  0.02    0.09    5.83 v _242_/X (sky130_fd_sc_hd__clkbuf_1)
     1    0.00                           _029_ (net)
                  0.02    0.00    5.83 v _290_/D (sky130_fd_sc_hd__dfrtp_1)
                                  5.83   data arrival time

                         20.00   20.00   clock clk (rise edge)
                          0.00   20.00   clock source latency
                  0.07    0.04   20.04 ^ clk (in)
     1    0.01                           clk (net)
                  0.07    0.00   20.04 ^ clkbuf_0_clk/A (sky130_fd_sc_hd__clkbuf_16)
                  0.06    0.15   20.19 ^ clkbuf_0_clk/X (sky130_fd_sc_hd__clkbuf_16)
     4    0.04                           clknet_0_clk (net)
                  0.06    0.00   20.19 ^ clkbuf_2_0__f_clk/A (sky130_fd_sc_hd__clkbuf_16)
                  0.05    0.13   20.32 ^ clkbuf_2_0__f_clk/X (sky130_fd_sc_hd__clkbuf_16)
     9    0.03                           clknet_2_0__leaf_clk (net)
                  0.05    0.00   20.33 ^ _290_/CLK (sky130_fd_sc_hd__dfrtp_1)
                         -0.25   20.08   clock uncertainty
                          0.00   20.08   clock reconvergence pessimism
                         -0.10   19.97   library setup time
                                 19.97   data required time
-----------------------------------------------------------------------------
                                 19.97   data required time
                                 -5.83   data arrival time
-----------------------------------------------------------------------------
                                 14.14   slack (MET)


Startpoint: _273_ (rising edge-triggered flip-flop clocked by clk)
Endpoint: tx_busy (output port clocked by clk)
Path Group: clk
Path Type: max

Fanout     Cap    Slew   Delay    Time   Description
-----------------------------------------------------------------------------
                          0.00    0.00   clock clk (rise edge)
                          0.00    0.00   clock source latency
                  0.07    0.05    0.05 ^ clk (in)
     1    0.01                           clk (net)
                  0.07    0.00    0.05 ^ clkbuf_0_clk/A (sky130_fd_sc_hd__clkbuf_16)
                  0.06    0.16    0.21 ^ clkbuf_0_clk/X (sky130_fd_sc_hd__clkbuf_16)
     4    0.04                           clknet_0_clk (net)
                  0.06    0.00    0.21 ^ clkbuf_2_2__f_clk/A (sky130_fd_sc_hd__clkbuf_16)
                  0.04    0.14    0.35 ^ clkbuf_2_2__f_clk/X (sky130_fd_sc_hd__clkbuf_16)
     8    0.02                           clknet_2_2__leaf_clk (net)
                  0.04    0.00    0.36 ^ _273_/CLK (sky130_fd_sc_hd__dfrtp_2)
                  0.08    0.46    0.81 v _273_/Q (sky130_fd_sc_hd__dfrtp_2)
     5    0.02                           net12 (net)
                  0.08    0.00    0.81 v _130_/A (sky130_fd_sc_hd__clkbuf_4)
                  0.09    0.21    1.03 v _130_/X (sky130_fd_sc_hd__clkbuf_4)
    10    0.04                           _120_ (net)
                  0.09    0.00    1.03 v _132_/A (sky130_fd_sc_hd__nor2_1)
                  0.28    0.27    1.30 ^ _132_/Y (sky130_fd_sc_hd__nor2_1)
     3    0.01                           net14 (net)
                  0.28    0.00    1.30 ^ output14/A (sky130_fd_sc_hd__clkbuf_4)
                  0.11    0.28    1.58 ^ output14/X (sky130_fd_sc_hd__clkbuf_4)
     1    0.03                           tx_busy (net)
                  0.11    0.00    1.58 ^ tx_busy (out)
                                  1.58   data arrival time

                         20.00   20.00   clock clk (rise edge)
                          0.00   20.00   clock network delay (propagated)
                         -0.25   19.75   clock uncertainty
                          0.00   19.75   clock reconvergence pessimism
                         -4.00   15.75   output external delay
                                 15.75   data required time
-----------------------------------------------------------------------------
                                 15.75   data required time
                                 -1.58   data arrival time
-----------------------------------------------------------------------------
                                 14.17   slack (MET)


Startpoint: tx_start (input port clocked by clk)
Endpoint: _295_ (rising edge-triggered flip-flop clocked by clk)
Path Group: clk
Path Type: max

Fanout     Cap    Slew   Delay    Time   Description
-----------------------------------------------------------------------------
                          0.00    0.00   clock clk (rise edge)
                          0.00    0.00   clock network delay (propagated)
                          4.00    4.00 ^ input external delay
                  0.02    0.01    4.01 ^ tx_start (in)
     1    0.00                           tx_start (net)
                  0.02    0.00    4.01 ^ input11/A (sky130_fd_sc_hd__clkbuf_1)
                  0.09    0.11    4.12 ^ input11/X (sky130_fd_sc_hd__clkbuf_1)
     1    0.01                           net11 (net)
                  0.09    0.00    4.12 ^ _216_/D_N (sky130_fd_sc_hd__or4b_2)
                  0.14    0.69    4.81 v _216_/X (sky130_fd_sc_hd__or4b_2)
     3    0.01                           _088_ (net)
                  0.14    0.00    4.81 v _223_/A (sky130_fd_sc_hd__clkbuf_4)
                  0.10    0.26    5.06 v _223_/X (sky130_fd_sc_hd__clkbuf_4)
    10    0.05                           _094_ (net)
                  0.10    0.00    5.07 v _234_/A1 (sky130_fd_sc_hd__a21oi_4)
                  0.29    0.30    5.37 ^ _234_/Y (sky130_fd_sc_hd__a21oi_4)
     8    0.04                           _102_ (net)
                  0.29    0.00    5.37 ^ _255_/A (sky130_fd_sc_hd__inv_2)
                  0.05    0.05    5.42 v _255_/Y (sky130_fd_sc_hd__inv_2)
     1    0.00                           _116_ (net)
                  0.05    0.00    5.42 v _257_/A2 (sky130_fd_sc_hd__a22o_1)
                  0.04    0.23    5.66 v _257_/X (sky130_fd_sc_hd__a22o_1)
     1    0.00                           _034_ (net)
                  0.04    0.00    5.66 v _295_/D (sky130_fd_sc_hd__dfrtp_1)
                                  5.66   data arrival time

                         20.00   20.00   clock clk (rise edge)
                          0.00   20.00   clock source latency
                  0.07    0.04   20.04 ^ clk (in)
     1    0.01                           clk (net)
                  0.07    0.00   20.04 ^ clkbuf_0_clk/A (sky130_fd_sc_hd__clkbuf_16)
                  0.06    0.15   20.19 ^ clkbuf_0_clk/X (sky130_fd_sc_hd__clkbuf_16)
     4    0.04                           clknet_0_clk (net)
                  0.06    0.00   20.19 ^ clkbuf_2_0__f_clk/A (sky130_fd_sc_hd__clkbuf_16)
                  0.05    0.13   20.32 ^ clkbuf_2_0__f_clk/X (sky130_fd_sc_hd__clkbuf_16)
     9    0.03                           clknet_2_0__leaf_clk (net)
                  0.05    0.00   20.33 ^ _295_/CLK (sky130_fd_sc_hd__dfrtp_1)
                         -0.25   20.08   clock uncertainty
                          0.00   20.08   clock reconvergence pessimism
                         -0.11   19.96   library setup time
                                 19.96   data required time
-----------------------------------------------------------------------------
                                 19.96   data required time
                                 -5.66   data arrival time
-----------------------------------------------------------------------------
                                 14.31   slack (MET)


Startpoint: tx_start (input port clocked by clk)
Endpoint: _287_ (rising edge-triggered flip-flop clocked by clk)
Path Group: clk
Path Type: max

Fanout     Cap    Slew   Delay    Time   Description
-----------------------------------------------------------------------------
                          0.00    0.00   clock clk (rise edge)
                          0.00    0.00   clock network delay (propagated)
                          4.00    4.00 ^ input external delay
                  0.02    0.01    4.01 ^ tx_start (in)
     1    0.00                           tx_start (net)
                  0.02    0.00    4.01 ^ input11/A (sky130_fd_sc_hd__clkbuf_1)
                  0.09    0.11    4.12 ^ input11/X (sky130_fd_sc_hd__clkbuf_1)
     1    0.01                           net11 (net)
                  0.09    0.00    4.12 ^ _216_/D_N (sky130_fd_sc_hd__or4b_2)
                  0.14    0.69    4.81 v _216_/X (sky130_fd_sc_hd__or4b_2)
     3    0.01                           _088_ (net)
                  0.14    0.00    4.81 v _223_/A (sky130_fd_sc_hd__clkbuf_4)
                  0.10    0.26    5.06 v _223_/X (sky130_fd_sc_hd__clkbuf_4)
    10    0.05                           _094_ (net)
                  0.10    0.00    5.07 v _224_/A2 (sky130_fd_sc_hd__a21o_1)
                  0.05    0.22    5.29 v _224_/X (sky130_fd_sc_hd__a21o_1)
     2    0.01                           _095_ (net)
                  0.05    0.00    5.29 v _232_/A1_N (sky130_fd_sc_hd__a2bb2o_1)
                  0.04    0.26    5.55 ^ _232_/X (sky130_fd_sc_hd__a2bb2o_1)
     1    0.00                           _026_ (net)
                  0.04    0.00    5.55 ^ _287_/D (sky130_fd_sc_hd__dfrtp_1)
                                  5.55   data arrival time

                         20.00   20.00   clock clk (rise edge)
                          0.00   20.00   clock source latency
                  0.07    0.04   20.04 ^ clk (in)
     1    0.01                           clk (net)
                  0.07    0.00   20.04 ^ clkbuf_0_clk/A (sky130_fd_sc_hd__clkbuf_16)
                  0.06    0.15   20.19 ^ clkbuf_0_clk/X (sky130_fd_sc_hd__clkbuf_16)
     4    0.04                           clknet_0_clk (net)
                  0.06    0.00   20.19 ^ clkbuf_2_0__f_clk/A (sky130_fd_sc_hd__clkbuf_16)
                  0.05    0.13   20.32 ^ clkbuf_2_0__f_clk/X (sky130_fd_sc_hd__clkbuf_16)
     9    0.03                           clknet_2_0__leaf_clk (net)
                  0.05    0.00   20.33 ^ _287_/CLK (sky130_fd_sc_hd__dfrtp_1)
                         -0.25   20.08   clock uncertainty
                          0.00   20.08   clock reconvergence pessimism
                         -0.06   20.02   library setup time
                                 20.02   data required time
-----------------------------------------------------------------------------
                                 20.02   data required time
                                 -5.55   data arrival time
-----------------------------------------------------------------------------
                                 14.47   slack (MET)


Startpoint: tx_start (input port clocked by clk)
Endpoint: _285_ (rising edge-triggered flip-flop clocked by clk)
Path Group: clk
Path Type: max

Fanout     Cap    Slew   Delay    Time   Description
-----------------------------------------------------------------------------
                          0.00    0.00   clock clk (rise edge)
                          0.00    0.00   clock network delay (propagated)
                          4.00    4.00 ^ input external delay
                  0.02    0.01    4.01 ^ tx_start (in)
     1    0.00                           tx_start (net)
                  0.02    0.00    4.01 ^ input11/A (sky130_fd_sc_hd__clkbuf_1)
                  0.09    0.11    4.12 ^ input11/X (sky130_fd_sc_hd__clkbuf_1)
     1    0.01                           net11 (net)
                  0.09    0.00    4.12 ^ _216_/D_N (sky130_fd_sc_hd__or4b_2)
                  0.14    0.69    4.81 v _216_/X (sky130_fd_sc_hd__or4b_2)
     3    0.01                           _088_ (net)
                  0.14    0.00    4.81 v _223_/A (sky130_fd_sc_hd__clkbuf_4)
                  0.10    0.26    5.06 v _223_/X (sky130_fd_sc_hd__clkbuf_4)
    10    0.05                           _094_ (net)
                  0.10    0.00    5.07 v _224_/A2 (sky130_fd_sc_hd__a21o_1)
                  0.05    0.22    5.29 v _224_/X (sky130_fd_sc_hd__a21o_1)
     2    0.01                           _095_ (net)
                  0.05    0.00    5.29 v _225_/B2 (sky130_fd_sc_hd__o22a_1)
                  0.05    0.17    5.46 v _225_/X (sky130_fd_sc_hd__o22a_1)
     1    0.00                           _024_ (net)
                  0.05    0.00    5.46 v _285_/D (sky130_fd_sc_hd__dfrtp_1)
                                  5.46   data arrival time

                         20.00   20.00   clock clk (rise edge)
                          0.00   20.00   clock source latency
                  0.07    0.04   20.04 ^ clk (in)
     1    0.01                           clk (net)
                  0.07    0.00   20.04 ^ clkbuf_0_clk/A (sky130_fd_sc_hd__clkbuf_16)
                  0.06    0.15   20.19 ^ clkbuf_0_clk/X (sky130_fd_sc_hd__clkbuf_16)
     4    0.04                           clknet_0_clk (net)
                  0.06    0.00   20.19 ^ clkbuf_2_1__f_clk/A (sky130_fd_sc_hd__clkbuf_16)
                  0.05    0.14   20.33 ^ clkbuf_2_1__f_clk/X (sky130_fd_sc_hd__clkbuf_16)
    11    0.03                           clknet_2_1__leaf_clk (net)
                  0.05    0.00   20.33 ^ _285_/CLK (sky130_fd_sc_hd__dfrtp_1)
                         -0.25   20.08   clock uncertainty
                          0.00   20.08   clock reconvergence pessimism
                         -0.11   19.97   library setup time
                                 19.97   data required time
-----------------------------------------------------------------------------
                                 19.97   data required time
                                 -5.46   data arrival time
-----------------------------------------------------------------------------
                                 14.51   slack (MET)


Startpoint: tx_start (input port clocked by clk)
Endpoint: _286_ (rising edge-triggered flip-flop clocked by clk)
Path Group: clk
Path Type: max

Fanout     Cap    Slew   Delay    Time   Description
-----------------------------------------------------------------------------
                          0.00    0.00   clock clk (rise edge)
                          0.00    0.00   clock network delay (propagated)
                          4.00    4.00 ^ input external delay
                  0.02    0.01    4.01 ^ tx_start (in)
     1    0.00                           tx_start (net)
                  0.02    0.00    4.01 ^ input11/A (sky130_fd_sc_hd__clkbuf_1)
                  0.09    0.11    4.12 ^ input11/X (sky130_fd_sc_hd__clkbuf_1)
     1    0.01                           net11 (net)
                  0.09    0.00    4.12 ^ _216_/D_N (sky130_fd_sc_hd__or4b_2)
                  0.14    0.69    4.81 v _216_/X (sky130_fd_sc_hd__or4b_2)
     3    0.01                           _088_ (net)
                  0.14    0.00    4.81 v _217_/A2 (sky130_fd_sc_hd__a21oi_2)
                  0.18    0.25    5.06 ^ _217_/Y (sky130_fd_sc_hd__a21oi_2)
     4    0.01                           _089_ (net)
                  0.18    0.00    5.06 ^ _227_/B1 (sky130_fd_sc_hd__o21ai_1)
                  0.08    0.12    5.18 v _227_/Y (sky130_fd_sc_hd__o21ai_1)
     2    0.01                           _097_ (net)
                  0.08    0.00    5.18 v _229_/A (sky130_fd_sc_hd__and2_1)
                  0.04    0.16    5.34 v _229_/X (sky130_fd_sc_hd__and2_1)
     1    0.00                           _099_ (net)
                  0.04    0.00    5.34 v _230_/A (sky130_fd_sc_hd__clkbuf_1)
                  0.02    0.08    5.42 v _230_/X (sky130_fd_sc_hd__clkbuf_1)
     1    0.00                           _025_ (net)
                  0.02    0.00    5.42 v _286_/D (sky130_fd_sc_hd__dfrtp_1)
                                  5.42   data arrival time

                         20.00   20.00   clock clk (rise edge)
                          0.00   20.00   clock source latency
                  0.07    0.04   20.04 ^ clk (in)
     1    0.01                           clk (net)
                  0.07    0.00   20.04 ^ clkbuf_0_clk/A (sky130_fd_sc_hd__clkbuf_16)
                  0.06    0.15   20.19 ^ clkbuf_0_clk/X (sky130_fd_sc_hd__clkbuf_16)
     4    0.04                           clknet_0_clk (net)
                  0.06    0.00   20.19 ^ clkbuf_2_1__f_clk/A (sky130_fd_sc_hd__clkbuf_16)
                  0.05    0.14   20.33 ^ clkbuf_2_1__f_clk/X (sky130_fd_sc_hd__clkbuf_16)
    11    0.03                           clknet_2_1__leaf_clk (net)
                  0.05    0.00   20.33 ^ _286_/CLK (sky130_fd_sc_hd__dfrtp_1)
                         -0.25   20.08   clock uncertainty
                          0.00   20.08   clock reconvergence pessimism
                         -0.10   19.98   library setup time
                                 19.98   data required time
-----------------------------------------------------------------------------
                                 19.98   data required time
                                 -5.42   data arrival time
-----------------------------------------------------------------------------
                                 14.56   slack (MET)


Startpoint: tx_start (input port clocked by clk)
Endpoint: _284_ (rising edge-triggered flip-flop clocked by clk)
Path Group: clk
Path Type: max

Fanout     Cap    Slew   Delay    Time   Description
-----------------------------------------------------------------------------
                          0.00    0.00   clock clk (rise edge)
                          0.00    0.00   clock network delay (propagated)
                          4.00    4.00 ^ input external delay
                  0.02    0.01    4.01 ^ tx_start (in)
     1    0.00                           tx_start (net)
                  0.02    0.00    4.01 ^ input11/A (sky130_fd_sc_hd__clkbuf_1)
                  0.09    0.11    4.12 ^ input11/X (sky130_fd_sc_hd__clkbuf_1)
     1    0.01                           net11 (net)
                  0.09    0.00    4.12 ^ _216_/D_N (sky130_fd_sc_hd__or4b_2)
                  0.14    0.69    4.81 v _216_/X (sky130_fd_sc_hd__or4b_2)
     3    0.01                           _088_ (net)
                  0.14    0.00    4.81 v _217_/A2 (sky130_fd_sc_hd__a21oi_2)
                  0.18    0.25    5.06 ^ _217_/Y (sky130_fd_sc_hd__a21oi_2)
     4    0.01                           _089_ (net)
                  0.18    0.00    5.06 ^ _219_/B (sky130_fd_sc_hd__and2_1)
                  0.08    0.18    5.24 ^ _219_/X (sky130_fd_sc_hd__and2_1)
     2    0.01                           _091_ (net)
                  0.08    0.00    5.24 ^ _220_/B1_N (sky130_fd_sc_hd__o21ba_1)
                  0.04    0.16    5.40 v _220_/X (sky130_fd_sc_hd__o21ba_1)
     1    0.00                           _023_ (net)
                  0.04    0.00    5.40 v _284_/D (sky130_fd_sc_hd__dfrtp_1)
                                  5.40   data arrival time

                         20.00   20.00   clock clk (rise edge)
                          0.00   20.00   clock source latency
                  0.07    0.04   20.04 ^ clk (in)
     1    0.01                           clk (net)
                  0.07    0.00   20.04 ^ clkbuf_0_clk/A (sky130_fd_sc_hd__clkbuf_16)
                  0.06    0.15   20.19 ^ clkbuf_0_clk/X (sky130_fd_sc_hd__clkbuf_16)
     4    0.04                           clknet_0_clk (net)
                  0.06    0.00   20.19 ^ clkbuf_2_1__f_clk/A (sky130_fd_sc_hd__clkbuf_16)
                  0.05    0.14   20.33 ^ clkbuf_2_1__f_clk/X (sky130_fd_sc_hd__clkbuf_16)
    11    0.03                           clknet_2_1__leaf_clk (net)
                  0.05    0.00   20.33 ^ _284_/CLK (sky130_fd_sc_hd__dfrtp_1)
                         -0.25   20.08   clock uncertainty
                          0.00   20.08   clock reconvergence pessimism
                         -0.11   19.97   library setup time
                                 19.97   data required time
-----------------------------------------------------------------------------
                                 19.97   data required time
                                 -5.40   data arrival time
-----------------------------------------------------------------------------
                                 14.57   slack (MET)


Startpoint: tx_start (input port clocked by clk)
Endpoint: _296_ (rising edge-triggered flip-flop clocked by clk)
Path Group: clk
Path Type: max

Fanout     Cap    Slew   Delay    Time   Description
-----------------------------------------------------------------------------
                          0.00    0.00   clock clk (rise edge)
                          0.00    0.00   clock network delay (propagated)
                          4.00    4.00 ^ input external delay
                  0.02    0.01    4.01 ^ tx_start (in)
     1    0.00                           tx_start (net)
                  0.02    0.00    4.01 ^ input11/A (sky130_fd_sc_hd__clkbuf_1)
                  0.09    0.11    4.12 ^ input11/X (sky130_fd_sc_hd__clkbuf_1)
     1    0.01                           net11 (net)
                  0.09    0.00    4.12 ^ _216_/D_N (sky130_fd_sc_hd__or4b_2)
                  0.14    0.69    4.81 v _216_/X (sky130_fd_sc_hd__or4b_2)
     3    0.01                           _088_ (net)
                  0.14    0.00    4.81 v _223_/A (sky130_fd_sc_hd__clkbuf_4)
                  0.10    0.26    5.06 v _223_/X (sky130_fd_sc_hd__clkbuf_4)
    10    0.05                           _094_ (net)
                  0.10    0.00    5.07 v _259_/A1 (sky130_fd_sc_hd__a21oi_1)
                  0.11    0.15    5.22 ^ _259_/Y (sky130_fd_sc_hd__a21oi_1)
     1    0.00                           _119_ (net)
                  0.11    0.00    5.22 ^ _260_/B1 (sky130_fd_sc_hd__a21o_1)
                  0.05    0.11    5.32 ^ _260_/X (sky130_fd_sc_hd__a21o_1)
     1    0.00                           _035_ (net)
                  0.05    0.00    5.33 ^ _296_/D (sky130_fd_sc_hd__dfrtp_4)
                                  5.33   data arrival time

                         20.00   20.00   clock clk (rise edge)
                          0.00   20.00   clock source latency
                  0.07    0.04   20.04 ^ clk (in)
     1    0.01                           clk (net)
                  0.07    0.00   20.04 ^ clkbuf_0_clk/A (sky130_fd_sc_hd__clkbuf_16)
                  0.06    0.15   20.19 ^ clkbuf_0_clk/X (sky130_fd_sc_hd__clkbuf_16)
     4    0.04                           clknet_0_clk (net)
                  0.06    0.00   20.19 ^ clkbuf_2_1__f_clk/A (sky130_fd_sc_hd__clkbuf_16)
                  0.05    0.14   20.33 ^ clkbuf_2_1__f_clk/X (sky130_fd_sc_hd__clkbuf_16)
    11    0.03                           clknet_2_1__leaf_clk (net)
                  0.05    0.00   20.33 ^ _296_/CLK (sky130_fd_sc_hd__dfrtp_4)
                         -0.25   20.08   clock uncertainty
                          0.00   20.08   clock reconvergence pessimism
                         -0.06   20.02   library setup time
                                 20.02   data required time
-----------------------------------------------------------------------------
                                 20.02   data required time
                                 -5.33   data arrival time
-----------------------------------------------------------------------------
                                 14.69   slack (MET)


Startpoint: _273_ (rising edge-triggered flip-flop clocked by clk)
Endpoint: sleep_ack (output port clocked by clk)
Path Group: clk
Path Type: max

Fanout     Cap    Slew   Delay    Time   Description
-----------------------------------------------------------------------------
                          0.00    0.00   clock clk (rise edge)
                          0.00    0.00   clock source latency
                  0.07    0.05    0.05 ^ clk (in)
     1    0.01                           clk (net)
                  0.07    0.00    0.05 ^ clkbuf_0_clk/A (sky130_fd_sc_hd__clkbuf_16)
                  0.06    0.16    0.21 ^ clkbuf_0_clk/X (sky130_fd_sc_hd__clkbuf_16)
     4    0.04                           clknet_0_clk (net)
                  0.06    0.00    0.21 ^ clkbuf_2_2__f_clk/A (sky130_fd_sc_hd__clkbuf_16)
                  0.04    0.14    0.35 ^ clkbuf_2_2__f_clk/X (sky130_fd_sc_hd__clkbuf_16)
     8    0.02                           clknet_2_2__leaf_clk (net)
                  0.04    0.00    0.36 ^ _273_/CLK (sky130_fd_sc_hd__dfrtp_2)
                  0.08    0.46    0.81 v _273_/Q (sky130_fd_sc_hd__dfrtp_2)
     5    0.02                           net12 (net)
                  0.08    0.00    0.81 v output12/A (sky130_fd_sc_hd__clkbuf_4)
                  0.08    0.21    1.02 v output12/X (sky130_fd_sc_hd__clkbuf_4)
     1    0.03                           sleep_ack (net)
                  0.08    0.00    1.02 v sleep_ack (out)
                                  1.02   data arrival time

                         20.00   20.00   clock clk (rise edge)
                          0.00   20.00   clock network delay (propagated)
                         -0.25   19.75   clock uncertainty
                          0.00   19.75   clock reconvergence pessimism
                         -4.00   15.75   output external delay
                                 15.75   data required time
-----------------------------------------------------------------------------
                                 15.75   data required time
                                 -1.02   data arrival time
-----------------------------------------------------------------------------
                                 14.73   slack (MET)


Startpoint: sleep (input port clocked by clk)
Endpoint: _273_ (rising edge-triggered flip-flop clocked by clk)
Path Group: clk
Path Type: max

Fanout     Cap    Slew   Delay    Time   Description
-----------------------------------------------------------------------------
                          0.00    0.00   clock clk (rise edge)
                          0.00    0.00   clock network delay (propagated)
                          4.00    4.00 v input external delay
                  0.01    0.00    4.00 v sleep (in)
     1    0.00                           sleep (net)
                  0.01    0.00    4.00 v input2/A (sky130_fd_sc_hd__buf_1)
                  0.08    0.12    4.12 v input2/X (sky130_fd_sc_hd__buf_1)
     2    0.01                           net2 (net)
                  0.08    0.00    4.13 v _178_/B (sky130_fd_sc_hd__and2b_1)
                  0.03    0.17    4.30 v _178_/X (sky130_fd_sc_hd__and2b_1)
     1    0.00                           _061_ (net)
                  0.03    0.00    4.30 v _179_/A (sky130_fd_sc_hd__clkbuf_1)
                  0.02    0.08    4.38 v _179_/X (sky130_fd_sc_hd__clkbuf_1)
     1    0.00                           _012_ (net)
                  0.02    0.00    4.38 v _273_/D (sky130_fd_sc_hd__dfrtp_2)
                                  4.38   data arrival time

                         20.00   20.00   clock clk (rise edge)
                          0.00   20.00   clock source latency
                  0.07    0.04   20.04 ^ clk (in)
     1    0.01                           clk (net)
                  0.07    0.00   20.04 ^ clkbuf_0_clk/A (sky130_fd_sc_hd__clkbuf_16)
                  0.06    0.15   20.19 ^ clkbuf_0_clk/X (sky130_fd_sc_hd__clkbuf_16)
     4    0.04                           clknet_0_clk (net)
                  0.06    0.00   20.19 ^ clkbuf_2_2__f_clk/A (sky130_fd_sc_hd__clkbuf_16)
                  0.04    0.13   20.32 ^ clkbuf_2_2__f_clk/X (sky130_fd_sc_hd__clkbuf_16)
     8    0.02                           clknet_2_2__leaf_clk (net)
                  0.04    0.00   20.32 ^ _273_/CLK (sky130_fd_sc_hd__dfrtp_2)
                         -0.25   20.07   clock uncertainty
                          0.00   20.07   clock reconvergence pessimism
                         -0.11   19.97   library setup time
                                 19.97   data required time
-----------------------------------------------------------------------------
                                 19.97   data required time
                                 -4.38   data arrival time
-----------------------------------------------------------------------------
                                 15.58   slack (MET)


Startpoint: sleep (input port clocked by clk)
Endpoint: _272_ (rising edge-triggered flip-flop clocked by clk)
Path Group: clk
Path Type: max

Fanout     Cap    Slew   Delay    Time   Description
-----------------------------------------------------------------------------
                          0.00    0.00   clock clk (rise edge)
                          0.00    0.00   clock network delay (propagated)
                          4.00    4.00 ^ input external delay
                  0.02    0.01    4.01 ^ sleep (in)
     1    0.00                           sleep (net)
                  0.02    0.00    4.01 ^ input2/A (sky130_fd_sc_hd__buf_1)
                  0.15    0.16    4.17 ^ input2/X (sky130_fd_sc_hd__buf_1)
     2    0.01                           net2 (net)
                  0.15    0.00    4.17 ^ _177_/B1 (sky130_fd_sc_hd__o21a_1)
                  0.04    0.15    4.31 ^ _177_/X (sky130_fd_sc_hd__o21a_1)
     1    0.00                           _011_ (net)
                  0.04    0.00    4.31 ^ _272_/D (sky130_fd_sc_hd__dfrtp_1)
                                  4.31   data arrival time

                         20.00   20.00   clock clk (rise edge)
                          0.00   20.00   clock source latency
                  0.07    0.04   20.04 ^ clk (in)
     1    0.01                           clk (net)
                  0.07    0.00   20.04 ^ clkbuf_0_clk/A (sky130_fd_sc_hd__clkbuf_16)
                  0.06    0.15   20.19 ^ clkbuf_0_clk/X (sky130_fd_sc_hd__clkbuf_16)
     4    0.04                           clknet_0_clk (net)
                  0.06    0.00   20.19 ^ clkbuf_2_2__f_clk/A (sky130_fd_sc_hd__clkbuf_16)
                  0.04    0.13   20.32 ^ clkbuf_2_2__f_clk/X (sky130_fd_sc_hd__clkbuf_16)
     8    0.02                           clknet_2_2__leaf_clk (net)
                  0.04    0.00   20.32 ^ _272_/CLK (sky130_fd_sc_hd__dfrtp_1)
                         -0.25   20.07   clock uncertainty
                          0.00   20.07   clock reconvergence pessimism
                         -0.06   20.01   library setup time
                                 20.01   data required time
-----------------------------------------------------------------------------
                                 20.01   data required time
                                 -4.31   data arrival time
-----------------------------------------------------------------------------
                                 15.70   slack (MET)


Startpoint: rst_n (input port clocked by clk)
Endpoint: _297_ (recovery check against rising-edge clock clk)
Path Group: asynchronous
Path Type: max

Fanout     Cap    Slew   Delay    Time   Description
-----------------------------------------------------------------------------
                          0.00    0.00   clock clk (rise edge)
                          0.00    0.00   clock network delay (propagated)
                          4.00    4.00 ^ input external delay
                  0.02    0.01    4.01 ^ rst_n (in)
     1    0.00                           rst_n (net)
                  0.02    0.00    4.01 ^ input1/A (sky130_fd_sc_hd__clkbuf_2)
                  0.13    0.17    4.18 ^ input1/X (sky130_fd_sc_hd__clkbuf_2)
     4    0.02                           net1 (net)
                  0.13    0.00    4.18 ^ fanout17/A (sky130_fd_sc_hd__clkbuf_4)
                  0.15    0.26    4.44 ^ fanout17/X (sky130_fd_sc_hd__clkbuf_4)
    10    0.05                           net17 (net)
                  0.15    0.00    4.44 ^ _297_/RESET_B (sky130_fd_sc_hd__dfrtp_4)
                                  4.44   data arrival time

                         20.00   20.00   clock clk (rise edge)
                          0.00   20.00   clock source latency
                  0.07    0.04   20.04 ^ clk (in)
     1    0.01                           clk (net)
                  0.07    0.00   20.04 ^ clkbuf_0_clk/A (sky130_fd_sc_hd__clkbuf_16)
                  0.06    0.15   20.19 ^ clkbuf_0_clk/X (sky130_fd_sc_hd__clkbuf_16)
     4    0.04                           clknet_0_clk (net)
                  0.06    0.00   20.19 ^ clkbuf_2_1__f_clk/A (sky130_fd_sc_hd__clkbuf_16)
                  0.05    0.14   20.33 ^ clkbuf_2_1__f_clk/X (sky130_fd_sc_hd__clkbuf_16)
    11    0.03                           clknet_2_1__leaf_clk (net)
                  0.05    0.00   20.33 ^ _297_/CLK (sky130_fd_sc_hd__dfrtp_4)
                         -0.25   20.08   clock uncertainty
                          0.00   20.08   clock reconvergence pessimism
                          0.19   20.26   library recovery time
                                 20.26   data required time
-----------------------------------------------------------------------------
                                 20.26   data required time
                                 -4.44   data arrival time
-----------------------------------------------------------------------------
                                 15.82   slack (MET)


Startpoint: rst_n (input port clocked by clk)
Endpoint: _296_ (recovery check against rising-edge clock clk)
Path Group: asynchronous
Path Type: max

Fanout     Cap    Slew   Delay    Time   Description
-----------------------------------------------------------------------------
                          0.00    0.00   clock clk (rise edge)
                          0.00    0.00   clock network delay (propagated)
                          4.00    4.00 ^ input external delay
                  0.02    0.01    4.01 ^ rst_n (in)
     1    0.00                           rst_n (net)
                  0.02    0.00    4.01 ^ input1/A (sky130_fd_sc_hd__clkbuf_2)
                  0.13    0.17    4.18 ^ input1/X (sky130_fd_sc_hd__clkbuf_2)
     4    0.02                           net1 (net)
                  0.13    0.00    4.18 ^ fanout17/A (sky130_fd_sc_hd__clkbuf_4)
                  0.15    0.26    4.44 ^ fanout17/X (sky130_fd_sc_hd__clkbuf_4)
    10    0.05                           net17 (net)
                  0.15    0.00    4.44 ^ _296_/RESET_B (sky130_fd_sc_hd__dfrtp_4)
                                  4.44   data arrival time

                         20.00   20.00   clock clk (rise edge)
                          0.00   20.00   clock source latency
                  0.07    0.04   20.04 ^ clk (in)
     1    0.01                           clk (net)
                  0.07    0.00   20.04 ^ clkbuf_0_clk/A (sky130_fd_sc_hd__clkbuf_16)
                  0.06    0.15   20.19 ^ clkbuf_0_clk/X (sky130_fd_sc_hd__clkbuf_16)
     4    0.04                           clknet_0_clk (net)
                  0.06    0.00   20.19 ^ clkbuf_2_1__f_clk/A (sky130_fd_sc_hd__clkbuf_16)
                  0.05    0.14   20.33 ^ clkbuf_2_1__f_clk/X (sky130_fd_sc_hd__clkbuf_16)
    11    0.03                           clknet_2_1__leaf_clk (net)
                  0.05    0.00   20.33 ^ _296_/CLK (sky130_fd_sc_hd__dfrtp_4)
                         -0.25   20.08   clock uncertainty
                          0.00   20.08   clock reconvergence pessimism
                          0.19   20.26   library recovery time
                                 20.26   data required time
-----------------------------------------------------------------------------
                                 20.26   data required time
                                 -4.44   data arrival time
-----------------------------------------------------------------------------
                                 15.82   slack (MET)


Startpoint: rst_n (input port clocked by clk)
Endpoint: _272_ (recovery check against rising-edge clock clk)
Path Group: asynchronous
Path Type: max

Fanout     Cap    Slew   Delay    Time   Description
-----------------------------------------------------------------------------
                          0.00    0.00   clock clk (rise edge)
                          0.00    0.00   clock network delay (propagated)
                          4.00    4.00 ^ input external delay
                  0.02    0.01    4.01 ^ rst_n (in)
     1    0.00                           rst_n (net)
                  0.02    0.00    4.01 ^ input1/A (sky130_fd_sc_hd__clkbuf_2)
                  0.13    0.17    4.18 ^ input1/X (sky130_fd_sc_hd__clkbuf_2)
     4    0.02                           net1 (net)
                  0.13    0.00    4.18 ^ fanout15/A (sky130_fd_sc_hd__clkbuf_4)
                  0.15    0.26    4.44 ^ fanout15/X (sky130_fd_sc_hd__clkbuf_4)
    10    0.05                           net15 (net)
                  0.15    0.00    4.44 ^ _272_/RESET_B (sky130_fd_sc_hd__dfrtp_1)
                                  4.44   data arrival time

                         20.00   20.00   clock clk (rise edge)
                          0.00   20.00   clock source latency
                  0.07    0.04   20.04 ^ clk (in)
     1    0.01                           clk (net)
                  0.07    0.00   20.04 ^ clkbuf_0_clk/A (sky130_fd_sc_hd__clkbuf_16)
                  0.06    0.15   20.19 ^ clkbuf_0_clk/X (sky130_fd_sc_hd__clkbuf_16)
     4    0.04                           clknet_0_clk (net)
                  0.06    0.00   20.19 ^ clkbuf_2_2__f_clk/A (sky130_fd_sc_hd__clkbuf_16)
                  0.04    0.13   20.32 ^ clkbuf_2_2__f_clk/X (sky130_fd_sc_hd__clkbuf_16)
     8    0.02                           clknet_2_2__leaf_clk (net)
                  0.04    0.00   20.32 ^ _272_/CLK (sky130_fd_sc_hd__dfrtp_1)
                         -0.25   20.07   clock uncertainty
                          0.00   20.07   clock reconvergence pessimism
                          0.20   20.27   library recovery time
                                 20.27   data required time
-----------------------------------------------------------------------------
                                 20.27   data required time
                                 -4.44   data arrival time
-----------------------------------------------------------------------------
                                 15.83   slack (MET)


Startpoint: rst_n (input port clocked by clk)
Endpoint: _274_ (recovery check against rising-edge clock clk)
Path Group: asynchronous
Path Type: max

Fanout     Cap    Slew   Delay    Time   Description
-----------------------------------------------------------------------------
                          0.00    0.00   clock clk (rise edge)
                          0.00    0.00   clock network delay (propagated)
                          4.00    4.00 ^ input external delay
                  0.02    0.01    4.01 ^ rst_n (in)
     1    0.00                           rst_n (net)
                  0.02    0.00    4.01 ^ input1/A (sky130_fd_sc_hd__clkbuf_2)
                  0.13    0.17    4.18 ^ input1/X (sky130_fd_sc_hd__clkbuf_2)
     4    0.02                           net1 (net)
                  0.13    0.00    4.18 ^ fanout16/A (sky130_fd_sc_hd__clkbuf_4)
                  0.13    0.24    4.42 ^ fanout16/X (sky130_fd_sc_hd__clkbuf_4)
     8    0.04                           net16 (net)
                  0.13    0.00    4.43 ^ _274_/RESET_B (sky130_fd_sc_hd__dfrtp_4)
                                  4.43   data arrival time

                         20.00   20.00   clock clk (rise edge)
                          0.00   20.00   clock source latency
                  0.07    0.04   20.04 ^ clk (in)
     1    0.01                           clk (net)
                  0.07    0.00   20.04 ^ clkbuf_0_clk/A (sky130_fd_sc_hd__clkbuf_16)
                  0.06    0.15   20.19 ^ clkbuf_0_clk/X (sky130_fd_sc_hd__clkbuf_16)
     4    0.04                           clknet_0_clk (net)
                  0.06    0.00   20.19 ^ clkbuf_2_2__f_clk/A (sky130_fd_sc_hd__clkbuf_16)
                  0.04    0.13   20.32 ^ clkbuf_2_2__f_clk/X (sky130_fd_sc_hd__clkbuf_16)
     8    0.02                           clknet_2_2__leaf_clk (net)
                  0.04    0.00   20.32 ^ _274_/CLK (sky130_fd_sc_hd__dfrtp_4)
                         -0.25   20.07   clock uncertainty
                          0.00   20.07   clock reconvergence pessimism
                          0.19   20.26   library recovery time
                                 20.26   data required time
-----------------------------------------------------------------------------
                                 20.26   data required time
                                 -4.43   data arrival time
-----------------------------------------------------------------------------
                                 15.83   slack (MET)


Startpoint: rst_n (input port clocked by clk)
Endpoint: _276_ (recovery check against rising-edge clock clk)
Path Group: asynchronous
Path Type: max

Fanout     Cap    Slew   Delay    Time   Description
-----------------------------------------------------------------------------
                          0.00    0.00   clock clk (rise edge)
                          0.00    0.00   clock network delay (propagated)
                          4.00    4.00 ^ input external delay
                  0.02    0.01    4.01 ^ rst_n (in)
     1    0.00                           rst_n (net)
                  0.02    0.00    4.01 ^ input1/A (sky130_fd_sc_hd__clkbuf_2)
                  0.13    0.17    4.18 ^ input1/X (sky130_fd_sc_hd__clkbuf_2)
     4    0.02                           net1 (net)
                  0.13    0.00    4.18 ^ fanout16/A (sky130_fd_sc_hd__clkbuf_4)
                  0.13    0.24    4.42 ^ fanout16/X (sky130_fd_sc_hd__clkbuf_4)
     8    0.04                           net16 (net)
                  0.13    0.00    4.43 ^ _276_/RESET_B (sky130_fd_sc_hd__dfrtp_2)
                                  4.43   data arrival time

                         20.00   20.00   clock clk (rise edge)
                          0.00   20.00   clock source latency
                  0.07    0.04   20.04 ^ clk (in)
     1    0.01                           clk (net)
                  0.07    0.00   20.04 ^ clkbuf_0_clk/A (sky130_fd_sc_hd__clkbuf_16)
                  0.06    0.15   20.19 ^ clkbuf_0_clk/X (sky130_fd_sc_hd__clkbuf_16)
     4    0.04                           clknet_0_clk (net)
                  0.06    0.00   20.19 ^ clkbuf_2_2__f_clk/A (sky130_fd_sc_hd__clkbuf_16)
                  0.04    0.13   20.32 ^ clkbuf_2_2__f_clk/X (sky130_fd_sc_hd__clkbuf_16)
     8    0.02                           clknet_2_2__leaf_clk (net)
                  0.04    0.00   20.32 ^ _276_/CLK (sky130_fd_sc_hd__dfrtp_2)
                         -0.25   20.07   clock uncertainty
                          0.00   20.07   clock reconvergence pessimism
                          0.19   20.26   library recovery time
                                 20.26   data required time
-----------------------------------------------------------------------------
                                 20.26   data required time
                                 -4.43   data arrival time
-----------------------------------------------------------------------------
                                 15.84   slack (MET)


Startpoint: rst_n (input port clocked by clk)
Endpoint: _275_ (recovery check against rising-edge clock clk)
Path Group: asynchronous
Path Type: max

Fanout     Cap    Slew   Delay    Time   Description
-----------------------------------------------------------------------------
                          0.00    0.00   clock clk (rise edge)
                          0.00    0.00   clock network delay (propagated)
                          4.00    4.00 ^ input external delay
                  0.02    0.01    4.01 ^ rst_n (in)
     1    0.00                           rst_n (net)
                  0.02    0.00    4.01 ^ input1/A (sky130_fd_sc_hd__clkbuf_2)
                  0.13    0.17    4.18 ^ input1/X (sky130_fd_sc_hd__clkbuf_2)
     4    0.02                           net1 (net)
                  0.13    0.00    4.18 ^ fanout16/A (sky130_fd_sc_hd__clkbuf_4)
                  0.13    0.24    4.42 ^ fanout16/X (sky130_fd_sc_hd__clkbuf_4)
     8    0.04                           net16 (net)
                  0.13    0.00    4.43 ^ _275_/RESET_B (sky130_fd_sc_hd__dfrtp_2)
                                  4.43   data arrival time

                         20.00   20.00   clock clk (rise edge)
                          0.00   20.00   clock source latency
                  0.07    0.04   20.04 ^ clk (in)
     1    0.01                           clk (net)
                  0.07    0.00   20.04 ^ clkbuf_0_clk/A (sky130_fd_sc_hd__clkbuf_16)
                  0.06    0.15   20.19 ^ clkbuf_0_clk/X (sky130_fd_sc_hd__clkbuf_16)
     4    0.04                           clknet_0_clk (net)
                  0.06    0.00   20.19 ^ clkbuf_2_2__f_clk/A (sky130_fd_sc_hd__clkbuf_16)
                  0.04    0.13   20.32 ^ clkbuf_2_2__f_clk/X (sky130_fd_sc_hd__clkbuf_16)
     8    0.02                           clknet_2_2__leaf_clk (net)
                  0.04    0.00   20.32 ^ _275_/CLK (sky130_fd_sc_hd__dfrtp_2)
                         -0.25   20.07   clock uncertainty
                          0.00   20.07   clock reconvergence pessimism
                          0.19   20.26   library recovery time
                                 20.26   data required time
-----------------------------------------------------------------------------
                                 20.26   data required time
                                 -4.43   data arrival time
-----------------------------------------------------------------------------
                                 15.84   slack (MET)


Startpoint: rst_n (input port clocked by clk)
Endpoint: _293_ (recovery check against rising-edge clock clk)
Path Group: asynchronous
Path Type: max

Fanout     Cap    Slew   Delay    Time   Description
-----------------------------------------------------------------------------
                          0.00    0.00   clock clk (rise edge)
                          0.00    0.00   clock network delay (propagated)
                          4.00    4.00 ^ input external delay
                  0.02    0.01    4.01 ^ rst_n (in)
     1    0.00                           rst_n (net)
                  0.02    0.00    4.01 ^ input1/A (sky130_fd_sc_hd__clkbuf_2)
                  0.13    0.17    4.18 ^ input1/X (sky130_fd_sc_hd__clkbuf_2)
     4    0.02                           net1 (net)
                  0.13    0.00    4.18 ^ fanout15/A (sky130_fd_sc_hd__clkbuf_4)
                  0.15    0.26    4.44 ^ fanout15/X (sky130_fd_sc_hd__clkbuf_4)
    10    0.05                           net15 (net)
                  0.15    0.00    4.44 ^ _293_/RESET_B (sky130_fd_sc_hd__dfrtp_1)
                                  4.44   data arrival time

                         20.00   20.00   clock clk (rise edge)
                          0.00   20.00   clock source latency
                  0.07    0.04   20.04 ^ clk (in)
     1    0.01                           clk (net)
                  0.07    0.00   20.04 ^ clkbuf_0_clk/A (sky130_fd_sc_hd__clkbuf_16)
                  0.06    0.15   20.19 ^ clkbuf_0_clk/X (sky130_fd_sc_hd__clkbuf_16)
     4    0.04                           clknet_0_clk (net)
                  0.06    0.00   20.19 ^ clkbuf_2_0__f_clk/A (sky130_fd_sc_hd__clkbuf_16)
                  0.05    0.13   20.32 ^ clkbuf_2_0__f_clk/X (sky130_fd_sc_hd__clkbuf_16)
     9    0.03                           clknet_2_0__leaf_clk (net)
                  0.05    0.00   20.33 ^ _293_/CLK (sky130_fd_sc_hd__dfrtp_1)
                         -0.25   20.08   clock uncertainty
                          0.00   20.08   clock reconvergence pessimism
                          0.20   20.28   library recovery time
                                 20.28   data required time
-----------------------------------------------------------------------------
                                 20.28   data required time
                                 -4.44   data arrival time
-----------------------------------------------------------------------------
                                 15.84   slack (MET)


Startpoint: rst_n (input port clocked by clk)
Endpoint: _291_ (recovery check against rising-edge clock clk)
Path Group: asynchronous
Path Type: max

Fanout     Cap    Slew   Delay    Time   Description
-----------------------------------------------------------------------------
                          0.00    0.00   clock clk (rise edge)
                          0.00    0.00   clock network delay (propagated)
                          4.00    4.00 ^ input external delay
                  0.02    0.01    4.01 ^ rst_n (in)
     1    0.00                           rst_n (net)
                  0.02    0.00    4.01 ^ input1/A (sky130_fd_sc_hd__clkbuf_2)
                  0.13    0.17    4.18 ^ input1/X (sky130_fd_sc_hd__clkbuf_2)
     4    0.02                           net1 (net)
                  0.13    0.00    4.18 ^ fanout15/A (sky130_fd_sc_hd__clkbuf_4)
                  0.15    0.26    4.44 ^ fanout15/X (sky130_fd_sc_hd__clkbuf_4)
    10    0.05                           net15 (net)
                  0.15    0.00    4.44 ^ _291_/RESET_B (sky130_fd_sc_hd__dfrtp_1)
                                  4.44   data arrival time

                         20.00   20.00   clock clk (rise edge)
                          0.00   20.00   clock source latency
                  0.07    0.04   20.04 ^ clk (in)
     1    0.01                           clk (net)
                  0.07    0.00   20.04 ^ clkbuf_0_clk/A (sky130_fd_sc_hd__clkbuf_16)
                  0.06    0.15   20.19 ^ clkbuf_0_clk/X (sky130_fd_sc_hd__clkbuf_16)
     4    0.04                           clknet_0_clk (net)
                  0.06    0.00   20.19 ^ clkbuf_2_0__f_clk/A (sky130_fd_sc_hd__clkbuf_16)
                  0.05    0.13   20.32 ^ clkbuf_2_0__f_clk/X (sky130_fd_sc_hd__clkbuf_16)
     9    0.03                           clknet_2_0__leaf_clk (net)
                  0.05    0.00   20.33 ^ _291_/CLK (sky130_fd_sc_hd__dfrtp_1)
                         -0.25   20.08   clock uncertainty
                          0.00   20.08   clock reconvergence pessimism
                          0.20   20.28   library recovery time
                                 20.28   data required time
-----------------------------------------------------------------------------
                                 20.28   data required time
                                 -4.44   data arrival time
-----------------------------------------------------------------------------
                                 15.84   slack (MET)


Startpoint: rst_n (input port clocked by clk)
Endpoint: _294_ (recovery check against rising-edge clock clk)
Path Group: asynchronous
Path Type: max

Fanout     Cap    Slew   Delay    Time   Description
-----------------------------------------------------------------------------
                          0.00    0.00   clock clk (rise edge)
                          0.00    0.00   clock network delay (propagated)
                          4.00    4.00 ^ input external delay
                  0.02    0.01    4.01 ^ rst_n (in)
     1    0.00                           rst_n (net)
                  0.02    0.00    4.01 ^ input1/A (sky130_fd_sc_hd__clkbuf_2)
                  0.13    0.17    4.18 ^ input1/X (sky130_fd_sc_hd__clkbuf_2)
     4    0.02                           net1 (net)
                  0.13    0.00    4.18 ^ fanout15/A (sky130_fd_sc_hd__clkbuf_4)
                  0.15    0.26    4.44 ^ fanout15/X (sky130_fd_sc_hd__clkbuf_4)
    10    0.05                           net15 (net)
                  0.15    0.00    4.44 ^ _294_/RESET_B (sky130_fd_sc_hd__dfrtp_1)
                                  4.44   data arrival time

                         20.00   20.00   clock clk (rise edge)
                          0.00   20.00   clock source latency
                  0.07    0.04   20.04 ^ clk (in)
     1    0.01                           clk (net)
                  0.07    0.00   20.04 ^ clkbuf_0_clk/A (sky130_fd_sc_hd__clkbuf_16)
                  0.06    0.15   20.19 ^ clkbuf_0_clk/X (sky130_fd_sc_hd__clkbuf_16)
     4    0.04                           clknet_0_clk (net)
                  0.06    0.00   20.19 ^ clkbuf_2_0__f_clk/A (sky130_fd_sc_hd__clkbuf_16)
                  0.05    0.13   20.32 ^ clkbuf_2_0__f_clk/X (sky130_fd_sc_hd__clkbuf_16)
     9    0.03                           clknet_2_0__leaf_clk (net)
                  0.05    0.00   20.33 ^ _294_/CLK (sky130_fd_sc_hd__dfrtp_1)
                         -0.25   20.08   clock uncertainty
                          0.00   20.08   clock reconvergence pessimism
                          0.20   20.28   library recovery time
                                 20.28   data required time
-----------------------------------------------------------------------------
                                 20.28   data required time
                                 -4.44   data arrival time
-----------------------------------------------------------------------------
                                 15.84   slack (MET)


Startpoint: rst_n (input port clocked by clk)
Endpoint: _292_ (recovery check against rising-edge clock clk)
Path Group: asynchronous
Path Type: max

Fanout     Cap    Slew   Delay    Time   Description
-----------------------------------------------------------------------------
                          0.00    0.00   clock clk (rise edge)
                          0.00    0.00   clock network delay (propagated)
                          4.00    4.00 ^ input external delay
                  0.02    0.01    4.01 ^ rst_n (in)
     1    0.00                           rst_n (net)
                  0.02    0.00    4.01 ^ input1/A (sky130_fd_sc_hd__clkbuf_2)
                  0.13    0.17    4.18 ^ input1/X (sky130_fd_sc_hd__clkbuf_2)
     4    0.02                           net1 (net)
                  0.13    0.00    4.18 ^ fanout15/A (sky130_fd_sc_hd__clkbuf_4)
                  0.15    0.26    4.44 ^ fanout15/X (sky130_fd_sc_hd__clkbuf_4)
    10    0.05                           net15 (net)
                  0.15    0.00    4.44 ^ _292_/RESET_B (sky130_fd_sc_hd__dfrtp_1)
                                  4.44   data arrival time

                         20.00   20.00   clock clk (rise edge)
                          0.00   20.00   clock source latency
                  0.07    0.04   20.04 ^ clk (in)
     1    0.01                           clk (net)
                  0.07    0.00   20.04 ^ clkbuf_0_clk/A (sky130_fd_sc_hd__clkbuf_16)
                  0.06    0.15   20.19 ^ clkbuf_0_clk/X (sky130_fd_sc_hd__clkbuf_16)
     4    0.04                           clknet_0_clk (net)
                  0.06    0.00   20.19 ^ clkbuf_2_0__f_clk/A (sky130_fd_sc_hd__clkbuf_16)
                  0.05    0.13   20.32 ^ clkbuf_2_0__f_clk/X (sky130_fd_sc_hd__clkbuf_16)
     9    0.03                           clknet_2_0__leaf_clk (net)
                  0.05    0.00   20.33 ^ _292_/CLK (sky130_fd_sc_hd__dfrtp_1)
                         -0.25   20.08   clock uncertainty
                          0.00   20.08   clock reconvergence pessimism
                          0.20   20.28   library recovery time
                                 20.28   data required time
-----------------------------------------------------------------------------
                                 20.28   data required time
                                 -4.44   data arrival time
-----------------------------------------------------------------------------
                                 15.84   slack (MET)


Startpoint: rst_n (input port clocked by clk)
Endpoint: _289_ (recovery check against rising-edge clock clk)
Path Group: asynchronous
Path Type: max

Fanout     Cap    Slew   Delay    Time   Description
-----------------------------------------------------------------------------
                          0.00    0.00   clock clk (rise edge)
                          0.00    0.00   clock network delay (propagated)
                          4.00    4.00 ^ input external delay
                  0.02    0.01    4.01 ^ rst_n (in)
     1    0.00                           rst_n (net)
                  0.02    0.00    4.01 ^ input1/A (sky130_fd_sc_hd__clkbuf_2)
                  0.13    0.17    4.18 ^ input1/X (sky130_fd_sc_hd__clkbuf_2)
     4    0.02                           net1 (net)
                  0.13    0.00    4.18 ^ fanout15/A (sky130_fd_sc_hd__clkbuf_4)
                  0.15    0.26    4.44 ^ fanout15/X (sky130_fd_sc_hd__clkbuf_4)
    10    0.05                           net15 (net)
                  0.15    0.00    4.44 ^ _289_/RESET_B (sky130_fd_sc_hd__dfrtp_1)
                                  4.44   data arrival time

                         20.00   20.00   clock clk (rise edge)
                          0.00   20.00   clock source latency
                  0.07    0.04   20.04 ^ clk (in)
     1    0.01                           clk (net)
                  0.07    0.00   20.04 ^ clkbuf_0_clk/A (sky130_fd_sc_hd__clkbuf_16)
                  0.06    0.15   20.19 ^ clkbuf_0_clk/X (sky130_fd_sc_hd__clkbuf_16)
     4    0.04                           clknet_0_clk (net)
                  0.06    0.00   20.19 ^ clkbuf_2_0__f_clk/A (sky130_fd_sc_hd__clkbuf_16)
                  0.05    0.13   20.32 ^ clkbuf_2_0__f_clk/X (sky130_fd_sc_hd__clkbuf_16)
     9    0.03                           clknet_2_0__leaf_clk (net)
                  0.05    0.00   20.33 ^ _289_/CLK (sky130_fd_sc_hd__dfrtp_1)
                         -0.25   20.08   clock uncertainty
                          0.00   20.08   clock reconvergence pessimism
                          0.20   20.28   library recovery time
                                 20.28   data required time
-----------------------------------------------------------------------------
                                 20.28   data required time
                                 -4.44   data arrival time
-----------------------------------------------------------------------------
                                 15.84   slack (MET)


Startpoint: rst_n (input port clocked by clk)
Endpoint: _290_ (recovery check against rising-edge clock clk)
Path Group: asynchronous
Path Type: max

Fanout     Cap    Slew   Delay    Time   Description
-----------------------------------------------------------------------------
                          0.00    0.00   clock clk (rise edge)
                          0.00    0.00   clock network delay (propagated)
                          4.00    4.00 ^ input external delay
                  0.02    0.01    4.01 ^ rst_n (in)
     1    0.00                           rst_n (net)
                  0.02    0.00    4.01 ^ input1/A (sky130_fd_sc_hd__clkbuf_2)
                  0.13    0.17    4.18 ^ input1/X (sky130_fd_sc_hd__clkbuf_2)
     4    0.02                           net1 (net)
                  0.13    0.00    4.18 ^ fanout15/A (sky130_fd_sc_hd__clkbuf_4)
                  0.15    0.26    4.44 ^ fanout15/X (sky130_fd_sc_hd__clkbuf_4)
    10    0.05                           net15 (net)
                  0.15    0.00    4.44 ^ _290_/RESET_B (sky130_fd_sc_hd__dfrtp_1)
                                  4.44   data arrival time

                         20.00   20.00   clock clk (rise edge)
                          0.00   20.00   clock source latency
                  0.07    0.04   20.04 ^ clk (in)
     1    0.01                           clk (net)
                  0.07    0.00   20.04 ^ clkbuf_0_clk/A (sky130_fd_sc_hd__clkbuf_16)
                  0.06    0.15   20.19 ^ clkbuf_0_clk/X (sky130_fd_sc_hd__clkbuf_16)
     4    0.04                           clknet_0_clk (net)
                  0.06    0.00   20.19 ^ clkbuf_2_0__f_clk/A (sky130_fd_sc_hd__clkbuf_16)
                  0.05    0.13   20.32 ^ clkbuf_2_0__f_clk/X (sky130_fd_sc_hd__clkbuf_16)
     9    0.03                           clknet_2_0__leaf_clk (net)
                  0.05    0.00   20.33 ^ _290_/CLK (sky130_fd_sc_hd__dfrtp_1)
                         -0.25   20.08   clock uncertainty
                          0.00   20.08   clock reconvergence pessimism
                          0.20   20.28   library recovery time
                                 20.28   data required time
-----------------------------------------------------------------------------
                                 20.28   data required time
                                 -4.44   data arrival time
-----------------------------------------------------------------------------
                                 15.84   slack (MET)


Startpoint: rst_n (input port clocked by clk)
Endpoint: _288_ (recovery check against rising-edge clock clk)
Path Group: asynchronous
Path Type: max

Fanout     Cap    Slew   Delay    Time   Description
-----------------------------------------------------------------------------
                          0.00    0.00   clock clk (rise edge)
                          0.00    0.00   clock network delay (propagated)
                          4.00    4.00 ^ input external delay
                  0.02    0.01    4.01 ^ rst_n (in)
     1    0.00                           rst_n (net)
                  0.02    0.00    4.01 ^ input1/A (sky130_fd_sc_hd__clkbuf_2)
                  0.13    0.17    4.18 ^ input1/X (sky130_fd_sc_hd__clkbuf_2)
     4    0.02                           net1 (net)
                  0.13    0.00    4.18 ^ fanout15/A (sky130_fd_sc_hd__clkbuf_4)
                  0.15    0.26    4.44 ^ fanout15/X (sky130_fd_sc_hd__clkbuf_4)
    10    0.05                           net15 (net)
                  0.15    0.00    4.44 ^ _288_/RESET_B (sky130_fd_sc_hd__dfrtp_1)
                                  4.44   data arrival time

                         20.00   20.00   clock clk (rise edge)
                          0.00   20.00   clock source latency
                  0.07    0.04   20.04 ^ clk (in)
     1    0.01                           clk (net)
                  0.07    0.00   20.04 ^ clkbuf_0_clk/A (sky130_fd_sc_hd__clkbuf_16)
                  0.06    0.15   20.19 ^ clkbuf_0_clk/X (sky130_fd_sc_hd__clkbuf_16)
     4    0.04                           clknet_0_clk (net)
                  0.06    0.00   20.19 ^ clkbuf_2_0__f_clk/A (sky130_fd_sc_hd__clkbuf_16)
                  0.05    0.13   20.32 ^ clkbuf_2_0__f_clk/X (sky130_fd_sc_hd__clkbuf_16)
     9    0.03                           clknet_2_0__leaf_clk (net)
                  0.05    0.00   20.33 ^ _288_/CLK (sky130_fd_sc_hd__dfrtp_1)
                         -0.25   20.08   clock uncertainty
                          0.00   20.08   clock reconvergence pessimism
                          0.20   20.28   library recovery time
                                 20.28   data required time
-----------------------------------------------------------------------------
                                 20.28   data required time
                                 -4.44   data arrival time
-----------------------------------------------------------------------------
                                 15.84   slack (MET)


Startpoint: rst_n (input port clocked by clk)
Endpoint: _295_ (recovery check against rising-edge clock clk)
Path Group: asynchronous
Path Type: max

Fanout     Cap    Slew   Delay    Time   Description
-----------------------------------------------------------------------------
                          0.00    0.00   clock clk (rise edge)
                          0.00    0.00   clock network delay (propagated)
                          4.00    4.00 ^ input external delay
                  0.02    0.01    4.01 ^ rst_n (in)
     1    0.00                           rst_n (net)
                  0.02    0.00    4.01 ^ input1/A (sky130_fd_sc_hd__clkbuf_2)
                  0.13    0.17    4.18 ^ input1/X (sky130_fd_sc_hd__clkbuf_2)
     4    0.02                           net1 (net)
                  0.13    0.00    4.18 ^ fanout15/A (sky130_fd_sc_hd__clkbuf_4)
                  0.15    0.26    4.44 ^ fanout15/X (sky130_fd_sc_hd__clkbuf_4)
    10    0.05                           net15 (net)
                  0.15    0.00    4.44 ^ _295_/RESET_B (sky130_fd_sc_hd__dfrtp_1)
                                  4.44   data arrival time

                         20.00   20.00   clock clk (rise edge)
                          0.00   20.00   clock source latency
                  0.07    0.04   20.04 ^ clk (in)
     1    0.01                           clk (net)
                  0.07    0.00   20.04 ^ clkbuf_0_clk/A (sky130_fd_sc_hd__clkbuf_16)
                  0.06    0.15   20.19 ^ clkbuf_0_clk/X (sky130_fd_sc_hd__clkbuf_16)
     4    0.04                           clknet_0_clk (net)
                  0.06    0.00   20.19 ^ clkbuf_2_0__f_clk/A (sky130_fd_sc_hd__clkbuf_16)
                  0.05    0.13   20.32 ^ clkbuf_2_0__f_clk/X (sky130_fd_sc_hd__clkbuf_16)
     9    0.03                           clknet_2_0__leaf_clk (net)
                  0.05    0.00   20.33 ^ _295_/CLK (sky130_fd_sc_hd__dfrtp_1)
                         -0.25   20.08   clock uncertainty
                          0.00   20.08   clock reconvergence pessimism
                          0.20   20.28   library recovery time
                                 20.28   data required time
-----------------------------------------------------------------------------
                                 20.28   data required time
                                 -4.44   data arrival time
-----------------------------------------------------------------------------
                                 15.84   slack (MET)


Startpoint: rst_n (input port clocked by clk)
Endpoint: _273_ (recovery check against rising-edge clock clk)
Path Group: asynchronous
Path Type: max

Fanout     Cap    Slew   Delay    Time   Description
-----------------------------------------------------------------------------
                          0.00    0.00   clock clk (rise edge)
                          0.00    0.00   clock network delay (propagated)
                          4.00    4.00 ^ input external delay
                  0.02    0.01    4.01 ^ rst_n (in)
     1    0.00                           rst_n (net)
                  0.02    0.00    4.01 ^ input1/A (sky130_fd_sc_hd__clkbuf_2)
                  0.13    0.17    4.18 ^ input1/X (sky130_fd_sc_hd__clkbuf_2)
     4    0.02                           net1 (net)
                  0.13    0.00    4.18 ^ fanout16/A (sky130_fd_sc_hd__clkbuf_4)
                  0.13    0.24    4.42 ^ fanout16/X (sky130_fd_sc_hd__clkbuf_4)
     8    0.04                           net16 (net)
                  0.13    0.00    4.43 ^ _273_/RESET_B (sky130_fd_sc_hd__dfrtp_2)
                                  4.43   data arrival time

                         20.00   20.00   clock clk (rise edge)
                          0.00   20.00   clock source latency
                  0.07    0.04   20.04 ^ clk (in)
     1    0.01                           clk (net)
                  0.07    0.00   20.04 ^ clkbuf_0_clk/A (sky130_fd_sc_hd__clkbuf_16)
                  0.06    0.15   20.19 ^ clkbuf_0_clk/X (sky130_fd_sc_hd__clkbuf_16)
     4    0.04                           clknet_0_clk (net)
                  0.06    0.00   20.19 ^ clkbuf_2_2__f_clk/A (sky130_fd_sc_hd__clkbuf_16)
                  0.04    0.13   20.32 ^ clkbuf_2_2__f_clk/X (sky130_fd_sc_hd__clkbuf_16)
     8    0.02                           clknet_2_2__leaf_clk (net)
                  0.04    0.00   20.32 ^ _273_/CLK (sky130_fd_sc_hd__dfrtp_2)
                         -0.25   20.07   clock uncertainty
                          0.00   20.07   clock reconvergence pessimism
                          0.19   20.26   library recovery time
                                 20.26   data required time
-----------------------------------------------------------------------------
                                 20.26   data required time
                                 -4.43   data arrival time
-----------------------------------------------------------------------------
                                 15.84   slack (MET)


Startpoint: rst_n (input port clocked by clk)
Endpoint: _287_ (recovery check against rising-edge clock clk)
Path Group: asynchronous
Path Type: max

Fanout     Cap    Slew   Delay    Time   Description
-----------------------------------------------------------------------------
                          0.00    0.00   clock clk (rise edge)
                          0.00    0.00   clock network delay (propagated)
                          4.00    4.00 ^ input external delay
                  0.02    0.01    4.01 ^ rst_n (in)
     1    0.00                           rst_n (net)
                  0.02    0.00    4.01 ^ input1/A (sky130_fd_sc_hd__clkbuf_2)
                  0.13    0.17    4.18 ^ input1/X (sky130_fd_sc_hd__clkbuf_2)
     4    0.02                           net1 (net)
                  0.13    0.00    4.18 ^ fanout15/A (sky130_fd_sc_hd__clkbuf_4)
                  0.15    0.26    4.44 ^ fanout15/X (sky130_fd_sc_hd__clkbuf_4)
    10    0.05                           net15 (net)
                  0.15    0.00    4.44 ^ _287_/RESET_B (sky130_fd_sc_hd__dfrtp_1)
                                  4.44   data arrival time

                         20.00   20.00   clock clk (rise edge)
                          0.00   20.00   clock source latency
                  0.07    0.04   20.04 ^ clk (in)
     1    0.01                           clk (net)
                  0.07    0.00   20.04 ^ clkbuf_0_clk/A (sky130_fd_sc_hd__clkbuf_16)
                  0.06    0.15   20.19 ^ clkbuf_0_clk/X (sky130_fd_sc_hd__clkbuf_16)
     4    0.04                           clknet_0_clk (net)
                  0.06    0.00   20.19 ^ clkbuf_2_0__f_clk/A (sky130_fd_sc_hd__clkbuf_16)
                  0.05    0.13   20.32 ^ clkbuf_2_0__f_clk/X (sky130_fd_sc_hd__clkbuf_16)
     9    0.03                           clknet_2_0__leaf_clk (net)
                  0.05    0.00   20.33 ^ _287_/CLK (sky130_fd_sc_hd__dfrtp_1)
                         -0.25   20.08   clock uncertainty
                          0.00   20.08   clock reconvergence pessimism
                          0.20   20.28   library recovery time
                                 20.28   data required time
-----------------------------------------------------------------------------
                                 20.28   data required time
                                 -4.44   data arrival time
-----------------------------------------------------------------------------
                                 15.84   slack (MET)


Startpoint: rst_n (input port clocked by clk)
Endpoint: _269_ (recovery check against rising-edge clock clk)
Path Group: asynchronous
Path Type: max

Fanout     Cap    Slew   Delay    Time   Description
-----------------------------------------------------------------------------
                          0.00    0.00   clock clk (rise edge)
                          0.00    0.00   clock network delay (propagated)
                          4.00    4.00 ^ input external delay
                  0.02    0.01    4.01 ^ rst_n (in)
     1    0.00                           rst_n (net)
                  0.02    0.00    4.01 ^ input1/A (sky130_fd_sc_hd__clkbuf_2)
                  0.13    0.17    4.18 ^ input1/X (sky130_fd_sc_hd__clkbuf_2)
     4    0.02                           net1 (net)
                  0.13    0.00    4.18 ^ fanout18/A (sky130_fd_sc_hd__clkbuf_4)
                  0.14    0.25    4.43 ^ fanout18/X (sky130_fd_sc_hd__clkbuf_4)
     9    0.04                           net18 (net)
                  0.14    0.00    4.43 ^ _269_/RESET_B (sky130_fd_sc_hd__dfrtp_2)
                                  4.43   data arrival time

                         20.00   20.00   clock clk (rise edge)
                          0.00   20.00   clock source latency
                  0.07    0.04   20.04 ^ clk (in)
     1    0.01                           clk (net)
                  0.07    0.00   20.04 ^ clkbuf_0_clk/A (sky130_fd_sc_hd__clkbuf_16)
                  0.06    0.15   20.19 ^ clkbuf_0_clk/X (sky130_fd_sc_hd__clkbuf_16)
     4    0.04                           clknet_0_clk (net)
                  0.06    0.00   20.19 ^ clkbuf_2_1__f_clk/A (sky130_fd_sc_hd__clkbuf_16)
                  0.05    0.14   20.33 ^ clkbuf_2_1__f_clk/X (sky130_fd_sc_hd__clkbuf_16)
    11    0.03                           clknet_2_1__leaf_clk (net)
                  0.05    0.00   20.33 ^ _269_/CLK (sky130_fd_sc_hd__dfrtp_2)
                         -0.25   20.08   clock uncertainty
                          0.00   20.08   clock reconvergence pessimism
                          0.19   20.27   library recovery time
                                 20.27   data required time
-----------------------------------------------------------------------------
                                 20.27   data required time
                                 -4.43   data arrival time
-----------------------------------------------------------------------------
                                 15.84   slack (MET)


Startpoint: rst_n (input port clocked by clk)
Endpoint: _298_ (recovery check against rising-edge clock clk)
Path Group: asynchronous
Path Type: max

Fanout     Cap    Slew   Delay    Time   Description
-----------------------------------------------------------------------------
                          0.00    0.00   clock clk (rise edge)
                          0.00    0.00   clock network delay (propagated)
                          4.00    4.00 ^ input external delay
                  0.02    0.01    4.01 ^ rst_n (in)
     1    0.00                           rst_n (net)
                  0.02    0.00    4.01 ^ input1/A (sky130_fd_sc_hd__clkbuf_2)
                  0.13    0.17    4.18 ^ input1/X (sky130_fd_sc_hd__clkbuf_2)
     4    0.02                           net1 (net)
                  0.13    0.00    4.18 ^ fanout17/A (sky130_fd_sc_hd__clkbuf_4)
                  0.15    0.26    4.44 ^ fanout17/X (sky130_fd_sc_hd__clkbuf_4)
    10    0.05                           net17 (net)
                  0.15    0.00    4.44 ^ _298_/RESET_B (sky130_fd_sc_hd__dfrtp_1)
                                  4.44   data arrival time

                         20.00   20.00   clock clk (rise edge)
                          0.00   20.00   clock source latency
                  0.07    0.04   20.04 ^ clk (in)
     1    0.01                           clk (net)
                  0.07    0.00   20.04 ^ clkbuf_0_clk/A (sky130_fd_sc_hd__clkbuf_16)
                  0.06    0.15   20.19 ^ clkbuf_0_clk/X (sky130_fd_sc_hd__clkbuf_16)
     4    0.04                           clknet_0_clk (net)
                  0.06    0.00   20.19 ^ clkbuf_2_1__f_clk/A (sky130_fd_sc_hd__clkbuf_16)
                  0.05    0.14   20.33 ^ clkbuf_2_1__f_clk/X (sky130_fd_sc_hd__clkbuf_16)
    11    0.03                           clknet_2_1__leaf_clk (net)
                  0.05    0.00   20.33 ^ _298_/CLK (sky130_fd_sc_hd__dfrtp_1)
                         -0.25   20.08   clock uncertainty
                          0.00   20.08   clock reconvergence pessimism
                          0.21   20.28   library recovery time
                                 20.28   data required time
-----------------------------------------------------------------------------
                                 20.28   data required time
                                 -4.44   data arrival time
-----------------------------------------------------------------------------
                                 15.84   slack (MET)


Startpoint: rst_n (input port clocked by clk)
Endpoint: _268_ (recovery check against rising-edge clock clk)
Path Group: asynchronous
Path Type: max

Fanout     Cap    Slew   Delay    Time   Description
-----------------------------------------------------------------------------
                          0.00    0.00   clock clk (rise edge)
                          0.00    0.00   clock network delay (propagated)
                          4.00    4.00 ^ input external delay
                  0.02    0.01    4.01 ^ rst_n (in)
     1    0.00                           rst_n (net)
                  0.02    0.00    4.01 ^ input1/A (sky130_fd_sc_hd__clkbuf_2)
                  0.13    0.17    4.18 ^ input1/X (sky130_fd_sc_hd__clkbuf_2)
     4    0.02                           net1 (net)
                  0.13    0.00    4.18 ^ fanout17/A (sky130_fd_sc_hd__clkbuf_4)
                  0.15    0.26    4.44 ^ fanout17/X (sky130_fd_sc_hd__clkbuf_4)
    10    0.05                           net17 (net)
                  0.15    0.00    4.44 ^ _268_/RESET_B (sky130_fd_sc_hd__dfrtp_1)
                                  4.44   data arrival time

                         20.00   20.00   clock clk (rise edge)
                          0.00   20.00   clock source latency
                  0.07    0.04   20.04 ^ clk (in)
     1    0.01                           clk (net)
                  0.07    0.00   20.04 ^ clkbuf_0_clk/A (sky130_fd_sc_hd__clkbuf_16)
                  0.06    0.15   20.19 ^ clkbuf_0_clk/X (sky130_fd_sc_hd__clkbuf_16)
     4    0.04                           clknet_0_clk (net)
                  0.06    0.00   20.19 ^ clkbuf_2_1__f_clk/A (sky130_fd_sc_hd__clkbuf_16)
                  0.05    0.14   20.33 ^ clkbuf_2_1__f_clk/X (sky130_fd_sc_hd__clkbuf_16)
    11    0.03                           clknet_2_1__leaf_clk (net)
                  0.05    0.00   20.33 ^ _268_/CLK (sky130_fd_sc_hd__dfrtp_1)
                         -0.25   20.08   clock uncertainty
                          0.00   20.08   clock reconvergence pessimism
                          0.21   20.28   library recovery time
                                 20.28   data required time
-----------------------------------------------------------------------------
                                 20.28   data required time
                                 -4.44   data arrival time
-----------------------------------------------------------------------------
                                 15.84   slack (MET)


Startpoint: rst_n (input port clocked by clk)
Endpoint: _267_ (recovery check against rising-edge clock clk)
Path Group: asynchronous
Path Type: max

Fanout     Cap    Slew   Delay    Time   Description
-----------------------------------------------------------------------------
                          0.00    0.00   clock clk (rise edge)
                          0.00    0.00   clock network delay (propagated)
                          4.00    4.00 ^ input external delay
                  0.02    0.01    4.01 ^ rst_n (in)
     1    0.00                           rst_n (net)
                  0.02    0.00    4.01 ^ input1/A (sky130_fd_sc_hd__clkbuf_2)
                  0.13    0.17    4.18 ^ input1/X (sky130_fd_sc_hd__clkbuf_2)
     4    0.02                           net1 (net)
                  0.13    0.00    4.18 ^ fanout17/A (sky130_fd_sc_hd__clkbuf_4)
                  0.15    0.26    4.44 ^ fanout17/X (sky130_fd_sc_hd__clkbuf_4)
    10    0.05                           net17 (net)
                  0.15    0.00    4.44 ^ _267_/RESET_B (sky130_fd_sc_hd__dfrtp_1)
                                  4.44   data arrival time

                         20.00   20.00   clock clk (rise edge)
                          0.00   20.00   clock source latency
                  0.07    0.04   20.04 ^ clk (in)
     1    0.01                           clk (net)
                  0.07    0.00   20.04 ^ clkbuf_0_clk/A (sky130_fd_sc_hd__clkbuf_16)
                  0.06    0.15   20.19 ^ clkbuf_0_clk/X (sky130_fd_sc_hd__clkbuf_16)
     4    0.04                           clknet_0_clk (net)
                  0.06    0.00   20.19 ^ clkbuf_2_1__f_clk/A (sky130_fd_sc_hd__clkbuf_16)
                  0.05    0.14   20.33 ^ clkbuf_2_1__f_clk/X (sky130_fd_sc_hd__clkbuf_16)
    11    0.03                           clknet_2_1__leaf_clk (net)
                  0.05    0.00   20.33 ^ _267_/CLK (sky130_fd_sc_hd__dfrtp_1)
                         -0.25   20.08   clock uncertainty
                          0.00   20.08   clock reconvergence pessimism
                          0.21   20.28   library recovery time
                                 20.28   data required time
-----------------------------------------------------------------------------
                                 20.28   data required time
                                 -4.44   data arrival time
-----------------------------------------------------------------------------
                                 15.84   slack (MET)


Startpoint: rst_n (input port clocked by clk)
Endpoint: _286_ (recovery check against rising-edge clock clk)
Path Group: asynchronous
Path Type: max

Fanout     Cap    Slew   Delay    Time   Description
-----------------------------------------------------------------------------
                          0.00    0.00   clock clk (rise edge)
                          0.00    0.00   clock network delay (propagated)
                          4.00    4.00 ^ input external delay
                  0.02    0.01    4.01 ^ rst_n (in)
     1    0.00                           rst_n (net)
                  0.02    0.00    4.01 ^ input1/A (sky130_fd_sc_hd__clkbuf_2)
                  0.13    0.17    4.18 ^ input1/X (sky130_fd_sc_hd__clkbuf_2)
     4    0.02                           net1 (net)
                  0.13    0.00    4.18 ^ fanout17/A (sky130_fd_sc_hd__clkbuf_4)
                  0.15    0.26    4.44 ^ fanout17/X (sky130_fd_sc_hd__clkbuf_4)
    10    0.05                           net17 (net)
                  0.15    0.00    4.44 ^ _286_/RESET_B (sky130_fd_sc_hd__dfrtp_1)
                                  4.44   data arrival time

                         20.00   20.00   clock clk (rise edge)
                          0.00   20.00   clock source latency
                  0.07    0.04   20.04 ^ clk (in)
     1    0.01                           clk (net)
                  0.07    0.00   20.04 ^ clkbuf_0_clk/A (sky130_fd_sc_hd__clkbuf_16)
                  0.06    0.15   20.19 ^ clkbuf_0_clk/X (sky130_fd_sc_hd__clkbuf_16)
     4    0.04                           clknet_0_clk (net)
                  0.06    0.00   20.19 ^ clkbuf_2_1__f_clk/A (sky130_fd_sc_hd__clkbuf_16)
                  0.05    0.14   20.33 ^ clkbuf_2_1__f_clk/X (sky130_fd_sc_hd__clkbuf_16)
    11    0.03                           clknet_2_1__leaf_clk (net)
                  0.05    0.00   20.33 ^ _286_/CLK (sky130_fd_sc_hd__dfrtp_1)
                         -0.25   20.08   clock uncertainty
                          0.00   20.08   clock reconvergence pessimism
                          0.21   20.28   library recovery time
                                 20.28   data required time
-----------------------------------------------------------------------------
                                 20.28   data required time
                                 -4.44   data arrival time
-----------------------------------------------------------------------------
                                 15.84   slack (MET)


Startpoint: rst_n (input port clocked by clk)
Endpoint: _270_ (recovery check against rising-edge clock clk)
Path Group: asynchronous
Path Type: max

Fanout     Cap    Slew   Delay    Time   Description
-----------------------------------------------------------------------------
                          0.00    0.00   clock clk (rise edge)
                          0.00    0.00   clock network delay (propagated)
                          4.00    4.00 ^ input external delay
                  0.02    0.01    4.01 ^ rst_n (in)
     1    0.00                           rst_n (net)
                  0.02    0.00    4.01 ^ input1/A (sky130_fd_sc_hd__clkbuf_2)
                  0.13    0.17    4.18 ^ input1/X (sky130_fd_sc_hd__clkbuf_2)
     4    0.02                           net1 (net)
                  0.13    0.00    4.18 ^ fanout17/A (sky130_fd_sc_hd__clkbuf_4)
                  0.15    0.26    4.44 ^ fanout17/X (sky130_fd_sc_hd__clkbuf_4)
    10    0.05                           net17 (net)
                  0.15    0.00    4.44 ^ _270_/RESET_B (sky130_fd_sc_hd__dfrtp_1)
                                  4.44   data arrival time

                         20.00   20.00   clock clk (rise edge)
                          0.00   20.00   clock source latency
                  0.07    0.04   20.04 ^ clk (in)
     1    0.01                           clk (net)
                  0.07    0.00   20.04 ^ clkbuf_0_clk/A (sky130_fd_sc_hd__clkbuf_16)
                  0.06    0.15   20.19 ^ clkbuf_0_clk/X (sky130_fd_sc_hd__clkbuf_16)
     4    0.04                           clknet_0_clk (net)
                  0.06    0.00   20.19 ^ clkbuf_2_1__f_clk/A (sky130_fd_sc_hd__clkbuf_16)
                  0.05    0.14   20.33 ^ clkbuf_2_1__f_clk/X (sky130_fd_sc_hd__clkbuf_16)
    11    0.03                           clknet_2_1__leaf_clk (net)
                  0.05    0.00   20.33 ^ _270_/CLK (sky130_fd_sc_hd__dfrtp_1)
                         -0.25   20.08   clock uncertainty
                          0.00   20.08   clock reconvergence pessimism
                          0.21   20.28   library recovery time
                                 20.28   data required time
-----------------------------------------------------------------------------
                                 20.28   data required time
                                 -4.44   data arrival time
-----------------------------------------------------------------------------
                                 15.84   slack (MET)


Startpoint: rst_n (input port clocked by clk)
Endpoint: _284_ (recovery check against rising-edge clock clk)
Path Group: asynchronous
Path Type: max

Fanout     Cap    Slew   Delay    Time   Description
-----------------------------------------------------------------------------
                          0.00    0.00   clock clk (rise edge)
                          0.00    0.00   clock network delay (propagated)
                          4.00    4.00 ^ input external delay
                  0.02    0.01    4.01 ^ rst_n (in)
     1    0.00                           rst_n (net)
                  0.02    0.00    4.01 ^ input1/A (sky130_fd_sc_hd__clkbuf_2)
                  0.13    0.17    4.18 ^ input1/X (sky130_fd_sc_hd__clkbuf_2)
     4    0.02                           net1 (net)
                  0.13    0.00    4.18 ^ fanout17/A (sky130_fd_sc_hd__clkbuf_4)
                  0.15    0.26    4.44 ^ fanout17/X (sky130_fd_sc_hd__clkbuf_4)
    10    0.05                           net17 (net)
                  0.15    0.00    4.44 ^ _284_/RESET_B (sky130_fd_sc_hd__dfrtp_1)
                                  4.44   data arrival time

                         20.00   20.00   clock clk (rise edge)
                          0.00   20.00   clock source latency
                  0.07    0.04   20.04 ^ clk (in)
     1    0.01                           clk (net)
                  0.07    0.00   20.04 ^ clkbuf_0_clk/A (sky130_fd_sc_hd__clkbuf_16)
                  0.06    0.15   20.19 ^ clkbuf_0_clk/X (sky130_fd_sc_hd__clkbuf_16)
     4    0.04                           clknet_0_clk (net)
                  0.06    0.00   20.19 ^ clkbuf_2_1__f_clk/A (sky130_fd_sc_hd__clkbuf_16)
                  0.05    0.14   20.33 ^ clkbuf_2_1__f_clk/X (sky130_fd_sc_hd__clkbuf_16)
    11    0.03                           clknet_2_1__leaf_clk (net)
                  0.05    0.00   20.33 ^ _284_/CLK (sky130_fd_sc_hd__dfrtp_1)
                         -0.25   20.08   clock uncertainty
                          0.00   20.08   clock reconvergence pessimism
                          0.21   20.28   library recovery time
                                 20.28   data required time
-----------------------------------------------------------------------------
                                 20.28   data required time
                                 -4.44   data arrival time
-----------------------------------------------------------------------------
                                 15.84   slack (MET)


Startpoint: rst_n (input port clocked by clk)
Endpoint: _285_ (recovery check against rising-edge clock clk)
Path Group: asynchronous
Path Type: max

Fanout     Cap    Slew   Delay    Time   Description
-----------------------------------------------------------------------------
                          0.00    0.00   clock clk (rise edge)
                          0.00    0.00   clock network delay (propagated)
                          4.00    4.00 ^ input external delay
                  0.02    0.01    4.01 ^ rst_n (in)
     1    0.00                           rst_n (net)
                  0.02    0.00    4.01 ^ input1/A (sky130_fd_sc_hd__clkbuf_2)
                  0.13    0.17    4.18 ^ input1/X (sky130_fd_sc_hd__clkbuf_2)
     4    0.02                           net1 (net)
                  0.13    0.00    4.18 ^ fanout17/A (sky130_fd_sc_hd__clkbuf_4)
                  0.15    0.26    4.44 ^ fanout17/X (sky130_fd_sc_hd__clkbuf_4)
    10    0.05                           net17 (net)
                  0.15    0.00    4.44 ^ _285_/RESET_B (sky130_fd_sc_hd__dfrtp_1)
                                  4.44   data arrival time

                         20.00   20.00   clock clk (rise edge)
                          0.00   20.00   clock source latency
                  0.07    0.04   20.04 ^ clk (in)
     1    0.01                           clk (net)
                  0.07    0.00   20.04 ^ clkbuf_0_clk/A (sky130_fd_sc_hd__clkbuf_16)
                  0.06    0.15   20.19 ^ clkbuf_0_clk/X (sky130_fd_sc_hd__clkbuf_16)
     4    0.04                           clknet_0_clk (net)
                  0.06    0.00   20.19 ^ clkbuf_2_1__f_clk/A (sky130_fd_sc_hd__clkbuf_16)
                  0.05    0.14   20.33 ^ clkbuf_2_1__f_clk/X (sky130_fd_sc_hd__clkbuf_16)
    11    0.03                           clknet_2_1__leaf_clk (net)
                  0.05    0.00   20.33 ^ _285_/CLK (sky130_fd_sc_hd__dfrtp_1)
                         -0.25   20.08   clock uncertainty
                          0.00   20.08   clock reconvergence pessimism
                          0.21   20.28   library recovery time
                                 20.28   data required time
-----------------------------------------------------------------------------
                                 20.28   data required time
                                 -4.44   data arrival time
-----------------------------------------------------------------------------
                                 15.84   slack (MET)


Startpoint: rst_n (input port clocked by clk)
Endpoint: _266_ (recovery check against rising-edge clock clk)
Path Group: asynchronous
Path Type: max

Fanout     Cap    Slew   Delay    Time   Description
-----------------------------------------------------------------------------
                          0.00    0.00   clock clk (rise edge)
                          0.00    0.00   clock network delay (propagated)
                          4.00    4.00 ^ input external delay
                  0.02    0.01    4.01 ^ rst_n (in)
     1    0.00                           rst_n (net)
                  0.02    0.00    4.01 ^ input1/A (sky130_fd_sc_hd__clkbuf_2)
                  0.13    0.17    4.18 ^ input1/X (sky130_fd_sc_hd__clkbuf_2)
     4    0.02                           net1 (net)
                  0.13    0.00    4.18 ^ fanout17/A (sky130_fd_sc_hd__clkbuf_4)
                  0.15    0.26    4.44 ^ fanout17/X (sky130_fd_sc_hd__clkbuf_4)
    10    0.05                           net17 (net)
                  0.15    0.00    4.44 ^ _266_/RESET_B (sky130_fd_sc_hd__dfrtp_1)
                                  4.44   data arrival time

                         20.00   20.00   clock clk (rise edge)
                          0.00   20.00   clock source latency
                  0.07    0.04   20.04 ^ clk (in)
     1    0.01                           clk (net)
                  0.07    0.00   20.04 ^ clkbuf_0_clk/A (sky130_fd_sc_hd__clkbuf_16)
                  0.06    0.15   20.19 ^ clkbuf_0_clk/X (sky130_fd_sc_hd__clkbuf_16)
     4    0.04                           clknet_0_clk (net)
                  0.06    0.00   20.19 ^ clkbuf_2_1__f_clk/A (sky130_fd_sc_hd__clkbuf_16)
                  0.05    0.14   20.33 ^ clkbuf_2_1__f_clk/X (sky130_fd_sc_hd__clkbuf_16)
    11    0.03                           clknet_2_1__leaf_clk (net)
                  0.05    0.00   20.33 ^ _266_/CLK (sky130_fd_sc_hd__dfrtp_1)
                         -0.25   20.08   clock uncertainty
                          0.00   20.08   clock reconvergence pessimism
                          0.21   20.28   library recovery time
                                 20.28   data required time
-----------------------------------------------------------------------------
                                 20.28   data required time
                                 -4.44   data arrival time
-----------------------------------------------------------------------------
                                 15.84   slack (MET)


Startpoint: rst_n (input port clocked by clk)
Endpoint: _277_ (recovery check against rising-edge clock clk)
Path Group: asynchronous
Path Type: max

Fanout     Cap    Slew   Delay    Time   Description
-----------------------------------------------------------------------------
                          0.00    0.00   clock clk (rise edge)
                          0.00    0.00   clock network delay (propagated)
                          4.00    4.00 ^ input external delay
                  0.02    0.01    4.01 ^ rst_n (in)
     1    0.00                           rst_n (net)
                  0.02    0.00    4.01 ^ input1/A (sky130_fd_sc_hd__clkbuf_2)
                  0.13    0.17    4.18 ^ input1/X (sky130_fd_sc_hd__clkbuf_2)
     4    0.02                           net1 (net)
                  0.13    0.00    4.18 ^ fanout16/A (sky130_fd_sc_hd__clkbuf_4)
                  0.13    0.24    4.42 ^ fanout16/X (sky130_fd_sc_hd__clkbuf_4)
     8    0.04                           net16 (net)
                  0.13    0.00    4.43 ^ _277_/RESET_B (sky130_fd_sc_hd__dfrtp_1)
                                  4.43   data arrival time

                         20.00   20.00   clock clk (rise edge)
                          0.00   20.00   clock source latency
                  0.07    0.04   20.04 ^ clk (in)
     1    0.01                           clk (net)
                  0.07    0.00   20.04 ^ clkbuf_0_clk/A (sky130_fd_sc_hd__clkbuf_16)
                  0.06    0.15   20.19 ^ clkbuf_0_clk/X (sky130_fd_sc_hd__clkbuf_16)
     4    0.04                           clknet_0_clk (net)
                  0.06    0.00   20.19 ^ clkbuf_2_2__f_clk/A (sky130_fd_sc_hd__clkbuf_16)
                  0.04    0.13   20.32 ^ clkbuf_2_2__f_clk/X (sky130_fd_sc_hd__clkbuf_16)
     8    0.02                           clknet_2_2__leaf_clk (net)
                  0.04    0.00   20.32 ^ _277_/CLK (sky130_fd_sc_hd__dfrtp_1)
                         -0.25   20.07   clock uncertainty
                          0.00   20.07   clock reconvergence pessimism
                          0.21   20.28   library recovery time
                                 20.28   data required time
-----------------------------------------------------------------------------
                                 20.28   data required time
                                 -4.43   data arrival time
-----------------------------------------------------------------------------
                                 15.85   slack (MET)


Startpoint: rst_n (input port clocked by clk)
Endpoint: _283_ (recovery check against rising-edge clock clk)
Path Group: asynchronous
Path Type: max

Fanout     Cap    Slew   Delay    Time   Description
-----------------------------------------------------------------------------
                          0.00    0.00   clock clk (rise edge)
                          0.00    0.00   clock network delay (propagated)
                          4.00    4.00 ^ input external delay
                  0.02    0.01    4.01 ^ rst_n (in)
     1    0.00                           rst_n (net)
                  0.02    0.00    4.01 ^ input1/A (sky130_fd_sc_hd__clkbuf_2)
                  0.13    0.17    4.18 ^ input1/X (sky130_fd_sc_hd__clkbuf_2)
     4    0.02                           net1 (net)
                  0.13    0.00    4.18 ^ fanout16/A (sky130_fd_sc_hd__clkbuf_4)
                  0.13    0.24    4.42 ^ fanout16/X (sky130_fd_sc_hd__clkbuf_4)
     8    0.04                           net16 (net)
                  0.13    0.00    4.43 ^ _283_/RESET_B (sky130_fd_sc_hd__dfrtp_1)
                                  4.43   data arrival time

                         20.00   20.00   clock clk (rise edge)
                          0.00   20.00   clock source latency
                  0.07    0.04   20.04 ^ clk (in)
     1    0.01                           clk (net)
                  0.07    0.00   20.04 ^ clkbuf_0_clk/A (sky130_fd_sc_hd__clkbuf_16)
                  0.06    0.15   20.19 ^ clkbuf_0_clk/X (sky130_fd_sc_hd__clkbuf_16)
     4    0.04                           clknet_0_clk (net)
                  0.06    0.00   20.19 ^ clkbuf_2_2__f_clk/A (sky130_fd_sc_hd__clkbuf_16)
                  0.04    0.13   20.32 ^ clkbuf_2_2__f_clk/X (sky130_fd_sc_hd__clkbuf_16)
     8    0.02                           clknet_2_2__leaf_clk (net)
                  0.04    0.00   20.32 ^ _283_/CLK (sky130_fd_sc_hd__dfrtp_1)
                         -0.25   20.07   clock uncertainty
                          0.00   20.07   clock reconvergence pessimism
                          0.21   20.28   library recovery time
                                 20.28   data required time
-----------------------------------------------------------------------------
                                 20.28   data required time
                                 -4.43   data arrival time
-----------------------------------------------------------------------------
                                 15.85   slack (MET)


Startpoint: rst_n (input port clocked by clk)
Endpoint: _282_ (recovery check against rising-edge clock clk)
Path Group: asynchronous
Path Type: max

Fanout     Cap    Slew   Delay    Time   Description
-----------------------------------------------------------------------------
                          0.00    0.00   clock clk (rise edge)
                          0.00    0.00   clock network delay (propagated)
                          4.00    4.00 ^ input external delay
                  0.02    0.01    4.01 ^ rst_n (in)
     1    0.00                           rst_n (net)
                  0.02    0.00    4.01 ^ input1/A (sky130_fd_sc_hd__clkbuf_2)
                  0.13    0.17    4.18 ^ input1/X (sky130_fd_sc_hd__clkbuf_2)
     4    0.02                           net1 (net)
                  0.13    0.00    4.18 ^ fanout16/A (sky130_fd_sc_hd__clkbuf_4)
                  0.13    0.24    4.42 ^ fanout16/X (sky130_fd_sc_hd__clkbuf_4)
     8    0.04                           net16 (net)
                  0.13    0.00    4.43 ^ _282_/RESET_B (sky130_fd_sc_hd__dfrtp_1)
                                  4.43   data arrival time

                         20.00   20.00   clock clk (rise edge)
                          0.00   20.00   clock source latency
                  0.07    0.04   20.04 ^ clk (in)
     1    0.01                           clk (net)
                  0.07    0.00   20.04 ^ clkbuf_0_clk/A (sky130_fd_sc_hd__clkbuf_16)
                  0.06    0.15   20.19 ^ clkbuf_0_clk/X (sky130_fd_sc_hd__clkbuf_16)
     4    0.04                           clknet_0_clk (net)
                  0.06    0.00   20.19 ^ clkbuf_2_2__f_clk/A (sky130_fd_sc_hd__clkbuf_16)
                  0.04    0.13   20.32 ^ clkbuf_2_2__f_clk/X (sky130_fd_sc_hd__clkbuf_16)
     8    0.02                           clknet_2_2__leaf_clk (net)
                  0.04    0.00   20.32 ^ _282_/CLK (sky130_fd_sc_hd__dfrtp_1)
                         -0.25   20.07   clock uncertainty
                          0.00   20.07   clock reconvergence pessimism
                          0.21   20.28   library recovery time
                                 20.28   data required time
-----------------------------------------------------------------------------
                                 20.28   data required time
                                 -4.43   data arrival time
-----------------------------------------------------------------------------
                                 15.85   slack (MET)


Startpoint: rst_n (input port clocked by clk)
Endpoint: _281_ (recovery check against rising-edge clock clk)
Path Group: asynchronous
Path Type: max

Fanout     Cap    Slew   Delay    Time   Description
-----------------------------------------------------------------------------
                          0.00    0.00   clock clk (rise edge)
                          0.00    0.00   clock network delay (propagated)
                          4.00    4.00 ^ input external delay
                  0.02    0.01    4.01 ^ rst_n (in)
     1    0.00                           rst_n (net)
                  0.02    0.00    4.01 ^ input1/A (sky130_fd_sc_hd__clkbuf_2)
                  0.13    0.17    4.18 ^ input1/X (sky130_fd_sc_hd__clkbuf_2)
     4    0.02                           net1 (net)
                  0.13    0.00    4.18 ^ fanout18/A (sky130_fd_sc_hd__clkbuf_4)
                  0.14    0.25    4.43 ^ fanout18/X (sky130_fd_sc_hd__clkbuf_4)
     9    0.04                           net18 (net)
                  0.14    0.00    4.43 ^ _281_/RESET_B (sky130_fd_sc_hd__dfrtp_1)
                                  4.43   data arrival time

                         20.00   20.00   clock clk (rise edge)
                          0.00   20.00   clock source latency
                  0.07    0.04   20.04 ^ clk (in)
     1    0.01                           clk (net)
                  0.07    0.00   20.04 ^ clkbuf_0_clk/A (sky130_fd_sc_hd__clkbuf_16)
                  0.06    0.15   20.19 ^ clkbuf_0_clk/X (sky130_fd_sc_hd__clkbuf_16)
     4    0.04                           clknet_0_clk (net)
                  0.06    0.00   20.19 ^ clkbuf_2_3__f_clk/A (sky130_fd_sc_hd__clkbuf_16)
                  0.05    0.13   20.33 ^ clkbuf_2_3__f_clk/X (sky130_fd_sc_hd__clkbuf_16)
     9    0.03                           clknet_2_3__leaf_clk (net)
                  0.05    0.00   20.33 ^ _281_/CLK (sky130_fd_sc_hd__dfrtp_1)
                         -0.25   20.08   clock uncertainty
                          0.00   20.08   clock reconvergence pessimism
                          0.21   20.29   library recovery time
                                 20.29   data required time
-----------------------------------------------------------------------------
                                 20.29   data required time
                                 -4.43   data arrival time
-----------------------------------------------------------------------------
                                 15.85   slack (MET)


Startpoint: rst_n (input port clocked by clk)
Endpoint: _263_ (recovery check against rising-edge clock clk)
Path Group: asynchronous
Path Type: max

Fanout     Cap    Slew   Delay    Time   Description
-----------------------------------------------------------------------------
                          0.00    0.00   clock clk (rise edge)
                          0.00    0.00   clock network delay (propagated)
                          4.00    4.00 ^ input external delay
                  0.02    0.01    4.01 ^ rst_n (in)
     1    0.00                           rst_n (net)
                  0.02    0.00    4.01 ^ input1/A (sky130_fd_sc_hd__clkbuf_2)
                  0.13    0.17    4.18 ^ input1/X (sky130_fd_sc_hd__clkbuf_2)
     4    0.02                           net1 (net)
                  0.13    0.00    4.18 ^ fanout18/A (sky130_fd_sc_hd__clkbuf_4)
                  0.14    0.25    4.43 ^ fanout18/X (sky130_fd_sc_hd__clkbuf_4)
     9    0.04                           net18 (net)
                  0.14    0.00    4.43 ^ _263_/RESET_B (sky130_fd_sc_hd__dfrtp_1)
                                  4.43   data arrival time

                         20.00   20.00   clock clk (rise edge)
                          0.00   20.00   clock source latency
                  0.07    0.04   20.04 ^ clk (in)
     1    0.01                           clk (net)
                  0.07    0.00   20.04 ^ clkbuf_0_clk/A (sky130_fd_sc_hd__clkbuf_16)
                  0.06    0.15   20.19 ^ clkbuf_0_clk/X (sky130_fd_sc_hd__clkbuf_16)
     4    0.04                           clknet_0_clk (net)
                  0.06    0.00   20.19 ^ clkbuf_2_3__f_clk/A (sky130_fd_sc_hd__clkbuf_16)
                  0.05    0.13   20.33 ^ clkbuf_2_3__f_clk/X (sky130_fd_sc_hd__clkbuf_16)
     9    0.03                           clknet_2_3__leaf_clk (net)
                  0.05    0.00   20.33 ^ _263_/CLK (sky130_fd_sc_hd__dfrtp_1)
                         -0.25   20.08   clock uncertainty
                          0.00   20.08   clock reconvergence pessimism
                          0.21   20.29   library recovery time
                                 20.29   data required time
-----------------------------------------------------------------------------
                                 20.29   data required time
                                 -4.43   data arrival time
-----------------------------------------------------------------------------
                                 15.85   slack (MET)


Startpoint: rst_n (input port clocked by clk)
Endpoint: _262_ (recovery check against rising-edge clock clk)
Path Group: asynchronous
Path Type: max

Fanout     Cap    Slew   Delay    Time   Description
-----------------------------------------------------------------------------
                          0.00    0.00   clock clk (rise edge)
                          0.00    0.00   clock network delay (propagated)
                          4.00    4.00 ^ input external delay
                  0.02    0.01    4.01 ^ rst_n (in)
     1    0.00                           rst_n (net)
                  0.02    0.00    4.01 ^ input1/A (sky130_fd_sc_hd__clkbuf_2)
                  0.13    0.17    4.18 ^ input1/X (sky130_fd_sc_hd__clkbuf_2)
     4    0.02                           net1 (net)
                  0.13    0.00    4.18 ^ fanout18/A (sky130_fd_sc_hd__clkbuf_4)
                  0.14    0.25    4.43 ^ fanout18/X (sky130_fd_sc_hd__clkbuf_4)
     9    0.04                           net18 (net)
                  0.14    0.00    4.43 ^ _262_/RESET_B (sky130_fd_sc_hd__dfrtp_1)
                                  4.43   data arrival time

                         20.00   20.00   clock clk (rise edge)
                          0.00   20.00   clock source latency
                  0.07    0.04   20.04 ^ clk (in)
     1    0.01                           clk (net)
                  0.07    0.00   20.04 ^ clkbuf_0_clk/A (sky130_fd_sc_hd__clkbuf_16)
                  0.06    0.15   20.19 ^ clkbuf_0_clk/X (sky130_fd_sc_hd__clkbuf_16)
     4    0.04                           clknet_0_clk (net)
                  0.06    0.00   20.19 ^ clkbuf_2_3__f_clk/A (sky130_fd_sc_hd__clkbuf_16)
                  0.05    0.13   20.33 ^ clkbuf_2_3__f_clk/X (sky130_fd_sc_hd__clkbuf_16)
     9    0.03                           clknet_2_3__leaf_clk (net)
                  0.05    0.00   20.33 ^ _262_/CLK (sky130_fd_sc_hd__dfrtp_1)
                         -0.25   20.08   clock uncertainty
                          0.00   20.08   clock reconvergence pessimism
                          0.21   20.29   library recovery time
                                 20.29   data required time
-----------------------------------------------------------------------------
                                 20.29   data required time
                                 -4.43   data arrival time
-----------------------------------------------------------------------------
                                 15.85   slack (MET)


Startpoint: rst_n (input port clocked by clk)
Endpoint: _279_ (recovery check against rising-edge clock clk)
Path Group: asynchronous
Path Type: max

Fanout     Cap    Slew   Delay    Time   Description
-----------------------------------------------------------------------------
                          0.00    0.00   clock clk (rise edge)
                          0.00    0.00   clock network delay (propagated)
                          4.00    4.00 ^ input external delay
                  0.02    0.01    4.01 ^ rst_n (in)
     1    0.00                           rst_n (net)
                  0.02    0.00    4.01 ^ input1/A (sky130_fd_sc_hd__clkbuf_2)
                  0.13    0.17    4.18 ^ input1/X (sky130_fd_sc_hd__clkbuf_2)
     4    0.02                           net1 (net)
                  0.13    0.00    4.18 ^ fanout18/A (sky130_fd_sc_hd__clkbuf_4)
                  0.14    0.25    4.43 ^ fanout18/X (sky130_fd_sc_hd__clkbuf_4)
     9    0.04                           net18 (net)
                  0.14    0.00    4.43 ^ _279_/RESET_B (sky130_fd_sc_hd__dfrtp_1)
                                  4.43   data arrival time

                         20.00   20.00   clock clk (rise edge)
                          0.00   20.00   clock source latency
                  0.07    0.04   20.04 ^ clk (in)
     1    0.01                           clk (net)
                  0.07    0.00   20.04 ^ clkbuf_0_clk/A (sky130_fd_sc_hd__clkbuf_16)
                  0.06    0.15   20.19 ^ clkbuf_0_clk/X (sky130_fd_sc_hd__clkbuf_16)
     4    0.04                           clknet_0_clk (net)
                  0.06    0.00   20.19 ^ clkbuf_2_3__f_clk/A (sky130_fd_sc_hd__clkbuf_16)
                  0.05    0.13   20.33 ^ clkbuf_2_3__f_clk/X (sky130_fd_sc_hd__clkbuf_16)
     9    0.03                           clknet_2_3__leaf_clk (net)
                  0.05    0.00   20.33 ^ _279_/CLK (sky130_fd_sc_hd__dfrtp_1)
                         -0.25   20.08   clock uncertainty
                          0.00   20.08   clock reconvergence pessimism
                          0.21   20.29   library recovery time
                                 20.29   data required time
-----------------------------------------------------------------------------
                                 20.29   data required time
                                 -4.43   data arrival time
-----------------------------------------------------------------------------
                                 15.85   slack (MET)


Startpoint: rst_n (input port clocked by clk)
Endpoint: _280_ (recovery check against rising-edge clock clk)
Path Group: asynchronous
Path Type: max

Fanout     Cap    Slew   Delay    Time   Description
-----------------------------------------------------------------------------
                          0.00    0.00   clock clk (rise edge)
                          0.00    0.00   clock network delay (propagated)
                          4.00    4.00 ^ input external delay
                  0.02    0.01    4.01 ^ rst_n (in)
     1    0.00                           rst_n (net)
                  0.02    0.00    4.01 ^ input1/A (sky130_fd_sc_hd__clkbuf_2)
                  0.13    0.17    4.18 ^ input1/X (sky130_fd_sc_hd__clkbuf_2)
     4    0.02                           net1 (net)
                  0.13    0.00    4.18 ^ fanout18/A (sky130_fd_sc_hd__clkbuf_4)
                  0.14    0.25    4.43 ^ fanout18/X (sky130_fd_sc_hd__clkbuf_4)
     9    0.04                           net18 (net)
                  0.14    0.00    4.43 ^ _280_/RESET_B (sky130_fd_sc_hd__dfrtp_1)
                                  4.43   data arrival time

                         20.00   20.00   clock clk (rise edge)
                          0.00   20.00   clock source latency
                  0.07    0.04   20.04 ^ clk (in)
     1    0.01                           clk (net)
                  0.07    0.00   20.04 ^ clkbuf_0_clk/A (sky130_fd_sc_hd__clkbuf_16)
                  0.06    0.15   20.19 ^ clkbuf_0_clk/X (sky130_fd_sc_hd__clkbuf_16)
     4    0.04                           clknet_0_clk (net)
                  0.06    0.00   20.19 ^ clkbuf_2_3__f_clk/A (sky130_fd_sc_hd__clkbuf_16)
                  0.05    0.13   20.33 ^ clkbuf_2_3__f_clk/X (sky130_fd_sc_hd__clkbuf_16)
     9    0.03                           clknet_2_3__leaf_clk (net)
                  0.05    0.00   20.33 ^ _280_/CLK (sky130_fd_sc_hd__dfrtp_1)
                         -0.25   20.08   clock uncertainty
                          0.00   20.08   clock reconvergence pessimism
                          0.21   20.29   library recovery time
                                 20.29   data required time
-----------------------------------------------------------------------------
                                 20.29   data required time
                                 -4.43   data arrival time
-----------------------------------------------------------------------------
                                 15.85   slack (MET)


Startpoint: rst_n (input port clocked by clk)
Endpoint: _265_ (recovery check against rising-edge clock clk)
Path Group: asynchronous
Path Type: max

Fanout     Cap    Slew   Delay    Time   Description
-----------------------------------------------------------------------------
                          0.00    0.00   clock clk (rise edge)
                          0.00    0.00   clock network delay (propagated)
                          4.00    4.00 ^ input external delay
                  0.02    0.01    4.01 ^ rst_n (in)
     1    0.00                           rst_n (net)
                  0.02    0.00    4.01 ^ input1/A (sky130_fd_sc_hd__clkbuf_2)
                  0.13    0.17    4.18 ^ input1/X (sky130_fd_sc_hd__clkbuf_2)
     4    0.02                           net1 (net)
                  0.13    0.00    4.18 ^ fanout18/A (sky130_fd_sc_hd__clkbuf_4)
                  0.14    0.25    4.43 ^ fanout18/X (sky130_fd_sc_hd__clkbuf_4)
     9    0.04                           net18 (net)
                  0.14    0.00    4.43 ^ _265_/RESET_B (sky130_fd_sc_hd__dfrtp_1)
                                  4.43   data arrival time

                         20.00   20.00   clock clk (rise edge)
                          0.00   20.00   clock source latency
                  0.07    0.04   20.04 ^ clk (in)
     1    0.01                           clk (net)
                  0.07    0.00   20.04 ^ clkbuf_0_clk/A (sky130_fd_sc_hd__clkbuf_16)
                  0.06    0.15   20.19 ^ clkbuf_0_clk/X (sky130_fd_sc_hd__clkbuf_16)
     4    0.04                           clknet_0_clk (net)
                  0.06    0.00   20.19 ^ clkbuf_2_3__f_clk/A (sky130_fd_sc_hd__clkbuf_16)
                  0.05    0.13   20.33 ^ clkbuf_2_3__f_clk/X (sky130_fd_sc_hd__clkbuf_16)
     9    0.03                           clknet_2_3__leaf_clk (net)
                  0.05    0.00   20.33 ^ _265_/CLK (sky130_fd_sc_hd__dfrtp_1)
                         -0.25   20.08   clock uncertainty
                          0.00   20.08   clock reconvergence pessimism
                          0.21   20.29   library recovery time
                                 20.29   data required time
-----------------------------------------------------------------------------
                                 20.29   data required time
                                 -4.43   data arrival time
-----------------------------------------------------------------------------
                                 15.85   slack (MET)


Startpoint: rst_n (input port clocked by clk)
Endpoint: _264_ (recovery check against rising-edge clock clk)
Path Group: asynchronous
Path Type: max

Fanout     Cap    Slew   Delay    Time   Description
-----------------------------------------------------------------------------
                          0.00    0.00   clock clk (rise edge)
                          0.00    0.00   clock network delay (propagated)
                          4.00    4.00 ^ input external delay
                  0.02    0.01    4.01 ^ rst_n (in)
     1    0.00                           rst_n (net)
                  0.02    0.00    4.01 ^ input1/A (sky130_fd_sc_hd__clkbuf_2)
                  0.13    0.17    4.18 ^ input1/X (sky130_fd_sc_hd__clkbuf_2)
     4    0.02                           net1 (net)
                  0.13    0.00    4.18 ^ fanout18/A (sky130_fd_sc_hd__clkbuf_4)
                  0.14    0.25    4.43 ^ fanout18/X (sky130_fd_sc_hd__clkbuf_4)
     9    0.04                           net18 (net)
                  0.14    0.00    4.43 ^ _264_/RESET_B (sky130_fd_sc_hd__dfrtp_1)
                                  4.43   data arrival time

                         20.00   20.00   clock clk (rise edge)
                          0.00   20.00   clock source latency
                  0.07    0.04   20.04 ^ clk (in)
     1    0.01                           clk (net)
                  0.07    0.00   20.04 ^ clkbuf_0_clk/A (sky130_fd_sc_hd__clkbuf_16)
                  0.06    0.15   20.19 ^ clkbuf_0_clk/X (sky130_fd_sc_hd__clkbuf_16)
     4    0.04                           clknet_0_clk (net)
                  0.06    0.00   20.19 ^ clkbuf_2_3__f_clk/A (sky130_fd_sc_hd__clkbuf_16)
                  0.05    0.13   20.33 ^ clkbuf_2_3__f_clk/X (sky130_fd_sc_hd__clkbuf_16)
     9    0.03                           clknet_2_3__leaf_clk (net)
                  0.05    0.00   20.33 ^ _264_/CLK (sky130_fd_sc_hd__dfrtp_1)
                         -0.25   20.08   clock uncertainty
                          0.00   20.08   clock reconvergence pessimism
                          0.21   20.29   library recovery time
                                 20.29   data required time
-----------------------------------------------------------------------------
                                 20.29   data required time
                                 -4.43   data arrival time
-----------------------------------------------------------------------------
                                 15.85   slack (MET)


Startpoint: rst_n (input port clocked by clk)
Endpoint: _271_ (recovery check against rising-edge clock clk)
Path Group: asynchronous
Path Type: max

Fanout     Cap    Slew   Delay    Time   Description
-----------------------------------------------------------------------------
                          0.00    0.00   clock clk (rise edge)
                          0.00    0.00   clock network delay (propagated)
                          4.00    4.00 ^ input external delay
                  0.02    0.01    4.01 ^ rst_n (in)
     1    0.00                           rst_n (net)
                  0.02    0.00    4.01 ^ input1/A (sky130_fd_sc_hd__clkbuf_2)
                  0.13    0.17    4.18 ^ input1/X (sky130_fd_sc_hd__clkbuf_2)
     4    0.02                           net1 (net)
                  0.13    0.00    4.18 ^ fanout18/A (sky130_fd_sc_hd__clkbuf_4)
                  0.14    0.25    4.43 ^ fanout18/X (sky130_fd_sc_hd__clkbuf_4)
     9    0.04                           net18 (net)
                  0.14    0.00    4.43 ^ _271_/RESET_B (sky130_fd_sc_hd__dfrtp_1)
                                  4.43   data arrival time

                         20.00   20.00   clock clk (rise edge)
                          0.00   20.00   clock source latency
                  0.07    0.04   20.04 ^ clk (in)
     1    0.01                           clk (net)
                  0.07    0.00   20.04 ^ clkbuf_0_clk/A (sky130_fd_sc_hd__clkbuf_16)
                  0.06    0.15   20.19 ^ clkbuf_0_clk/X (sky130_fd_sc_hd__clkbuf_16)
     4    0.04                           clknet_0_clk (net)
                  0.06    0.00   20.19 ^ clkbuf_2_3__f_clk/A (sky130_fd_sc_hd__clkbuf_16)
                  0.05    0.13   20.33 ^ clkbuf_2_3__f_clk/X (sky130_fd_sc_hd__clkbuf_16)
     9    0.03                           clknet_2_3__leaf_clk (net)
                  0.05    0.00   20.33 ^ _271_/CLK (sky130_fd_sc_hd__dfrtp_1)
                         -0.25   20.08   clock uncertainty
                          0.00   20.08   clock reconvergence pessimism
                          0.21   20.29   library recovery time
                                 20.29   data required time
-----------------------------------------------------------------------------
                                 20.29   data required time
                                 -4.43   data arrival time
-----------------------------------------------------------------------------
                                 15.86   slack (MET)


Startpoint: rst_n (input port clocked by clk)
Endpoint: _278_ (recovery check against rising-edge clock clk)
Path Group: asynchronous
Path Type: max

Fanout     Cap    Slew   Delay    Time   Description
-----------------------------------------------------------------------------
                          0.00    0.00   clock clk (rise edge)
                          0.00    0.00   clock network delay (propagated)
                          4.00    4.00 ^ input external delay
                  0.02    0.01    4.01 ^ rst_n (in)
     1    0.00                           rst_n (net)
                  0.02    0.00    4.01 ^ input1/A (sky130_fd_sc_hd__clkbuf_2)
                  0.13    0.17    4.18 ^ input1/X (sky130_fd_sc_hd__clkbuf_2)
     4    0.02                           net1 (net)
                  0.13    0.00    4.18 ^ fanout16/A (sky130_fd_sc_hd__clkbuf_4)
                  0.13    0.24    4.42 ^ fanout16/X (sky130_fd_sc_hd__clkbuf_4)
     8    0.04                           net16 (net)
                  0.13    0.00    4.43 ^ _278_/RESET_B (sky130_fd_sc_hd__dfrtp_1)
                                  4.43   data arrival time

                         20.00   20.00   clock clk (rise edge)
                          0.00   20.00   clock source latency
                  0.07    0.04   20.04 ^ clk (in)
     1    0.01                           clk (net)
                  0.07    0.00   20.04 ^ clkbuf_0_clk/A (sky130_fd_sc_hd__clkbuf_16)
                  0.06    0.15   20.19 ^ clkbuf_0_clk/X (sky130_fd_sc_hd__clkbuf_16)
     4    0.04                           clknet_0_clk (net)
                  0.06    0.00   20.19 ^ clkbuf_2_3__f_clk/A (sky130_fd_sc_hd__clkbuf_16)
                  0.05    0.13   20.33 ^ clkbuf_2_3__f_clk/X (sky130_fd_sc_hd__clkbuf_16)
     9    0.03                           clknet_2_3__leaf_clk (net)
                  0.05    0.00   20.33 ^ _278_/CLK (sky130_fd_sc_hd__dfrtp_1)
                         -0.25   20.08   clock uncertainty
                          0.00   20.08   clock reconvergence pessimism
                          0.21   20.29   library recovery time
                                 20.29   data required time
-----------------------------------------------------------------------------
                                 20.29   data required time
                                 -4.43   data arrival time
-----------------------------------------------------------------------------
                                 15.86   slack (MET)


Startpoint: _263_ (rising edge-triggered flip-flop clocked by clk)
Endpoint: _266_ (rising edge-triggered flip-flop clocked by clk)
Path Group: clk
Path Type: max

Fanout     Cap    Slew   Delay    Time   Description
-----------------------------------------------------------------------------
                          0.00    0.00   clock clk (rise edge)
                          0.00    0.00   clock source latency
                  0.07    0.05    0.05 ^ clk (in)
     1    0.01                           clk (net)
                  0.07    0.00    0.05 ^ clkbuf_0_clk/A (sky130_fd_sc_hd__clkbuf_16)
                  0.06    0.16    0.21 ^ clkbuf_0_clk/X (sky130_fd_sc_hd__clkbuf_16)
     4    0.04                           clknet_0_clk (net)
                  0.06    0.00    0.21 ^ clkbuf_2_3__f_clk/A (sky130_fd_sc_hd__clkbuf_16)
                  0.05    0.15    0.36 ^ clkbuf_2_3__f_clk/X (sky130_fd_sc_hd__clkbuf_16)
     9    0.03                           clknet_2_3__leaf_clk (net)
                  0.05    0.00    0.36 ^ _263_/CLK (sky130_fd_sc_hd__dfrtp_1)
                  0.07    0.42    0.78 v _263_/Q (sky130_fd_sc_hd__dfrtp_1)
     4    0.01                           baud_counter[1] (net)
                  0.07    0.00    0.78 v _137_/A (sky130_fd_sc_hd__or4b_1)
                  0.08    0.54    1.31 v _137_/X (sky130_fd_sc_hd__or4b_1)
     1    0.00                           _126_ (net)
                  0.08    0.00    1.31 v _138_/D (sky130_fd_sc_hd__or4_1)
                  0.12    0.48    1.80 v _138_/X (sky130_fd_sc_hd__or4_1)
     3    0.01                           _127_ (net)
                  0.12    0.00    1.80 v _155_/B_N (sky130_fd_sc_hd__nor2b_1)
                  0.07    0.21    2.01 v _155_/Y (sky130_fd_sc_hd__nor2b_1)
     4    0.01                           _045_ (net)
                  0.07    0.00    2.01 v _157_/A2 (sky130_fd_sc_hd__a32o_1)
                  0.05    0.27    2.28 v _157_/X (sky130_fd_sc_hd__a32o_1)
     1    0.00                           _005_ (net)
                  0.05    0.00    2.28 v _266_/D (sky130_fd_sc_hd__dfrtp_1)
                                  2.28   data arrival time

                         20.00   20.00   clock clk (rise edge)
                          0.00   20.00   clock source latency
                  0.07    0.04   20.04 ^ clk (in)
     1    0.01                           clk (net)
                  0.07    0.00   20.04 ^ clkbuf_0_clk/A (sky130_fd_sc_hd__clkbuf_16)
                  0.06    0.15   20.19 ^ clkbuf_0_clk/X (sky130_fd_sc_hd__clkbuf_16)
     4    0.04                           clknet_0_clk (net)
                  0.06    0.00   20.19 ^ clkbuf_2_1__f_clk/A (sky130_fd_sc_hd__clkbuf_16)
                  0.05    0.14   20.33 ^ clkbuf_2_1__f_clk/X (sky130_fd_sc_hd__clkbuf_16)
    11    0.03                           clknet_2_1__leaf_clk (net)
                  0.05    0.00   20.33 ^ _266_/CLK (sky130_fd_sc_hd__dfrtp_1)
                         -0.25   20.08   clock uncertainty
                          0.02   20.10   clock reconvergence pessimism
                         -0.11   19.99   library setup time
                                 19.99   data required time
-----------------------------------------------------------------------------
                                 19.99   data required time
                                 -2.28   data arrival time
-----------------------------------------------------------------------------
                                 17.71   slack (MET)


Startpoint: _263_ (rising edge-triggered flip-flop clocked by clk)
Endpoint: _270_ (rising edge-triggered flip-flop clocked by clk)
Path Group: clk
Path Type: max

Fanout     Cap    Slew   Delay    Time   Description
-----------------------------------------------------------------------------
                          0.00    0.00   clock clk (rise edge)
                          0.00    0.00   clock source latency
                  0.07    0.05    0.05 ^ clk (in)
     1    0.01                           clk (net)
                  0.07    0.00    0.05 ^ clkbuf_0_clk/A (sky130_fd_sc_hd__clkbuf_16)
                  0.06    0.16    0.21 ^ clkbuf_0_clk/X (sky130_fd_sc_hd__clkbuf_16)
     4    0.04                           clknet_0_clk (net)
                  0.06    0.00    0.21 ^ clkbuf_2_3__f_clk/A (sky130_fd_sc_hd__clkbuf_16)
                  0.05    0.15    0.36 ^ clkbuf_2_3__f_clk/X (sky130_fd_sc_hd__clkbuf_16)
     9    0.03                           clknet_2_3__leaf_clk (net)
                  0.05    0.00    0.36 ^ _263_/CLK (sky130_fd_sc_hd__dfrtp_1)
                  0.07    0.42    0.78 v _263_/Q (sky130_fd_sc_hd__dfrtp_1)
     4    0.01                           baud_counter[1] (net)
                  0.07    0.00    0.78 v _137_/A (sky130_fd_sc_hd__or4b_1)
                  0.08    0.54    1.31 v _137_/X (sky130_fd_sc_hd__or4b_1)
     1    0.00                           _126_ (net)
                  0.08    0.00    1.31 v _138_/D (sky130_fd_sc_hd__or4_1)
                  0.12    0.48    1.80 v _138_/X (sky130_fd_sc_hd__or4_1)
     3    0.01                           _127_ (net)
                  0.12    0.00    1.80 v _155_/B_N (sky130_fd_sc_hd__nor2b_1)
                  0.07    0.21    2.01 v _155_/Y (sky130_fd_sc_hd__nor2b_1)
     4    0.01                           _045_ (net)
                  0.07    0.00    2.01 v _169_/A1 (sky130_fd_sc_hd__a32o_1)
                  0.05    0.24    2.24 v _169_/X (sky130_fd_sc_hd__a32o_1)
     1    0.00                           _009_ (net)
                  0.05    0.00    2.25 v _270_/D (sky130_fd_sc_hd__dfrtp_1)
                                  2.25   data arrival time

                         20.00   20.00   clock clk (rise edge)
                          0.00   20.00   clock source latency
                  0.07    0.04   20.04 ^ clk (in)
     1    0.01                           clk (net)
                  0.07    0.00   20.04 ^ clkbuf_0_clk/A (sky130_fd_sc_hd__clkbuf_16)
                  0.06    0.15   20.19 ^ clkbuf_0_clk/X (sky130_fd_sc_hd__clkbuf_16)
     4    0.04                           clknet_0_clk (net)
                  0.06    0.00   20.19 ^ clkbuf_2_1__f_clk/A (sky130_fd_sc_hd__clkbuf_16)
                  0.05    0.14   20.33 ^ clkbuf_2_1__f_clk/X (sky130_fd_sc_hd__clkbuf_16)
    11    0.03                           clknet_2_1__leaf_clk (net)
                  0.05    0.00   20.33 ^ _270_/CLK (sky130_fd_sc_hd__dfrtp_1)
                         -0.25   20.08   clock uncertainty
                          0.02   20.10   clock reconvergence pessimism
                         -0.11   19.99   library setup time
                                 19.99   data required time
-----------------------------------------------------------------------------
                                 19.99   data required time
                                 -2.25   data arrival time
-----------------------------------------------------------------------------
                                 17.74   slack (MET)


Startpoint: _263_ (rising edge-triggered flip-flop clocked by clk)
Endpoint: _267_ (rising edge-triggered flip-flop clocked by clk)
Path Group: clk
Path Type: max

Fanout     Cap    Slew   Delay    Time   Description
-----------------------------------------------------------------------------
                          0.00    0.00   clock clk (rise edge)
                          0.00    0.00   clock source latency
                  0.07    0.05    0.05 ^ clk (in)
     1    0.01                           clk (net)
                  0.07    0.00    0.05 ^ clkbuf_0_clk/A (sky130_fd_sc_hd__clkbuf_16)
                  0.06    0.16    0.21 ^ clkbuf_0_clk/X (sky130_fd_sc_hd__clkbuf_16)
     4    0.04                           clknet_0_clk (net)
                  0.06    0.00    0.21 ^ clkbuf_2_3__f_clk/A (sky130_fd_sc_hd__clkbuf_16)
                  0.05    0.15    0.36 ^ clkbuf_2_3__f_clk/X (sky130_fd_sc_hd__clkbuf_16)
     9    0.03                           clknet_2_3__leaf_clk (net)
                  0.05    0.00    0.36 ^ _263_/CLK (sky130_fd_sc_hd__dfrtp_1)
                  0.07    0.42    0.78 v _263_/Q (sky130_fd_sc_hd__dfrtp_1)
     4    0.01                           baud_counter[1] (net)
                  0.07    0.00    0.78 v _137_/A (sky130_fd_sc_hd__or4b_1)
                  0.08    0.54    1.31 v _137_/X (sky130_fd_sc_hd__or4b_1)
     1    0.00                           _126_ (net)
                  0.08    0.00    1.31 v _138_/D (sky130_fd_sc_hd__or4_1)
                  0.12    0.48    1.80 v _138_/X (sky130_fd_sc_hd__or4_1)
     3    0.01                           _127_ (net)
                  0.12    0.00    1.80 v _155_/B_N (sky130_fd_sc_hd__nor2b_1)
                  0.07    0.21    2.01 v _155_/Y (sky130_fd_sc_hd__nor2b_1)
     4    0.01                           _045_ (net)
                  0.07    0.00    2.01 v _160_/A1 (sky130_fd_sc_hd__a32o_1)
                  0.04    0.23    2.24 v _160_/X (sky130_fd_sc_hd__a32o_1)
     1    0.00                           _006_ (net)
                  0.04    0.00    2.24 v _267_/D (sky130_fd_sc_hd__dfrtp_1)
                                  2.24   data arrival time

                         20.00   20.00   clock clk (rise edge)
                          0.00   20.00   clock source latency
                  0.07    0.04   20.04 ^ clk (in)
     1    0.01                           clk (net)
                  0.07    0.00   20.04 ^ clkbuf_0_clk/A (sky130_fd_sc_hd__clkbuf_16)
                  0.06    0.15   20.19 ^ clkbuf_0_clk/X (sky130_fd_sc_hd__clkbuf_16)
     4    0.04                           clknet_0_clk (net)
                  0.06    0.00   20.19 ^ clkbuf_2_1__f_clk/A (sky130_fd_sc_hd__clkbuf_16)
                  0.05    0.14   20.33 ^ clkbuf_2_1__f_clk/X (sky130_fd_sc_hd__clkbuf_16)
    11    0.03                           clknet_2_1__leaf_clk (net)
                  0.05    0.00   20.33 ^ _267_/CLK (sky130_fd_sc_hd__dfrtp_1)
                         -0.25   20.08   clock uncertainty
                          0.02   20.10   clock reconvergence pessimism
                         -0.11   19.99   library setup time
                                 19.99   data required time
-----------------------------------------------------------------------------
                                 19.99   data required time
                                 -2.24   data arrival time
-----------------------------------------------------------------------------
                                 17.75   slack (MET)


Startpoint: _263_ (rising edge-triggered flip-flop clocked by clk)
Endpoint: _269_ (rising edge-triggered flip-flop clocked by clk)
Path Group: clk
Path Type: max

Fanout     Cap    Slew   Delay    Time   Description
-----------------------------------------------------------------------------
                          0.00    0.00   clock clk (rise edge)
                          0.00    0.00   clock source latency
                  0.07    0.05    0.05 ^ clk (in)
     1    0.01                           clk (net)
                  0.07    0.00    0.05 ^ clkbuf_0_clk/A (sky130_fd_sc_hd__clkbuf_16)
                  0.06    0.16    0.21 ^ clkbuf_0_clk/X (sky130_fd_sc_hd__clkbuf_16)
     4    0.04                           clknet_0_clk (net)
                  0.06    0.00    0.21 ^ clkbuf_2_3__f_clk/A (sky130_fd_sc_hd__clkbuf_16)
                  0.05    0.15    0.36 ^ clkbuf_2_3__f_clk/X (sky130_fd_sc_hd__clkbuf_16)
     9    0.03                           clknet_2_3__leaf_clk (net)
                  0.05    0.00    0.36 ^ _263_/CLK (sky130_fd_sc_hd__dfrtp_1)
                  0.07    0.42    0.78 v _263_/Q (sky130_fd_sc_hd__dfrtp_1)
     4    0.01                           baud_counter[1] (net)
                  0.07    0.00    0.78 v _137_/A (sky130_fd_sc_hd__or4b_1)
                  0.08    0.54    1.31 v _137_/X (sky130_fd_sc_hd__or4b_1)
     1    0.00                           _126_ (net)
                  0.08    0.00    1.31 v _138_/D (sky130_fd_sc_hd__or4_1)
                  0.12    0.48    1.80 v _138_/X (sky130_fd_sc_hd__or4_1)
     3    0.01                           _127_ (net)
                  0.12    0.00    1.80 v _155_/B_N (sky130_fd_sc_hd__nor2b_1)
                  0.07    0.21    2.01 v _155_/Y (sky130_fd_sc_hd__nor2b_1)
     4    0.01                           _045_ (net)
                  0.07    0.00    2.01 v _165_/B1 (sky130_fd_sc_hd__a22o_1)
                  0.04    0.19    2.19 v _165_/X (sky130_fd_sc_hd__a22o_1)
     1    0.00                           _008_ (net)
                  0.04    0.00    2.19 v _269_/D (sky130_fd_sc_hd__dfrtp_2)
                                  2.19   data arrival time

                         20.00   20.00   clock clk (rise edge)
                          0.00   20.00   clock source latency
                  0.07    0.04   20.04 ^ clk (in)
     1    0.01                           clk (net)
                  0.07    0.00   20.04 ^ clkbuf_0_clk/A (sky130_fd_sc_hd__clkbuf_16)
                  0.06    0.15   20.19 ^ clkbuf_0_clk/X (sky130_fd_sc_hd__clkbuf_16)
     4    0.04                           clknet_0_clk (net)
                  0.06    0.00   20.19 ^ clkbuf_2_1__f_clk/A (sky130_fd_sc_hd__clkbuf_16)
                  0.05    0.14   20.33 ^ clkbuf_2_1__f_clk/X (sky130_fd_sc_hd__clkbuf_16)
    11    0.03                           clknet_2_1__leaf_clk (net)
                  0.05    0.00   20.33 ^ _269_/CLK (sky130_fd_sc_hd__dfrtp_2)
                         -0.25   20.08   clock uncertainty
                          0.02   20.10   clock reconvergence pessimism
                         -0.11   19.99   library setup time
                                 19.99   data required time
-----------------------------------------------------------------------------
                                 19.99   data required time
                                 -2.19   data arrival time
-----------------------------------------------------------------------------
                                 17.79   slack (MET)


Startpoint: _297_ (rising edge-triggered flip-flop clocked by clk)
Endpoint: _276_ (rising edge-triggered flip-flop clocked by clk)
Path Group: clk
Path Type: max

Fanout     Cap    Slew   Delay    Time   Description
-----------------------------------------------------------------------------
                          0.00    0.00   clock clk (rise edge)
                          0.00    0.00   clock source latency
                  0.07    0.05    0.05 ^ clk (in)
     1    0.01                           clk (net)
                  0.07    0.00    0.05 ^ clkbuf_0_clk/A (sky130_fd_sc_hd__clkbuf_16)
                  0.06    0.16    0.21 ^ clkbuf_0_clk/X (sky130_fd_sc_hd__clkbuf_16)
     4    0.04                           clknet_0_clk (net)
                  0.06    0.00    0.21 ^ clkbuf_2_1__f_clk/A (sky130_fd_sc_hd__clkbuf_16)
                  0.05    0.15    0.36 ^ clkbuf_2_1__f_clk/X (sky130_fd_sc_hd__clkbuf_16)
    11    0.03                           clknet_2_1__leaf_clk (net)
                  0.05    0.00    0.36 ^ _297_/CLK (sky130_fd_sc_hd__dfrtp_4)
                  0.09    0.54    0.90 v _297_/Q (sky130_fd_sc_hd__dfrtp_4)
     8    0.03                           state[1] (net)
                  0.09    0.00    0.90 v _181_/A (sky130_fd_sc_hd__or4b_2)
                  0.15    0.79    1.69 v _181_/X (sky130_fd_sc_hd__or4b_2)
     3    0.02                           _063_ (net)
                  0.15    0.00    1.69 v _190_/B (sky130_fd_sc_hd__nor2_2)
                  0.27    0.28    1.97 ^ _190_/Y (sky130_fd_sc_hd__nor2_2)
     6    0.02                           _070_ (net)
                  0.27    0.00    1.97 ^ _193_/A2 (sky130_fd_sc_hd__a32o_1)
                  0.05    0.22    2.18 ^ _193_/X (sky130_fd_sc_hd__a32o_1)
     1    0.00                           _015_ (net)
                  0.05    0.00    2.18 ^ _276_/D (sky130_fd_sc_hd__dfrtp_2)
                                  2.18   data arrival time

                         20.00   20.00   clock clk (rise edge)
                          0.00   20.00   clock source latency
                  0.07    0.04   20.04 ^ clk (in)
     1    0.01                           clk (net)
                  0.07    0.00   20.04 ^ clkbuf_0_clk/A (sky130_fd_sc_hd__clkbuf_16)
                  0.06    0.15   20.19 ^ clkbuf_0_clk/X (sky130_fd_sc_hd__clkbuf_16)
     4    0.04                           clknet_0_clk (net)
                  0.06    0.00   20.19 ^ clkbuf_2_2__f_clk/A (sky130_fd_sc_hd__clkbuf_16)
                  0.04    0.13   20.32 ^ clkbuf_2_2__f_clk/X (sky130_fd_sc_hd__clkbuf_16)
     8    0.02                           clknet_2_2__leaf_clk (net)
                  0.04    0.00   20.32 ^ _276_/CLK (sky130_fd_sc_hd__dfrtp_2)
                         -0.25   20.07   clock uncertainty
                          0.02   20.09   clock reconvergence pessimism
                         -0.07   20.03   library setup time
                                 20.03   data required time
-----------------------------------------------------------------------------
                                 20.03   data required time
                                 -2.18   data arrival time
-----------------------------------------------------------------------------
                                 17.84   slack (MET)


Startpoint: _297_ (rising edge-triggered flip-flop clocked by clk)
Endpoint: _281_ (rising edge-triggered flip-flop clocked by clk)
Path Group: clk
Path Type: max

Fanout     Cap    Slew   Delay    Time   Description
-----------------------------------------------------------------------------
                          0.00    0.00   clock clk (rise edge)
                          0.00    0.00   clock source latency
                  0.07    0.05    0.05 ^ clk (in)
     1    0.01                           clk (net)
                  0.07    0.00    0.05 ^ clkbuf_0_clk/A (sky130_fd_sc_hd__clkbuf_16)
                  0.06    0.16    0.21 ^ clkbuf_0_clk/X (sky130_fd_sc_hd__clkbuf_16)
     4    0.04                           clknet_0_clk (net)
                  0.06    0.00    0.21 ^ clkbuf_2_1__f_clk/A (sky130_fd_sc_hd__clkbuf_16)
                  0.05    0.15    0.36 ^ clkbuf_2_1__f_clk/X (sky130_fd_sc_hd__clkbuf_16)
    11    0.03                           clknet_2_1__leaf_clk (net)
                  0.05    0.00    0.36 ^ _297_/CLK (sky130_fd_sc_hd__dfrtp_4)
                  0.09    0.54    0.90 v _297_/Q (sky130_fd_sc_hd__dfrtp_4)
     8    0.03                           state[1] (net)
                  0.09    0.00    0.90 v _181_/A (sky130_fd_sc_hd__or4b_2)
                  0.15    0.79    1.69 v _181_/X (sky130_fd_sc_hd__or4b_2)
     3    0.02                           _063_ (net)
                  0.15    0.00    1.69 v _190_/B (sky130_fd_sc_hd__nor2_2)
                  0.27    0.28    1.97 ^ _190_/Y (sky130_fd_sc_hd__nor2_2)
     6    0.02                           _070_ (net)
                  0.27    0.00    1.97 ^ _210_/A1 (sky130_fd_sc_hd__a32o_1)
                  0.06    0.22    2.19 ^ _210_/X (sky130_fd_sc_hd__a32o_1)
     1    0.00                           _020_ (net)
                  0.06    0.00    2.19 ^ _281_/D (sky130_fd_sc_hd__dfrtp_1)
                                  2.19   data arrival time

                         20.00   20.00   clock clk (rise edge)
                          0.00   20.00   clock source latency
                  0.07    0.04   20.04 ^ clk (in)
     1    0.01                           clk (net)
                  0.07    0.00   20.04 ^ clkbuf_0_clk/A (sky130_fd_sc_hd__clkbuf_16)
                  0.06    0.15   20.19 ^ clkbuf_0_clk/X (sky130_fd_sc_hd__clkbuf_16)
     4    0.04                           clknet_0_clk (net)
                  0.06    0.00   20.19 ^ clkbuf_2_3__f_clk/A (sky130_fd_sc_hd__clkbuf_16)
                  0.05    0.13   20.33 ^ clkbuf_2_3__f_clk/X (sky130_fd_sc_hd__clkbuf_16)
     9    0.03                           clknet_2_3__leaf_clk (net)
                  0.05    0.00   20.33 ^ _281_/CLK (sky130_fd_sc_hd__dfrtp_1)
                         -0.25   20.08   clock uncertainty
                          0.02   20.10   clock reconvergence pessimism
                         -0.06   20.04   library setup time
                                 20.04   data required time
-----------------------------------------------------------------------------
                                 20.04   data required time
                                 -2.19   data arrival time
-----------------------------------------------------------------------------
                                 17.85   slack (MET)


Startpoint: _297_ (rising edge-triggered flip-flop clocked by clk)
Endpoint: _277_ (rising edge-triggered flip-flop clocked by clk)
Path Group: clk
Path Type: max

Fanout     Cap    Slew   Delay    Time   Description
-----------------------------------------------------------------------------
                          0.00    0.00   clock clk (rise edge)
                          0.00    0.00   clock source latency
                  0.07    0.05    0.05 ^ clk (in)
     1    0.01                           clk (net)
                  0.07    0.00    0.05 ^ clkbuf_0_clk/A (sky130_fd_sc_hd__clkbuf_16)
                  0.06    0.16    0.21 ^ clkbuf_0_clk/X (sky130_fd_sc_hd__clkbuf_16)
     4    0.04                           clknet_0_clk (net)
                  0.06    0.00    0.21 ^ clkbuf_2_1__f_clk/A (sky130_fd_sc_hd__clkbuf_16)
                  0.05    0.15    0.36 ^ clkbuf_2_1__f_clk/X (sky130_fd_sc_hd__clkbuf_16)
    11    0.03                           clknet_2_1__leaf_clk (net)
                  0.05    0.00    0.36 ^ _297_/CLK (sky130_fd_sc_hd__dfrtp_4)
                  0.09    0.54    0.90 v _297_/Q (sky130_fd_sc_hd__dfrtp_4)
     8    0.03                           state[1] (net)
                  0.09    0.00    0.90 v _181_/A (sky130_fd_sc_hd__or4b_2)
                  0.15    0.79    1.69 v _181_/X (sky130_fd_sc_hd__or4b_2)
     3    0.02                           _063_ (net)
                  0.15    0.00    1.69 v _190_/B (sky130_fd_sc_hd__nor2_2)
                  0.27    0.28    1.97 ^ _190_/Y (sky130_fd_sc_hd__nor2_2)
     6    0.02                           _070_ (net)
                  0.27    0.00    1.97 ^ _197_/A1 (sky130_fd_sc_hd__a32o_1)
                  0.05    0.21    2.18 ^ _197_/X (sky130_fd_sc_hd__a32o_1)
     1    0.00                           _016_ (net)
                  0.05    0.00    2.18 ^ _277_/D (sky130_fd_sc_hd__dfrtp_1)
                                  2.18   data arrival time

                         20.00   20.00   clock clk (rise edge)
                          0.00   20.00   clock source latency
                  0.07    0.04   20.04 ^ clk (in)
     1    0.01                           clk (net)
                  0.07    0.00   20.04 ^ clkbuf_0_clk/A (sky130_fd_sc_hd__clkbuf_16)
                  0.06    0.15   20.19 ^ clkbuf_0_clk/X (sky130_fd_sc_hd__clkbuf_16)
     4    0.04                           clknet_0_clk (net)
                  0.06    0.00   20.19 ^ clkbuf_2_2__f_clk/A (sky130_fd_sc_hd__clkbuf_16)
                  0.04    0.13   20.32 ^ clkbuf_2_2__f_clk/X (sky130_fd_sc_hd__clkbuf_16)
     8    0.02                           clknet_2_2__leaf_clk (net)
                  0.04    0.00   20.32 ^ _277_/CLK (sky130_fd_sc_hd__dfrtp_1)
                         -0.25   20.07   clock uncertainty
                          0.02   20.09   clock reconvergence pessimism
                         -0.06   20.03   library setup time
                                 20.03   data required time
-----------------------------------------------------------------------------
                                 20.03   data required time
                                 -2.18   data arrival time
-----------------------------------------------------------------------------
                                 17.85   slack (MET)


Startpoint: _297_ (rising edge-triggered flip-flop clocked by clk)
Endpoint: _278_ (rising edge-triggered flip-flop clocked by clk)
Path Group: clk
Path Type: max

Fanout     Cap    Slew   Delay    Time   Description
-----------------------------------------------------------------------------
                          0.00    0.00   clock clk (rise edge)
                          0.00    0.00   clock source latency
                  0.07    0.05    0.05 ^ clk (in)
     1    0.01                           clk (net)
                  0.07    0.00    0.05 ^ clkbuf_0_clk/A (sky130_fd_sc_hd__clkbuf_16)
                  0.06    0.16    0.21 ^ clkbuf_0_clk/X (sky130_fd_sc_hd__clkbuf_16)
     4    0.04                           clknet_0_clk (net)
                  0.06    0.00    0.21 ^ clkbuf_2_1__f_clk/A (sky130_fd_sc_hd__clkbuf_16)
                  0.05    0.15    0.36 ^ clkbuf_2_1__f_clk/X (sky130_fd_sc_hd__clkbuf_16)
    11    0.03                           clknet_2_1__leaf_clk (net)
                  0.05    0.00    0.36 ^ _297_/CLK (sky130_fd_sc_hd__dfrtp_4)
                  0.09    0.54    0.90 v _297_/Q (sky130_fd_sc_hd__dfrtp_4)
     8    0.03                           state[1] (net)
                  0.09    0.00    0.90 v _181_/A (sky130_fd_sc_hd__or4b_2)
                  0.15    0.79    1.69 v _181_/X (sky130_fd_sc_hd__or4b_2)
     3    0.02                           _063_ (net)
                  0.15    0.00    1.69 v _190_/B (sky130_fd_sc_hd__nor2_2)
                  0.27    0.28    1.97 ^ _190_/Y (sky130_fd_sc_hd__nor2_2)
     6    0.02                           _070_ (net)
                  0.27    0.00    1.97 ^ _200_/A1 (sky130_fd_sc_hd__a32o_1)
                  0.05    0.22    2.18 ^ _200_/X (sky130_fd_sc_hd__a32o_1)
     1    0.00                           _017_ (net)
                  0.05    0.00    2.18 ^ _278_/D (sky130_fd_sc_hd__dfrtp_1)
                                  2.18   data arrival time

                         20.00   20.00   clock clk (rise edge)
                          0.00   20.00   clock source latency
                  0.07    0.04   20.04 ^ clk (in)
     1    0.01                           clk (net)
                  0.07    0.00   20.04 ^ clkbuf_0_clk/A (sky130_fd_sc_hd__clkbuf_16)
                  0.06    0.15   20.19 ^ clkbuf_0_clk/X (sky130_fd_sc_hd__clkbuf_16)
     4    0.04                           clknet_0_clk (net)
                  0.06    0.00   20.19 ^ clkbuf_2_3__f_clk/A (sky130_fd_sc_hd__clkbuf_16)
                  0.05    0.13   20.33 ^ clkbuf_2_3__f_clk/X (sky130_fd_sc_hd__clkbuf_16)
     9    0.03                           clknet_2_3__leaf_clk (net)
                  0.05    0.00   20.33 ^ _278_/CLK (sky130_fd_sc_hd__dfrtp_1)
                         -0.25   20.08   clock uncertainty
                          0.02   20.10   clock reconvergence pessimism
                         -0.06   20.04   library setup time
                                 20.04   data required time
-----------------------------------------------------------------------------
                                 20.04   data required time
                                 -2.18   data arrival time
-----------------------------------------------------------------------------
                                 17.85   slack (MET)


Startpoint: _297_ (rising edge-triggered flip-flop clocked by clk)
Endpoint: _280_ (rising edge-triggered flip-flop clocked by clk)
Path Group: clk
Path Type: max

Fanout     Cap    Slew   Delay    Time   Description
-----------------------------------------------------------------------------
                          0.00    0.00   clock clk (rise edge)
                          0.00    0.00   clock source latency
                  0.07    0.05    0.05 ^ clk (in)
     1    0.01                           clk (net)
                  0.07    0.00    0.05 ^ clkbuf_0_clk/A (sky130_fd_sc_hd__clkbuf_16)
                  0.06    0.16    0.21 ^ clkbuf_0_clk/X (sky130_fd_sc_hd__clkbuf_16)
     4    0.04                           clknet_0_clk (net)
                  0.06    0.00    0.21 ^ clkbuf_2_1__f_clk/A (sky130_fd_sc_hd__clkbuf_16)
                  0.05    0.15    0.36 ^ clkbuf_2_1__f_clk/X (sky130_fd_sc_hd__clkbuf_16)
    11    0.03                           clknet_2_1__leaf_clk (net)
                  0.05    0.00    0.36 ^ _297_/CLK (sky130_fd_sc_hd__dfrtp_4)
                  0.09    0.54    0.90 v _297_/Q (sky130_fd_sc_hd__dfrtp_4)
     8    0.03                           state[1] (net)
                  0.09    0.00    0.90 v _181_/A (sky130_fd_sc_hd__or4b_2)
                  0.15    0.79    1.69 v _181_/X (sky130_fd_sc_hd__or4b_2)
     3    0.02                           _063_ (net)
                  0.15    0.00    1.69 v _190_/B (sky130_fd_sc_hd__nor2_2)
                  0.27    0.28    1.97 ^ _190_/Y (sky130_fd_sc_hd__nor2_2)
     6    0.02                           _070_ (net)
                  0.27    0.00    1.97 ^ _207_/A1 (sky130_fd_sc_hd__a32o_1)
                  0.05    0.21    2.18 ^ _207_/X (sky130_fd_sc_hd__a32o_1)
     1    0.00                           _019_ (net)
                  0.05    0.00    2.18 ^ _280_/D (sky130_fd_sc_hd__dfrtp_1)
                                  2.18   data arrival time

                         20.00   20.00   clock clk (rise edge)
                          0.00   20.00   clock source latency
                  0.07    0.04   20.04 ^ clk (in)
     1    0.01                           clk (net)
                  0.07    0.00   20.04 ^ clkbuf_0_clk/A (sky130_fd_sc_hd__clkbuf_16)
                  0.06    0.15   20.19 ^ clkbuf_0_clk/X (sky130_fd_sc_hd__clkbuf_16)
     4    0.04                           clknet_0_clk (net)
                  0.06    0.00   20.19 ^ clkbuf_2_3__f_clk/A (sky130_fd_sc_hd__clkbuf_16)
                  0.05    0.13   20.33 ^ clkbuf_2_3__f_clk/X (sky130_fd_sc_hd__clkbuf_16)
     9    0.03                           clknet_2_3__leaf_clk (net)
                  0.05    0.00   20.33 ^ _280_/CLK (sky130_fd_sc_hd__dfrtp_1)
                         -0.25   20.08   clock uncertainty
                          0.02   20.10   clock reconvergence pessimism
                         -0.06   20.04   library setup time
                                 20.04   data required time
-----------------------------------------------------------------------------
                                 20.04   data required time
                                 -2.18   data arrival time
-----------------------------------------------------------------------------
                                 17.86   slack (MET)


Startpoint: _297_ (rising edge-triggered flip-flop clocked by clk)
Endpoint: _279_ (rising edge-triggered flip-flop clocked by clk)
Path Group: clk
Path Type: max

Fanout     Cap    Slew   Delay    Time   Description
-----------------------------------------------------------------------------
                          0.00    0.00   clock clk (rise edge)
                          0.00    0.00   clock source latency
                  0.07    0.05    0.05 ^ clk (in)
     1    0.01                           clk (net)
                  0.07    0.00    0.05 ^ clkbuf_0_clk/A (sky130_fd_sc_hd__clkbuf_16)
                  0.06    0.16    0.21 ^ clkbuf_0_clk/X (sky130_fd_sc_hd__clkbuf_16)
     4    0.04                           clknet_0_clk (net)
                  0.06    0.00    0.21 ^ clkbuf_2_1__f_clk/A (sky130_fd_sc_hd__clkbuf_16)
                  0.05    0.15    0.36 ^ clkbuf_2_1__f_clk/X (sky130_fd_sc_hd__clkbuf_16)
    11    0.03                           clknet_2_1__leaf_clk (net)
                  0.05    0.00    0.36 ^ _297_/CLK (sky130_fd_sc_hd__dfrtp_4)
                  0.09    0.54    0.90 v _297_/Q (sky130_fd_sc_hd__dfrtp_4)
     8    0.03                           state[1] (net)
                  0.09    0.00    0.90 v _181_/A (sky130_fd_sc_hd__or4b_2)
                  0.15    0.79    1.69 v _181_/X (sky130_fd_sc_hd__or4b_2)
     3    0.02                           _063_ (net)
                  0.15    0.00    1.69 v _192_/B (sky130_fd_sc_hd__nor2_2)
                  0.27    0.28    1.97 ^ _192_/Y (sky130_fd_sc_hd__nor2_2)
     6    0.02                           _072_ (net)
                  0.27    0.00    1.97 ^ _204_/A2 (sky130_fd_sc_hd__a22o_1)
                  0.05    0.20    2.16 ^ _204_/X (sky130_fd_sc_hd__a22o_1)
     1    0.00                           _018_ (net)
                  0.05    0.00    2.16 ^ _279_/D (sky130_fd_sc_hd__dfrtp_1)
                                  2.16   data arrival time

                         20.00   20.00   clock clk (rise edge)
                          0.00   20.00   clock source latency
                  0.07    0.04   20.04 ^ clk (in)
     1    0.01                           clk (net)
                  0.07    0.00   20.04 ^ clkbuf_0_clk/A (sky130_fd_sc_hd__clkbuf_16)
                  0.06    0.15   20.19 ^ clkbuf_0_clk/X (sky130_fd_sc_hd__clkbuf_16)
     4    0.04                           clknet_0_clk (net)
                  0.06    0.00   20.19 ^ clkbuf_2_3__f_clk/A (sky130_fd_sc_hd__clkbuf_16)
                  0.05    0.13   20.33 ^ clkbuf_2_3__f_clk/X (sky130_fd_sc_hd__clkbuf_16)
     9    0.03                           clknet_2_3__leaf_clk (net)
                  0.05    0.00   20.33 ^ _279_/CLK (sky130_fd_sc_hd__dfrtp_1)
                         -0.25   20.08   clock uncertainty
                          0.02   20.10   clock reconvergence pessimism
                         -0.06   20.04   library setup time
                                 20.04   data required time
-----------------------------------------------------------------------------
                                 20.04   data required time
                                 -2.16   data arrival time
-----------------------------------------------------------------------------
                                 17.88   slack (MET)


Startpoint: _264_ (rising edge-triggered flip-flop clocked by clk)
Endpoint: _271_ (rising edge-triggered flip-flop clocked by clk)
Path Group: clk
Path Type: max

Fanout     Cap    Slew   Delay    Time   Description
-----------------------------------------------------------------------------
                          0.00    0.00   clock clk (rise edge)
                          0.00    0.00   clock source latency
                  0.07    0.05    0.05 ^ clk (in)
     1    0.01                           clk (net)
                  0.07    0.00    0.05 ^ clkbuf_0_clk/A (sky130_fd_sc_hd__clkbuf_16)
                  0.06    0.16    0.21 ^ clkbuf_0_clk/X (sky130_fd_sc_hd__clkbuf_16)
     4    0.04                           clknet_0_clk (net)
                  0.06    0.00    0.21 ^ clkbuf_2_3__f_clk/A (sky130_fd_sc_hd__clkbuf_16)
                  0.05    0.15    0.36 ^ clkbuf_2_3__f_clk/X (sky130_fd_sc_hd__clkbuf_16)
     9    0.03                           clknet_2_3__leaf_clk (net)
                  0.05    0.00    0.36 ^ _264_/CLK (sky130_fd_sc_hd__dfrtp_1)
                  0.15    0.42    0.78 ^ _264_/Q (sky130_fd_sc_hd__dfrtp_1)
     5    0.02                           baud_counter[2] (net)
                  0.15    0.00    0.78 ^ _153_/D (sky130_fd_sc_hd__and4_1)
                  0.19    0.33    1.12 ^ _153_/X (sky130_fd_sc_hd__and4_1)
     6    0.02                           _043_ (net)
                  0.19    0.00    1.12 ^ _168_/C_N (sky130_fd_sc_hd__or4bb_1)
                  0.11    0.56    1.68 v _168_/X (sky130_fd_sc_hd__or4bb_1)
     2    0.01                           _054_ (net)
                  0.11    0.00    1.68 v _170_/B (sky130_fd_sc_hd__or2_1)
                  0.06    0.25    1.93 v _170_/X (sky130_fd_sc_hd__or2_1)
     1    0.00                           _055_ (net)
                  0.06    0.00    1.93 v _171_/B (sky130_fd_sc_hd__xnor2_1)
                  0.05    0.13    2.06 v _171_/Y (sky130_fd_sc_hd__xnor2_1)
     1    0.00                           _010_ (net)
                  0.05    0.00    2.06 v _271_/D (sky130_fd_sc_hd__dfrtp_1)
                                  2.06   data arrival time

                         20.00   20.00   clock clk (rise edge)
                          0.00   20.00   clock source latency
                  0.07    0.04   20.04 ^ clk (in)
     1    0.01                           clk (net)
                  0.07    0.00   20.04 ^ clkbuf_0_clk/A (sky130_fd_sc_hd__clkbuf_16)
                  0.06    0.15   20.19 ^ clkbuf_0_clk/X (sky130_fd_sc_hd__clkbuf_16)
     4    0.04                           clknet_0_clk (net)
                  0.06    0.00   20.19 ^ clkbuf_2_3__f_clk/A (sky130_fd_sc_hd__clkbuf_16)
                  0.05    0.13   20.33 ^ clkbuf_2_3__f_clk/X (sky130_fd_sc_hd__clkbuf_16)
     9    0.03                           clknet_2_3__leaf_clk (net)
                  0.05    0.00   20.33 ^ _271_/CLK (sky130_fd_sc_hd__dfrtp_1)
                         -0.25   20.08   clock uncertainty
                          0.03   20.11   clock reconvergence pessimism
                         -0.11   20.00   library setup time
                                 20.00   data required time
-----------------------------------------------------------------------------
                                 20.00   data required time
                                 -2.06   data arrival time
-----------------------------------------------------------------------------
                                 17.94   slack (MET)


Startpoint: _263_ (rising edge-triggered flip-flop clocked by clk)
Endpoint: _263_ (rising edge-triggered flip-flop clocked by clk)
Path Group: clk
Path Type: max

Fanout     Cap    Slew   Delay    Time   Description
-----------------------------------------------------------------------------
                          0.00    0.00   clock clk (rise edge)
                          0.00    0.00   clock source latency
                  0.07    0.05    0.05 ^ clk (in)
     1    0.01                           clk (net)
                  0.07    0.00    0.05 ^ clkbuf_0_clk/A (sky130_fd_sc_hd__clkbuf_16)
                  0.06    0.16    0.21 ^ clkbuf_0_clk/X (sky130_fd_sc_hd__clkbuf_16)
     4    0.04                           clknet_0_clk (net)
                  0.06    0.00    0.21 ^ clkbuf_2_3__f_clk/A (sky130_fd_sc_hd__clkbuf_16)
                  0.05    0.15    0.36 ^ clkbuf_2_3__f_clk/X (sky130_fd_sc_hd__clkbuf_16)
     9    0.03                           clknet_2_3__leaf_clk (net)
                  0.05    0.00    0.36 ^ _263_/CLK (sky130_fd_sc_hd__dfrtp_1)
                  0.07    0.42    0.78 v _263_/Q (sky130_fd_sc_hd__dfrtp_1)
     4    0.01                           baud_counter[1] (net)
                  0.07    0.00    0.78 v _137_/A (sky130_fd_sc_hd__or4b_1)
                  0.08    0.54    1.31 v _137_/X (sky130_fd_sc_hd__or4b_1)
     1    0.00                           _126_ (net)
                  0.08    0.00    1.31 v _138_/D (sky130_fd_sc_hd__or4_1)
                  0.12    0.48    1.80 v _138_/X (sky130_fd_sc_hd__or4_1)
     3    0.01                           _127_ (net)
                  0.12    0.00    1.80 v _148_/A2 (sky130_fd_sc_hd__o211a_1)
                  0.04    0.24    2.04 v _148_/X (sky130_fd_sc_hd__o211a_1)
     1    0.00                           _002_ (net)
                  0.04    0.00    2.04 v _263_/D (sky130_fd_sc_hd__dfrtp_1)
                                  2.04   data arrival time

                         20.00   20.00   clock clk (rise edge)
                          0.00   20.00   clock source latency
                  0.07    0.04   20.04 ^ clk (in)
     1    0.01                           clk (net)
                  0.07    0.00   20.04 ^ clkbuf_0_clk/A (sky130_fd_sc_hd__clkbuf_16)
                  0.06    0.15   20.19 ^ clkbuf_0_clk/X (sky130_fd_sc_hd__clkbuf_16)
     4    0.04                           clknet_0_clk (net)
                  0.06    0.00   20.19 ^ clkbuf_2_3__f_clk/A (sky130_fd_sc_hd__clkbuf_16)
                  0.05    0.13   20.33 ^ clkbuf_2_3__f_clk/X (sky130_fd_sc_hd__clkbuf_16)
     9    0.03                           clknet_2_3__leaf_clk (net)
                  0.05    0.00   20.33 ^ _263_/CLK (sky130_fd_sc_hd__dfrtp_1)
                         -0.25   20.08   clock uncertainty
                          0.03   20.11   clock reconvergence pessimism
                         -0.11   20.00   library setup time
                                 20.00   data required time
-----------------------------------------------------------------------------
                                 20.00   data required time
                                 -2.04   data arrival time
-----------------------------------------------------------------------------
                                 17.97   slack (MET)


Startpoint: _297_ (rising edge-triggered flip-flop clocked by clk)
Endpoint: _274_ (rising edge-triggered flip-flop clocked by clk)
Path Group: clk
Path Type: max

Fanout     Cap    Slew   Delay    Time   Description
-----------------------------------------------------------------------------
                          0.00    0.00   clock clk (rise edge)
                          0.00    0.00   clock source latency
                  0.07    0.05    0.05 ^ clk (in)
     1    0.01                           clk (net)
                  0.07    0.00    0.05 ^ clkbuf_0_clk/A (sky130_fd_sc_hd__clkbuf_16)
                  0.06    0.16    0.21 ^ clkbuf_0_clk/X (sky130_fd_sc_hd__clkbuf_16)
     4    0.04                           clknet_0_clk (net)
                  0.06    0.00    0.21 ^ clkbuf_2_1__f_clk/A (sky130_fd_sc_hd__clkbuf_16)
                  0.05    0.15    0.36 ^ clkbuf_2_1__f_clk/X (sky130_fd_sc_hd__clkbuf_16)
    11    0.03                           clknet_2_1__leaf_clk (net)
                  0.05    0.00    0.36 ^ _297_/CLK (sky130_fd_sc_hd__dfrtp_4)
                  0.09    0.54    0.90 v _297_/Q (sky130_fd_sc_hd__dfrtp_4)
     8    0.03                           state[1] (net)
                  0.09    0.00    0.90 v _181_/A (sky130_fd_sc_hd__or4b_2)
                  0.15    0.79    1.69 v _181_/X (sky130_fd_sc_hd__or4b_2)
     3    0.02                           _063_ (net)
                  0.15    0.00    1.69 v _182_/B1 (sky130_fd_sc_hd__a21oi_1)
                  0.11    0.16    1.85 ^ _182_/Y (sky130_fd_sc_hd__a21oi_1)
     1    0.00                           _064_ (net)
                  0.11    0.00    1.85 ^ _183_/B1 (sky130_fd_sc_hd__o21a_1)
                  0.04    0.13    1.98 ^ _183_/X (sky130_fd_sc_hd__o21a_1)
     1    0.00                           _013_ (net)
                  0.04    0.00    1.98 ^ _274_/D (sky130_fd_sc_hd__dfrtp_4)
                                  1.98   data arrival time

                         20.00   20.00   clock clk (rise edge)
                          0.00   20.00   clock source latency
                  0.07    0.04   20.04 ^ clk (in)
     1    0.01                           clk (net)
                  0.07    0.00   20.04 ^ clkbuf_0_clk/A (sky130_fd_sc_hd__clkbuf_16)
                  0.06    0.15   20.19 ^ clkbuf_0_clk/X (sky130_fd_sc_hd__clkbuf_16)
     4    0.04                           clknet_0_clk (net)
                  0.06    0.00   20.19 ^ clkbuf_2_2__f_clk/A (sky130_fd_sc_hd__clkbuf_16)
                  0.04    0.13   20.32 ^ clkbuf_2_2__f_clk/X (sky130_fd_sc_hd__clkbuf_16)
     8    0.02                           clknet_2_2__leaf_clk (net)
                  0.04    0.00   20.32 ^ _274_/CLK (sky130_fd_sc_hd__dfrtp_4)
                         -0.25   20.07   clock uncertainty
                          0.02   20.09   clock reconvergence pessimism
                         -0.06   20.03   library setup time
                                 20.03   data required time
-----------------------------------------------------------------------------
                                 20.03   data required time
                                 -1.98   data arrival time
-----------------------------------------------------------------------------
                                 18.05   slack (MET)


Startpoint: _263_ (rising edge-triggered flip-flop clocked by clk)
Endpoint: _298_ (rising edge-triggered flip-flop clocked by clk)
Path Group: clk
Path Type: max

Fanout     Cap    Slew   Delay    Time   Description
-----------------------------------------------------------------------------
                          0.00    0.00   clock clk (rise edge)
                          0.00    0.00   clock source latency
                  0.07    0.05    0.05 ^ clk (in)
     1    0.01                           clk (net)
                  0.07    0.00    0.05 ^ clkbuf_0_clk/A (sky130_fd_sc_hd__clkbuf_16)
                  0.06    0.16    0.21 ^ clkbuf_0_clk/X (sky130_fd_sc_hd__clkbuf_16)
     4    0.04                           clknet_0_clk (net)
                  0.06    0.00    0.21 ^ clkbuf_2_3__f_clk/A (sky130_fd_sc_hd__clkbuf_16)
                  0.05    0.15    0.36 ^ clkbuf_2_3__f_clk/X (sky130_fd_sc_hd__clkbuf_16)
     9    0.03                           clknet_2_3__leaf_clk (net)
                  0.05    0.00    0.36 ^ _263_/CLK (sky130_fd_sc_hd__dfrtp_1)
                  0.07    0.42    0.78 v _263_/Q (sky130_fd_sc_hd__dfrtp_1)
     4    0.01                           baud_counter[1] (net)
                  0.07    0.00    0.78 v _137_/A (sky130_fd_sc_hd__or4b_1)
                  0.08    0.54    1.31 v _137_/X (sky130_fd_sc_hd__or4b_1)
     1    0.00                           _126_ (net)
                  0.08    0.00    1.31 v _138_/D (sky130_fd_sc_hd__or4_1)
                  0.12    0.48    1.80 v _138_/X (sky130_fd_sc_hd__or4_1)
     3    0.01                           _127_ (net)
                  0.12    0.00    1.80 v _139_/B (sky130_fd_sc_hd__nor2_1)
                  0.08    0.12    1.91 ^ _139_/Y (sky130_fd_sc_hd__nor2_1)
     1    0.00                           _000_ (net)
                  0.08    0.00    1.91 ^ _298_/D (sky130_fd_sc_hd__dfrtp_1)
                                  1.91   data arrival time

                         20.00   20.00   clock clk (rise edge)
                          0.00   20.00   clock source latency
                  0.07    0.04   20.04 ^ clk (in)
     1    0.01                           clk (net)
                  0.07    0.00   20.04 ^ clkbuf_0_clk/A (sky130_fd_sc_hd__clkbuf_16)
                  0.06    0.15   20.19 ^ clkbuf_0_clk/X (sky130_fd_sc_hd__clkbuf_16)
     4    0.04                           clknet_0_clk (net)
                  0.06    0.00   20.19 ^ clkbuf_2_1__f_clk/A (sky130_fd_sc_hd__clkbuf_16)
                  0.05    0.14   20.33 ^ clkbuf_2_1__f_clk/X (sky130_fd_sc_hd__clkbuf_16)
    11    0.03                           clknet_2_1__leaf_clk (net)
                  0.05    0.00   20.33 ^ _298_/CLK (sky130_fd_sc_hd__dfrtp_1)
                         -0.25   20.08   clock uncertainty
                          0.02   20.10   clock reconvergence pessimism
                         -0.07   20.03   library setup time
                                 20.03   data required time
-----------------------------------------------------------------------------
                                 20.03   data required time
                                 -1.91   data arrival time
-----------------------------------------------------------------------------
                                 18.12   slack (MET)


Startpoint: _264_ (rising edge-triggered flip-flop clocked by clk)
Endpoint: _268_ (rising edge-triggered flip-flop clocked by clk)
Path Group: clk
Path Type: max

Fanout     Cap    Slew   Delay    Time   Description
-----------------------------------------------------------------------------
                          0.00    0.00   clock clk (rise edge)
                          0.00    0.00   clock source latency
                  0.07    0.05    0.05 ^ clk (in)
     1    0.01                           clk (net)
                  0.07    0.00    0.05 ^ clkbuf_0_clk/A (sky130_fd_sc_hd__clkbuf_16)
                  0.06    0.16    0.21 ^ clkbuf_0_clk/X (sky130_fd_sc_hd__clkbuf_16)
     4    0.04                           clknet_0_clk (net)
                  0.06    0.00    0.21 ^ clkbuf_2_3__f_clk/A (sky130_fd_sc_hd__clkbuf_16)
                  0.05    0.15    0.36 ^ clkbuf_2_3__f_clk/X (sky130_fd_sc_hd__clkbuf_16)
     9    0.03                           clknet_2_3__leaf_clk (net)
                  0.05    0.00    0.36 ^ _264_/CLK (sky130_fd_sc_hd__dfrtp_1)
                  0.15    0.42    0.78 ^ _264_/Q (sky130_fd_sc_hd__dfrtp_1)
     5    0.02                           baud_counter[2] (net)
                  0.15    0.00    0.78 ^ _153_/D (sky130_fd_sc_hd__and4_1)
                  0.19    0.33    1.12 ^ _153_/X (sky130_fd_sc_hd__and4_1)
     6    0.02                           _043_ (net)
                  0.19    0.00    1.12 ^ _159_/B_N (sky130_fd_sc_hd__or2b_1)
                  0.06    0.28    1.39 v _159_/X (sky130_fd_sc_hd__or2b_1)
     2    0.01                           _048_ (net)
                  0.06    0.00    1.39 v _161_/B (sky130_fd_sc_hd__or2_1)
                  0.06    0.23    1.62 v _161_/X (sky130_fd_sc_hd__or2_1)
     1    0.00                           _049_ (net)
                  0.06    0.00    1.62 v _162_/B (sky130_fd_sc_hd__xnor2_1)
                  0.04    0.13    1.75 v _162_/Y (sky130_fd_sc_hd__xnor2_1)
     1    0.00                           _007_ (net)
                  0.04    0.00    1.75 v _268_/D (sky130_fd_sc_hd__dfrtp_1)
                                  1.75   data arrival time

                         20.00   20.00   clock clk (rise edge)
                          0.00   20.00   clock source latency
                  0.07    0.04   20.04 ^ clk (in)
     1    0.01                           clk (net)
                  0.07    0.00   20.04 ^ clkbuf_0_clk/A (sky130_fd_sc_hd__clkbuf_16)
                  0.06    0.15   20.19 ^ clkbuf_0_clk/X (sky130_fd_sc_hd__clkbuf_16)
     4    0.04                           clknet_0_clk (net)
                  0.06    0.00   20.19 ^ clkbuf_2_1__f_clk/A (sky130_fd_sc_hd__clkbuf_16)
                  0.05    0.14   20.33 ^ clkbuf_2_1__f_clk/X (sky130_fd_sc_hd__clkbuf_16)
    11    0.03                           clknet_2_1__leaf_clk (net)
                  0.05    0.00   20.33 ^ _268_/CLK (sky130_fd_sc_hd__dfrtp_1)
                         -0.25   20.08   clock uncertainty
                          0.02   20.10   clock reconvergence pessimism
                         -0.11   19.99   library setup time
                                 19.99   data required time
-----------------------------------------------------------------------------
                                 19.99   data required time
                                 -1.75   data arrival time
-----------------------------------------------------------------------------
                                 18.24   slack (MET)


Startpoint: _278_ (rising edge-triggered flip-flop clocked by clk)
Endpoint: _275_ (rising edge-triggered flip-flop clocked by clk)
Path Group: clk
Path Type: max

Fanout     Cap    Slew   Delay    Time   Description
-----------------------------------------------------------------------------
                          0.00    0.00   clock clk (rise edge)
                          0.00    0.00   clock source latency
                  0.07    0.05    0.05 ^ clk (in)
     1    0.01                           clk (net)
                  0.07    0.00    0.05 ^ clkbuf_0_clk/A (sky130_fd_sc_hd__clkbuf_16)
                  0.06    0.16    0.21 ^ clkbuf_0_clk/X (sky130_fd_sc_hd__clkbuf_16)
     4    0.04                           clknet_0_clk (net)
                  0.06    0.00    0.21 ^ clkbuf_2_3__f_clk/A (sky130_fd_sc_hd__clkbuf_16)
                  0.05    0.15    0.36 ^ clkbuf_2_3__f_clk/X (sky130_fd_sc_hd__clkbuf_16)
     9    0.03                           clknet_2_3__leaf_clk (net)
                  0.05    0.00    0.36 ^ _278_/CLK (sky130_fd_sc_hd__dfrtp_1)
                  0.08    0.42    0.79 v _278_/Q (sky130_fd_sc_hd__dfrtp_1)
     5    0.01                           idle_counter[4] (net)
                  0.08    0.00    0.79 v _172_/D (sky130_fd_sc_hd__and4_1)
                  0.08    0.27    1.06 v _172_/X (sky130_fd_sc_hd__and4_1)
     3    0.01                           _056_ (net)
                  0.08    0.00    1.06 v _180_/A1 (sky130_fd_sc_hd__a21oi_2)
                  0.23    0.25    1.31 ^ _180_/Y (sky130_fd_sc_hd__a21oi_2)
     5    0.02                           _062_ (net)
                  0.23    0.00    1.31 ^ _185_/C (sky130_fd_sc_hd__nand3_1)
                  0.06    0.11    1.42 v _185_/Y (sky130_fd_sc_hd__nand3_1)
     1    0.00                           _066_ (net)
                  0.06    0.00    1.42 v _187_/B (sky130_fd_sc_hd__and3_1)
                  0.03    0.17    1.59 v _187_/X (sky130_fd_sc_hd__and3_1)
     1    0.00                           _068_ (net)
                  0.03    0.00    1.59 v _188_/A (sky130_fd_sc_hd__clkbuf_1)
                  0.02    0.08    1.67 v _188_/X (sky130_fd_sc_hd__clkbuf_1)
     1    0.00                           _014_ (net)
                  0.02    0.00    1.67 v _275_/D (sky130_fd_sc_hd__dfrtp_2)
                                  1.67   data arrival time

                         20.00   20.00   clock clk (rise edge)
                          0.00   20.00   clock source latency
                  0.07    0.04   20.04 ^ clk (in)
     1    0.01                           clk (net)
                  0.07    0.00   20.04 ^ clkbuf_0_clk/A (sky130_fd_sc_hd__clkbuf_16)
                  0.06    0.15   20.19 ^ clkbuf_0_clk/X (sky130_fd_sc_hd__clkbuf_16)
     4    0.04                           clknet_0_clk (net)
                  0.06    0.00   20.19 ^ clkbuf_2_2__f_clk/A (sky130_fd_sc_hd__clkbuf_16)
                  0.04    0.13   20.32 ^ clkbuf_2_2__f_clk/X (sky130_fd_sc_hd__clkbuf_16)
     8    0.02                           clknet_2_2__leaf_clk (net)
                  0.04    0.00   20.32 ^ _275_/CLK (sky130_fd_sc_hd__dfrtp_2)
                         -0.25   20.07   clock uncertainty
                          0.02   20.09   clock reconvergence pessimism
                         -0.11   19.99   library setup time
                                 19.99   data required time
-----------------------------------------------------------------------------
                                 19.99   data required time
                                 -1.67   data arrival time
-----------------------------------------------------------------------------
                                 18.31   slack (MET)


Startpoint: _297_ (rising edge-triggered flip-flop clocked by clk)
Endpoint: _283_ (rising edge-triggered flip-flop clocked by clk)
Path Group: clk
Path Type: max

Fanout     Cap    Slew   Delay    Time   Description
-----------------------------------------------------------------------------
                          0.00    0.00   clock clk (rise edge)
                          0.00    0.00   clock source latency
                  0.07    0.05    0.05 ^ clk (in)
     1    0.01                           clk (net)
                  0.07    0.00    0.05 ^ clkbuf_0_clk/A (sky130_fd_sc_hd__clkbuf_16)
                  0.06    0.16    0.21 ^ clkbuf_0_clk/X (sky130_fd_sc_hd__clkbuf_16)
     4    0.04                           clknet_0_clk (net)
                  0.06    0.00    0.21 ^ clkbuf_2_1__f_clk/A (sky130_fd_sc_hd__clkbuf_16)
                  0.05    0.15    0.36 ^ clkbuf_2_1__f_clk/X (sky130_fd_sc_hd__clkbuf_16)
    11    0.03                           clknet_2_1__leaf_clk (net)
                  0.05    0.00    0.36 ^ _297_/CLK (sky130_fd_sc_hd__dfrtp_4)
                  0.09    0.54    0.90 v _297_/Q (sky130_fd_sc_hd__dfrtp_4)
     8    0.03                           state[1] (net)
                  0.09    0.00    0.90 v _131_/A (sky130_fd_sc_hd__nor2_1)
                  0.20    0.22    1.12 ^ _131_/Y (sky130_fd_sc_hd__nor2_1)
     3    0.01                           _121_ (net)
                  0.20    0.00    1.12 ^ _184_/B (sky130_fd_sc_hd__and3b_1)
                  0.11    0.25    1.36 ^ _184_/X (sky130_fd_sc_hd__and3b_1)
     3    0.01                           _065_ (net)
                  0.11    0.00    1.36 ^ _213_/B (sky130_fd_sc_hd__and2_1)
                  0.05    0.14    1.50 ^ _213_/X (sky130_fd_sc_hd__and2_1)
     1    0.00                           _086_ (net)
                  0.05    0.00    1.50 ^ _214_/A (sky130_fd_sc_hd__clkbuf_1)
                  0.04    0.08    1.59 ^ _214_/X (sky130_fd_sc_hd__clkbuf_1)
     1    0.00                           _022_ (net)
                  0.04    0.00    1.59 ^ _283_/D (sky130_fd_sc_hd__dfrtp_1)
                                  1.59   data arrival time

                         20.00   20.00   clock clk (rise edge)
                          0.00   20.00   clock source latency
                  0.07    0.04   20.04 ^ clk (in)
     1    0.01                           clk (net)
                  0.07    0.00   20.04 ^ clkbuf_0_clk/A (sky130_fd_sc_hd__clkbuf_16)
                  0.06    0.15   20.19 ^ clkbuf_0_clk/X (sky130_fd_sc_hd__clkbuf_16)
     4    0.04                           clknet_0_clk (net)
                  0.06    0.00   20.19 ^ clkbuf_2_2__f_clk/A (sky130_fd_sc_hd__clkbuf_16)
                  0.04    0.13   20.32 ^ clkbuf_2_2__f_clk/X (sky130_fd_sc_hd__clkbuf_16)
     8    0.02                           clknet_2_2__leaf_clk (net)
                  0.04    0.00   20.32 ^ _283_/CLK (sky130_fd_sc_hd__dfrtp_1)
                         -0.25   20.07   clock uncertainty
                          0.02   20.09   clock reconvergence pessimism
                         -0.06   20.03   library setup time
                                 20.03   data required time
-----------------------------------------------------------------------------
                                 20.03   data required time
                                 -1.59   data arrival time
-----------------------------------------------------------------------------
                                 18.45   slack (MET)


Startpoint: _264_ (rising edge-triggered flip-flop clocked by clk)
Endpoint: _264_ (rising edge-triggered flip-flop clocked by clk)
Path Group: clk
Path Type: max

Fanout     Cap    Slew   Delay    Time   Description
-----------------------------------------------------------------------------
                          0.00    0.00   clock clk (rise edge)
                          0.00    0.00   clock source latency
                  0.07    0.05    0.05 ^ clk (in)
     1    0.01                           clk (net)
                  0.07    0.00    0.05 ^ clkbuf_0_clk/A (sky130_fd_sc_hd__clkbuf_16)
                  0.06    0.16    0.21 ^ clkbuf_0_clk/X (sky130_fd_sc_hd__clkbuf_16)
     4    0.04                           clknet_0_clk (net)
                  0.06    0.00    0.21 ^ clkbuf_2_3__f_clk/A (sky130_fd_sc_hd__clkbuf_16)
                  0.05    0.15    0.36 ^ clkbuf_2_3__f_clk/X (sky130_fd_sc_hd__clkbuf_16)
     9    0.03                           clknet_2_3__leaf_clk (net)
                  0.05    0.00    0.36 ^ _264_/CLK (sky130_fd_sc_hd__dfrtp_1)
                  0.09    0.43    0.80 v _264_/Q (sky130_fd_sc_hd__dfrtp_1)
     5    0.01                           baud_counter[2] (net)
                  0.09    0.00    0.80 v hold12/A (sky130_fd_sc_hd__dlygate4sd3_1)
                  0.06    0.61    1.41 v hold12/X (sky130_fd_sc_hd__dlygate4sd3_1)
     1    0.00                           net30 (net)
                  0.06    0.00    1.41 v _149_/A (sky130_fd_sc_hd__xnor2_1)
                  0.05    0.14    1.55 v _149_/Y (sky130_fd_sc_hd__xnor2_1)
     1    0.00                           _003_ (net)
                  0.05    0.00    1.55 v _264_/D (sky130_fd_sc_hd__dfrtp_1)
                                  1.55   data arrival time

                         20.00   20.00   clock clk (rise edge)
                          0.00   20.00   clock source latency
                  0.07    0.04   20.04 ^ clk (in)
     1    0.01                           clk (net)
                  0.07    0.00   20.04 ^ clkbuf_0_clk/A (sky130_fd_sc_hd__clkbuf_16)
                  0.06    0.15   20.19 ^ clkbuf_0_clk/X (sky130_fd_sc_hd__clkbuf_16)
     4    0.04                           clknet_0_clk (net)
                  0.06    0.00   20.19 ^ clkbuf_2_3__f_clk/A (sky130_fd_sc_hd__clkbuf_16)
                  0.05    0.13   20.33 ^ clkbuf_2_3__f_clk/X (sky130_fd_sc_hd__clkbuf_16)
     9    0.03                           clknet_2_3__leaf_clk (net)
                  0.05    0.00   20.33 ^ _264_/CLK (sky130_fd_sc_hd__dfrtp_1)
                         -0.25   20.08   clock uncertainty
                          0.03   20.11   clock reconvergence pessimism
                         -0.11   20.00   library setup time
                                 20.00   data required time
-----------------------------------------------------------------------------
                                 20.00   data required time
                                 -1.55   data arrival time
-----------------------------------------------------------------------------
                                 18.45   slack (MET)


Startpoint: _273_ (rising edge-triggered flip-flop clocked by clk)
Endpoint: _297_ (rising edge-triggered flip-flop clocked by clk)
Path Group: clk
Path Type: max

Fanout     Cap    Slew   Delay    Time   Description
-----------------------------------------------------------------------------
                          0.00    0.00   clock clk (rise edge)
                          0.00    0.00   clock source latency
                  0.07    0.05    0.05 ^ clk (in)
     1    0.01                           clk (net)
                  0.07    0.00    0.05 ^ clkbuf_0_clk/A (sky130_fd_sc_hd__clkbuf_16)
                  0.06    0.16    0.21 ^ clkbuf_0_clk/X (sky130_fd_sc_hd__clkbuf_16)
     4    0.04                           clknet_0_clk (net)
                  0.06    0.00    0.21 ^ clkbuf_2_2__f_clk/A (sky130_fd_sc_hd__clkbuf_16)
                  0.04    0.14    0.35 ^ clkbuf_2_2__f_clk/X (sky130_fd_sc_hd__clkbuf_16)
     8    0.02                           clknet_2_2__leaf_clk (net)
                  0.04    0.00    0.36 ^ _273_/CLK (sky130_fd_sc_hd__dfrtp_2)
                  0.08    0.46    0.81 v _273_/Q (sky130_fd_sc_hd__dfrtp_2)
     5    0.02                           net12 (net)
                  0.08    0.00    0.81 v _130_/A (sky130_fd_sc_hd__clkbuf_4)
                  0.09    0.21    1.03 v _130_/X (sky130_fd_sc_hd__clkbuf_4)
    10    0.04                           _120_ (net)
                  0.09    0.00    1.03 v _258_/A (sky130_fd_sc_hd__or2b_1)
                  0.07    0.27    1.30 v _258_/X (sky130_fd_sc_hd__or2b_1)
     2    0.01                           _118_ (net)
                  0.07    0.00    1.30 v _261_/B1 (sky130_fd_sc_hd__a32o_1)
                  0.04    0.21    1.51 v _261_/X (sky130_fd_sc_hd__a32o_1)
     1    0.00                           _036_ (net)
                  0.04    0.00    1.51 v _297_/D (sky130_fd_sc_hd__dfrtp_4)
                                  1.51   data arrival time

                         20.00   20.00   clock clk (rise edge)
                          0.00   20.00   clock source latency
                  0.07    0.04   20.04 ^ clk (in)
     1    0.01                           clk (net)
                  0.07    0.00   20.04 ^ clkbuf_0_clk/A (sky130_fd_sc_hd__clkbuf_16)
                  0.06    0.15   20.19 ^ clkbuf_0_clk/X (sky130_fd_sc_hd__clkbuf_16)
     4    0.04                           clknet_0_clk (net)
                  0.06    0.00   20.19 ^ clkbuf_2_1__f_clk/A (sky130_fd_sc_hd__clkbuf_16)
                  0.05    0.14   20.33 ^ clkbuf_2_1__f_clk/X (sky130_fd_sc_hd__clkbuf_16)
    11    0.03                           clknet_2_1__leaf_clk (net)
                  0.05    0.00   20.33 ^ _297_/CLK (sky130_fd_sc_hd__dfrtp_4)
                         -0.25   20.08   clock uncertainty
                          0.02   20.10   clock reconvergence pessimism
                         -0.11   19.99   library setup time
                                 19.99   data required time
-----------------------------------------------------------------------------
                                 19.99   data required time
                                 -1.51   data arrival time
-----------------------------------------------------------------------------
                                 18.48   slack (MET)


Startpoint: _282_ (rising edge-triggered flip-flop clocked by clk)
Endpoint: _282_ (rising edge-triggered flip-flop clocked by clk)
Path Group: clk
Path Type: max

Fanout     Cap    Slew   Delay    Time   Description
-----------------------------------------------------------------------------
                          0.00    0.00   clock clk (rise edge)
                          0.00    0.00   clock source latency
                  0.07    0.05    0.05 ^ clk (in)
     1    0.01                           clk (net)
                  0.07    0.00    0.05 ^ clkbuf_0_clk/A (sky130_fd_sc_hd__clkbuf_16)
                  0.06    0.16    0.21 ^ clkbuf_0_clk/X (sky130_fd_sc_hd__clkbuf_16)
     4    0.04                           clknet_0_clk (net)
                  0.06    0.00    0.21 ^ clkbuf_2_2__f_clk/A (sky130_fd_sc_hd__clkbuf_16)
                  0.04    0.14    0.35 ^ clkbuf_2_2__f_clk/X (sky130_fd_sc_hd__clkbuf_16)
     8    0.02                           clknet_2_2__leaf_clk (net)
                  0.04    0.00    0.36 ^ _282_/CLK (sky130_fd_sc_hd__dfrtp_1)
                  0.05    0.39    0.74 v _282_/Q (sky130_fd_sc_hd__dfrtp_1)
     2    0.01                           idle_counter[8] (net)
                  0.05    0.00    0.74 v hold3/A (sky130_fd_sc_hd__dlygate4sd3_1)
                  0.05    0.58    1.32 v hold3/X (sky130_fd_sc_hd__dlygate4sd3_1)
     1    0.00                           net21 (net)
                  0.05    0.00    1.32 v _212_/A1 (sky130_fd_sc_hd__o21a_1)
                  0.03    0.19    1.51 v _212_/X (sky130_fd_sc_hd__o21a_1)
     1    0.00                           _021_ (net)
                  0.03    0.00    1.51 v _282_/D (sky130_fd_sc_hd__dfrtp_1)
                                  1.51   data arrival time

                         20.00   20.00   clock clk (rise edge)
                          0.00   20.00   clock source latency
                  0.07    0.04   20.04 ^ clk (in)
     1    0.01                           clk (net)
                  0.07    0.00   20.04 ^ clkbuf_0_clk/A (sky130_fd_sc_hd__clkbuf_16)
                  0.06    0.15   20.19 ^ clkbuf_0_clk/X (sky130_fd_sc_hd__clkbuf_16)
     4    0.04                           clknet_0_clk (net)
                  0.06    0.00   20.19 ^ clkbuf_2_2__f_clk/A (sky130_fd_sc_hd__clkbuf_16)
                  0.04    0.13   20.32 ^ clkbuf_2_2__f_clk/X (sky130_fd_sc_hd__clkbuf_16)
     8    0.02                           clknet_2_2__leaf_clk (net)
                  0.04    0.00   20.32 ^ _282_/CLK (sky130_fd_sc_hd__dfrtp_1)
                         -0.25   20.07   clock uncertainty
                          0.03   20.11   clock reconvergence pessimism
                         -0.11   20.00   library setup time
                                 20.00   data required time
-----------------------------------------------------------------------------
                                 20.00   data required time
                                 -1.51   data arrival time
-----------------------------------------------------------------------------
                                 18.48   slack (MET)


Startpoint: _273_ (rising edge-triggered flip-flop clocked by clk)
Endpoint: _265_ (rising edge-triggered flip-flop clocked by clk)
Path Group: clk
Path Type: max

Fanout     Cap    Slew   Delay    Time   Description
-----------------------------------------------------------------------------
                          0.00    0.00   clock clk (rise edge)
                          0.00    0.00   clock source latency
                  0.07    0.05    0.05 ^ clk (in)
     1    0.01                           clk (net)
                  0.07    0.00    0.05 ^ clkbuf_0_clk/A (sky130_fd_sc_hd__clkbuf_16)
                  0.06    0.16    0.21 ^ clkbuf_0_clk/X (sky130_fd_sc_hd__clkbuf_16)
     4    0.04                           clknet_0_clk (net)
                  0.06    0.00    0.21 ^ clkbuf_2_2__f_clk/A (sky130_fd_sc_hd__clkbuf_16)
                  0.04    0.14    0.35 ^ clkbuf_2_2__f_clk/X (sky130_fd_sc_hd__clkbuf_16)
     8    0.02                           clknet_2_2__leaf_clk (net)
                  0.04    0.00    0.36 ^ _273_/CLK (sky130_fd_sc_hd__dfrtp_2)
                  0.08    0.46    0.81 v _273_/Q (sky130_fd_sc_hd__dfrtp_2)
     5    0.02                           net12 (net)
                  0.08    0.00    0.81 v _143_/A_N (sky130_fd_sc_hd__and2b_1)
                  0.09    0.25    1.06 ^ _143_/X (sky130_fd_sc_hd__and2b_1)
     3    0.01                           _037_ (net)
                  0.09    0.00    1.06 ^ _146_/B (sky130_fd_sc_hd__nand2_1)
                  0.10    0.11    1.18 v _146_/Y (sky130_fd_sc_hd__nand2_1)
     3    0.01                           _039_ (net)
                  0.10    0.00    1.18 v _150_/B (sky130_fd_sc_hd__nand2_1)
                  0.07    0.11    1.29 ^ _150_/Y (sky130_fd_sc_hd__nand2_1)
     1    0.01                           _041_ (net)
                  0.07    0.00    1.29 ^ _152_/A (sky130_fd_sc_hd__xnor2_1)
                  0.14    0.13    1.42 ^ _152_/Y (sky130_fd_sc_hd__xnor2_1)
     1    0.00                           _004_ (net)
                  0.14    0.00    1.42 ^ _265_/D (sky130_fd_sc_hd__dfrtp_1)
                                  1.42   data arrival time

                         20.00   20.00   clock clk (rise edge)
                          0.00   20.00   clock source latency
                  0.07    0.04   20.04 ^ clk (in)
     1    0.01                           clk (net)
                  0.07    0.00   20.04 ^ clkbuf_0_clk/A (sky130_fd_sc_hd__clkbuf_16)
                  0.06    0.15   20.19 ^ clkbuf_0_clk/X (sky130_fd_sc_hd__clkbuf_16)
     4    0.04                           clknet_0_clk (net)
                  0.06    0.00   20.19 ^ clkbuf_2_3__f_clk/A (sky130_fd_sc_hd__clkbuf_16)
                  0.05    0.13   20.33 ^ clkbuf_2_3__f_clk/X (sky130_fd_sc_hd__clkbuf_16)
     9    0.03                           clknet_2_3__leaf_clk (net)
                  0.05    0.00   20.33 ^ _265_/CLK (sky130_fd_sc_hd__dfrtp_1)
                         -0.25   20.08   clock uncertainty
                          0.02   20.10   clock reconvergence pessimism
                         -0.08   20.02   library setup time
                                 20.02   data required time
-----------------------------------------------------------------------------
                                 20.02   data required time
                                 -1.42   data arrival time
-----------------------------------------------------------------------------
                                 18.60   slack (MET)


Startpoint: _273_ (rising edge-triggered flip-flop clocked by clk)
Endpoint: _262_ (rising edge-triggered flip-flop clocked by clk)
Path Group: clk
Path Type: max

Fanout     Cap    Slew   Delay    Time   Description
-----------------------------------------------------------------------------
                          0.00    0.00   clock clk (rise edge)
                          0.00    0.00   clock source latency
                  0.07    0.05    0.05 ^ clk (in)
     1    0.01                           clk (net)
                  0.07    0.00    0.05 ^ clkbuf_0_clk/A (sky130_fd_sc_hd__clkbuf_16)
                  0.06    0.16    0.21 ^ clkbuf_0_clk/X (sky130_fd_sc_hd__clkbuf_16)
     4    0.04                           clknet_0_clk (net)
                  0.06    0.00    0.21 ^ clkbuf_2_2__f_clk/A (sky130_fd_sc_hd__clkbuf_16)
                  0.04    0.14    0.35 ^ clkbuf_2_2__f_clk/X (sky130_fd_sc_hd__clkbuf_16)
     8    0.02                           clknet_2_2__leaf_clk (net)
                  0.04    0.00    0.36 ^ _273_/CLK (sky130_fd_sc_hd__dfrtp_2)
                  0.08    0.46    0.81 v _273_/Q (sky130_fd_sc_hd__dfrtp_2)
     5    0.02                           net12 (net)
                  0.08    0.00    0.81 v _130_/A (sky130_fd_sc_hd__clkbuf_4)
                  0.09    0.21    1.03 v _130_/X (sky130_fd_sc_hd__clkbuf_4)
    10    0.04                           _120_ (net)
                  0.09    0.00    1.03 v _144_/B (sky130_fd_sc_hd__and2b_1)
                  0.03    0.18    1.21 v _144_/X (sky130_fd_sc_hd__and2b_1)
     1    0.00                           _038_ (net)
                  0.03    0.00    1.21 v _145_/B (sky130_fd_sc_hd__nor2_1)
                  0.07    0.08    1.28 ^ _145_/Y (sky130_fd_sc_hd__nor2_1)
     1    0.00                           _001_ (net)
                  0.07    0.00    1.28 ^ _262_/D (sky130_fd_sc_hd__dfrtp_1)
                                  1.28   data arrival time

                         20.00   20.00   clock clk (rise edge)
                          0.00   20.00   clock source latency
                  0.07    0.04   20.04 ^ clk (in)
     1    0.01                           clk (net)
                  0.07    0.00   20.04 ^ clkbuf_0_clk/A (sky130_fd_sc_hd__clkbuf_16)
                  0.06    0.15   20.19 ^ clkbuf_0_clk/X (sky130_fd_sc_hd__clkbuf_16)
     4    0.04                           clknet_0_clk (net)
                  0.06    0.00   20.19 ^ clkbuf_2_3__f_clk/A (sky130_fd_sc_hd__clkbuf_16)
                  0.05    0.13   20.33 ^ clkbuf_2_3__f_clk/X (sky130_fd_sc_hd__clkbuf_16)
     9    0.03                           clknet_2_3__leaf_clk (net)
                  0.05    0.00   20.33 ^ _262_/CLK (sky130_fd_sc_hd__dfrtp_1)
                         -0.25   20.08   clock uncertainty
                          0.02   20.10   clock reconvergence pessimism
                         -0.06   20.03   library setup time
                                 20.03   data required time
-----------------------------------------------------------------------------
                                 20.03   data required time
                                 -1.28   data arrival time
-----------------------------------------------------------------------------
                                 18.75   slack (MET)



