
===========================================================================
report_checks -path_delay min (Hold)
============================================================================
======================= Typical Corner ===================================

Startpoint: _291_ (rising edge-triggered flip-flop clocked by clk)
Endpoint: _291_ (rising edge-triggered flip-flop clocked by clk)
Path Group: clk
Path Type: min

Fanout     Cap    Slew   Delay    Time   Description
-----------------------------------------------------------------------------
                          0.00    0.00   clock clk (rise edge)
                          0.00    0.00   clock source latency
                  0.07    0.04    0.04 ^ clk (in)
     1    0.01                           clk (net)
                  0.07    0.00    0.04 ^ clkbuf_0_clk/A (sky130_fd_sc_hd__clkbuf_16)
                  0.06    0.15    0.19 ^ clkbuf_0_clk/X (sky130_fd_sc_hd__clkbuf_16)
     4    0.04                           clknet_0_clk (net)
                  0.06    0.00    0.19 ^ clkbuf_2_0__f_clk/A (sky130_fd_sc_hd__clkbuf_16)
                  0.05    0.13    0.32 ^ clkbuf_2_0__f_clk/X (sky130_fd_sc_hd__clkbuf_16)
     9    0.03                           clknet_2_0__leaf_clk (net)
                  0.05    0.00    0.33 ^ _291_/CLK (sky130_fd_sc_hd__dfrtp_1)
                  0.06    0.32    0.64 ^ _291_/Q (sky130_fd_sc_hd__dfrtp_1)
     2    0.01                           shift_reg[3] (net)
                  0.06    0.00    0.64 ^ _244_/A0 (sky130_fd_sc_hd__mux2_1)
                  0.04    0.11    0.75 ^ _244_/X (sky130_fd_sc_hd__mux2_1)
     1    0.00                           _109_ (net)
                  0.04    0.00    0.75 ^ _245_/A (sky130_fd_sc_hd__clkbuf_1)
                  0.04    0.07    0.82 ^ _245_/X (sky130_fd_sc_hd__clkbuf_1)
     1    0.00                           _030_ (net)
                  0.04    0.00    0.82 ^ _291_/D (sky130_fd_sc_hd__dfrtp_1)
                                  0.82   data arrival time

                          0.00    0.00   clock clk (rise edge)
                          0.00    0.00   clock source latency
                  0.07    0.05    0.05 ^ clk (in)
     1    0.01                           clk (net)
                  0.07    0.00    0.05 ^ clkbuf_0_clk/A (sky130_fd_sc_hd__clkbuf_16)
                  0.06    0.16    0.21 ^ clkbuf_0_clk/X (sky130_fd_sc_hd__clkbuf_16)
     4    0.04                           clknet_0_clk (net)
                  0.06    0.00    0.21 ^ clkbuf_2_0__f_clk/A (sky130_fd_sc_hd__clkbuf_16)
                  0.05    0.15    0.36 ^ clkbuf_2_0__f_clk/X (sky130_fd_sc_hd__clkbuf_16)
     9    0.03                           clknet_2_0__leaf_clk (net)
                  0.05    0.00    0.36 ^ _291_/CLK (sky130_fd_sc_hd__dfrtp_1)
                          0.25    0.61   clock uncertainty
                         -0.03    0.58   clock reconvergence pessimism
                         -0.03    0.54   library hold time
                                  0.54   data required time
-----------------------------------------------------------------------------
                                  0.54   data required time
                                 -0.82   data arrival time
-----------------------------------------------------------------------------
                                  0.28   slack (MET)


Startpoint: _290_ (rising edge-triggered flip-flop clocked by clk)
Endpoint: _290_ (rising edge-triggered flip-flop clocked by clk)
Path Group: clk
Path Type: min

Fanout     Cap    Slew   Delay    Time   Description
-----------------------------------------------------------------------------
                          0.00    0.00   clock clk (rise edge)
                          0.00    0.00   clock source latency
                  0.07    0.04    0.04 ^ clk (in)
     1    0.01                           clk (net)
                  0.07    0.00    0.04 ^ clkbuf_0_clk/A (sky130_fd_sc_hd__clkbuf_16)
                  0.06    0.15    0.19 ^ clkbuf_0_clk/X (sky130_fd_sc_hd__clkbuf_16)
     4    0.04                           clknet_0_clk (net)
                  0.06    0.00    0.19 ^ clkbuf_2_0__f_clk/A (sky130_fd_sc_hd__clkbuf_16)
                  0.05    0.13    0.32 ^ clkbuf_2_0__f_clk/X (sky130_fd_sc_hd__clkbuf_16)
     9    0.03                           clknet_2_0__leaf_clk (net)
                  0.05    0.00    0.33 ^ _290_/CLK (sky130_fd_sc_hd__dfrtp_1)
                  0.07    0.32    0.64 ^ _290_/Q (sky130_fd_sc_hd__dfrtp_1)
     2    0.01                           shift_reg[2] (net)
                  0.07    0.00    0.64 ^ _241_/A0 (sky130_fd_sc_hd__mux2_1)
                  0.04    0.11    0.76 ^ _241_/X (sky130_fd_sc_hd__mux2_1)
     1    0.00                           _107_ (net)
                  0.04    0.00    0.76 ^ _242_/A (sky130_fd_sc_hd__clkbuf_1)
                  0.04    0.07    0.83 ^ _242_/X (sky130_fd_sc_hd__clkbuf_1)
     1    0.00                           _029_ (net)
                  0.04    0.00    0.83 ^ _290_/D (sky130_fd_sc_hd__dfrtp_1)
                                  0.83   data arrival time

                          0.00    0.00   clock clk (rise edge)
                          0.00    0.00   clock source latency
                  0.07    0.05    0.05 ^ clk (in)
     1    0.01                           clk (net)
                  0.07    0.00    0.05 ^ clkbuf_0_clk/A (sky130_fd_sc_hd__clkbuf_16)
                  0.06    0.16    0.21 ^ clkbuf_0_clk/X (sky130_fd_sc_hd__clkbuf_16)
     4    0.04                           clknet_0_clk (net)
                  0.06    0.00    0.21 ^ clkbuf_2_0__f_clk/A (sky130_fd_sc_hd__clkbuf_16)
                  0.05    0.15    0.36 ^ clkbuf_2_0__f_clk/X (sky130_fd_sc_hd__clkbuf_16)
     9    0.03                           clknet_2_0__leaf_clk (net)
                  0.05    0.00    0.36 ^ _290_/CLK (sky130_fd_sc_hd__dfrtp_1)
                          0.25    0.61   clock uncertainty
                         -0.03    0.58   clock reconvergence pessimism
                         -0.03    0.54   library hold time
                                  0.54   data required time
-----------------------------------------------------------------------------
                                  0.54   data required time
                                 -0.83   data arrival time
-----------------------------------------------------------------------------
                                  0.28   slack (MET)


Startpoint: _276_ (rising edge-triggered flip-flop clocked by clk)
Endpoint: _276_ (rising edge-triggered flip-flop clocked by clk)
Path Group: clk
Path Type: min

Fanout     Cap    Slew   Delay    Time   Description
-----------------------------------------------------------------------------
                          0.00    0.00   clock clk (rise edge)
                          0.00    0.00   clock source latency
                  0.07    0.04    0.04 ^ clk (in)
     1    0.01                           clk (net)
                  0.07    0.00    0.04 ^ clkbuf_0_clk/A (sky130_fd_sc_hd__clkbuf_16)
                  0.06    0.15    0.19 ^ clkbuf_0_clk/X (sky130_fd_sc_hd__clkbuf_16)
     4    0.04                           clknet_0_clk (net)
                  0.06    0.00    0.19 ^ clkbuf_2_2__f_clk/A (sky130_fd_sc_hd__clkbuf_16)
                  0.04    0.13    0.32 ^ clkbuf_2_2__f_clk/X (sky130_fd_sc_hd__clkbuf_16)
     8    0.02                           clknet_2_2__leaf_clk (net)
                  0.04    0.00    0.32 ^ _276_/CLK (sky130_fd_sc_hd__dfrtp_2)
                  0.11    0.38    0.70 ^ _276_/Q (sky130_fd_sc_hd__dfrtp_2)
     6    0.02                           idle_counter[2] (net)
                  0.11    0.00    0.70 ^ _193_/B2 (sky130_fd_sc_hd__a32o_1)
                  0.05    0.12    0.82 ^ _193_/X (sky130_fd_sc_hd__a32o_1)
     1    0.00                           _015_ (net)
                  0.05    0.00    0.82 ^ _276_/D (sky130_fd_sc_hd__dfrtp_2)
                                  0.82   data arrival time

                          0.00    0.00   clock clk (rise edge)
                          0.00    0.00   clock source latency
                  0.07    0.05    0.05 ^ clk (in)
     1    0.01                           clk (net)
                  0.07    0.00    0.05 ^ clkbuf_0_clk/A (sky130_fd_sc_hd__clkbuf_16)
                  0.06    0.16    0.21 ^ clkbuf_0_clk/X (sky130_fd_sc_hd__clkbuf_16)
     4    0.04                           clknet_0_clk (net)
                  0.06    0.00    0.21 ^ clkbuf_2_2__f_clk/A (sky130_fd_sc_hd__clkbuf_16)
                  0.04    0.14    0.35 ^ clkbuf_2_2__f_clk/X (sky130_fd_sc_hd__clkbuf_16)
     8    0.02                           clknet_2_2__leaf_clk (net)
                  0.04    0.00    0.36 ^ _276_/CLK (sky130_fd_sc_hd__dfrtp_2)
                          0.25    0.61   clock uncertainty
                         -0.03    0.57   clock reconvergence pessimism
                         -0.04    0.54   library hold time
                                  0.54   data required time
-----------------------------------------------------------------------------
                                  0.54   data required time
                                 -0.82   data arrival time
-----------------------------------------------------------------------------
                                  0.29   slack (MET)


Startpoint: _292_ (rising edge-triggered flip-flop clocked by clk)
Endpoint: _292_ (rising edge-triggered flip-flop clocked by clk)
Path Group: clk
Path Type: min

Fanout     Cap    Slew   Delay    Time   Description
-----------------------------------------------------------------------------
                          0.00    0.00   clock clk (rise edge)
                          0.00    0.00   clock source latency
                  0.07    0.04    0.04 ^ clk (in)
     1    0.01                           clk (net)
                  0.07    0.00    0.04 ^ clkbuf_0_clk/A (sky130_fd_sc_hd__clkbuf_16)
                  0.06    0.15    0.19 ^ clkbuf_0_clk/X (sky130_fd_sc_hd__clkbuf_16)
     4    0.04                           clknet_0_clk (net)
                  0.06    0.00    0.19 ^ clkbuf_2_0__f_clk/A (sky130_fd_sc_hd__clkbuf_16)
                  0.05    0.13    0.32 ^ clkbuf_2_0__f_clk/X (sky130_fd_sc_hd__clkbuf_16)
     9    0.03                           clknet_2_0__leaf_clk (net)
                  0.05    0.00    0.33 ^ _292_/CLK (sky130_fd_sc_hd__dfrtp_1)
                  0.06    0.32    0.64 ^ _292_/Q (sky130_fd_sc_hd__dfrtp_1)
     2    0.01                           shift_reg[4] (net)
                  0.06    0.00    0.64 ^ _247_/A0 (sky130_fd_sc_hd__mux2_1)
                  0.05    0.12    0.76 ^ _247_/X (sky130_fd_sc_hd__mux2_1)
     1    0.00                           _111_ (net)
                  0.05    0.00    0.76 ^ _248_/A (sky130_fd_sc_hd__clkbuf_1)
                  0.04    0.07    0.83 ^ _248_/X (sky130_fd_sc_hd__clkbuf_1)
     1    0.00                           _031_ (net)
                  0.04    0.00    0.83 ^ _292_/D (sky130_fd_sc_hd__dfrtp_1)
                                  0.83   data arrival time

                          0.00    0.00   clock clk (rise edge)
                          0.00    0.00   clock source latency
                  0.07    0.05    0.05 ^ clk (in)
     1    0.01                           clk (net)
                  0.07    0.00    0.05 ^ clkbuf_0_clk/A (sky130_fd_sc_hd__clkbuf_16)
                  0.06    0.16    0.21 ^ clkbuf_0_clk/X (sky130_fd_sc_hd__clkbuf_16)
     4    0.04                           clknet_0_clk (net)
                  0.06    0.00    0.21 ^ clkbuf_2_0__f_clk/A (sky130_fd_sc_hd__clkbuf_16)
                  0.05    0.15    0.36 ^ clkbuf_2_0__f_clk/X (sky130_fd_sc_hd__clkbuf_16)
     9    0.03                           clknet_2_0__leaf_clk (net)
                  0.05    0.00    0.36 ^ _292_/CLK (sky130_fd_sc_hd__dfrtp_1)
                          0.25    0.61   clock uncertainty
                         -0.03    0.58   clock reconvergence pessimism
                         -0.03    0.54   library hold time
                                  0.54   data required time
-----------------------------------------------------------------------------
                                  0.54   data required time
                                 -0.83   data arrival time
-----------------------------------------------------------------------------
                                  0.29   slack (MET)


Startpoint: _294_ (rising edge-triggered flip-flop clocked by clk)
Endpoint: _294_ (rising edge-triggered flip-flop clocked by clk)
Path Group: clk
Path Type: min

Fanout     Cap    Slew   Delay    Time   Description
-----------------------------------------------------------------------------
                          0.00    0.00   clock clk (rise edge)
                          0.00    0.00   clock source latency
                  0.07    0.04    0.04 ^ clk (in)
     1    0.01                           clk (net)
                  0.07    0.00    0.04 ^ clkbuf_0_clk/A (sky130_fd_sc_hd__clkbuf_16)
                  0.06    0.15    0.19 ^ clkbuf_0_clk/X (sky130_fd_sc_hd__clkbuf_16)
     4    0.04                           clknet_0_clk (net)
                  0.06    0.00    0.19 ^ clkbuf_2_0__f_clk/A (sky130_fd_sc_hd__clkbuf_16)
                  0.05    0.13    0.32 ^ clkbuf_2_0__f_clk/X (sky130_fd_sc_hd__clkbuf_16)
     9    0.03                           clknet_2_0__leaf_clk (net)
                  0.05    0.00    0.33 ^ _294_/CLK (sky130_fd_sc_hd__dfrtp_1)
                  0.07    0.32    0.64 ^ _294_/Q (sky130_fd_sc_hd__dfrtp_1)
     2    0.01                           shift_reg[6] (net)
                  0.07    0.00    0.64 ^ _253_/A0 (sky130_fd_sc_hd__mux2_1)
                  0.04    0.11    0.76 ^ _253_/X (sky130_fd_sc_hd__mux2_1)
     1    0.00                           _115_ (net)
                  0.04    0.00    0.76 ^ _254_/A (sky130_fd_sc_hd__clkbuf_1)
                  0.05    0.08    0.83 ^ _254_/X (sky130_fd_sc_hd__clkbuf_1)
     1    0.00                           _033_ (net)
                  0.05    0.00    0.83 ^ _294_/D (sky130_fd_sc_hd__dfrtp_1)
                                  0.83   data arrival time

                          0.00    0.00   clock clk (rise edge)
                          0.00    0.00   clock source latency
                  0.07    0.05    0.05 ^ clk (in)
     1    0.01                           clk (net)
                  0.07    0.00    0.05 ^ clkbuf_0_clk/A (sky130_fd_sc_hd__clkbuf_16)
                  0.06    0.16    0.21 ^ clkbuf_0_clk/X (sky130_fd_sc_hd__clkbuf_16)
     4    0.04                           clknet_0_clk (net)
                  0.06    0.00    0.21 ^ clkbuf_2_0__f_clk/A (sky130_fd_sc_hd__clkbuf_16)
                  0.05    0.15    0.36 ^ clkbuf_2_0__f_clk/X (sky130_fd_sc_hd__clkbuf_16)
     9    0.03                           clknet_2_0__leaf_clk (net)
                  0.05    0.00    0.36 ^ _294_/CLK (sky130_fd_sc_hd__dfrtp_1)
                          0.25    0.61   clock uncertainty
                         -0.03    0.58   clock reconvergence pessimism
                         -0.03    0.54   library hold time
                                  0.54   data required time
-----------------------------------------------------------------------------
                                  0.54   data required time
                                 -0.83   data arrival time
-----------------------------------------------------------------------------
                                  0.29   slack (MET)


Startpoint: _269_ (rising edge-triggered flip-flop clocked by clk)
Endpoint: _269_ (rising edge-triggered flip-flop clocked by clk)
Path Group: clk
Path Type: min

Fanout     Cap    Slew   Delay    Time   Description
-----------------------------------------------------------------------------
                          0.00    0.00   clock clk (rise edge)
                          0.00    0.00   clock source latency
                  0.07    0.04    0.04 ^ clk (in)
     1    0.01                           clk (net)
                  0.07    0.00    0.04 ^ clkbuf_0_clk/A (sky130_fd_sc_hd__clkbuf_16)
                  0.06    0.15    0.19 ^ clkbuf_0_clk/X (sky130_fd_sc_hd__clkbuf_16)
     4    0.04                           clknet_0_clk (net)
                  0.06    0.00    0.19 ^ clkbuf_2_1__f_clk/A (sky130_fd_sc_hd__clkbuf_16)
                  0.05    0.14    0.33 ^ clkbuf_2_1__f_clk/X (sky130_fd_sc_hd__clkbuf_16)
    11    0.03                           clknet_2_1__leaf_clk (net)
                  0.05    0.00    0.33 ^ _269_/CLK (sky130_fd_sc_hd__dfrtp_2)
                  0.10    0.38    0.71 ^ _269_/Q (sky130_fd_sc_hd__dfrtp_2)
     5    0.02                           baud_counter[7] (net)
                  0.10    0.00    0.71 ^ _165_/A2 (sky130_fd_sc_hd__a22o_1)
                  0.04    0.13    0.84 ^ _165_/X (sky130_fd_sc_hd__a22o_1)
     1    0.00                           _008_ (net)
                  0.04    0.00    0.84 ^ _269_/D (sky130_fd_sc_hd__dfrtp_2)
                                  0.84   data arrival time

                          0.00    0.00   clock clk (rise edge)
                          0.00    0.00   clock source latency
                  0.07    0.05    0.05 ^ clk (in)
     1    0.01                           clk (net)
                  0.07    0.00    0.05 ^ clkbuf_0_clk/A (sky130_fd_sc_hd__clkbuf_16)
                  0.06    0.16    0.21 ^ clkbuf_0_clk/X (sky130_fd_sc_hd__clkbuf_16)
     4    0.04                           clknet_0_clk (net)
                  0.06    0.00    0.21 ^ clkbuf_2_1__f_clk/A (sky130_fd_sc_hd__clkbuf_16)
                  0.05    0.15    0.36 ^ clkbuf_2_1__f_clk/X (sky130_fd_sc_hd__clkbuf_16)
    11    0.03                           clknet_2_1__leaf_clk (net)
                  0.05    0.00    0.36 ^ _269_/CLK (sky130_fd_sc_hd__dfrtp_2)
                          0.25    0.61   clock uncertainty
                         -0.03    0.58   clock reconvergence pessimism
                         -0.03    0.55   library hold time
                                  0.55   data required time
-----------------------------------------------------------------------------
                                  0.55   data required time
                                 -0.84   data arrival time
-----------------------------------------------------------------------------
                                  0.29   slack (MET)


Startpoint: _289_ (rising edge-triggered flip-flop clocked by clk)
Endpoint: _289_ (rising edge-triggered flip-flop clocked by clk)
Path Group: clk
Path Type: min

Fanout     Cap    Slew   Delay    Time   Description
-----------------------------------------------------------------------------
                          0.00    0.00   clock clk (rise edge)
                          0.00    0.00   clock source latency
                  0.07    0.04    0.04 ^ clk (in)
     1    0.01                           clk (net)
                  0.07    0.00    0.04 ^ clkbuf_0_clk/A (sky130_fd_sc_hd__clkbuf_16)
                  0.06    0.15    0.19 ^ clkbuf_0_clk/X (sky130_fd_sc_hd__clkbuf_16)
     4    0.04                           clknet_0_clk (net)
                  0.06    0.00    0.19 ^ clkbuf_2_0__f_clk/A (sky130_fd_sc_hd__clkbuf_16)
                  0.05    0.13    0.32 ^ clkbuf_2_0__f_clk/X (sky130_fd_sc_hd__clkbuf_16)
     9    0.03                           clknet_2_0__leaf_clk (net)
                  0.05    0.00    0.33 ^ _289_/CLK (sky130_fd_sc_hd__dfrtp_1)
                  0.07    0.32    0.65 ^ _289_/Q (sky130_fd_sc_hd__dfrtp_1)
     2    0.01                           shift_reg[1] (net)
                  0.07    0.00    0.65 ^ _238_/A0 (sky130_fd_sc_hd__mux2_1)
                  0.04    0.12    0.77 ^ _238_/X (sky130_fd_sc_hd__mux2_1)
     1    0.00                           _105_ (net)
                  0.04    0.00    0.77 ^ _239_/A (sky130_fd_sc_hd__clkbuf_1)
                  0.04    0.07    0.84 ^ _239_/X (sky130_fd_sc_hd__clkbuf_1)
     1    0.00                           _028_ (net)
                  0.04    0.00    0.84 ^ _289_/D (sky130_fd_sc_hd__dfrtp_1)
                                  0.84   data arrival time

                          0.00    0.00   clock clk (rise edge)
                          0.00    0.00   clock source latency
                  0.07    0.05    0.05 ^ clk (in)
     1    0.01                           clk (net)
                  0.07    0.00    0.05 ^ clkbuf_0_clk/A (sky130_fd_sc_hd__clkbuf_16)
                  0.06    0.16    0.21 ^ clkbuf_0_clk/X (sky130_fd_sc_hd__clkbuf_16)
     4    0.04                           clknet_0_clk (net)
                  0.06    0.00    0.21 ^ clkbuf_2_0__f_clk/A (sky130_fd_sc_hd__clkbuf_16)
                  0.05    0.15    0.36 ^ clkbuf_2_0__f_clk/X (sky130_fd_sc_hd__clkbuf_16)
     9    0.03                           clknet_2_0__leaf_clk (net)
                  0.05    0.00    0.36 ^ _289_/CLK (sky130_fd_sc_hd__dfrtp_1)
                          0.25    0.61   clock uncertainty
                         -0.03    0.58   clock reconvergence pessimism
                         -0.03    0.54   library hold time
                                  0.54   data required time
-----------------------------------------------------------------------------
                                  0.54   data required time
                                 -0.84   data arrival time
-----------------------------------------------------------------------------
                                  0.29   slack (MET)


Startpoint: _293_ (rising edge-triggered flip-flop clocked by clk)
Endpoint: _293_ (rising edge-triggered flip-flop clocked by clk)
Path Group: clk
Path Type: min

Fanout     Cap    Slew   Delay    Time   Description
-----------------------------------------------------------------------------
                          0.00    0.00   clock clk (rise edge)
                          0.00    0.00   clock source latency
                  0.07    0.04    0.04 ^ clk (in)
     1    0.01                           clk (net)
                  0.07    0.00    0.04 ^ clkbuf_0_clk/A (sky130_fd_sc_hd__clkbuf_16)
                  0.06    0.15    0.19 ^ clkbuf_0_clk/X (sky130_fd_sc_hd__clkbuf_16)
     4    0.04                           clknet_0_clk (net)
                  0.06    0.00    0.19 ^ clkbuf_2_0__f_clk/A (sky130_fd_sc_hd__clkbuf_16)
                  0.05    0.13    0.32 ^ clkbuf_2_0__f_clk/X (sky130_fd_sc_hd__clkbuf_16)
     9    0.03                           clknet_2_0__leaf_clk (net)
                  0.05    0.00    0.33 ^ _293_/CLK (sky130_fd_sc_hd__dfrtp_1)
                  0.07    0.32    0.65 ^ _293_/Q (sky130_fd_sc_hd__dfrtp_1)
     2    0.01                           shift_reg[5] (net)
                  0.07    0.00    0.65 ^ _250_/A0 (sky130_fd_sc_hd__mux2_1)
                  0.04    0.12    0.77 ^ _250_/X (sky130_fd_sc_hd__mux2_1)
     1    0.00                           _113_ (net)
                  0.04    0.00    0.77 ^ _251_/A (sky130_fd_sc_hd__clkbuf_1)
                  0.04    0.07    0.84 ^ _251_/X (sky130_fd_sc_hd__clkbuf_1)
     1    0.00                           _032_ (net)
                  0.04    0.00    0.84 ^ _293_/D (sky130_fd_sc_hd__dfrtp_1)
                                  0.84   data arrival time

                          0.00    0.00   clock clk (rise edge)
                          0.00    0.00   clock source latency
                  0.07    0.05    0.05 ^ clk (in)
     1    0.01                           clk (net)
                  0.07    0.00    0.05 ^ clkbuf_0_clk/A (sky130_fd_sc_hd__clkbuf_16)
                  0.06    0.16    0.21 ^ clkbuf_0_clk/X (sky130_fd_sc_hd__clkbuf_16)
     4    0.04                           clknet_0_clk (net)
                  0.06    0.00    0.21 ^ clkbuf_2_0__f_clk/A (sky130_fd_sc_hd__clkbuf_16)
                  0.05    0.15    0.36 ^ clkbuf_2_0__f_clk/X (sky130_fd_sc_hd__clkbuf_16)
     9    0.03                           clknet_2_0__leaf_clk (net)
                  0.05    0.00    0.36 ^ _293_/CLK (sky130_fd_sc_hd__dfrtp_1)
                          0.25    0.61   clock uncertainty
                         -0.03    0.58   clock reconvergence pessimism
                         -0.03    0.54   library hold time
                                  0.54   data required time
-----------------------------------------------------------------------------
                                  0.54   data required time
                                 -0.84   data arrival time
-----------------------------------------------------------------------------
                                  0.30   slack (MET)


Startpoint: _284_ (rising edge-triggered flip-flop clocked by clk)
Endpoint: _284_ (rising edge-triggered flip-flop clocked by clk)
Path Group: clk
Path Type: min

Fanout     Cap    Slew   Delay    Time   Description
-----------------------------------------------------------------------------
                          0.00    0.00   clock clk (rise edge)
                          0.00    0.00   clock source latency
                  0.07    0.04    0.04 ^ clk (in)
     1    0.01                           clk (net)
                  0.07    0.00    0.04 ^ clkbuf_0_clk/A (sky130_fd_sc_hd__clkbuf_16)
                  0.06    0.15    0.19 ^ clkbuf_0_clk/X (sky130_fd_sc_hd__clkbuf_16)
     4    0.04                           clknet_0_clk (net)
                  0.06    0.00    0.19 ^ clkbuf_2_1__f_clk/A (sky130_fd_sc_hd__clkbuf_16)
                  0.05    0.14    0.33 ^ clkbuf_2_1__f_clk/X (sky130_fd_sc_hd__clkbuf_16)
    11    0.03                           clknet_2_1__leaf_clk (net)
                  0.05    0.00    0.33 ^ _284_/CLK (sky130_fd_sc_hd__dfrtp_1)
                  0.14    0.37    0.70 ^ _284_/Q (sky130_fd_sc_hd__dfrtp_1)
     5    0.01                           bit_count[0] (net)
                  0.14    0.00    0.70 ^ _220_/A1 (sky130_fd_sc_hd__o21ba_1)
                  0.05    0.14    0.84 ^ _220_/X (sky130_fd_sc_hd__o21ba_1)
     1    0.00                           _023_ (net)
                  0.05    0.00    0.84 ^ _284_/D (sky130_fd_sc_hd__dfrtp_1)
                                  0.84   data arrival time

                          0.00    0.00   clock clk (rise edge)
                          0.00    0.00   clock source latency
                  0.07    0.05    0.05 ^ clk (in)
     1    0.01                           clk (net)
                  0.07    0.00    0.05 ^ clkbuf_0_clk/A (sky130_fd_sc_hd__clkbuf_16)
                  0.06    0.16    0.21 ^ clkbuf_0_clk/X (sky130_fd_sc_hd__clkbuf_16)
     4    0.04                           clknet_0_clk (net)
                  0.06    0.00    0.21 ^ clkbuf_2_1__f_clk/A (sky130_fd_sc_hd__clkbuf_16)
                  0.05    0.15    0.36 ^ clkbuf_2_1__f_clk/X (sky130_fd_sc_hd__clkbuf_16)
    11    0.03                           clknet_2_1__leaf_clk (net)
                  0.05    0.00    0.36 ^ _284_/CLK (sky130_fd_sc_hd__dfrtp_1)
                          0.25    0.61   clock uncertainty
                         -0.03    0.58   clock reconvergence pessimism
                         -0.03    0.55   library hold time
                                  0.55   data required time
-----------------------------------------------------------------------------
                                  0.55   data required time
                                 -0.84   data arrival time
-----------------------------------------------------------------------------
                                  0.30   slack (MET)


Startpoint: _288_ (rising edge-triggered flip-flop clocked by clk)
Endpoint: _288_ (rising edge-triggered flip-flop clocked by clk)
Path Group: clk
Path Type: min

Fanout     Cap    Slew   Delay    Time   Description
-----------------------------------------------------------------------------
                          0.00    0.00   clock clk (rise edge)
                          0.00    0.00   clock source latency
                  0.07    0.04    0.04 ^ clk (in)
     1    0.01                           clk (net)
                  0.07    0.00    0.04 ^ clkbuf_0_clk/A (sky130_fd_sc_hd__clkbuf_16)
                  0.06    0.15    0.19 ^ clkbuf_0_clk/X (sky130_fd_sc_hd__clkbuf_16)
     4    0.04                           clknet_0_clk (net)
                  0.06    0.00    0.19 ^ clkbuf_2_0__f_clk/A (sky130_fd_sc_hd__clkbuf_16)
                  0.05    0.13    0.32 ^ clkbuf_2_0__f_clk/X (sky130_fd_sc_hd__clkbuf_16)
     9    0.03                           clknet_2_0__leaf_clk (net)
                  0.05    0.00    0.33 ^ _288_/CLK (sky130_fd_sc_hd__dfrtp_1)
                  0.08    0.33    0.65 ^ _288_/Q (sky130_fd_sc_hd__dfrtp_1)
     2    0.01                           shift_reg[0] (net)
                  0.08    0.00    0.65 ^ _235_/A0 (sky130_fd_sc_hd__mux2_1)
                  0.05    0.12    0.78 ^ _235_/X (sky130_fd_sc_hd__mux2_1)
     1    0.00                           _103_ (net)
                  0.05    0.00    0.78 ^ _236_/A (sky130_fd_sc_hd__clkbuf_1)
                  0.04    0.07    0.85 ^ _236_/X (sky130_fd_sc_hd__clkbuf_1)
     1    0.00                           _027_ (net)
                  0.04    0.00    0.85 ^ _288_/D (sky130_fd_sc_hd__dfrtp_1)
                                  0.85   data arrival time

                          0.00    0.00   clock clk (rise edge)
                          0.00    0.00   clock source latency
                  0.07    0.05    0.05 ^ clk (in)
     1    0.01                           clk (net)
                  0.07    0.00    0.05 ^ clkbuf_0_clk/A (sky130_fd_sc_hd__clkbuf_16)
                  0.06    0.16    0.21 ^ clkbuf_0_clk/X (sky130_fd_sc_hd__clkbuf_16)
     4    0.04                           clknet_0_clk (net)
                  0.06    0.00    0.21 ^ clkbuf_2_0__f_clk/A (sky130_fd_sc_hd__clkbuf_16)
                  0.05    0.15    0.36 ^ clkbuf_2_0__f_clk/X (sky130_fd_sc_hd__clkbuf_16)
     9    0.03                           clknet_2_0__leaf_clk (net)
                  0.05    0.00    0.36 ^ _288_/CLK (sky130_fd_sc_hd__dfrtp_1)
                          0.25    0.61   clock uncertainty
                         -0.03    0.58   clock reconvergence pessimism
                         -0.03    0.54   library hold time
                                  0.54   data required time
-----------------------------------------------------------------------------
                                  0.54   data required time
                                 -0.85   data arrival time
-----------------------------------------------------------------------------
                                  0.31   slack (MET)


Startpoint: _298_ (rising edge-triggered flip-flop clocked by clk)
Endpoint: _297_ (rising edge-triggered flip-flop clocked by clk)
Path Group: clk
Path Type: min

Fanout     Cap    Slew   Delay    Time   Description
-----------------------------------------------------------------------------
                          0.00    0.00   clock clk (rise edge)
                          0.00    0.00   clock source latency
                  0.07    0.04    0.04 ^ clk (in)
     1    0.01                           clk (net)
                  0.07    0.00    0.04 ^ clkbuf_0_clk/A (sky130_fd_sc_hd__clkbuf_16)
                  0.06    0.15    0.19 ^ clkbuf_0_clk/X (sky130_fd_sc_hd__clkbuf_16)
     4    0.04                           clknet_0_clk (net)
                  0.06    0.00    0.19 ^ clkbuf_2_1__f_clk/A (sky130_fd_sc_hd__clkbuf_16)
                  0.05    0.14    0.33 ^ clkbuf_2_1__f_clk/X (sky130_fd_sc_hd__clkbuf_16)
    11    0.03                           clknet_2_1__leaf_clk (net)
                  0.05    0.00    0.33 ^ _298_/CLK (sky130_fd_sc_hd__dfrtp_1)
                  0.13    0.37    0.70 ^ _298_/Q (sky130_fd_sc_hd__dfrtp_1)
     4    0.01                           baud_tick (net)
                  0.13    0.00    0.70 ^ _261_/A1 (sky130_fd_sc_hd__a32o_1)
                  0.05    0.16    0.86 ^ _261_/X (sky130_fd_sc_hd__a32o_1)
     1    0.00                           _036_ (net)
                  0.05    0.00    0.86 ^ _297_/D (sky130_fd_sc_hd__dfrtp_4)
                                  0.86   data arrival time

                          0.00    0.00   clock clk (rise edge)
                          0.00    0.00   clock source latency
                  0.07    0.05    0.05 ^ clk (in)
     1    0.01                           clk (net)
                  0.07    0.00    0.05 ^ clkbuf_0_clk/A (sky130_fd_sc_hd__clkbuf_16)
                  0.06    0.16    0.21 ^ clkbuf_0_clk/X (sky130_fd_sc_hd__clkbuf_16)
     4    0.04                           clknet_0_clk (net)
                  0.06    0.00    0.21 ^ clkbuf_2_1__f_clk/A (sky130_fd_sc_hd__clkbuf_16)
                  0.05    0.15    0.36 ^ clkbuf_2_1__f_clk/X (sky130_fd_sc_hd__clkbuf_16)
    11    0.03                           clknet_2_1__leaf_clk (net)
                  0.05    0.00    0.36 ^ _297_/CLK (sky130_fd_sc_hd__dfrtp_4)
                          0.25    0.61   clock uncertainty
                         -0.03    0.58   clock reconvergence pessimism
                         -0.03    0.54   library hold time
                                  0.54   data required time
-----------------------------------------------------------------------------
                                  0.54   data required time
                                 -0.86   data arrival time
-----------------------------------------------------------------------------
                                  0.31   slack (MET)


Startpoint: _274_ (rising edge-triggered flip-flop clocked by clk)
Endpoint: _274_ (rising edge-triggered flip-flop clocked by clk)
Path Group: clk
Path Type: min

Fanout     Cap    Slew   Delay    Time   Description
-----------------------------------------------------------------------------
                          0.00    0.00   clock clk (rise edge)
                          0.00    0.00   clock source latency
                  0.07    0.04    0.04 ^ clk (in)
     1    0.01                           clk (net)
                  0.07    0.00    0.04 ^ clkbuf_0_clk/A (sky130_fd_sc_hd__clkbuf_16)
                  0.06    0.15    0.19 ^ clkbuf_0_clk/X (sky130_fd_sc_hd__clkbuf_16)
     4    0.04                           clknet_0_clk (net)
                  0.06    0.00    0.19 ^ clkbuf_2_2__f_clk/A (sky130_fd_sc_hd__clkbuf_16)
                  0.04    0.13    0.32 ^ clkbuf_2_2__f_clk/X (sky130_fd_sc_hd__clkbuf_16)
     8    0.02                           clknet_2_2__leaf_clk (net)
                  0.04    0.00    0.32 ^ _274_/CLK (sky130_fd_sc_hd__dfrtp_4)
                  0.10    0.42    0.74 ^ _274_/Q (sky130_fd_sc_hd__dfrtp_4)
     8    0.02                           idle_counter[0] (net)
                  0.10    0.00    0.74 ^ _183_/A1 (sky130_fd_sc_hd__o21a_1)
                  0.04    0.12    0.87 ^ _183_/X (sky130_fd_sc_hd__o21a_1)
     1    0.00                           _013_ (net)
                  0.04    0.00    0.87 ^ _274_/D (sky130_fd_sc_hd__dfrtp_4)
                                  0.87   data arrival time

                          0.00    0.00   clock clk (rise edge)
                          0.00    0.00   clock source latency
                  0.07    0.05    0.05 ^ clk (in)
     1    0.01                           clk (net)
                  0.07    0.00    0.05 ^ clkbuf_0_clk/A (sky130_fd_sc_hd__clkbuf_16)
                  0.06    0.16    0.21 ^ clkbuf_0_clk/X (sky130_fd_sc_hd__clkbuf_16)
     4    0.04                           clknet_0_clk (net)
                  0.06    0.00    0.21 ^ clkbuf_2_2__f_clk/A (sky130_fd_sc_hd__clkbuf_16)
                  0.04    0.14    0.35 ^ clkbuf_2_2__f_clk/X (sky130_fd_sc_hd__clkbuf_16)
     8    0.02                           clknet_2_2__leaf_clk (net)
                  0.04    0.00    0.36 ^ _274_/CLK (sky130_fd_sc_hd__dfrtp_4)
                          0.25    0.61   clock uncertainty
                         -0.03    0.57   clock reconvergence pessimism
                         -0.03    0.54   library hold time
                                  0.54   data required time
-----------------------------------------------------------------------------
                                  0.54   data required time
                                 -0.87   data arrival time
-----------------------------------------------------------------------------
                                  0.33   slack (MET)


Startpoint: _296_ (rising edge-triggered flip-flop clocked by clk)
Endpoint: _296_ (rising edge-triggered flip-flop clocked by clk)
Path Group: clk
Path Type: min

Fanout     Cap    Slew   Delay    Time   Description
-----------------------------------------------------------------------------
                          0.00    0.00   clock clk (rise edge)
                          0.00    0.00   clock source latency
                  0.07    0.04    0.04 ^ clk (in)
     1    0.01                           clk (net)
                  0.07    0.00    0.04 ^ clkbuf_0_clk/A (sky130_fd_sc_hd__clkbuf_16)
                  0.06    0.15    0.19 ^ clkbuf_0_clk/X (sky130_fd_sc_hd__clkbuf_16)
     4    0.04                           clknet_0_clk (net)
                  0.06    0.00    0.19 ^ clkbuf_2_1__f_clk/A (sky130_fd_sc_hd__clkbuf_16)
                  0.05    0.14    0.33 ^ clkbuf_2_1__f_clk/X (sky130_fd_sc_hd__clkbuf_16)
    11    0.03                           clknet_2_1__leaf_clk (net)
                  0.05    0.00    0.33 ^ _296_/CLK (sky130_fd_sc_hd__dfrtp_4)
                  0.10    0.43    0.76 ^ _296_/Q (sky130_fd_sc_hd__dfrtp_4)
     8    0.03                           state[0] (net)
                  0.10    0.00    0.76 ^ _260_/A1 (sky130_fd_sc_hd__a21o_1)
                  0.05    0.12    0.88 ^ _260_/X (sky130_fd_sc_hd__a21o_1)
     1    0.00                           _035_ (net)
                  0.05    0.00    0.88 ^ _296_/D (sky130_fd_sc_hd__dfrtp_4)
                                  0.88   data arrival time

                          0.00    0.00   clock clk (rise edge)
                          0.00    0.00   clock source latency
                  0.07    0.05    0.05 ^ clk (in)
     1    0.01                           clk (net)
                  0.07    0.00    0.05 ^ clkbuf_0_clk/A (sky130_fd_sc_hd__clkbuf_16)
                  0.06    0.16    0.21 ^ clkbuf_0_clk/X (sky130_fd_sc_hd__clkbuf_16)
     4    0.04                           clknet_0_clk (net)
                  0.06    0.00    0.21 ^ clkbuf_2_1__f_clk/A (sky130_fd_sc_hd__clkbuf_16)
                  0.05    0.15    0.36 ^ clkbuf_2_1__f_clk/X (sky130_fd_sc_hd__clkbuf_16)
    11    0.03                           clknet_2_1__leaf_clk (net)
                  0.05    0.00    0.36 ^ _296_/CLK (sky130_fd_sc_hd__dfrtp_4)
                          0.25    0.61   clock uncertainty
                         -0.03    0.58   clock reconvergence pessimism
                         -0.03    0.54   library hold time
                                  0.54   data required time
-----------------------------------------------------------------------------
                                  0.54   data required time
                                 -0.88   data arrival time
-----------------------------------------------------------------------------
                                  0.33   slack (MET)


Startpoint: _262_ (rising edge-triggered flip-flop clocked by clk)
Endpoint: _262_ (rising edge-triggered flip-flop clocked by clk)
Path Group: clk
Path Type: min

Fanout     Cap    Slew   Delay    Time   Description
-----------------------------------------------------------------------------
                          0.00    0.00   clock clk (rise edge)
                          0.00    0.00   clock source latency
                  0.07    0.04    0.04 ^ clk (in)
     1    0.01                           clk (net)
                  0.07    0.00    0.04 ^ clkbuf_0_clk/A (sky130_fd_sc_hd__clkbuf_16)
                  0.06    0.15    0.19 ^ clkbuf_0_clk/X (sky130_fd_sc_hd__clkbuf_16)
     4    0.04                           clknet_0_clk (net)
                  0.06    0.00    0.19 ^ clkbuf_2_3__f_clk/A (sky130_fd_sc_hd__clkbuf_16)
                  0.05    0.13    0.33 ^ clkbuf_2_3__f_clk/X (sky130_fd_sc_hd__clkbuf_16)
     9    0.03                           clknet_2_3__leaf_clk (net)
                  0.05    0.00    0.33 ^ _262_/CLK (sky130_fd_sc_hd__dfrtp_1)
                  0.10    0.35    0.67 ^ _262_/Q (sky130_fd_sc_hd__dfrtp_1)
     4    0.01                           baud_counter[0] (net)
                  0.10    0.00    0.67 ^ _143_/B (sky130_fd_sc_hd__and2b_1)
                  0.09    0.16    0.83 ^ _143_/X (sky130_fd_sc_hd__and2b_1)
     3    0.01                           _037_ (net)
                  0.09    0.00    0.83 ^ _145_/A (sky130_fd_sc_hd__nor2_1)
                  0.02    0.05    0.88 v _145_/Y (sky130_fd_sc_hd__nor2_1)
     1    0.00                           _001_ (net)
                  0.02    0.00    0.88 v _262_/D (sky130_fd_sc_hd__dfrtp_1)
                                  0.88   data arrival time

                          0.00    0.00   clock clk (rise edge)
                          0.00    0.00   clock source latency
                  0.07    0.05    0.05 ^ clk (in)
     1    0.01                           clk (net)
                  0.07    0.00    0.05 ^ clkbuf_0_clk/A (sky130_fd_sc_hd__clkbuf_16)
                  0.06    0.16    0.21 ^ clkbuf_0_clk/X (sky130_fd_sc_hd__clkbuf_16)
     4    0.04                           clknet_0_clk (net)
                  0.06    0.00    0.21 ^ clkbuf_2_3__f_clk/A (sky130_fd_sc_hd__clkbuf_16)
                  0.05    0.15    0.36 ^ clkbuf_2_3__f_clk/X (sky130_fd_sc_hd__clkbuf_16)
     9    0.03                           clknet_2_3__leaf_clk (net)
                  0.05    0.00    0.36 ^ _262_/CLK (sky130_fd_sc_hd__dfrtp_1)
                          0.25    0.61   clock uncertainty
                         -0.03    0.58   clock reconvergence pessimism
                         -0.03    0.54   library hold time
                                  0.54   data required time
-----------------------------------------------------------------------------
                                  0.54   data required time
                                 -0.88   data arrival time
-----------------------------------------------------------------------------
                                  0.33   slack (MET)


Startpoint: _272_ (rising edge-triggered flip-flop clocked by clk)
Endpoint: _272_ (rising edge-triggered flip-flop clocked by clk)
Path Group: clk
Path Type: min

Fanout     Cap    Slew   Delay    Time   Description
-----------------------------------------------------------------------------
                          0.00    0.00   clock clk (rise edge)
                          0.00    0.00   clock source latency
                  0.07    0.04    0.04 ^ clk (in)
     1    0.01                           clk (net)
                  0.07    0.00    0.04 ^ clkbuf_0_clk/A (sky130_fd_sc_hd__clkbuf_16)
                  0.06    0.15    0.19 ^ clkbuf_0_clk/X (sky130_fd_sc_hd__clkbuf_16)
     4    0.04                           clknet_0_clk (net)
                  0.06    0.00    0.19 ^ clkbuf_2_2__f_clk/A (sky130_fd_sc_hd__clkbuf_16)
                  0.04    0.13    0.32 ^ clkbuf_2_2__f_clk/X (sky130_fd_sc_hd__clkbuf_16)
     8    0.02                           clknet_2_2__leaf_clk (net)
                  0.04    0.00    0.32 ^ _272_/CLK (sky130_fd_sc_hd__dfrtp_1)
                  0.09    0.34    0.66 ^ _272_/Q (sky130_fd_sc_hd__dfrtp_1)
     4    0.01                           sleep_pending (net)
                  0.09    0.00    0.66 ^ _176_/A (sky130_fd_sc_hd__and2_1)
                  0.06    0.13    0.79 ^ _176_/X (sky130_fd_sc_hd__and2_1)
     1    0.00                           _060_ (net)
                  0.06    0.00    0.79 ^ _177_/A2 (sky130_fd_sc_hd__o21a_1)
                  0.04    0.10    0.89 ^ _177_/X (sky130_fd_sc_hd__o21a_1)
     1    0.00                           _011_ (net)
                  0.04    0.00    0.89 ^ _272_/D (sky130_fd_sc_hd__dfrtp_1)
                                  0.89   data arrival time

                          0.00    0.00   clock clk (rise edge)
                          0.00    0.00   clock source latency
                  0.07    0.05    0.05 ^ clk (in)
     1    0.01                           clk (net)
                  0.07    0.00    0.05 ^ clkbuf_0_clk/A (sky130_fd_sc_hd__clkbuf_16)
                  0.06    0.16    0.21 ^ clkbuf_0_clk/X (sky130_fd_sc_hd__clkbuf_16)
     4    0.04                           clknet_0_clk (net)
                  0.06    0.00    0.21 ^ clkbuf_2_2__f_clk/A (sky130_fd_sc_hd__clkbuf_16)
                  0.04    0.14    0.35 ^ clkbuf_2_2__f_clk/X (sky130_fd_sc_hd__clkbuf_16)
     8    0.02                           clknet_2_2__leaf_clk (net)
                  0.04    0.00    0.36 ^ _272_/CLK (sky130_fd_sc_hd__dfrtp_1)
                          0.25    0.61   clock uncertainty
                         -0.03    0.57   clock reconvergence pessimism
                         -0.03    0.54   library hold time
                                  0.54   data required time
-----------------------------------------------------------------------------
                                  0.54   data required time
                                 -0.89   data arrival time
-----------------------------------------------------------------------------
                                  0.35   slack (MET)


Startpoint: _265_ (rising edge-triggered flip-flop clocked by clk)
Endpoint: _265_ (rising edge-triggered flip-flop clocked by clk)
Path Group: clk
Path Type: min

Fanout     Cap    Slew   Delay    Time   Description
-----------------------------------------------------------------------------
                          0.00    0.00   clock clk (rise edge)
                          0.00    0.00   clock source latency
                  0.07    0.04    0.04 ^ clk (in)
     1    0.01                           clk (net)
                  0.07    0.00    0.04 ^ clkbuf_0_clk/A (sky130_fd_sc_hd__clkbuf_16)
                  0.06    0.15    0.19 ^ clkbuf_0_clk/X (sky130_fd_sc_hd__clkbuf_16)
     4    0.04                           clknet_0_clk (net)
                  0.06    0.00    0.19 ^ clkbuf_2_3__f_clk/A (sky130_fd_sc_hd__clkbuf_16)
                  0.05    0.13    0.33 ^ clkbuf_2_3__f_clk/X (sky130_fd_sc_hd__clkbuf_16)
     9    0.03                           clknet_2_3__leaf_clk (net)
                  0.05    0.00    0.33 ^ _265_/CLK (sky130_fd_sc_hd__dfrtp_1)
                  0.10    0.35    0.68 ^ _265_/Q (sky130_fd_sc_hd__dfrtp_1)
     3    0.01                           baud_counter[3] (net)
                  0.10    0.00    0.68 ^ _151_/A (sky130_fd_sc_hd__xor2_1)
                  0.05    0.09    0.76 v _151_/X (sky130_fd_sc_hd__xor2_1)
     1    0.01                           _042_ (net)
                  0.05    0.00    0.77 v _152_/B (sky130_fd_sc_hd__xnor2_1)
                  0.05    0.12    0.89 v _152_/Y (sky130_fd_sc_hd__xnor2_1)
     1    0.00                           _004_ (net)
                  0.05    0.00    0.89 v _265_/D (sky130_fd_sc_hd__dfrtp_1)
                                  0.89   data arrival time

                          0.00    0.00   clock clk (rise edge)
                          0.00    0.00   clock source latency
                  0.07    0.05    0.05 ^ clk (in)
     1    0.01                           clk (net)
                  0.07    0.00    0.05 ^ clkbuf_0_clk/A (sky130_fd_sc_hd__clkbuf_16)
                  0.06    0.16    0.21 ^ clkbuf_0_clk/X (sky130_fd_sc_hd__clkbuf_16)
     4    0.04                           clknet_0_clk (net)
                  0.06    0.00    0.21 ^ clkbuf_2_3__f_clk/A (sky130_fd_sc_hd__clkbuf_16)
                  0.05    0.15    0.36 ^ clkbuf_2_3__f_clk/X (sky130_fd_sc_hd__clkbuf_16)
     9    0.03                           clknet_2_3__leaf_clk (net)
                  0.05    0.00    0.36 ^ _265_/CLK (sky130_fd_sc_hd__dfrtp_1)
                          0.25    0.61   clock uncertainty
                         -0.03    0.58   clock reconvergence pessimism
                         -0.04    0.53   library hold time
                                  0.53   data required time
-----------------------------------------------------------------------------
                                  0.53   data required time
                                 -0.89   data arrival time
-----------------------------------------------------------------------------
                                  0.35   slack (MET)


Startpoint: _283_ (rising edge-triggered flip-flop clocked by clk)
Endpoint: _283_ (rising edge-triggered flip-flop clocked by clk)
Path Group: clk
Path Type: min

Fanout     Cap    Slew   Delay    Time   Description
-----------------------------------------------------------------------------
                          0.00    0.00   clock clk (rise edge)
                          0.00    0.00   clock source latency
                  0.07    0.04    0.04 ^ clk (in)
     1    0.01                           clk (net)
                  0.07    0.00    0.04 ^ clkbuf_0_clk/A (sky130_fd_sc_hd__clkbuf_16)
                  0.06    0.15    0.19 ^ clkbuf_0_clk/X (sky130_fd_sc_hd__clkbuf_16)
     4    0.04                           clknet_0_clk (net)
                  0.06    0.00    0.19 ^ clkbuf_2_2__f_clk/A (sky130_fd_sc_hd__clkbuf_16)
                  0.04    0.13    0.32 ^ clkbuf_2_2__f_clk/X (sky130_fd_sc_hd__clkbuf_16)
     8    0.02                           clknet_2_2__leaf_clk (net)
                  0.04    0.00    0.32 ^ _283_/CLK (sky130_fd_sc_hd__dfrtp_1)
                  0.13    0.36    0.69 ^ _283_/Q (sky130_fd_sc_hd__dfrtp_1)
     3    0.01                           idle_counter[9] (net)
                  0.13    0.00    0.69 ^ _213_/A (sky130_fd_sc_hd__and2_1)
                  0.05    0.13    0.82 ^ _213_/X (sky130_fd_sc_hd__and2_1)
     1    0.00                           _086_ (net)
                  0.05    0.00    0.82 ^ _214_/A (sky130_fd_sc_hd__clkbuf_1)
                  0.04    0.08    0.89 ^ _214_/X (sky130_fd_sc_hd__clkbuf_1)
     1    0.00                           _022_ (net)
                  0.04    0.00    0.89 ^ _283_/D (sky130_fd_sc_hd__dfrtp_1)
                                  0.89   data arrival time

                          0.00    0.00   clock clk (rise edge)
                          0.00    0.00   clock source latency
                  0.07    0.05    0.05 ^ clk (in)
     1    0.01                           clk (net)
                  0.07    0.00    0.05 ^ clkbuf_0_clk/A (sky130_fd_sc_hd__clkbuf_16)
                  0.06    0.16    0.21 ^ clkbuf_0_clk/X (sky130_fd_sc_hd__clkbuf_16)
     4    0.04                           clknet_0_clk (net)
                  0.06    0.00    0.21 ^ clkbuf_2_2__f_clk/A (sky130_fd_sc_hd__clkbuf_16)
                  0.04    0.14    0.35 ^ clkbuf_2_2__f_clk/X (sky130_fd_sc_hd__clkbuf_16)
     8    0.02                           clknet_2_2__leaf_clk (net)
                  0.04    0.00    0.36 ^ _283_/CLK (sky130_fd_sc_hd__dfrtp_1)
                          0.25    0.61   clock uncertainty
                         -0.03    0.57   clock reconvergence pessimism
                         -0.03    0.54   library hold time
                                  0.54   data required time
-----------------------------------------------------------------------------
                                  0.54   data required time
                                 -0.89   data arrival time
-----------------------------------------------------------------------------
                                  0.35   slack (MET)


Startpoint: _271_ (rising edge-triggered flip-flop clocked by clk)
Endpoint: _298_ (rising edge-triggered flip-flop clocked by clk)
Path Group: clk
Path Type: min

Fanout     Cap    Slew   Delay    Time   Description
-----------------------------------------------------------------------------
                          0.00    0.00   clock clk (rise edge)
                          0.00    0.00   clock source latency
                  0.07    0.04    0.04 ^ clk (in)
     1    0.01                           clk (net)
                  0.07    0.00    0.04 ^ clkbuf_0_clk/A (sky130_fd_sc_hd__clkbuf_16)
                  0.06    0.15    0.19 ^ clkbuf_0_clk/X (sky130_fd_sc_hd__clkbuf_16)
     4    0.04                           clknet_0_clk (net)
                  0.06    0.00    0.19 ^ clkbuf_2_3__f_clk/A (sky130_fd_sc_hd__clkbuf_16)
                  0.05    0.13    0.33 ^ clkbuf_2_3__f_clk/X (sky130_fd_sc_hd__clkbuf_16)
     9    0.03                           clknet_2_3__leaf_clk (net)
                  0.05    0.00    0.33 ^ _271_/CLK (sky130_fd_sc_hd__dfrtp_1)
                  0.06    0.31    0.64 ^ _271_/Q (sky130_fd_sc_hd__dfrtp_1)
     2    0.00                           baud_counter[9] (net)
                  0.06    0.00    0.64 ^ _135_/B (sky130_fd_sc_hd__or3b_1)
                  0.04    0.09    0.73 ^ _135_/X (sky130_fd_sc_hd__or3b_1)
     1    0.00                           _124_ (net)
                  0.04    0.00    0.73 ^ _138_/B (sky130_fd_sc_hd__or4_1)
                  0.10    0.13    0.87 ^ _138_/X (sky130_fd_sc_hd__or4_1)
     3    0.01                           _127_ (net)
                  0.10    0.00    0.87 ^ _139_/B (sky130_fd_sc_hd__nor2_1)
                  0.03    0.04    0.91 v _139_/Y (sky130_fd_sc_hd__nor2_1)
     1    0.00                           _000_ (net)
                  0.03    0.00    0.91 v _298_/D (sky130_fd_sc_hd__dfrtp_1)
                                  0.91   data arrival time

                          0.00    0.00   clock clk (rise edge)
                          0.00    0.00   clock source latency
                  0.07    0.05    0.05 ^ clk (in)
     1    0.01                           clk (net)
                  0.07    0.00    0.05 ^ clkbuf_0_clk/A (sky130_fd_sc_hd__clkbuf_16)
                  0.06    0.16    0.21 ^ clkbuf_0_clk/X (sky130_fd_sc_hd__clkbuf_16)
     4    0.04                           clknet_0_clk (net)
                  0.06    0.00    0.21 ^ clkbuf_2_1__f_clk/A (sky130_fd_sc_hd__clkbuf_16)
                  0.05    0.15    0.36 ^ clkbuf_2_1__f_clk/X (sky130_fd_sc_hd__clkbuf_16)
    11    0.03                           clknet_2_1__leaf_clk (net)
                  0.05    0.00    0.36 ^ _298_/CLK (sky130_fd_sc_hd__dfrtp_1)
                          0.25    0.61   clock uncertainty
                         -0.02    0.59   clock reconvergence pessimism
                         -0.04    0.55   library hold time
                                  0.55   data required time
-----------------------------------------------------------------------------
                                  0.55   data required time
                                 -0.91   data arrival time
-----------------------------------------------------------------------------
                                  0.36   slack (MET)


Startpoint: _281_ (rising edge-triggered flip-flop clocked by clk)
Endpoint: _281_ (rising edge-triggered flip-flop clocked by clk)
Path Group: clk
Path Type: min

Fanout     Cap    Slew   Delay    Time   Description
-----------------------------------------------------------------------------
                          0.00    0.00   clock clk (rise edge)
                          0.00    0.00   clock source latency
                  0.07    0.04    0.04 ^ clk (in)
     1    0.01                           clk (net)
                  0.07    0.00    0.04 ^ clkbuf_0_clk/A (sky130_fd_sc_hd__clkbuf_16)
                  0.06    0.15    0.19 ^ clkbuf_0_clk/X (sky130_fd_sc_hd__clkbuf_16)
     4    0.04                           clknet_0_clk (net)
                  0.06    0.00    0.19 ^ clkbuf_2_3__f_clk/A (sky130_fd_sc_hd__clkbuf_16)
                  0.05    0.13    0.33 ^ clkbuf_2_3__f_clk/X (sky130_fd_sc_hd__clkbuf_16)
     9    0.03                           clknet_2_3__leaf_clk (net)
                  0.05    0.00    0.33 ^ _281_/CLK (sky130_fd_sc_hd__dfrtp_1)
                  0.09    0.34    0.67 ^ _281_/Q (sky130_fd_sc_hd__dfrtp_1)
     3    0.01                           idle_counter[7] (net)
                  0.09    0.00    0.67 ^ _208_/B1 (sky130_fd_sc_hd__a21o_1)
                  0.04    0.09    0.75 ^ _208_/X (sky130_fd_sc_hd__a21o_1)
     1    0.00                           _083_ (net)
                  0.04    0.00    0.75 ^ _210_/A2 (sky130_fd_sc_hd__a32o_1)
                  0.05    0.15    0.90 ^ _210_/X (sky130_fd_sc_hd__a32o_1)
     1    0.00                           _020_ (net)
                  0.05    0.00    0.90 ^ _281_/D (sky130_fd_sc_hd__dfrtp_1)
                                  0.90   data arrival time

                          0.00    0.00   clock clk (rise edge)
                          0.00    0.00   clock source latency
                  0.07    0.05    0.05 ^ clk (in)
     1    0.01                           clk (net)
                  0.07    0.00    0.05 ^ clkbuf_0_clk/A (sky130_fd_sc_hd__clkbuf_16)
                  0.06    0.16    0.21 ^ clkbuf_0_clk/X (sky130_fd_sc_hd__clkbuf_16)
     4    0.04                           clknet_0_clk (net)
                  0.06    0.00    0.21 ^ clkbuf_2_3__f_clk/A (sky130_fd_sc_hd__clkbuf_16)
                  0.05    0.15    0.36 ^ clkbuf_2_3__f_clk/X (sky130_fd_sc_hd__clkbuf_16)
     9    0.03                           clknet_2_3__leaf_clk (net)
                  0.05    0.00    0.36 ^ _281_/CLK (sky130_fd_sc_hd__dfrtp_1)
                          0.25    0.61   clock uncertainty
                         -0.03    0.58   clock reconvergence pessimism
                         -0.04    0.54   library hold time
                                  0.54   data required time
-----------------------------------------------------------------------------
                                  0.54   data required time
                                 -0.90   data arrival time
-----------------------------------------------------------------------------
                                  0.36   slack (MET)


Startpoint: _263_ (rising edge-triggered flip-flop clocked by clk)
Endpoint: _263_ (rising edge-triggered flip-flop clocked by clk)
Path Group: clk
Path Type: min

Fanout     Cap    Slew   Delay    Time   Description
-----------------------------------------------------------------------------
                          0.00    0.00   clock clk (rise edge)
                          0.00    0.00   clock source latency
                  0.07    0.04    0.04 ^ clk (in)
     1    0.01                           clk (net)
                  0.07    0.00    0.04 ^ clkbuf_0_clk/A (sky130_fd_sc_hd__clkbuf_16)
                  0.06    0.15    0.19 ^ clkbuf_0_clk/X (sky130_fd_sc_hd__clkbuf_16)
     4    0.04                           clknet_0_clk (net)
                  0.06    0.00    0.19 ^ clkbuf_2_3__f_clk/A (sky130_fd_sc_hd__clkbuf_16)
                  0.05    0.13    0.33 ^ clkbuf_2_3__f_clk/X (sky130_fd_sc_hd__clkbuf_16)
     9    0.03                           clknet_2_3__leaf_clk (net)
                  0.05    0.00    0.33 ^ _263_/CLK (sky130_fd_sc_hd__dfrtp_1)
                  0.11    0.35    0.68 ^ _263_/Q (sky130_fd_sc_hd__dfrtp_1)
     4    0.01                           baud_counter[1] (net)
                  0.11    0.00    0.68 ^ _147_/A (sky130_fd_sc_hd__or2_1)
                  0.04    0.11    0.79 ^ _147_/X (sky130_fd_sc_hd__or2_1)
     1    0.00                           _040_ (net)
                  0.04    0.00    0.79 ^ _148_/C1 (sky130_fd_sc_hd__o211a_1)
                  0.04    0.12    0.90 ^ _148_/X (sky130_fd_sc_hd__o211a_1)
     1    0.00                           _002_ (net)
                  0.04    0.00    0.90 ^ _263_/D (sky130_fd_sc_hd__dfrtp_1)
                                  0.90   data arrival time

                          0.00    0.00   clock clk (rise edge)
                          0.00    0.00   clock source latency
                  0.07    0.05    0.05 ^ clk (in)
     1    0.01                           clk (net)
                  0.07    0.00    0.05 ^ clkbuf_0_clk/A (sky130_fd_sc_hd__clkbuf_16)
                  0.06    0.16    0.21 ^ clkbuf_0_clk/X (sky130_fd_sc_hd__clkbuf_16)
     4    0.04                           clknet_0_clk (net)
                  0.06    0.00    0.21 ^ clkbuf_2_3__f_clk/A (sky130_fd_sc_hd__clkbuf_16)
                  0.05    0.15    0.36 ^ clkbuf_2_3__f_clk/X (sky130_fd_sc_hd__clkbuf_16)
     9    0.03                           clknet_2_3__leaf_clk (net)
                  0.05    0.00    0.36 ^ _263_/CLK (sky130_fd_sc_hd__dfrtp_1)
                          0.25    0.61   clock uncertainty
                         -0.03    0.58   clock reconvergence pessimism
                         -0.03    0.54   library hold time
                                  0.54   data required time
-----------------------------------------------------------------------------
                                  0.54   data required time
                                 -0.90   data arrival time
-----------------------------------------------------------------------------
                                  0.36   slack (MET)


Startpoint: _263_ (rising edge-triggered flip-flop clocked by clk)
Endpoint: _264_ (rising edge-triggered flip-flop clocked by clk)
Path Group: clk
Path Type: min

Fanout     Cap    Slew   Delay    Time   Description
-----------------------------------------------------------------------------
                          0.00    0.00   clock clk (rise edge)
                          0.00    0.00   clock source latency
                  0.07    0.04    0.04 ^ clk (in)
     1    0.01                           clk (net)
                  0.07    0.00    0.04 ^ clkbuf_0_clk/A (sky130_fd_sc_hd__clkbuf_16)
                  0.06    0.15    0.19 ^ clkbuf_0_clk/X (sky130_fd_sc_hd__clkbuf_16)
     4    0.04                           clknet_0_clk (net)
                  0.06    0.00    0.19 ^ clkbuf_2_3__f_clk/A (sky130_fd_sc_hd__clkbuf_16)
                  0.05    0.13    0.33 ^ clkbuf_2_3__f_clk/X (sky130_fd_sc_hd__clkbuf_16)
     9    0.03                           clknet_2_3__leaf_clk (net)
                  0.05    0.00    0.33 ^ _263_/CLK (sky130_fd_sc_hd__dfrtp_1)
                  0.07    0.38    0.70 v _263_/Q (sky130_fd_sc_hd__dfrtp_1)
     4    0.01                           baud_counter[1] (net)
                  0.07    0.00    0.70 v _146_/A (sky130_fd_sc_hd__nand2_1)
                  0.12    0.12    0.82 ^ _146_/Y (sky130_fd_sc_hd__nand2_1)
     3    0.01                           _039_ (net)
                  0.12    0.00    0.82 ^ _149_/B (sky130_fd_sc_hd__xnor2_1)
                  0.04    0.07    0.90 v _149_/Y (sky130_fd_sc_hd__xnor2_1)
     1    0.00                           _003_ (net)
                  0.04    0.00    0.90 v _264_/D (sky130_fd_sc_hd__dfrtp_1)
                                  0.90   data arrival time

                          0.00    0.00   clock clk (rise edge)
                          0.00    0.00   clock source latency
                  0.07    0.05    0.05 ^ clk (in)
     1    0.01                           clk (net)
                  0.07    0.00    0.05 ^ clkbuf_0_clk/A (sky130_fd_sc_hd__clkbuf_16)
                  0.06    0.16    0.21 ^ clkbuf_0_clk/X (sky130_fd_sc_hd__clkbuf_16)
     4    0.04                           clknet_0_clk (net)
                  0.06    0.00    0.21 ^ clkbuf_2_3__f_clk/A (sky130_fd_sc_hd__clkbuf_16)
                  0.05    0.15    0.36 ^ clkbuf_2_3__f_clk/X (sky130_fd_sc_hd__clkbuf_16)
     9    0.03                           clknet_2_3__leaf_clk (net)
                  0.05    0.00    0.36 ^ _264_/CLK (sky130_fd_sc_hd__dfrtp_1)
                          0.25    0.61   clock uncertainty
                         -0.03    0.58   clock reconvergence pessimism
                         -0.04    0.54   library hold time
                                  0.54   data required time
-----------------------------------------------------------------------------
                                  0.54   data required time
                                 -0.90   data arrival time
-----------------------------------------------------------------------------
                                  0.36   slack (MET)


Startpoint: _280_ (rising edge-triggered flip-flop clocked by clk)
Endpoint: _280_ (rising edge-triggered flip-flop clocked by clk)
Path Group: clk
Path Type: min

Fanout     Cap    Slew   Delay    Time   Description
-----------------------------------------------------------------------------
                          0.00    0.00   clock clk (rise edge)
                          0.00    0.00   clock source latency
                  0.07    0.04    0.04 ^ clk (in)
     1    0.01                           clk (net)
                  0.07    0.00    0.04 ^ clkbuf_0_clk/A (sky130_fd_sc_hd__clkbuf_16)
                  0.06    0.15    0.19 ^ clkbuf_0_clk/X (sky130_fd_sc_hd__clkbuf_16)
     4    0.04                           clknet_0_clk (net)
                  0.06    0.00    0.19 ^ clkbuf_2_3__f_clk/A (sky130_fd_sc_hd__clkbuf_16)
                  0.05    0.13    0.33 ^ clkbuf_2_3__f_clk/X (sky130_fd_sc_hd__clkbuf_16)
     9    0.03                           clknet_2_3__leaf_clk (net)
                  0.05    0.00    0.33 ^ _280_/CLK (sky130_fd_sc_hd__dfrtp_1)
                  0.08    0.38    0.71 v _280_/Q (sky130_fd_sc_hd__dfrtp_1)
     5    0.01                           idle_counter[6] (net)
                  0.08    0.00    0.71 v _206_/A (sky130_fd_sc_hd__nand2_1)
                  0.04    0.07    0.78 ^ _206_/Y (sky130_fd_sc_hd__nand2_1)
     1    0.00                           _082_ (net)
                  0.04    0.00    0.78 ^ _207_/A3 (sky130_fd_sc_hd__a32o_1)
                  0.05    0.14    0.92 ^ _207_/X (sky130_fd_sc_hd__a32o_1)
     1    0.00                           _019_ (net)
                  0.05    0.00    0.92 ^ _280_/D (sky130_fd_sc_hd__dfrtp_1)
                                  0.92   data arrival time

                          0.00    0.00   clock clk (rise edge)
                          0.00    0.00   clock source latency
                  0.07    0.05    0.05 ^ clk (in)
     1    0.01                           clk (net)
                  0.07    0.00    0.05 ^ clkbuf_0_clk/A (sky130_fd_sc_hd__clkbuf_16)
                  0.06    0.16    0.21 ^ clkbuf_0_clk/X (sky130_fd_sc_hd__clkbuf_16)
     4    0.04                           clknet_0_clk (net)
                  0.06    0.00    0.21 ^ clkbuf_2_3__f_clk/A (sky130_fd_sc_hd__clkbuf_16)
                  0.05    0.15    0.36 ^ clkbuf_2_3__f_clk/X (sky130_fd_sc_hd__clkbuf_16)
     9    0.03                           clknet_2_3__leaf_clk (net)
                  0.05    0.00    0.36 ^ _280_/CLK (sky130_fd_sc_hd__dfrtp_1)
                          0.25    0.61   clock uncertainty
                         -0.03    0.58   clock reconvergence pessimism
                         -0.03    0.54   library hold time
                                  0.54   data required time
-----------------------------------------------------------------------------
                                  0.54   data required time
                                 -0.92   data arrival time
-----------------------------------------------------------------------------
                                  0.38   slack (MET)


Startpoint: _286_ (rising edge-triggered flip-flop clocked by clk)
Endpoint: _286_ (rising edge-triggered flip-flop clocked by clk)
Path Group: clk
Path Type: min

Fanout     Cap    Slew   Delay    Time   Description
-----------------------------------------------------------------------------
                          0.00    0.00   clock clk (rise edge)
                          0.00    0.00   clock source latency
                  0.07    0.04    0.04 ^ clk (in)
     1    0.01                           clk (net)
                  0.07    0.00    0.04 ^ clkbuf_0_clk/A (sky130_fd_sc_hd__clkbuf_16)
                  0.06    0.15    0.19 ^ clkbuf_0_clk/X (sky130_fd_sc_hd__clkbuf_16)
     4    0.04                           clknet_0_clk (net)
                  0.06    0.00    0.19 ^ clkbuf_2_1__f_clk/A (sky130_fd_sc_hd__clkbuf_16)
                  0.05    0.14    0.33 ^ clkbuf_2_1__f_clk/X (sky130_fd_sc_hd__clkbuf_16)
    11    0.03                           clknet_2_1__leaf_clk (net)
                  0.05    0.00    0.33 ^ _286_/CLK (sky130_fd_sc_hd__dfrtp_1)
                  0.07    0.32    0.65 ^ _286_/Q (sky130_fd_sc_hd__dfrtp_1)
     2    0.01                           bit_count[2] (net)
                  0.07    0.00    0.65 ^ _228_/B1 (sky130_fd_sc_hd__a31o_1)
                  0.04    0.09    0.74 ^ _228_/X (sky130_fd_sc_hd__a31o_1)
     1    0.00                           _098_ (net)
                  0.04    0.00    0.74 ^ _229_/B (sky130_fd_sc_hd__and2_1)
                  0.05    0.11    0.85 ^ _229_/X (sky130_fd_sc_hd__and2_1)
     1    0.00                           _099_ (net)
                  0.05    0.00    0.85 ^ _230_/A (sky130_fd_sc_hd__clkbuf_1)
                  0.04    0.07    0.93 ^ _230_/X (sky130_fd_sc_hd__clkbuf_1)
     1    0.00                           _025_ (net)
                  0.04    0.00    0.93 ^ _286_/D (sky130_fd_sc_hd__dfrtp_1)
                                  0.93   data arrival time

                          0.00    0.00   clock clk (rise edge)
                          0.00    0.00   clock source latency
                  0.07    0.05    0.05 ^ clk (in)
     1    0.01                           clk (net)
                  0.07    0.00    0.05 ^ clkbuf_0_clk/A (sky130_fd_sc_hd__clkbuf_16)
                  0.06    0.16    0.21 ^ clkbuf_0_clk/X (sky130_fd_sc_hd__clkbuf_16)
     4    0.04                           clknet_0_clk (net)
                  0.06    0.00    0.21 ^ clkbuf_2_1__f_clk/A (sky130_fd_sc_hd__clkbuf_16)
                  0.05    0.15    0.36 ^ clkbuf_2_1__f_clk/X (sky130_fd_sc_hd__clkbuf_16)
    11    0.03                           clknet_2_1__leaf_clk (net)
                  0.05    0.00    0.36 ^ _286_/CLK (sky130_fd_sc_hd__dfrtp_1)
                          0.25    0.61   clock uncertainty
                         -0.03    0.58   clock reconvergence pessimism
                         -0.03    0.55   library hold time
                                  0.55   data required time
-----------------------------------------------------------------------------
                                  0.55   data required time
                                 -0.93   data arrival time
-----------------------------------------------------------------------------
                                  0.38   slack (MET)


Startpoint: _277_ (rising edge-triggered flip-flop clocked by clk)
Endpoint: _277_ (rising edge-triggered flip-flop clocked by clk)
Path Group: clk
Path Type: min

Fanout     Cap    Slew   Delay    Time   Description
-----------------------------------------------------------------------------
                          0.00    0.00   clock clk (rise edge)
                          0.00    0.00   clock source latency
                  0.07    0.04    0.04 ^ clk (in)
     1    0.01                           clk (net)
                  0.07    0.00    0.04 ^ clkbuf_0_clk/A (sky130_fd_sc_hd__clkbuf_16)
                  0.06    0.15    0.19 ^ clkbuf_0_clk/X (sky130_fd_sc_hd__clkbuf_16)
     4    0.04                           clknet_0_clk (net)
                  0.06    0.00    0.19 ^ clkbuf_2_2__f_clk/A (sky130_fd_sc_hd__clkbuf_16)
                  0.04    0.13    0.32 ^ clkbuf_2_2__f_clk/X (sky130_fd_sc_hd__clkbuf_16)
     8    0.02                           clknet_2_2__leaf_clk (net)
                  0.04    0.00    0.32 ^ _277_/CLK (sky130_fd_sc_hd__dfrtp_1)
                  0.11    0.35    0.67 ^ _277_/Q (sky130_fd_sc_hd__dfrtp_1)
     4    0.01                           idle_counter[3] (net)
                  0.11    0.00    0.67 ^ _194_/B1 (sky130_fd_sc_hd__a31o_1)
                  0.05    0.11    0.78 ^ _194_/X (sky130_fd_sc_hd__a31o_1)
     1    0.00                           _073_ (net)
                  0.05    0.00    0.78 ^ _197_/A2 (sky130_fd_sc_hd__a32o_1)
                  0.05    0.14    0.92 ^ _197_/X (sky130_fd_sc_hd__a32o_1)
     1    0.00                           _016_ (net)
                  0.05    0.00    0.92 ^ _277_/D (sky130_fd_sc_hd__dfrtp_1)
                                  0.92   data arrival time

                          0.00    0.00   clock clk (rise edge)
                          0.00    0.00   clock source latency
                  0.07    0.05    0.05 ^ clk (in)
     1    0.01                           clk (net)
                  0.07    0.00    0.05 ^ clkbuf_0_clk/A (sky130_fd_sc_hd__clkbuf_16)
                  0.06    0.16    0.21 ^ clkbuf_0_clk/X (sky130_fd_sc_hd__clkbuf_16)
     4    0.04                           clknet_0_clk (net)
                  0.06    0.00    0.21 ^ clkbuf_2_2__f_clk/A (sky130_fd_sc_hd__clkbuf_16)
                  0.04    0.14    0.35 ^ clkbuf_2_2__f_clk/X (sky130_fd_sc_hd__clkbuf_16)
     8    0.02                           clknet_2_2__leaf_clk (net)
                  0.04    0.00    0.36 ^ _277_/CLK (sky130_fd_sc_hd__dfrtp_1)
                          0.25    0.61   clock uncertainty
                         -0.03    0.57   clock reconvergence pessimism
                         -0.03    0.54   library hold time
                                  0.54   data required time
-----------------------------------------------------------------------------
                                  0.54   data required time
                                 -0.92   data arrival time
-----------------------------------------------------------------------------
                                  0.38   slack (MET)


Startpoint: _267_ (rising edge-triggered flip-flop clocked by clk)
Endpoint: _267_ (rising edge-triggered flip-flop clocked by clk)
Path Group: clk
Path Type: min

Fanout     Cap    Slew   Delay    Time   Description
-----------------------------------------------------------------------------
                          0.00    0.00   clock clk (rise edge)
                          0.00    0.00   clock source latency
                  0.07    0.04    0.04 ^ clk (in)
     1    0.01                           clk (net)
                  0.07    0.00    0.04 ^ clkbuf_0_clk/A (sky130_fd_sc_hd__clkbuf_16)
                  0.06    0.15    0.19 ^ clkbuf_0_clk/X (sky130_fd_sc_hd__clkbuf_16)
     4    0.04                           clknet_0_clk (net)
                  0.06    0.00    0.19 ^ clkbuf_2_1__f_clk/A (sky130_fd_sc_hd__clkbuf_16)
                  0.05    0.14    0.33 ^ clkbuf_2_1__f_clk/X (sky130_fd_sc_hd__clkbuf_16)
    11    0.03                           clknet_2_1__leaf_clk (net)
                  0.05    0.00    0.33 ^ _267_/CLK (sky130_fd_sc_hd__dfrtp_1)
                  0.12    0.36    0.69 ^ _267_/Q (sky130_fd_sc_hd__dfrtp_1)
     4    0.01                           baud_counter[5] (net)
                  0.12    0.00    0.69 ^ _158_/B1 (sky130_fd_sc_hd__a21o_1)
                  0.04    0.10    0.79 ^ _158_/X (sky130_fd_sc_hd__a21o_1)
     1    0.00                           _047_ (net)
                  0.04    0.00    0.79 ^ _160_/A2 (sky130_fd_sc_hd__a32o_1)
                  0.05    0.14    0.93 ^ _160_/X (sky130_fd_sc_hd__a32o_1)
     1    0.00                           _006_ (net)
                  0.05    0.00    0.93 ^ _267_/D (sky130_fd_sc_hd__dfrtp_1)
                                  0.93   data arrival time

                          0.00    0.00   clock clk (rise edge)
                          0.00    0.00   clock source latency
                  0.07    0.05    0.05 ^ clk (in)
     1    0.01                           clk (net)
                  0.07    0.00    0.05 ^ clkbuf_0_clk/A (sky130_fd_sc_hd__clkbuf_16)
                  0.06    0.16    0.21 ^ clkbuf_0_clk/X (sky130_fd_sc_hd__clkbuf_16)
     4    0.04                           clknet_0_clk (net)
                  0.06    0.00    0.21 ^ clkbuf_2_1__f_clk/A (sky130_fd_sc_hd__clkbuf_16)
                  0.05    0.15    0.36 ^ clkbuf_2_1__f_clk/X (sky130_fd_sc_hd__clkbuf_16)
    11    0.03                           clknet_2_1__leaf_clk (net)
                  0.05    0.00    0.36 ^ _267_/CLK (sky130_fd_sc_hd__dfrtp_1)
                          0.25    0.61   clock uncertainty
                         -0.03    0.58   clock reconvergence pessimism
                         -0.03    0.54   library hold time
                                  0.54   data required time
-----------------------------------------------------------------------------
                                  0.54   data required time
                                 -0.93   data arrival time
-----------------------------------------------------------------------------
                                  0.39   slack (MET)


Startpoint: _285_ (rising edge-triggered flip-flop clocked by clk)
Endpoint: _285_ (rising edge-triggered flip-flop clocked by clk)
Path Group: clk
Path Type: min

Fanout     Cap    Slew   Delay    Time   Description
-----------------------------------------------------------------------------
                          0.00    0.00   clock clk (rise edge)
                          0.00    0.00   clock source latency
                  0.07    0.04    0.04 ^ clk (in)
     1    0.01                           clk (net)
                  0.07    0.00    0.04 ^ clkbuf_0_clk/A (sky130_fd_sc_hd__clkbuf_16)
                  0.06    0.15    0.19 ^ clkbuf_0_clk/X (sky130_fd_sc_hd__clkbuf_16)
     4    0.04                           clknet_0_clk (net)
                  0.06    0.00    0.19 ^ clkbuf_2_1__f_clk/A (sky130_fd_sc_hd__clkbuf_16)
                  0.05    0.14    0.33 ^ clkbuf_2_1__f_clk/X (sky130_fd_sc_hd__clkbuf_16)
    11    0.03                           clknet_2_1__leaf_clk (net)
                  0.05    0.00    0.33 ^ _285_/CLK (sky130_fd_sc_hd__dfrtp_1)
                  0.11    0.35    0.68 ^ _285_/Q (sky130_fd_sc_hd__dfrtp_1)
     4    0.01                           bit_count[1] (net)
                  0.11    0.00    0.68 ^ _222_/A2 (sky130_fd_sc_hd__a21oi_1)
                  0.05    0.08    0.76 v _222_/Y (sky130_fd_sc_hd__a21oi_1)
     1    0.00                           _093_ (net)
                  0.05    0.00    0.76 v _225_/B1 (sky130_fd_sc_hd__o22a_1)
                  0.04    0.17    0.93 v _225_/X (sky130_fd_sc_hd__o22a_1)
     1    0.00                           _024_ (net)
                  0.04    0.00    0.93 v _285_/D (sky130_fd_sc_hd__dfrtp_1)
                                  0.93   data arrival time

                          0.00    0.00   clock clk (rise edge)
                          0.00    0.00   clock source latency
                  0.07    0.05    0.05 ^ clk (in)
     1    0.01                           clk (net)
                  0.07    0.00    0.05 ^ clkbuf_0_clk/A (sky130_fd_sc_hd__clkbuf_16)
                  0.06    0.16    0.21 ^ clkbuf_0_clk/X (sky130_fd_sc_hd__clkbuf_16)
     4    0.04                           clknet_0_clk (net)
                  0.06    0.00    0.21 ^ clkbuf_2_1__f_clk/A (sky130_fd_sc_hd__clkbuf_16)
                  0.05    0.15    0.36 ^ clkbuf_2_1__f_clk/X (sky130_fd_sc_hd__clkbuf_16)
    11    0.03                           clknet_2_1__leaf_clk (net)
                  0.05    0.00    0.36 ^ _285_/CLK (sky130_fd_sc_hd__dfrtp_1)
                          0.25    0.61   clock uncertainty
                         -0.03    0.58   clock reconvergence pessimism
                         -0.04    0.54   library hold time
                                  0.54   data required time
-----------------------------------------------------------------------------
                                  0.54   data required time
                                 -0.93   data arrival time
-----------------------------------------------------------------------------
                                  0.39   slack (MET)


Startpoint: _270_ (rising edge-triggered flip-flop clocked by clk)
Endpoint: _270_ (rising edge-triggered flip-flop clocked by clk)
Path Group: clk
Path Type: min

Fanout     Cap    Slew   Delay    Time   Description
-----------------------------------------------------------------------------
                          0.00    0.00   clock clk (rise edge)
                          0.00    0.00   clock source latency
                  0.07    0.04    0.04 ^ clk (in)
     1    0.01                           clk (net)
                  0.07    0.00    0.04 ^ clkbuf_0_clk/A (sky130_fd_sc_hd__clkbuf_16)
                  0.06    0.15    0.19 ^ clkbuf_0_clk/X (sky130_fd_sc_hd__clkbuf_16)
     4    0.04                           clknet_0_clk (net)
                  0.06    0.00    0.19 ^ clkbuf_2_1__f_clk/A (sky130_fd_sc_hd__clkbuf_16)
                  0.05    0.14    0.33 ^ clkbuf_2_1__f_clk/X (sky130_fd_sc_hd__clkbuf_16)
    11    0.03                           clknet_2_1__leaf_clk (net)
                  0.05    0.00    0.33 ^ _270_/CLK (sky130_fd_sc_hd__dfrtp_1)
                  0.12    0.36    0.69 ^ _270_/Q (sky130_fd_sc_hd__dfrtp_1)
     3    0.01                           baud_counter[8] (net)
                  0.12    0.00    0.69 ^ _166_/B1 (sky130_fd_sc_hd__a21o_1)
                  0.04    0.10    0.79 ^ _166_/X (sky130_fd_sc_hd__a21o_1)
     1    0.00                           _052_ (net)
                  0.04    0.00    0.79 ^ _169_/A2 (sky130_fd_sc_hd__a32o_1)
                  0.06    0.15    0.94 ^ _169_/X (sky130_fd_sc_hd__a32o_1)
     1    0.00                           _009_ (net)
                  0.06    0.00    0.94 ^ _270_/D (sky130_fd_sc_hd__dfrtp_1)
                                  0.94   data arrival time

                          0.00    0.00   clock clk (rise edge)
                          0.00    0.00   clock source latency
                  0.07    0.05    0.05 ^ clk (in)
     1    0.01                           clk (net)
                  0.07    0.00    0.05 ^ clkbuf_0_clk/A (sky130_fd_sc_hd__clkbuf_16)
                  0.06    0.16    0.21 ^ clkbuf_0_clk/X (sky130_fd_sc_hd__clkbuf_16)
     4    0.04                           clknet_0_clk (net)
                  0.06    0.00    0.21 ^ clkbuf_2_1__f_clk/A (sky130_fd_sc_hd__clkbuf_16)
                  0.05    0.15    0.36 ^ clkbuf_2_1__f_clk/X (sky130_fd_sc_hd__clkbuf_16)
    11    0.03                           clknet_2_1__leaf_clk (net)
                  0.05    0.00    0.36 ^ _270_/CLK (sky130_fd_sc_hd__dfrtp_1)
                          0.25    0.61   clock uncertainty
                         -0.03    0.58   clock reconvergence pessimism
                         -0.04    0.54   library hold time
                                  0.54   data required time
-----------------------------------------------------------------------------
                                  0.54   data required time
                                 -0.94   data arrival time
-----------------------------------------------------------------------------
                                  0.39   slack (MET)


Startpoint: _279_ (rising edge-triggered flip-flop clocked by clk)
Endpoint: _279_ (rising edge-triggered flip-flop clocked by clk)
Path Group: clk
Path Type: min

Fanout     Cap    Slew   Delay    Time   Description
-----------------------------------------------------------------------------
                          0.00    0.00   clock clk (rise edge)
                          0.00    0.00   clock source latency
                  0.07    0.04    0.04 ^ clk (in)
     1    0.01                           clk (net)
                  0.07    0.00    0.04 ^ clkbuf_0_clk/A (sky130_fd_sc_hd__clkbuf_16)
                  0.06    0.15    0.19 ^ clkbuf_0_clk/X (sky130_fd_sc_hd__clkbuf_16)
     4    0.04                           clknet_0_clk (net)
                  0.06    0.00    0.19 ^ clkbuf_2_3__f_clk/A (sky130_fd_sc_hd__clkbuf_16)
                  0.05    0.13    0.33 ^ clkbuf_2_3__f_clk/X (sky130_fd_sc_hd__clkbuf_16)
     9    0.03                           clknet_2_3__leaf_clk (net)
                  0.05    0.00    0.33 ^ _279_/CLK (sky130_fd_sc_hd__dfrtp_1)
                  0.12    0.36    0.69 ^ _279_/Q (sky130_fd_sc_hd__dfrtp_1)
     4    0.01                           idle_counter[5] (net)
                  0.12    0.00    0.69 ^ _201_/A (sky130_fd_sc_hd__inv_2)
                  0.03    0.03    0.72 v _201_/Y (sky130_fd_sc_hd__inv_2)
     1    0.00                           _078_ (net)
                  0.03    0.00    0.72 v _203_/A1 (sky130_fd_sc_hd__a21oi_1)
                  0.10    0.11    0.83 ^ _203_/Y (sky130_fd_sc_hd__a21oi_1)
     1    0.00                           _080_ (net)
                  0.10    0.00    0.83 ^ _204_/B2 (sky130_fd_sc_hd__a22o_1)
                  0.05    0.12    0.95 ^ _204_/X (sky130_fd_sc_hd__a22o_1)
     1    0.00                           _018_ (net)
                  0.05    0.00    0.95 ^ _279_/D (sky130_fd_sc_hd__dfrtp_1)
                                  0.95   data arrival time

                          0.00    0.00   clock clk (rise edge)
                          0.00    0.00   clock source latency
                  0.07    0.05    0.05 ^ clk (in)
     1    0.01                           clk (net)
                  0.07    0.00    0.05 ^ clkbuf_0_clk/A (sky130_fd_sc_hd__clkbuf_16)
                  0.06    0.16    0.21 ^ clkbuf_0_clk/X (sky130_fd_sc_hd__clkbuf_16)
     4    0.04                           clknet_0_clk (net)
                  0.06    0.00    0.21 ^ clkbuf_2_3__f_clk/A (sky130_fd_sc_hd__clkbuf_16)
                  0.05    0.15    0.36 ^ clkbuf_2_3__f_clk/X (sky130_fd_sc_hd__clkbuf_16)
     9    0.03                           clknet_2_3__leaf_clk (net)
                  0.05    0.00    0.36 ^ _279_/CLK (sky130_fd_sc_hd__dfrtp_1)
                          0.25    0.61   clock uncertainty
                         -0.03    0.58   clock reconvergence pessimism
                         -0.03    0.54   library hold time
                                  0.54   data required time
-----------------------------------------------------------------------------
                                  0.54   data required time
                                 -0.95   data arrival time
-----------------------------------------------------------------------------
                                  0.41   slack (MET)


Startpoint: _278_ (rising edge-triggered flip-flop clocked by clk)
Endpoint: _278_ (rising edge-triggered flip-flop clocked by clk)
Path Group: clk
Path Type: min

Fanout     Cap    Slew   Delay    Time   Description
-----------------------------------------------------------------------------
                          0.00    0.00   clock clk (rise edge)
                          0.00    0.00   clock source latency
                  0.07    0.04    0.04 ^ clk (in)
     1    0.01                           clk (net)
                  0.07    0.00    0.04 ^ clkbuf_0_clk/A (sky130_fd_sc_hd__clkbuf_16)
                  0.06    0.15    0.19 ^ clkbuf_0_clk/X (sky130_fd_sc_hd__clkbuf_16)
     4    0.04                           clknet_0_clk (net)
                  0.06    0.00    0.19 ^ clkbuf_2_3__f_clk/A (sky130_fd_sc_hd__clkbuf_16)
                  0.05    0.13    0.33 ^ clkbuf_2_3__f_clk/X (sky130_fd_sc_hd__clkbuf_16)
     9    0.03                           clknet_2_3__leaf_clk (net)
                  0.05    0.00    0.33 ^ _278_/CLK (sky130_fd_sc_hd__dfrtp_1)
                  0.13    0.37    0.69 ^ _278_/Q (sky130_fd_sc_hd__dfrtp_1)
     5    0.01                           idle_counter[4] (net)
                  0.13    0.00    0.69 ^ _198_/A (sky130_fd_sc_hd__or2_1)
                  0.05    0.12    0.81 ^ _198_/X (sky130_fd_sc_hd__or2_1)
     1    0.00                           _076_ (net)
                  0.05    0.00    0.81 ^ _200_/A2 (sky130_fd_sc_hd__a32o_1)
                  0.05    0.14    0.95 ^ _200_/X (sky130_fd_sc_hd__a32o_1)
     1    0.00                           _017_ (net)
                  0.05    0.00    0.95 ^ _278_/D (sky130_fd_sc_hd__dfrtp_1)
                                  0.95   data arrival time

                          0.00    0.00   clock clk (rise edge)
                          0.00    0.00   clock source latency
                  0.07    0.05    0.05 ^ clk (in)
     1    0.01                           clk (net)
                  0.07    0.00    0.05 ^ clkbuf_0_clk/A (sky130_fd_sc_hd__clkbuf_16)
                  0.06    0.16    0.21 ^ clkbuf_0_clk/X (sky130_fd_sc_hd__clkbuf_16)
     4    0.04                           clknet_0_clk (net)
                  0.06    0.00    0.21 ^ clkbuf_2_3__f_clk/A (sky130_fd_sc_hd__clkbuf_16)
                  0.05    0.15    0.36 ^ clkbuf_2_3__f_clk/X (sky130_fd_sc_hd__clkbuf_16)
     9    0.03                           clknet_2_3__leaf_clk (net)
                  0.05    0.00    0.36 ^ _278_/CLK (sky130_fd_sc_hd__dfrtp_1)
                          0.25    0.61   clock uncertainty
                         -0.03    0.58   clock reconvergence pessimism
                         -0.03    0.54   library hold time
                                  0.54   data required time
-----------------------------------------------------------------------------
                                  0.54   data required time
                                 -0.95   data arrival time
-----------------------------------------------------------------------------
                                  0.41   slack (MET)


Startpoint: _266_ (rising edge-triggered flip-flop clocked by clk)
Endpoint: _266_ (rising edge-triggered flip-flop clocked by clk)
Path Group: clk
Path Type: min

Fanout     Cap    Slew   Delay    Time   Description
-----------------------------------------------------------------------------
                          0.00    0.00   clock clk (rise edge)
                          0.00    0.00   clock source latency
                  0.07    0.04    0.04 ^ clk (in)
     1    0.01                           clk (net)
                  0.07    0.00    0.04 ^ clkbuf_0_clk/A (sky130_fd_sc_hd__clkbuf_16)
                  0.06    0.15    0.19 ^ clkbuf_0_clk/X (sky130_fd_sc_hd__clkbuf_16)
     4    0.04                           clknet_0_clk (net)
                  0.06    0.00    0.19 ^ clkbuf_2_1__f_clk/A (sky130_fd_sc_hd__clkbuf_16)
                  0.05    0.14    0.33 ^ clkbuf_2_1__f_clk/X (sky130_fd_sc_hd__clkbuf_16)
    11    0.03                           clknet_2_1__leaf_clk (net)
                  0.05    0.00    0.33 ^ _266_/CLK (sky130_fd_sc_hd__dfrtp_1)
                  0.09    0.39    0.72 v _266_/Q (sky130_fd_sc_hd__dfrtp_1)
     6    0.02                           baud_counter[4] (net)
                  0.09    0.00    0.72 v _156_/A (sky130_fd_sc_hd__nand2_1)
                  0.06    0.08    0.80 ^ _156_/Y (sky130_fd_sc_hd__nand2_1)
     1    0.00                           _046_ (net)
                  0.06    0.00    0.80 ^ _157_/A3 (sky130_fd_sc_hd__a32o_1)
                  0.06    0.16    0.97 ^ _157_/X (sky130_fd_sc_hd__a32o_1)
     1    0.00                           _005_ (net)
                  0.06    0.00    0.97 ^ _266_/D (sky130_fd_sc_hd__dfrtp_1)
                                  0.97   data arrival time

                          0.00    0.00   clock clk (rise edge)
                          0.00    0.00   clock source latency
                  0.07    0.05    0.05 ^ clk (in)
     1    0.01                           clk (net)
                  0.07    0.00    0.05 ^ clkbuf_0_clk/A (sky130_fd_sc_hd__clkbuf_16)
                  0.06    0.16    0.21 ^ clkbuf_0_clk/X (sky130_fd_sc_hd__clkbuf_16)
     4    0.04                           clknet_0_clk (net)
                  0.06    0.00    0.21 ^ clkbuf_2_1__f_clk/A (sky130_fd_sc_hd__clkbuf_16)
                  0.05    0.15    0.36 ^ clkbuf_2_1__f_clk/X (sky130_fd_sc_hd__clkbuf_16)
    11    0.03                           clknet_2_1__leaf_clk (net)
                  0.05    0.00    0.36 ^ _266_/CLK (sky130_fd_sc_hd__dfrtp_1)
                          0.25    0.61   clock uncertainty
                         -0.03    0.58   clock reconvergence pessimism
                         -0.04    0.54   library hold time
                                  0.54   data required time
-----------------------------------------------------------------------------
                                  0.54   data required time
                                 -0.97   data arrival time
-----------------------------------------------------------------------------
                                  0.42   slack (MET)


Startpoint: _273_ (rising edge-triggered flip-flop clocked by clk)
Endpoint: _287_ (rising edge-triggered flip-flop clocked by clk)
Path Group: clk
Path Type: min

Fanout     Cap    Slew   Delay    Time   Description
-----------------------------------------------------------------------------
                          0.00    0.00   clock clk (rise edge)
                          0.00    0.00   clock source latency
                  0.07    0.04    0.04 ^ clk (in)
     1    0.01                           clk (net)
                  0.07    0.00    0.04 ^ clkbuf_0_clk/A (sky130_fd_sc_hd__clkbuf_16)
                  0.06    0.15    0.19 ^ clkbuf_0_clk/X (sky130_fd_sc_hd__clkbuf_16)
     4    0.04                           clknet_0_clk (net)
                  0.06    0.00    0.19 ^ clkbuf_2_2__f_clk/A (sky130_fd_sc_hd__clkbuf_16)
                  0.04    0.13    0.32 ^ clkbuf_2_2__f_clk/X (sky130_fd_sc_hd__clkbuf_16)
     8    0.02                           clknet_2_2__leaf_clk (net)
                  0.04    0.00    0.32 ^ _273_/CLK (sky130_fd_sc_hd__dfrtp_2)
                  0.12    0.39    0.71 ^ _273_/Q (sky130_fd_sc_hd__dfrtp_2)
     5    0.02                           net12 (net)
                  0.12    0.00    0.71 ^ _217_/B1 (sky130_fd_sc_hd__a21oi_2)
                  0.05    0.06    0.77 v _217_/Y (sky130_fd_sc_hd__a21oi_2)
     4    0.01                           _089_ (net)
                  0.05    0.00    0.77 v _227_/B1 (sky130_fd_sc_hd__o21ai_1)
                  0.11    0.09    0.86 ^ _227_/Y (sky130_fd_sc_hd__o21ai_1)
     2    0.01                           _097_ (net)
                  0.11    0.00    0.86 ^ _232_/B1 (sky130_fd_sc_hd__a2bb2o_1)
                  0.04    0.13    1.00 ^ _232_/X (sky130_fd_sc_hd__a2bb2o_1)
     1    0.00                           _026_ (net)
                  0.04    0.00    1.00 ^ _287_/D (sky130_fd_sc_hd__dfrtp_1)
                                  1.00   data arrival time

                          0.00    0.00   clock clk (rise edge)
                          0.00    0.00   clock source latency
                  0.07    0.05    0.05 ^ clk (in)
     1    0.01                           clk (net)
                  0.07    0.00    0.05 ^ clkbuf_0_clk/A (sky130_fd_sc_hd__clkbuf_16)
                  0.06    0.16    0.21 ^ clkbuf_0_clk/X (sky130_fd_sc_hd__clkbuf_16)
     4    0.04                           clknet_0_clk (net)
                  0.06    0.00    0.21 ^ clkbuf_2_0__f_clk/A (sky130_fd_sc_hd__clkbuf_16)
                  0.05    0.15    0.36 ^ clkbuf_2_0__f_clk/X (sky130_fd_sc_hd__clkbuf_16)
     9    0.03                           clknet_2_0__leaf_clk (net)
                  0.05    0.00    0.36 ^ _287_/CLK (sky130_fd_sc_hd__dfrtp_1)
                          0.25    0.61   clock uncertainty
                         -0.02    0.59   clock reconvergence pessimism
                         -0.03    0.56   library hold time
                                  0.56   data required time
-----------------------------------------------------------------------------
                                  0.56   data required time
                                 -1.00   data arrival time
-----------------------------------------------------------------------------
                                  0.44   slack (MET)


Startpoint: _272_ (rising edge-triggered flip-flop clocked by clk)
Endpoint: _282_ (rising edge-triggered flip-flop clocked by clk)
Path Group: clk
Path Type: min

Fanout     Cap    Slew   Delay    Time   Description
-----------------------------------------------------------------------------
                          0.00    0.00   clock clk (rise edge)
                          0.00    0.00   clock source latency
                  0.07    0.04    0.04 ^ clk (in)
     1    0.01                           clk (net)
                  0.07    0.00    0.04 ^ clkbuf_0_clk/A (sky130_fd_sc_hd__clkbuf_16)
                  0.06    0.15    0.19 ^ clkbuf_0_clk/X (sky130_fd_sc_hd__clkbuf_16)
     4    0.04                           clknet_0_clk (net)
                  0.06    0.00    0.19 ^ clkbuf_2_2__f_clk/A (sky130_fd_sc_hd__clkbuf_16)
                  0.04    0.13    0.32 ^ clkbuf_2_2__f_clk/X (sky130_fd_sc_hd__clkbuf_16)
     8    0.02                           clknet_2_2__leaf_clk (net)
                  0.04    0.00    0.32 ^ _272_/CLK (sky130_fd_sc_hd__dfrtp_1)
                  0.09    0.34    0.66 ^ _272_/Q (sky130_fd_sc_hd__dfrtp_1)
     4    0.01                           sleep_pending (net)
                  0.09    0.00    0.66 ^ _184_/C (sky130_fd_sc_hd__and3b_1)
                  0.11    0.20    0.86 ^ _184_/X (sky130_fd_sc_hd__and3b_1)
     3    0.01                           _065_ (net)
                  0.11    0.00    0.86 ^ _212_/B1 (sky130_fd_sc_hd__o21a_1)
                  0.04    0.12    0.99 ^ _212_/X (sky130_fd_sc_hd__o21a_1)
     1    0.00                           _021_ (net)
                  0.04    0.00    0.99 ^ _282_/D (sky130_fd_sc_hd__dfrtp_1)
                                  0.99   data arrival time

                          0.00    0.00   clock clk (rise edge)
                          0.00    0.00   clock source latency
                  0.07    0.05    0.05 ^ clk (in)
     1    0.01                           clk (net)
                  0.07    0.00    0.05 ^ clkbuf_0_clk/A (sky130_fd_sc_hd__clkbuf_16)
                  0.06    0.16    0.21 ^ clkbuf_0_clk/X (sky130_fd_sc_hd__clkbuf_16)
     4    0.04                           clknet_0_clk (net)
                  0.06    0.00    0.21 ^ clkbuf_2_2__f_clk/A (sky130_fd_sc_hd__clkbuf_16)
                  0.04    0.14    0.35 ^ clkbuf_2_2__f_clk/X (sky130_fd_sc_hd__clkbuf_16)
     8    0.02                           clknet_2_2__leaf_clk (net)
                  0.04    0.00    0.36 ^ _282_/CLK (sky130_fd_sc_hd__dfrtp_1)
                          0.25    0.61   clock uncertainty
                         -0.03    0.57   clock reconvergence pessimism
                         -0.03    0.54   library hold time
                                  0.54   data required time
-----------------------------------------------------------------------------
                                  0.54   data required time
                                 -0.99   data arrival time
-----------------------------------------------------------------------------
                                  0.45   slack (MET)


Startpoint: _275_ (rising edge-triggered flip-flop clocked by clk)
Endpoint: _275_ (rising edge-triggered flip-flop clocked by clk)
Path Group: clk
Path Type: min

Fanout     Cap    Slew   Delay    Time   Description
-----------------------------------------------------------------------------
                          0.00    0.00   clock clk (rise edge)
                          0.00    0.00   clock source latency
                  0.07    0.04    0.04 ^ clk (in)
     1    0.01                           clk (net)
                  0.07    0.00    0.04 ^ clkbuf_0_clk/A (sky130_fd_sc_hd__clkbuf_16)
                  0.06    0.15    0.19 ^ clkbuf_0_clk/X (sky130_fd_sc_hd__clkbuf_16)
     4    0.04                           clknet_0_clk (net)
                  0.06    0.00    0.19 ^ clkbuf_2_2__f_clk/A (sky130_fd_sc_hd__clkbuf_16)
                  0.04    0.13    0.32 ^ clkbuf_2_2__f_clk/X (sky130_fd_sc_hd__clkbuf_16)
     8    0.02                           clknet_2_2__leaf_clk (net)
                  0.04    0.00    0.32 ^ _275_/CLK (sky130_fd_sc_hd__dfrtp_2)
                  0.11    0.38    0.70 ^ _275_/Q (sky130_fd_sc_hd__dfrtp_2)
     6    0.02                           idle_counter[1] (net)
                  0.11    0.00    0.70 ^ _186_/B1 (sky130_fd_sc_hd__a21o_1)
                  0.03    0.09    0.78 ^ _186_/X (sky130_fd_sc_hd__a21o_1)
     1    0.00                           _067_ (net)
                  0.03    0.00    0.78 ^ _187_/C (sky130_fd_sc_hd__and3_1)
                  0.05    0.13    0.92 ^ _187_/X (sky130_fd_sc_hd__and3_1)
     1    0.00                           _068_ (net)
                  0.05    0.00    0.92 ^ _188_/A (sky130_fd_sc_hd__clkbuf_1)
                  0.04    0.07    0.99 ^ _188_/X (sky130_fd_sc_hd__clkbuf_1)
     1    0.00                           _014_ (net)
                  0.04    0.00    0.99 ^ _275_/D (sky130_fd_sc_hd__dfrtp_2)
                                  0.99   data arrival time

                          0.00    0.00   clock clk (rise edge)
                          0.00    0.00   clock source latency
                  0.07    0.05    0.05 ^ clk (in)
     1    0.01                           clk (net)
                  0.07    0.00    0.05 ^ clkbuf_0_clk/A (sky130_fd_sc_hd__clkbuf_16)
                  0.06    0.16    0.21 ^ clkbuf_0_clk/X (sky130_fd_sc_hd__clkbuf_16)
     4    0.04                           clknet_0_clk (net)
                  0.06    0.00    0.21 ^ clkbuf_2_2__f_clk/A (sky130_fd_sc_hd__clkbuf_16)
                  0.04    0.14    0.35 ^ clkbuf_2_2__f_clk/X (sky130_fd_sc_hd__clkbuf_16)
     8    0.02                           clknet_2_2__leaf_clk (net)
                  0.04    0.00    0.36 ^ _275_/CLK (sky130_fd_sc_hd__dfrtp_2)
                          0.25    0.61   clock uncertainty
                         -0.03    0.57   clock reconvergence pessimism
                         -0.03    0.54   library hold time
                                  0.54   data required time
-----------------------------------------------------------------------------
                                  0.54   data required time
                                 -0.99   data arrival time
-----------------------------------------------------------------------------
                                  0.45   slack (MET)


Startpoint: _270_ (rising edge-triggered flip-flop clocked by clk)
Endpoint: _271_ (rising edge-triggered flip-flop clocked by clk)
Path Group: clk
Path Type: min

Fanout     Cap    Slew   Delay    Time   Description
-----------------------------------------------------------------------------
                          0.00    0.00   clock clk (rise edge)
                          0.00    0.00   clock source latency
                  0.07    0.04    0.04 ^ clk (in)
     1    0.01                           clk (net)
                  0.07    0.00    0.04 ^ clkbuf_0_clk/A (sky130_fd_sc_hd__clkbuf_16)
                  0.06    0.15    0.19 ^ clkbuf_0_clk/X (sky130_fd_sc_hd__clkbuf_16)
     4    0.04                           clknet_0_clk (net)
                  0.06    0.00    0.19 ^ clkbuf_2_1__f_clk/A (sky130_fd_sc_hd__clkbuf_16)
                  0.05    0.14    0.33 ^ clkbuf_2_1__f_clk/X (sky130_fd_sc_hd__clkbuf_16)
    11    0.03                           clknet_2_1__leaf_clk (net)
                  0.05    0.00    0.33 ^ _270_/CLK (sky130_fd_sc_hd__dfrtp_1)
                  0.08    0.38    0.71 v _270_/Q (sky130_fd_sc_hd__dfrtp_1)
     3    0.01                           baud_counter[8] (net)
                  0.08    0.00    0.71 v _134_/A (sky130_fd_sc_hd__inv_2)
                  0.04    0.06    0.77 ^ _134_/Y (sky130_fd_sc_hd__inv_2)
     2    0.01                           _123_ (net)
                  0.04    0.00    0.77 ^ _168_/A (sky130_fd_sc_hd__or4bb_1)
                  0.08    0.12    0.89 ^ _168_/X (sky130_fd_sc_hd__or4bb_1)
     2    0.01                           _054_ (net)
                  0.08    0.00    0.89 ^ _170_/B (sky130_fd_sc_hd__or2_1)
                  0.06    0.11    1.00 ^ _170_/X (sky130_fd_sc_hd__or2_1)
     1    0.01                           _055_ (net)
                  0.06    0.00    1.00 ^ _171_/B (sky130_fd_sc_hd__xnor2_1)
                  0.04    0.06    1.05 v _171_/Y (sky130_fd_sc_hd__xnor2_1)
     1    0.00                           _010_ (net)
                  0.04    0.00    1.06 v _271_/D (sky130_fd_sc_hd__dfrtp_1)
                                  1.06   data arrival time

                          0.00    0.00   clock clk (rise edge)
                          0.00    0.00   clock source latency
                  0.07    0.05    0.05 ^ clk (in)
     1    0.01                           clk (net)
                  0.07    0.00    0.05 ^ clkbuf_0_clk/A (sky130_fd_sc_hd__clkbuf_16)
                  0.06    0.16    0.21 ^ clkbuf_0_clk/X (sky130_fd_sc_hd__clkbuf_16)
     4    0.04                           clknet_0_clk (net)
                  0.06    0.00    0.21 ^ clkbuf_2_3__f_clk/A (sky130_fd_sc_hd__clkbuf_16)
                  0.05    0.15    0.36 ^ clkbuf_2_3__f_clk/X (sky130_fd_sc_hd__clkbuf_16)
     9    0.03                           clknet_2_3__leaf_clk (net)
                  0.05    0.00    0.36 ^ _271_/CLK (sky130_fd_sc_hd__dfrtp_1)
                          0.25    0.61   clock uncertainty
                         -0.02    0.59   clock reconvergence pessimism
                         -0.04    0.55   library hold time
                                  0.55   data required time
-----------------------------------------------------------------------------
                                  0.55   data required time
                                 -1.06   data arrival time
-----------------------------------------------------------------------------
                                  0.50   slack (MET)


Startpoint: _273_ (rising edge-triggered flip-flop clocked by clk)
Endpoint: _268_ (rising edge-triggered flip-flop clocked by clk)
Path Group: clk
Path Type: min

Fanout     Cap    Slew   Delay    Time   Description
-----------------------------------------------------------------------------
                          0.00    0.00   clock clk (rise edge)
                          0.00    0.00   clock source latency
                  0.07    0.04    0.04 ^ clk (in)
     1    0.01                           clk (net)
                  0.07    0.00    0.04 ^ clkbuf_0_clk/A (sky130_fd_sc_hd__clkbuf_16)
                  0.06    0.15    0.19 ^ clkbuf_0_clk/X (sky130_fd_sc_hd__clkbuf_16)
     4    0.04                           clknet_0_clk (net)
                  0.06    0.00    0.19 ^ clkbuf_2_2__f_clk/A (sky130_fd_sc_hd__clkbuf_16)
                  0.04    0.13    0.32 ^ clkbuf_2_2__f_clk/X (sky130_fd_sc_hd__clkbuf_16)
     8    0.02                           clknet_2_2__leaf_clk (net)
                  0.04    0.00    0.32 ^ _273_/CLK (sky130_fd_sc_hd__dfrtp_2)
                  0.12    0.39    0.71 ^ _273_/Q (sky130_fd_sc_hd__dfrtp_2)
     5    0.02                           net12 (net)
                  0.12    0.00    0.71 ^ _130_/A (sky130_fd_sc_hd__clkbuf_4)
                  0.13    0.21    0.92 ^ _130_/X (sky130_fd_sc_hd__clkbuf_4)
    10    0.04                           _120_ (net)
                  0.13    0.00    0.92 ^ _161_/A (sky130_fd_sc_hd__or2_1)
                  0.06    0.13    1.05 ^ _161_/X (sky130_fd_sc_hd__or2_1)
     1    0.00                           _049_ (net)
                  0.06    0.00    1.05 ^ _162_/B (sky130_fd_sc_hd__xnor2_1)
                  0.03    0.05    1.10 v _162_/Y (sky130_fd_sc_hd__xnor2_1)
     1    0.00                           _007_ (net)
                  0.03    0.00    1.10 v _268_/D (sky130_fd_sc_hd__dfrtp_1)
                                  1.10   data arrival time

                          0.00    0.00   clock clk (rise edge)
                          0.00    0.00   clock source latency
                  0.07    0.05    0.05 ^ clk (in)
     1    0.01                           clk (net)
                  0.07    0.00    0.05 ^ clkbuf_0_clk/A (sky130_fd_sc_hd__clkbuf_16)
                  0.06    0.16    0.21 ^ clkbuf_0_clk/X (sky130_fd_sc_hd__clkbuf_16)
     4    0.04                           clknet_0_clk (net)
                  0.06    0.00    0.21 ^ clkbuf_2_1__f_clk/A (sky130_fd_sc_hd__clkbuf_16)
                  0.05    0.15    0.36 ^ clkbuf_2_1__f_clk/X (sky130_fd_sc_hd__clkbuf_16)
    11    0.03                           clknet_2_1__leaf_clk (net)
                  0.05    0.00    0.36 ^ _268_/CLK (sky130_fd_sc_hd__dfrtp_1)
                          0.25    0.61   clock uncertainty
                         -0.02    0.59   clock reconvergence pessimism
                         -0.04    0.55   library hold time
                                  0.55   data required time
-----------------------------------------------------------------------------
                                  0.55   data required time
                                 -1.10   data arrival time
-----------------------------------------------------------------------------
                                  0.55   slack (MET)


Startpoint: _298_ (rising edge-triggered flip-flop clocked by clk)
Endpoint: _295_ (rising edge-triggered flip-flop clocked by clk)
Path Group: clk
Path Type: min

Fanout     Cap    Slew   Delay    Time   Description
-----------------------------------------------------------------------------
                          0.00    0.00   clock clk (rise edge)
                          0.00    0.00   clock source latency
                  0.07    0.04    0.04 ^ clk (in)
     1    0.01                           clk (net)
                  0.07    0.00    0.04 ^ clkbuf_0_clk/A (sky130_fd_sc_hd__clkbuf_16)
                  0.06    0.15    0.19 ^ clkbuf_0_clk/X (sky130_fd_sc_hd__clkbuf_16)
     4    0.04                           clknet_0_clk (net)
                  0.06    0.00    0.19 ^ clkbuf_2_1__f_clk/A (sky130_fd_sc_hd__clkbuf_16)
                  0.05    0.14    0.33 ^ clkbuf_2_1__f_clk/X (sky130_fd_sc_hd__clkbuf_16)
    11    0.03                           clknet_2_1__leaf_clk (net)
                  0.05    0.00    0.33 ^ _298_/CLK (sky130_fd_sc_hd__dfrtp_1)
                  0.08    0.39    0.72 v _298_/Q (sky130_fd_sc_hd__dfrtp_1)
     4    0.01                           baud_tick (net)
                  0.08    0.00    0.72 v _221_/B (sky130_fd_sc_hd__nand3b_2)
                  0.12    0.14    0.86 ^ _221_/Y (sky130_fd_sc_hd__nand3b_2)
     4    0.02                           _092_ (net)
                  0.12    0.00    0.86 ^ _234_/A2 (sky130_fd_sc_hd__a21oi_4)
                  0.06    0.11    0.97 v _234_/Y (sky130_fd_sc_hd__a21oi_4)
     8    0.04                           _102_ (net)
                  0.06    0.00    0.97 v _255_/A (sky130_fd_sc_hd__inv_2)
                  0.03    0.05    1.02 ^ _255_/Y (sky130_fd_sc_hd__inv_2)
     1    0.00                           _116_ (net)
                  0.03    0.00    1.02 ^ _257_/A2 (sky130_fd_sc_hd__a22o_1)
                  0.04    0.12    1.13 ^ _257_/X (sky130_fd_sc_hd__a22o_1)
     1    0.00                           _034_ (net)
                  0.04    0.00    1.13 ^ _295_/D (sky130_fd_sc_hd__dfrtp_1)
                                  1.13   data arrival time

                          0.00    0.00   clock clk (rise edge)
                          0.00    0.00   clock source latency
                  0.07    0.05    0.05 ^ clk (in)
     1    0.01                           clk (net)
                  0.07    0.00    0.05 ^ clkbuf_0_clk/A (sky130_fd_sc_hd__clkbuf_16)
                  0.06    0.16    0.21 ^ clkbuf_0_clk/X (sky130_fd_sc_hd__clkbuf_16)
     4    0.04                           clknet_0_clk (net)
                  0.06    0.00    0.21 ^ clkbuf_2_0__f_clk/A (sky130_fd_sc_hd__clkbuf_16)
                  0.05    0.15    0.36 ^ clkbuf_2_0__f_clk/X (sky130_fd_sc_hd__clkbuf_16)
     9    0.03                           clknet_2_0__leaf_clk (net)
                  0.05    0.00    0.36 ^ _295_/CLK (sky130_fd_sc_hd__dfrtp_1)
                          0.25    0.61   clock uncertainty
                         -0.02    0.59   clock reconvergence pessimism
                         -0.03    0.56   library hold time
                                  0.56   data required time
-----------------------------------------------------------------------------
                                  0.56   data required time
                                 -1.13   data arrival time
-----------------------------------------------------------------------------
                                  0.58   slack (MET)


Startpoint: _283_ (rising edge-triggered flip-flop clocked by clk)
Endpoint: _273_ (rising edge-triggered flip-flop clocked by clk)
Path Group: clk
Path Type: min

Fanout     Cap    Slew   Delay    Time   Description
-----------------------------------------------------------------------------
                          0.00    0.00   clock clk (rise edge)
                          0.00    0.00   clock source latency
                  0.07    0.04    0.04 ^ clk (in)
     1    0.01                           clk (net)
                  0.07    0.00    0.04 ^ clkbuf_0_clk/A (sky130_fd_sc_hd__clkbuf_16)
                  0.06    0.15    0.19 ^ clkbuf_0_clk/X (sky130_fd_sc_hd__clkbuf_16)
     4    0.04                           clknet_0_clk (net)
                  0.06    0.00    0.19 ^ clkbuf_2_2__f_clk/A (sky130_fd_sc_hd__clkbuf_16)
                  0.04    0.13    0.32 ^ clkbuf_2_2__f_clk/X (sky130_fd_sc_hd__clkbuf_16)
     8    0.02                           clknet_2_2__leaf_clk (net)
                  0.04    0.00    0.32 ^ _283_/CLK (sky130_fd_sc_hd__dfrtp_1)
                  0.13    0.36    0.69 ^ _283_/Q (sky130_fd_sc_hd__dfrtp_1)
     3    0.01                           idle_counter[9] (net)
                  0.13    0.00    0.69 ^ _174_/B1 (sky130_fd_sc_hd__a21o_1)
                  0.11    0.14    0.83 ^ _174_/X (sky130_fd_sc_hd__a21o_1)
     3    0.01                           _058_ (net)
                  0.11    0.00    0.83 ^ _175_/A2 (sky130_fd_sc_hd__a21oi_1)
                  0.05    0.09    0.92 v _175_/Y (sky130_fd_sc_hd__a21oi_1)
     2    0.01                           _059_ (net)
                  0.05    0.00    0.92 v _178_/A_N (sky130_fd_sc_hd__and2b_1)
                  0.04    0.18    1.10 ^ _178_/X (sky130_fd_sc_hd__and2b_1)
     1    0.00                           _061_ (net)
                  0.04    0.00    1.10 ^ _179_/A (sky130_fd_sc_hd__clkbuf_1)
                  0.04    0.07    1.17 ^ _179_/X (sky130_fd_sc_hd__clkbuf_1)
     1    0.00                           _012_ (net)
                  0.04    0.00    1.17 ^ _273_/D (sky130_fd_sc_hd__dfrtp_2)
                                  1.17   data arrival time

                          0.00    0.00   clock clk (rise edge)
                          0.00    0.00   clock source latency
                  0.07    0.05    0.05 ^ clk (in)
     1    0.01                           clk (net)
                  0.07    0.00    0.05 ^ clkbuf_0_clk/A (sky130_fd_sc_hd__clkbuf_16)
                  0.06    0.16    0.21 ^ clkbuf_0_clk/X (sky130_fd_sc_hd__clkbuf_16)
     4    0.04                           clknet_0_clk (net)
                  0.06    0.00    0.21 ^ clkbuf_2_2__f_clk/A (sky130_fd_sc_hd__clkbuf_16)
                  0.04    0.14    0.35 ^ clkbuf_2_2__f_clk/X (sky130_fd_sc_hd__clkbuf_16)
     8    0.02                           clknet_2_2__leaf_clk (net)
                  0.04    0.00    0.36 ^ _273_/CLK (sky130_fd_sc_hd__dfrtp_2)
                          0.25    0.61   clock uncertainty
                         -0.03    0.57   clock reconvergence pessimism
                         -0.03    0.54   library hold time
                                  0.54   data required time
-----------------------------------------------------------------------------
                                  0.54   data required time
                                 -1.17   data arrival time
-----------------------------------------------------------------------------
                                  0.63   slack (MET)


Startpoint: rst_n (input port clocked by clk)
Endpoint: _269_ (removal check against rising-edge clock clk)
Path Group: asynchronous
Path Type: min

Fanout     Cap    Slew   Delay    Time   Description
-----------------------------------------------------------------------------
                          0.00    0.00   clock clk (rise edge)
                          0.00    0.00   clock network delay (propagated)
                          4.00    4.00 ^ input external delay
                  0.02    0.01    4.01 ^ rst_n (in)
     1    0.00                           rst_n (net)
                  0.02    0.00    4.01 ^ input1/A (sky130_fd_sc_hd__clkbuf_2)
                  0.13    0.15    4.16 ^ input1/X (sky130_fd_sc_hd__clkbuf_2)
     4    0.02                           net1 (net)
                  0.13    0.00    4.16 ^ fanout18/A (sky130_fd_sc_hd__clkbuf_4)
                  0.14    0.22    4.39 ^ fanout18/X (sky130_fd_sc_hd__clkbuf_4)
     9    0.04                           net18 (net)
                  0.14    0.00    4.39 ^ _269_/RESET_B (sky130_fd_sc_hd__dfrtp_2)
                                  4.39   data arrival time

                          0.00    0.00   clock clk (rise edge)
                          0.00    0.00   clock source latency
                  0.07    0.05    0.05 ^ clk (in)
     1    0.01                           clk (net)
                  0.07    0.00    0.05 ^ clkbuf_0_clk/A (sky130_fd_sc_hd__clkbuf_16)
                  0.06    0.16    0.21 ^ clkbuf_0_clk/X (sky130_fd_sc_hd__clkbuf_16)
     4    0.04                           clknet_0_clk (net)
                  0.06    0.00    0.21 ^ clkbuf_2_1__f_clk/A (sky130_fd_sc_hd__clkbuf_16)
                  0.05    0.15    0.36 ^ clkbuf_2_1__f_clk/X (sky130_fd_sc_hd__clkbuf_16)
    11    0.03                           clknet_2_1__leaf_clk (net)
                  0.05    0.00    0.36 ^ _269_/CLK (sky130_fd_sc_hd__dfrtp_2)
                          0.25    0.61   clock uncertainty
                          0.00    0.61   clock reconvergence pessimism
                          0.35    0.96   library removal time
                                  0.96   data required time
-----------------------------------------------------------------------------
                                  0.96   data required time
                                 -4.39   data arrival time
-----------------------------------------------------------------------------
                                  3.43   slack (MET)


Startpoint: rst_n (input port clocked by clk)
Endpoint: _278_ (removal check against rising-edge clock clk)
Path Group: asynchronous
Path Type: min

Fanout     Cap    Slew   Delay    Time   Description
-----------------------------------------------------------------------------
                          0.00    0.00   clock clk (rise edge)
                          0.00    0.00   clock network delay (propagated)
                          4.00    4.00 ^ input external delay
                  0.02    0.01    4.01 ^ rst_n (in)
     1    0.00                           rst_n (net)
                  0.02    0.00    4.01 ^ input1/A (sky130_fd_sc_hd__clkbuf_2)
                  0.13    0.15    4.16 ^ input1/X (sky130_fd_sc_hd__clkbuf_2)
     4    0.02                           net1 (net)
                  0.13    0.00    4.16 ^ fanout16/A (sky130_fd_sc_hd__clkbuf_4)
                  0.13    0.22    4.38 ^ fanout16/X (sky130_fd_sc_hd__clkbuf_4)
     8    0.04                           net16 (net)
                  0.13    0.00    4.38 ^ _278_/RESET_B (sky130_fd_sc_hd__dfrtp_1)
                                  4.38   data arrival time

                          0.00    0.00   clock clk (rise edge)
                          0.00    0.00   clock source latency
                  0.07    0.05    0.05 ^ clk (in)
     1    0.01                           clk (net)
                  0.07    0.00    0.05 ^ clkbuf_0_clk/A (sky130_fd_sc_hd__clkbuf_16)
                  0.06    0.16    0.21 ^ clkbuf_0_clk/X (sky130_fd_sc_hd__clkbuf_16)
     4    0.04                           clknet_0_clk (net)
                  0.06    0.00    0.21 ^ clkbuf_2_3__f_clk/A (sky130_fd_sc_hd__clkbuf_16)
                  0.05    0.15    0.36 ^ clkbuf_2_3__f_clk/X (sky130_fd_sc_hd__clkbuf_16)
     9    0.03                           clknet_2_3__leaf_clk (net)
                  0.05    0.00    0.36 ^ _278_/CLK (sky130_fd_sc_hd__dfrtp_1)
                          0.25    0.61   clock uncertainty
                          0.00    0.61   clock reconvergence pessimism
                          0.35    0.96   library removal time
                                  0.96   data required time
-----------------------------------------------------------------------------
                                  0.96   data required time
                                 -4.38   data arrival time
-----------------------------------------------------------------------------
                                  3.43   slack (MET)


Startpoint: rst_n (input port clocked by clk)
Endpoint: _271_ (removal check against rising-edge clock clk)
Path Group: asynchronous
Path Type: min

Fanout     Cap    Slew   Delay    Time   Description
-----------------------------------------------------------------------------
                          0.00    0.00   clock clk (rise edge)
                          0.00    0.00   clock network delay (propagated)
                          4.00    4.00 ^ input external delay
                  0.02    0.01    4.01 ^ rst_n (in)
     1    0.00                           rst_n (net)
                  0.02    0.00    4.01 ^ input1/A (sky130_fd_sc_hd__clkbuf_2)
                  0.13    0.15    4.16 ^ input1/X (sky130_fd_sc_hd__clkbuf_2)
     4    0.02                           net1 (net)
                  0.13    0.00    4.16 ^ fanout18/A (sky130_fd_sc_hd__clkbuf_4)
                  0.14    0.22    4.39 ^ fanout18/X (sky130_fd_sc_hd__clkbuf_4)
     9    0.04                           net18 (net)
                  0.14    0.00    4.39 ^ _271_/RESET_B (sky130_fd_sc_hd__dfrtp_1)
                                  4.39   data arrival time

                          0.00    0.00   clock clk (rise edge)
                          0.00    0.00   clock source latency
                  0.07    0.05    0.05 ^ clk (in)
     1    0.01                           clk (net)
                  0.07    0.00    0.05 ^ clkbuf_0_clk/A (sky130_fd_sc_hd__clkbuf_16)
                  0.06    0.16    0.21 ^ clkbuf_0_clk/X (sky130_fd_sc_hd__clkbuf_16)
     4    0.04                           clknet_0_clk (net)
                  0.06    0.00    0.21 ^ clkbuf_2_3__f_clk/A (sky130_fd_sc_hd__clkbuf_16)
                  0.05    0.15    0.36 ^ clkbuf_2_3__f_clk/X (sky130_fd_sc_hd__clkbuf_16)
     9    0.03                           clknet_2_3__leaf_clk (net)
                  0.05    0.00    0.36 ^ _271_/CLK (sky130_fd_sc_hd__dfrtp_1)
                          0.25    0.61   clock uncertainty
                          0.00    0.61   clock reconvergence pessimism
                          0.35    0.96   library removal time
                                  0.96   data required time
-----------------------------------------------------------------------------
                                  0.96   data required time
                                 -4.39   data arrival time
-----------------------------------------------------------------------------
                                  3.43   slack (MET)


Startpoint: rst_n (input port clocked by clk)
Endpoint: _264_ (removal check against rising-edge clock clk)
Path Group: asynchronous
Path Type: min

Fanout     Cap    Slew   Delay    Time   Description
-----------------------------------------------------------------------------
                          0.00    0.00   clock clk (rise edge)
                          0.00    0.00   clock network delay (propagated)
                          4.00    4.00 ^ input external delay
                  0.02    0.01    4.01 ^ rst_n (in)
     1    0.00                           rst_n (net)
                  0.02    0.00    4.01 ^ input1/A (sky130_fd_sc_hd__clkbuf_2)
                  0.13    0.15    4.16 ^ input1/X (sky130_fd_sc_hd__clkbuf_2)
     4    0.02                           net1 (net)
                  0.13    0.00    4.16 ^ fanout18/A (sky130_fd_sc_hd__clkbuf_4)
                  0.14    0.22    4.39 ^ fanout18/X (sky130_fd_sc_hd__clkbuf_4)
     9    0.04                           net18 (net)
                  0.14    0.00    4.39 ^ _264_/RESET_B (sky130_fd_sc_hd__dfrtp_1)
                                  4.39   data arrival time

                          0.00    0.00   clock clk (rise edge)
                          0.00    0.00   clock source latency
                  0.07    0.05    0.05 ^ clk (in)
     1    0.01                           clk (net)
                  0.07    0.00    0.05 ^ clkbuf_0_clk/A (sky130_fd_sc_hd__clkbuf_16)
                  0.06    0.16    0.21 ^ clkbuf_0_clk/X (sky130_fd_sc_hd__clkbuf_16)
     4    0.04                           clknet_0_clk (net)
                  0.06    0.00    0.21 ^ clkbuf_2_3__f_clk/A (sky130_fd_sc_hd__clkbuf_16)
                  0.05    0.15    0.36 ^ clkbuf_2_3__f_clk/X (sky130_fd_sc_hd__clkbuf_16)
     9    0.03                           clknet_2_3__leaf_clk (net)
                  0.05    0.00    0.36 ^ _264_/CLK (sky130_fd_sc_hd__dfrtp_1)
                          0.25    0.61   clock uncertainty
                          0.00    0.61   clock reconvergence pessimism
                          0.35    0.96   library removal time
                                  0.96   data required time
-----------------------------------------------------------------------------
                                  0.96   data required time
                                 -4.39   data arrival time
-----------------------------------------------------------------------------
                                  3.43   slack (MET)


Startpoint: rst_n (input port clocked by clk)
Endpoint: _265_ (removal check against rising-edge clock clk)
Path Group: asynchronous
Path Type: min

Fanout     Cap    Slew   Delay    Time   Description
-----------------------------------------------------------------------------
                          0.00    0.00   clock clk (rise edge)
                          0.00    0.00   clock network delay (propagated)
                          4.00    4.00 ^ input external delay
                  0.02    0.01    4.01 ^ rst_n (in)
     1    0.00                           rst_n (net)
                  0.02    0.00    4.01 ^ input1/A (sky130_fd_sc_hd__clkbuf_2)
                  0.13    0.15    4.16 ^ input1/X (sky130_fd_sc_hd__clkbuf_2)
     4    0.02                           net1 (net)
                  0.13    0.00    4.16 ^ fanout18/A (sky130_fd_sc_hd__clkbuf_4)
                  0.14    0.22    4.39 ^ fanout18/X (sky130_fd_sc_hd__clkbuf_4)
     9    0.04                           net18 (net)
                  0.14    0.00    4.39 ^ _265_/RESET_B (sky130_fd_sc_hd__dfrtp_1)
                                  4.39   data arrival time

                          0.00    0.00   clock clk (rise edge)
                          0.00    0.00   clock source latency
                  0.07    0.05    0.05 ^ clk (in)
     1    0.01                           clk (net)
                  0.07    0.00    0.05 ^ clkbuf_0_clk/A (sky130_fd_sc_hd__clkbuf_16)
                  0.06    0.16    0.21 ^ clkbuf_0_clk/X (sky130_fd_sc_hd__clkbuf_16)
     4    0.04                           clknet_0_clk (net)
                  0.06    0.00    0.21 ^ clkbuf_2_3__f_clk/A (sky130_fd_sc_hd__clkbuf_16)
                  0.05    0.15    0.36 ^ clkbuf_2_3__f_clk/X (sky130_fd_sc_hd__clkbuf_16)
     9    0.03                           clknet_2_3__leaf_clk (net)
                  0.05    0.00    0.36 ^ _265_/CLK (sky130_fd_sc_hd__dfrtp_1)
                          0.25    0.61   clock uncertainty
                          0.00    0.61   clock reconvergence pessimism
                          0.35    0.96   library removal time
                                  0.96   data required time
-----------------------------------------------------------------------------
                                  0.96   data required time
                                 -4.39   data arrival time
-----------------------------------------------------------------------------
                                  3.43   slack (MET)


Startpoint: rst_n (input port clocked by clk)
Endpoint: _280_ (removal check against rising-edge clock clk)
Path Group: asynchronous
Path Type: min

Fanout     Cap    Slew   Delay    Time   Description
-----------------------------------------------------------------------------
                          0.00    0.00   clock clk (rise edge)
                          0.00    0.00   clock network delay (propagated)
                          4.00    4.00 ^ input external delay
                  0.02    0.01    4.01 ^ rst_n (in)
     1    0.00                           rst_n (net)
                  0.02    0.00    4.01 ^ input1/A (sky130_fd_sc_hd__clkbuf_2)
                  0.13    0.15    4.16 ^ input1/X (sky130_fd_sc_hd__clkbuf_2)
     4    0.02                           net1 (net)
                  0.13    0.00    4.16 ^ fanout18/A (sky130_fd_sc_hd__clkbuf_4)
                  0.14    0.22    4.39 ^ fanout18/X (sky130_fd_sc_hd__clkbuf_4)
     9    0.04                           net18 (net)
                  0.14    0.00    4.39 ^ _280_/RESET_B (sky130_fd_sc_hd__dfrtp_1)
                                  4.39   data arrival time

                          0.00    0.00   clock clk (rise edge)
                          0.00    0.00   clock source latency
                  0.07    0.05    0.05 ^ clk (in)
     1    0.01                           clk (net)
                  0.07    0.00    0.05 ^ clkbuf_0_clk/A (sky130_fd_sc_hd__clkbuf_16)
                  0.06    0.16    0.21 ^ clkbuf_0_clk/X (sky130_fd_sc_hd__clkbuf_16)
     4    0.04                           clknet_0_clk (net)
                  0.06    0.00    0.21 ^ clkbuf_2_3__f_clk/A (sky130_fd_sc_hd__clkbuf_16)
                  0.05    0.15    0.36 ^ clkbuf_2_3__f_clk/X (sky130_fd_sc_hd__clkbuf_16)
     9    0.03                           clknet_2_3__leaf_clk (net)
                  0.05    0.00    0.36 ^ _280_/CLK (sky130_fd_sc_hd__dfrtp_1)
                          0.25    0.61   clock uncertainty
                          0.00    0.61   clock reconvergence pessimism
                          0.35    0.96   library removal time
                                  0.96   data required time
-----------------------------------------------------------------------------
                                  0.96   data required time
                                 -4.39   data arrival time
-----------------------------------------------------------------------------
                                  3.43   slack (MET)


Startpoint: rst_n (input port clocked by clk)
Endpoint: _279_ (removal check against rising-edge clock clk)
Path Group: asynchronous
Path Type: min

Fanout     Cap    Slew   Delay    Time   Description
-----------------------------------------------------------------------------
                          0.00    0.00   clock clk (rise edge)
                          0.00    0.00   clock network delay (propagated)
                          4.00    4.00 ^ input external delay
                  0.02    0.01    4.01 ^ rst_n (in)
     1    0.00                           rst_n (net)
                  0.02    0.00    4.01 ^ input1/A (sky130_fd_sc_hd__clkbuf_2)
                  0.13    0.15    4.16 ^ input1/X (sky130_fd_sc_hd__clkbuf_2)
     4    0.02                           net1 (net)
                  0.13    0.00    4.16 ^ fanout18/A (sky130_fd_sc_hd__clkbuf_4)
                  0.14    0.22    4.39 ^ fanout18/X (sky130_fd_sc_hd__clkbuf_4)
     9    0.04                           net18 (net)
                  0.14    0.00    4.39 ^ _279_/RESET_B (sky130_fd_sc_hd__dfrtp_1)
                                  4.39   data arrival time

                          0.00    0.00   clock clk (rise edge)
                          0.00    0.00   clock source latency
                  0.07    0.05    0.05 ^ clk (in)
     1    0.01                           clk (net)
                  0.07    0.00    0.05 ^ clkbuf_0_clk/A (sky130_fd_sc_hd__clkbuf_16)
                  0.06    0.16    0.21 ^ clkbuf_0_clk/X (sky130_fd_sc_hd__clkbuf_16)
     4    0.04                           clknet_0_clk (net)
                  0.06    0.00    0.21 ^ clkbuf_2_3__f_clk/A (sky130_fd_sc_hd__clkbuf_16)
                  0.05    0.15    0.36 ^ clkbuf_2_3__f_clk/X (sky130_fd_sc_hd__clkbuf_16)
     9    0.03                           clknet_2_3__leaf_clk (net)
                  0.05    0.00    0.36 ^ _279_/CLK (sky130_fd_sc_hd__dfrtp_1)
                          0.25    0.61   clock uncertainty
                          0.00    0.61   clock reconvergence pessimism
                          0.35    0.96   library removal time
                                  0.96   data required time
-----------------------------------------------------------------------------
                                  0.96   data required time
                                 -4.39   data arrival time
-----------------------------------------------------------------------------
                                  3.43   slack (MET)


Startpoint: rst_n (input port clocked by clk)
Endpoint: _262_ (removal check against rising-edge clock clk)
Path Group: asynchronous
Path Type: min

Fanout     Cap    Slew   Delay    Time   Description
-----------------------------------------------------------------------------
                          0.00    0.00   clock clk (rise edge)
                          0.00    0.00   clock network delay (propagated)
                          4.00    4.00 ^ input external delay
                  0.02    0.01    4.01 ^ rst_n (in)
     1    0.00                           rst_n (net)
                  0.02    0.00    4.01 ^ input1/A (sky130_fd_sc_hd__clkbuf_2)
                  0.13    0.15    4.16 ^ input1/X (sky130_fd_sc_hd__clkbuf_2)
     4    0.02                           net1 (net)
                  0.13    0.00    4.16 ^ fanout18/A (sky130_fd_sc_hd__clkbuf_4)
                  0.14    0.22    4.39 ^ fanout18/X (sky130_fd_sc_hd__clkbuf_4)
     9    0.04                           net18 (net)
                  0.14    0.00    4.39 ^ _262_/RESET_B (sky130_fd_sc_hd__dfrtp_1)
                                  4.39   data arrival time

                          0.00    0.00   clock clk (rise edge)
                          0.00    0.00   clock source latency
                  0.07    0.05    0.05 ^ clk (in)
     1    0.01                           clk (net)
                  0.07    0.00    0.05 ^ clkbuf_0_clk/A (sky130_fd_sc_hd__clkbuf_16)
                  0.06    0.16    0.21 ^ clkbuf_0_clk/X (sky130_fd_sc_hd__clkbuf_16)
     4    0.04                           clknet_0_clk (net)
                  0.06    0.00    0.21 ^ clkbuf_2_3__f_clk/A (sky130_fd_sc_hd__clkbuf_16)
                  0.05    0.15    0.36 ^ clkbuf_2_3__f_clk/X (sky130_fd_sc_hd__clkbuf_16)
     9    0.03                           clknet_2_3__leaf_clk (net)
                  0.05    0.00    0.36 ^ _262_/CLK (sky130_fd_sc_hd__dfrtp_1)
                          0.25    0.61   clock uncertainty
                          0.00    0.61   clock reconvergence pessimism
                          0.35    0.96   library removal time
                                  0.96   data required time
-----------------------------------------------------------------------------
                                  0.96   data required time
                                 -4.39   data arrival time
-----------------------------------------------------------------------------
                                  3.43   slack (MET)


Startpoint: rst_n (input port clocked by clk)
Endpoint: _263_ (removal check against rising-edge clock clk)
Path Group: asynchronous
Path Type: min

Fanout     Cap    Slew   Delay    Time   Description
-----------------------------------------------------------------------------
                          0.00    0.00   clock clk (rise edge)
                          0.00    0.00   clock network delay (propagated)
                          4.00    4.00 ^ input external delay
                  0.02    0.01    4.01 ^ rst_n (in)
     1    0.00                           rst_n (net)
                  0.02    0.00    4.01 ^ input1/A (sky130_fd_sc_hd__clkbuf_2)
                  0.13    0.15    4.16 ^ input1/X (sky130_fd_sc_hd__clkbuf_2)
     4    0.02                           net1 (net)
                  0.13    0.00    4.16 ^ fanout18/A (sky130_fd_sc_hd__clkbuf_4)
                  0.14    0.22    4.39 ^ fanout18/X (sky130_fd_sc_hd__clkbuf_4)
     9    0.04                           net18 (net)
                  0.14    0.00    4.39 ^ _263_/RESET_B (sky130_fd_sc_hd__dfrtp_1)
                                  4.39   data arrival time

                          0.00    0.00   clock clk (rise edge)
                          0.00    0.00   clock source latency
                  0.07    0.05    0.05 ^ clk (in)
     1    0.01                           clk (net)
                  0.07    0.00    0.05 ^ clkbuf_0_clk/A (sky130_fd_sc_hd__clkbuf_16)
                  0.06    0.16    0.21 ^ clkbuf_0_clk/X (sky130_fd_sc_hd__clkbuf_16)
     4    0.04                           clknet_0_clk (net)
                  0.06    0.00    0.21 ^ clkbuf_2_3__f_clk/A (sky130_fd_sc_hd__clkbuf_16)
                  0.05    0.15    0.36 ^ clkbuf_2_3__f_clk/X (sky130_fd_sc_hd__clkbuf_16)
     9    0.03                           clknet_2_3__leaf_clk (net)
                  0.05    0.00    0.36 ^ _263_/CLK (sky130_fd_sc_hd__dfrtp_1)
                          0.25    0.61   clock uncertainty
                          0.00    0.61   clock reconvergence pessimism
                          0.35    0.96   library removal time
                                  0.96   data required time
-----------------------------------------------------------------------------
                                  0.96   data required time
                                 -4.39   data arrival time
-----------------------------------------------------------------------------
                                  3.43   slack (MET)


Startpoint: rst_n (input port clocked by clk)
Endpoint: _281_ (removal check against rising-edge clock clk)
Path Group: asynchronous
Path Type: min

Fanout     Cap    Slew   Delay    Time   Description
-----------------------------------------------------------------------------
                          0.00    0.00   clock clk (rise edge)
                          0.00    0.00   clock network delay (propagated)
                          4.00    4.00 ^ input external delay
                  0.02    0.01    4.01 ^ rst_n (in)
     1    0.00                           rst_n (net)
                  0.02    0.00    4.01 ^ input1/A (sky130_fd_sc_hd__clkbuf_2)
                  0.13    0.15    4.16 ^ input1/X (sky130_fd_sc_hd__clkbuf_2)
     4    0.02                           net1 (net)
                  0.13    0.00    4.16 ^ fanout18/A (sky130_fd_sc_hd__clkbuf_4)
                  0.14    0.22    4.39 ^ fanout18/X (sky130_fd_sc_hd__clkbuf_4)
     9    0.04                           net18 (net)
                  0.14    0.00    4.39 ^ _281_/RESET_B (sky130_fd_sc_hd__dfrtp_1)
                                  4.39   data arrival time

                          0.00    0.00   clock clk (rise edge)
                          0.00    0.00   clock source latency
                  0.07    0.05    0.05 ^ clk (in)
     1    0.01                           clk (net)
                  0.07    0.00    0.05 ^ clkbuf_0_clk/A (sky130_fd_sc_hd__clkbuf_16)
                  0.06    0.16    0.21 ^ clkbuf_0_clk/X (sky130_fd_sc_hd__clkbuf_16)
     4    0.04                           clknet_0_clk (net)
                  0.06    0.00    0.21 ^ clkbuf_2_3__f_clk/A (sky130_fd_sc_hd__clkbuf_16)
                  0.05    0.15    0.36 ^ clkbuf_2_3__f_clk/X (sky130_fd_sc_hd__clkbuf_16)
     9    0.03                           clknet_2_3__leaf_clk (net)
                  0.05    0.00    0.36 ^ _281_/CLK (sky130_fd_sc_hd__dfrtp_1)
                          0.25    0.61   clock uncertainty
                          0.00    0.61   clock reconvergence pessimism
                          0.35    0.96   library removal time
                                  0.96   data required time
-----------------------------------------------------------------------------
                                  0.96   data required time
                                 -4.39   data arrival time
-----------------------------------------------------------------------------
                                  3.43   slack (MET)


Startpoint: rst_n (input port clocked by clk)
Endpoint: _266_ (removal check against rising-edge clock clk)
Path Group: asynchronous
Path Type: min

Fanout     Cap    Slew   Delay    Time   Description
-----------------------------------------------------------------------------
                          0.00    0.00   clock clk (rise edge)
                          0.00    0.00   clock network delay (propagated)
                          4.00    4.00 ^ input external delay
                  0.02    0.01    4.01 ^ rst_n (in)
     1    0.00                           rst_n (net)
                  0.02    0.00    4.01 ^ input1/A (sky130_fd_sc_hd__clkbuf_2)
                  0.13    0.15    4.16 ^ input1/X (sky130_fd_sc_hd__clkbuf_2)
     4    0.02                           net1 (net)
                  0.13    0.00    4.16 ^ fanout17/A (sky130_fd_sc_hd__clkbuf_4)
                  0.15    0.23    4.40 ^ fanout17/X (sky130_fd_sc_hd__clkbuf_4)
    10    0.05                           net17 (net)
                  0.15    0.00    4.40 ^ _266_/RESET_B (sky130_fd_sc_hd__dfrtp_1)
                                  4.40   data arrival time

                          0.00    0.00   clock clk (rise edge)
                          0.00    0.00   clock source latency
                  0.07    0.05    0.05 ^ clk (in)
     1    0.01                           clk (net)
                  0.07    0.00    0.05 ^ clkbuf_0_clk/A (sky130_fd_sc_hd__clkbuf_16)
                  0.06    0.16    0.21 ^ clkbuf_0_clk/X (sky130_fd_sc_hd__clkbuf_16)
     4    0.04                           clknet_0_clk (net)
                  0.06    0.00    0.21 ^ clkbuf_2_1__f_clk/A (sky130_fd_sc_hd__clkbuf_16)
                  0.05    0.15    0.36 ^ clkbuf_2_1__f_clk/X (sky130_fd_sc_hd__clkbuf_16)
    11    0.03                           clknet_2_1__leaf_clk (net)
                  0.05    0.00    0.36 ^ _266_/CLK (sky130_fd_sc_hd__dfrtp_1)
                          0.25    0.61   clock uncertainty
                          0.00    0.61   clock reconvergence pessimism
                          0.35    0.97   library removal time
                                  0.97   data required time
-----------------------------------------------------------------------------
                                  0.97   data required time
                                 -4.40   data arrival time
-----------------------------------------------------------------------------
                                  3.43   slack (MET)


Startpoint: rst_n (input port clocked by clk)
Endpoint: _285_ (removal check against rising-edge clock clk)
Path Group: asynchronous
Path Type: min

Fanout     Cap    Slew   Delay    Time   Description
-----------------------------------------------------------------------------
                          0.00    0.00   clock clk (rise edge)
                          0.00    0.00   clock network delay (propagated)
                          4.00    4.00 ^ input external delay
                  0.02    0.01    4.01 ^ rst_n (in)
     1    0.00                           rst_n (net)
                  0.02    0.00    4.01 ^ input1/A (sky130_fd_sc_hd__clkbuf_2)
                  0.13    0.15    4.16 ^ input1/X (sky130_fd_sc_hd__clkbuf_2)
     4    0.02                           net1 (net)
                  0.13    0.00    4.16 ^ fanout17/A (sky130_fd_sc_hd__clkbuf_4)
                  0.15    0.23    4.40 ^ fanout17/X (sky130_fd_sc_hd__clkbuf_4)
    10    0.05                           net17 (net)
                  0.15    0.00    4.40 ^ _285_/RESET_B (sky130_fd_sc_hd__dfrtp_1)
                                  4.40   data arrival time

                          0.00    0.00   clock clk (rise edge)
                          0.00    0.00   clock source latency
                  0.07    0.05    0.05 ^ clk (in)
     1    0.01                           clk (net)
                  0.07    0.00    0.05 ^ clkbuf_0_clk/A (sky130_fd_sc_hd__clkbuf_16)
                  0.06    0.16    0.21 ^ clkbuf_0_clk/X (sky130_fd_sc_hd__clkbuf_16)
     4    0.04                           clknet_0_clk (net)
                  0.06    0.00    0.21 ^ clkbuf_2_1__f_clk/A (sky130_fd_sc_hd__clkbuf_16)
                  0.05    0.15    0.36 ^ clkbuf_2_1__f_clk/X (sky130_fd_sc_hd__clkbuf_16)
    11    0.03                           clknet_2_1__leaf_clk (net)
                  0.05    0.00    0.36 ^ _285_/CLK (sky130_fd_sc_hd__dfrtp_1)
                          0.25    0.61   clock uncertainty
                          0.00    0.61   clock reconvergence pessimism
                          0.35    0.97   library removal time
                                  0.97   data required time
-----------------------------------------------------------------------------
                                  0.97   data required time
                                 -4.40   data arrival time
-----------------------------------------------------------------------------
                                  3.43   slack (MET)


Startpoint: rst_n (input port clocked by clk)
Endpoint: _284_ (removal check against rising-edge clock clk)
Path Group: asynchronous
Path Type: min

Fanout     Cap    Slew   Delay    Time   Description
-----------------------------------------------------------------------------
                          0.00    0.00   clock clk (rise edge)
                          0.00    0.00   clock network delay (propagated)
                          4.00    4.00 ^ input external delay
                  0.02    0.01    4.01 ^ rst_n (in)
     1    0.00                           rst_n (net)
                  0.02    0.00    4.01 ^ input1/A (sky130_fd_sc_hd__clkbuf_2)
                  0.13    0.15    4.16 ^ input1/X (sky130_fd_sc_hd__clkbuf_2)
     4    0.02                           net1 (net)
                  0.13    0.00    4.16 ^ fanout17/A (sky130_fd_sc_hd__clkbuf_4)
                  0.15    0.23    4.40 ^ fanout17/X (sky130_fd_sc_hd__clkbuf_4)
    10    0.05                           net17 (net)
                  0.15    0.00    4.40 ^ _284_/RESET_B (sky130_fd_sc_hd__dfrtp_1)
                                  4.40   data arrival time

                          0.00    0.00   clock clk (rise edge)
                          0.00    0.00   clock source latency
                  0.07    0.05    0.05 ^ clk (in)
     1    0.01                           clk (net)
                  0.07    0.00    0.05 ^ clkbuf_0_clk/A (sky130_fd_sc_hd__clkbuf_16)
                  0.06    0.16    0.21 ^ clkbuf_0_clk/X (sky130_fd_sc_hd__clkbuf_16)
     4    0.04                           clknet_0_clk (net)
                  0.06    0.00    0.21 ^ clkbuf_2_1__f_clk/A (sky130_fd_sc_hd__clkbuf_16)
                  0.05    0.15    0.36 ^ clkbuf_2_1__f_clk/X (sky130_fd_sc_hd__clkbuf_16)
    11    0.03                           clknet_2_1__leaf_clk (net)
                  0.05    0.00    0.36 ^ _284_/CLK (sky130_fd_sc_hd__dfrtp_1)
                          0.25    0.61   clock uncertainty
                          0.00    0.61   clock reconvergence pessimism
                          0.35    0.97   library removal time
                                  0.97   data required time
-----------------------------------------------------------------------------
                                  0.97   data required time
                                 -4.40   data arrival time
-----------------------------------------------------------------------------
                                  3.43   slack (MET)


Startpoint: rst_n (input port clocked by clk)
Endpoint: _286_ (removal check against rising-edge clock clk)
Path Group: asynchronous
Path Type: min

Fanout     Cap    Slew   Delay    Time   Description
-----------------------------------------------------------------------------
                          0.00    0.00   clock clk (rise edge)
                          0.00    0.00   clock network delay (propagated)
                          4.00    4.00 ^ input external delay
                  0.02    0.01    4.01 ^ rst_n (in)
     1    0.00                           rst_n (net)
                  0.02    0.00    4.01 ^ input1/A (sky130_fd_sc_hd__clkbuf_2)
                  0.13    0.15    4.16 ^ input1/X (sky130_fd_sc_hd__clkbuf_2)
     4    0.02                           net1 (net)
                  0.13    0.00    4.16 ^ fanout17/A (sky130_fd_sc_hd__clkbuf_4)
                  0.15    0.23    4.40 ^ fanout17/X (sky130_fd_sc_hd__clkbuf_4)
    10    0.05                           net17 (net)
                  0.15    0.00    4.40 ^ _286_/RESET_B (sky130_fd_sc_hd__dfrtp_1)
                                  4.40   data arrival time

                          0.00    0.00   clock clk (rise edge)
                          0.00    0.00   clock source latency
                  0.07    0.05    0.05 ^ clk (in)
     1    0.01                           clk (net)
                  0.07    0.00    0.05 ^ clkbuf_0_clk/A (sky130_fd_sc_hd__clkbuf_16)
                  0.06    0.16    0.21 ^ clkbuf_0_clk/X (sky130_fd_sc_hd__clkbuf_16)
     4    0.04                           clknet_0_clk (net)
                  0.06    0.00    0.21 ^ clkbuf_2_1__f_clk/A (sky130_fd_sc_hd__clkbuf_16)
                  0.05    0.15    0.36 ^ clkbuf_2_1__f_clk/X (sky130_fd_sc_hd__clkbuf_16)
    11    0.03                           clknet_2_1__leaf_clk (net)
                  0.05    0.00    0.36 ^ _286_/CLK (sky130_fd_sc_hd__dfrtp_1)
                          0.25    0.61   clock uncertainty
                          0.00    0.61   clock reconvergence pessimism
                          0.35    0.97   library removal time
                                  0.97   data required time
-----------------------------------------------------------------------------
                                  0.97   data required time
                                 -4.40   data arrival time
-----------------------------------------------------------------------------
                                  3.43   slack (MET)


Startpoint: rst_n (input port clocked by clk)
Endpoint: _270_ (removal check against rising-edge clock clk)
Path Group: asynchronous
Path Type: min

Fanout     Cap    Slew   Delay    Time   Description
-----------------------------------------------------------------------------
                          0.00    0.00   clock clk (rise edge)
                          0.00    0.00   clock network delay (propagated)
                          4.00    4.00 ^ input external delay
                  0.02    0.01    4.01 ^ rst_n (in)
     1    0.00                           rst_n (net)
                  0.02    0.00    4.01 ^ input1/A (sky130_fd_sc_hd__clkbuf_2)
                  0.13    0.15    4.16 ^ input1/X (sky130_fd_sc_hd__clkbuf_2)
     4    0.02                           net1 (net)
                  0.13    0.00    4.16 ^ fanout17/A (sky130_fd_sc_hd__clkbuf_4)
                  0.15    0.23    4.40 ^ fanout17/X (sky130_fd_sc_hd__clkbuf_4)
    10    0.05                           net17 (net)
                  0.15    0.00    4.40 ^ _270_/RESET_B (sky130_fd_sc_hd__dfrtp_1)
                                  4.40   data arrival time

                          0.00    0.00   clock clk (rise edge)
                          0.00    0.00   clock source latency
                  0.07    0.05    0.05 ^ clk (in)
     1    0.01                           clk (net)
                  0.07    0.00    0.05 ^ clkbuf_0_clk/A (sky130_fd_sc_hd__clkbuf_16)
                  0.06    0.16    0.21 ^ clkbuf_0_clk/X (sky130_fd_sc_hd__clkbuf_16)
     4    0.04                           clknet_0_clk (net)
                  0.06    0.00    0.21 ^ clkbuf_2_1__f_clk/A (sky130_fd_sc_hd__clkbuf_16)
                  0.05    0.15    0.36 ^ clkbuf_2_1__f_clk/X (sky130_fd_sc_hd__clkbuf_16)
    11    0.03                           clknet_2_1__leaf_clk (net)
                  0.05    0.00    0.36 ^ _270_/CLK (sky130_fd_sc_hd__dfrtp_1)
                          0.25    0.61   clock uncertainty
                          0.00    0.61   clock reconvergence pessimism
                          0.35    0.97   library removal time
                                  0.97   data required time
-----------------------------------------------------------------------------
                                  0.97   data required time
                                 -4.40   data arrival time
-----------------------------------------------------------------------------
                                  3.43   slack (MET)


Startpoint: rst_n (input port clocked by clk)
Endpoint: _267_ (removal check against rising-edge clock clk)
Path Group: asynchronous
Path Type: min

Fanout     Cap    Slew   Delay    Time   Description
-----------------------------------------------------------------------------
                          0.00    0.00   clock clk (rise edge)
                          0.00    0.00   clock network delay (propagated)
                          4.00    4.00 ^ input external delay
                  0.02    0.01    4.01 ^ rst_n (in)
     1    0.00                           rst_n (net)
                  0.02    0.00    4.01 ^ input1/A (sky130_fd_sc_hd__clkbuf_2)
                  0.13    0.15    4.16 ^ input1/X (sky130_fd_sc_hd__clkbuf_2)
     4    0.02                           net1 (net)
                  0.13    0.00    4.16 ^ fanout17/A (sky130_fd_sc_hd__clkbuf_4)
                  0.15    0.23    4.40 ^ fanout17/X (sky130_fd_sc_hd__clkbuf_4)
    10    0.05                           net17 (net)
                  0.15    0.00    4.40 ^ _267_/RESET_B (sky130_fd_sc_hd__dfrtp_1)
                                  4.40   data arrival time

                          0.00    0.00   clock clk (rise edge)
                          0.00    0.00   clock source latency
                  0.07    0.05    0.05 ^ clk (in)
     1    0.01                           clk (net)
                  0.07    0.00    0.05 ^ clkbuf_0_clk/A (sky130_fd_sc_hd__clkbuf_16)
                  0.06    0.16    0.21 ^ clkbuf_0_clk/X (sky130_fd_sc_hd__clkbuf_16)
     4    0.04                           clknet_0_clk (net)
                  0.06    0.00    0.21 ^ clkbuf_2_1__f_clk/A (sky130_fd_sc_hd__clkbuf_16)
                  0.05    0.15    0.36 ^ clkbuf_2_1__f_clk/X (sky130_fd_sc_hd__clkbuf_16)
    11    0.03                           clknet_2_1__leaf_clk (net)
                  0.05    0.00    0.36 ^ _267_/CLK (sky130_fd_sc_hd__dfrtp_1)
                          0.25    0.61   clock uncertainty
                          0.00    0.61   clock reconvergence pessimism
                          0.35    0.96   library removal time
                                  0.96   data required time
-----------------------------------------------------------------------------
                                  0.96   data required time
                                 -4.40   data arrival time
-----------------------------------------------------------------------------
                                  3.43   slack (MET)


Startpoint: rst_n (input port clocked by clk)
Endpoint: _268_ (removal check against rising-edge clock clk)
Path Group: asynchronous
Path Type: min

Fanout     Cap    Slew   Delay    Time   Description
-----------------------------------------------------------------------------
                          0.00    0.00   clock clk (rise edge)
                          0.00    0.00   clock network delay (propagated)
                          4.00    4.00 ^ input external delay
                  0.02    0.01    4.01 ^ rst_n (in)
     1    0.00                           rst_n (net)
                  0.02    0.00    4.01 ^ input1/A (sky130_fd_sc_hd__clkbuf_2)
                  0.13    0.15    4.16 ^ input1/X (sky130_fd_sc_hd__clkbuf_2)
     4    0.02                           net1 (net)
                  0.13    0.00    4.16 ^ fanout17/A (sky130_fd_sc_hd__clkbuf_4)
                  0.15    0.23    4.40 ^ fanout17/X (sky130_fd_sc_hd__clkbuf_4)
    10    0.05                           net17 (net)
                  0.15    0.00    4.40 ^ _268_/RESET_B (sky130_fd_sc_hd__dfrtp_1)
                                  4.40   data arrival time

                          0.00    0.00   clock clk (rise edge)
                          0.00    0.00   clock source latency
                  0.07    0.05    0.05 ^ clk (in)
     1    0.01                           clk (net)
                  0.07    0.00    0.05 ^ clkbuf_0_clk/A (sky130_fd_sc_hd__clkbuf_16)
                  0.06    0.16    0.21 ^ clkbuf_0_clk/X (sky130_fd_sc_hd__clkbuf_16)
     4    0.04                           clknet_0_clk (net)
                  0.06    0.00    0.21 ^ clkbuf_2_1__f_clk/A (sky130_fd_sc_hd__clkbuf_16)
                  0.05    0.15    0.36 ^ clkbuf_2_1__f_clk/X (sky130_fd_sc_hd__clkbuf_16)
    11    0.03                           clknet_2_1__leaf_clk (net)
                  0.05    0.00    0.36 ^ _268_/CLK (sky130_fd_sc_hd__dfrtp_1)
                          0.25    0.61   clock uncertainty
                          0.00    0.61   clock reconvergence pessimism
                          0.35    0.97   library removal time
                                  0.97   data required time
-----------------------------------------------------------------------------
                                  0.97   data required time
                                 -4.40   data arrival time
-----------------------------------------------------------------------------
                                  3.43   slack (MET)


Startpoint: rst_n (input port clocked by clk)
Endpoint: _296_ (removal check against rising-edge clock clk)
Path Group: asynchronous
Path Type: min

Fanout     Cap    Slew   Delay    Time   Description
-----------------------------------------------------------------------------
                          0.00    0.00   clock clk (rise edge)
                          0.00    0.00   clock network delay (propagated)
                          4.00    4.00 ^ input external delay
                  0.02    0.01    4.01 ^ rst_n (in)
     1    0.00                           rst_n (net)
                  0.02    0.00    4.01 ^ input1/A (sky130_fd_sc_hd__clkbuf_2)
                  0.13    0.15    4.16 ^ input1/X (sky130_fd_sc_hd__clkbuf_2)
     4    0.02                           net1 (net)
                  0.13    0.00    4.16 ^ fanout17/A (sky130_fd_sc_hd__clkbuf_4)
                  0.15    0.23    4.40 ^ fanout17/X (sky130_fd_sc_hd__clkbuf_4)
    10    0.05                           net17 (net)
                  0.15    0.00    4.40 ^ _296_/RESET_B (sky130_fd_sc_hd__dfrtp_4)
                                  4.40   data arrival time

                          0.00    0.00   clock clk (rise edge)
                          0.00    0.00   clock source latency
                  0.07    0.05    0.05 ^ clk (in)
     1    0.01                           clk (net)
                  0.07    0.00    0.05 ^ clkbuf_0_clk/A (sky130_fd_sc_hd__clkbuf_16)
                  0.06    0.16    0.21 ^ clkbuf_0_clk/X (sky130_fd_sc_hd__clkbuf_16)
     4    0.04                           clknet_0_clk (net)
                  0.06    0.00    0.21 ^ clkbuf_2_1__f_clk/A (sky130_fd_sc_hd__clkbuf_16)
                  0.05    0.15    0.36 ^ clkbuf_2_1__f_clk/X (sky130_fd_sc_hd__clkbuf_16)
    11    0.03                           clknet_2_1__leaf_clk (net)
                  0.05    0.00    0.36 ^ _296_/CLK (sky130_fd_sc_hd__dfrtp_4)
                          0.25    0.61   clock uncertainty
                          0.00    0.61   clock reconvergence pessimism
                          0.35    0.96   library removal time
                                  0.96   data required time
-----------------------------------------------------------------------------
                                  0.96   data required time
                                 -4.40   data arrival time
-----------------------------------------------------------------------------
                                  3.43   slack (MET)


Startpoint: rst_n (input port clocked by clk)
Endpoint: _298_ (removal check against rising-edge clock clk)
Path Group: asynchronous
Path Type: min

Fanout     Cap    Slew   Delay    Time   Description
-----------------------------------------------------------------------------
                          0.00    0.00   clock clk (rise edge)
                          0.00    0.00   clock network delay (propagated)
                          4.00    4.00 ^ input external delay
                  0.02    0.01    4.01 ^ rst_n (in)
     1    0.00                           rst_n (net)
                  0.02    0.00    4.01 ^ input1/A (sky130_fd_sc_hd__clkbuf_2)
                  0.13    0.15    4.16 ^ input1/X (sky130_fd_sc_hd__clkbuf_2)
     4    0.02                           net1 (net)
                  0.13    0.00    4.16 ^ fanout17/A (sky130_fd_sc_hd__clkbuf_4)
                  0.15    0.23    4.40 ^ fanout17/X (sky130_fd_sc_hd__clkbuf_4)
    10    0.05                           net17 (net)
                  0.15    0.00    4.40 ^ _298_/RESET_B (sky130_fd_sc_hd__dfrtp_1)
                                  4.40   data arrival time

                          0.00    0.00   clock clk (rise edge)
                          0.00    0.00   clock source latency
                  0.07    0.05    0.05 ^ clk (in)
     1    0.01                           clk (net)
                  0.07    0.00    0.05 ^ clkbuf_0_clk/A (sky130_fd_sc_hd__clkbuf_16)
                  0.06    0.16    0.21 ^ clkbuf_0_clk/X (sky130_fd_sc_hd__clkbuf_16)
     4    0.04                           clknet_0_clk (net)
                  0.06    0.00    0.21 ^ clkbuf_2_1__f_clk/A (sky130_fd_sc_hd__clkbuf_16)
                  0.05    0.15    0.36 ^ clkbuf_2_1__f_clk/X (sky130_fd_sc_hd__clkbuf_16)
    11    0.03                           clknet_2_1__leaf_clk (net)
                  0.05    0.00    0.36 ^ _298_/CLK (sky130_fd_sc_hd__dfrtp_1)
                          0.25    0.61   clock uncertainty
                          0.00    0.61   clock reconvergence pessimism
                          0.35    0.96   library removal time
                                  0.96   data required time
-----------------------------------------------------------------------------
                                  0.96   data required time
                                 -4.40   data arrival time
-----------------------------------------------------------------------------
                                  3.43   slack (MET)


Startpoint: rst_n (input port clocked by clk)
Endpoint: _297_ (removal check against rising-edge clock clk)
Path Group: asynchronous
Path Type: min

Fanout     Cap    Slew   Delay    Time   Description
-----------------------------------------------------------------------------
                          0.00    0.00   clock clk (rise edge)
                          0.00    0.00   clock network delay (propagated)
                          4.00    4.00 ^ input external delay
                  0.02    0.01    4.01 ^ rst_n (in)
     1    0.00                           rst_n (net)
                  0.02    0.00    4.01 ^ input1/A (sky130_fd_sc_hd__clkbuf_2)
                  0.13    0.15    4.16 ^ input1/X (sky130_fd_sc_hd__clkbuf_2)
     4    0.02                           net1 (net)
                  0.13    0.00    4.16 ^ fanout17/A (sky130_fd_sc_hd__clkbuf_4)
                  0.15    0.23    4.40 ^ fanout17/X (sky130_fd_sc_hd__clkbuf_4)
    10    0.05                           net17 (net)
                  0.15    0.00    4.40 ^ _297_/RESET_B (sky130_fd_sc_hd__dfrtp_4)
                                  4.40   data arrival time

                          0.00    0.00   clock clk (rise edge)
                          0.00    0.00   clock source latency
                  0.07    0.05    0.05 ^ clk (in)
     1    0.01                           clk (net)
                  0.07    0.00    0.05 ^ clkbuf_0_clk/A (sky130_fd_sc_hd__clkbuf_16)
                  0.06    0.16    0.21 ^ clkbuf_0_clk/X (sky130_fd_sc_hd__clkbuf_16)
     4    0.04                           clknet_0_clk (net)
                  0.06    0.00    0.21 ^ clkbuf_2_1__f_clk/A (sky130_fd_sc_hd__clkbuf_16)
                  0.05    0.15    0.36 ^ clkbuf_2_1__f_clk/X (sky130_fd_sc_hd__clkbuf_16)
    11    0.03                           clknet_2_1__leaf_clk (net)
                  0.05    0.00    0.36 ^ _297_/CLK (sky130_fd_sc_hd__dfrtp_4)
                          0.25    0.61   clock uncertainty
                          0.00    0.61   clock reconvergence pessimism
                          0.35    0.96   library removal time
                                  0.96   data required time
-----------------------------------------------------------------------------
                                  0.96   data required time
                                 -4.40   data arrival time
-----------------------------------------------------------------------------
                                  3.43   slack (MET)


Startpoint: rst_n (input port clocked by clk)
Endpoint: _273_ (removal check against rising-edge clock clk)
Path Group: asynchronous
Path Type: min

Fanout     Cap    Slew   Delay    Time   Description
-----------------------------------------------------------------------------
                          0.00    0.00   clock clk (rise edge)
                          0.00    0.00   clock network delay (propagated)
                          4.00    4.00 ^ input external delay
                  0.02    0.01    4.01 ^ rst_n (in)
     1    0.00                           rst_n (net)
                  0.02    0.00    4.01 ^ input1/A (sky130_fd_sc_hd__clkbuf_2)
                  0.13    0.15    4.16 ^ input1/X (sky130_fd_sc_hd__clkbuf_2)
     4    0.02                           net1 (net)
                  0.13    0.00    4.16 ^ fanout16/A (sky130_fd_sc_hd__clkbuf_4)
                  0.13    0.22    4.38 ^ fanout16/X (sky130_fd_sc_hd__clkbuf_4)
     8    0.04                           net16 (net)
                  0.13    0.00    4.38 ^ _273_/RESET_B (sky130_fd_sc_hd__dfrtp_2)
                                  4.38   data arrival time

                          0.00    0.00   clock clk (rise edge)
                          0.00    0.00   clock source latency
                  0.07    0.05    0.05 ^ clk (in)
     1    0.01                           clk (net)
                  0.07    0.00    0.05 ^ clkbuf_0_clk/A (sky130_fd_sc_hd__clkbuf_16)
                  0.06    0.16    0.21 ^ clkbuf_0_clk/X (sky130_fd_sc_hd__clkbuf_16)
     4    0.04                           clknet_0_clk (net)
                  0.06    0.00    0.21 ^ clkbuf_2_2__f_clk/A (sky130_fd_sc_hd__clkbuf_16)
                  0.04    0.14    0.35 ^ clkbuf_2_2__f_clk/X (sky130_fd_sc_hd__clkbuf_16)
     8    0.02                           clknet_2_2__leaf_clk (net)
                  0.04    0.00    0.36 ^ _273_/CLK (sky130_fd_sc_hd__dfrtp_2)
                          0.25    0.61   clock uncertainty
                          0.00    0.61   clock reconvergence pessimism
                          0.34    0.95   library removal time
                                  0.95   data required time
-----------------------------------------------------------------------------
                                  0.95   data required time
                                 -4.38   data arrival time
-----------------------------------------------------------------------------
                                  3.43   slack (MET)


Startpoint: rst_n (input port clocked by clk)
Endpoint: _282_ (removal check against rising-edge clock clk)
Path Group: asynchronous
Path Type: min

Fanout     Cap    Slew   Delay    Time   Description
-----------------------------------------------------------------------------
                          0.00    0.00   clock clk (rise edge)
                          0.00    0.00   clock network delay (propagated)
                          4.00    4.00 ^ input external delay
                  0.02    0.01    4.01 ^ rst_n (in)
     1    0.00                           rst_n (net)
                  0.02    0.00    4.01 ^ input1/A (sky130_fd_sc_hd__clkbuf_2)
                  0.13    0.15    4.16 ^ input1/X (sky130_fd_sc_hd__clkbuf_2)
     4    0.02                           net1 (net)
                  0.13    0.00    4.16 ^ fanout16/A (sky130_fd_sc_hd__clkbuf_4)
                  0.13    0.22    4.38 ^ fanout16/X (sky130_fd_sc_hd__clkbuf_4)
     8    0.04                           net16 (net)
                  0.13    0.00    4.39 ^ _282_/RESET_B (sky130_fd_sc_hd__dfrtp_1)
                                  4.39   data arrival time

                          0.00    0.00   clock clk (rise edge)
                          0.00    0.00   clock source latency
                  0.07    0.05    0.05 ^ clk (in)
     1    0.01                           clk (net)
                  0.07    0.00    0.05 ^ clkbuf_0_clk/A (sky130_fd_sc_hd__clkbuf_16)
                  0.06    0.16    0.21 ^ clkbuf_0_clk/X (sky130_fd_sc_hd__clkbuf_16)
     4    0.04                           clknet_0_clk (net)
                  0.06    0.00    0.21 ^ clkbuf_2_2__f_clk/A (sky130_fd_sc_hd__clkbuf_16)
                  0.04    0.14    0.35 ^ clkbuf_2_2__f_clk/X (sky130_fd_sc_hd__clkbuf_16)
     8    0.02                           clknet_2_2__leaf_clk (net)
                  0.04    0.00    0.36 ^ _282_/CLK (sky130_fd_sc_hd__dfrtp_1)
                          0.25    0.61   clock uncertainty
                          0.00    0.61   clock reconvergence pessimism
                          0.34    0.95   library removal time
                                  0.95   data required time
-----------------------------------------------------------------------------
                                  0.95   data required time
                                 -4.39   data arrival time
-----------------------------------------------------------------------------
                                  3.44   slack (MET)


Startpoint: rst_n (input port clocked by clk)
Endpoint: _283_ (removal check against rising-edge clock clk)
Path Group: asynchronous
Path Type: min

Fanout     Cap    Slew   Delay    Time   Description
-----------------------------------------------------------------------------
                          0.00    0.00   clock clk (rise edge)
                          0.00    0.00   clock network delay (propagated)
                          4.00    4.00 ^ input external delay
                  0.02    0.01    4.01 ^ rst_n (in)
     1    0.00                           rst_n (net)
                  0.02    0.00    4.01 ^ input1/A (sky130_fd_sc_hd__clkbuf_2)
                  0.13    0.15    4.16 ^ input1/X (sky130_fd_sc_hd__clkbuf_2)
     4    0.02                           net1 (net)
                  0.13    0.00    4.16 ^ fanout16/A (sky130_fd_sc_hd__clkbuf_4)
                  0.13    0.22    4.38 ^ fanout16/X (sky130_fd_sc_hd__clkbuf_4)
     8    0.04                           net16 (net)
                  0.13    0.00    4.39 ^ _283_/RESET_B (sky130_fd_sc_hd__dfrtp_1)
                                  4.39   data arrival time

                          0.00    0.00   clock clk (rise edge)
                          0.00    0.00   clock source latency
                  0.07    0.05    0.05 ^ clk (in)
     1    0.01                           clk (net)
                  0.07    0.00    0.05 ^ clkbuf_0_clk/A (sky130_fd_sc_hd__clkbuf_16)
                  0.06    0.16    0.21 ^ clkbuf_0_clk/X (sky130_fd_sc_hd__clkbuf_16)
     4    0.04                           clknet_0_clk (net)
                  0.06    0.00    0.21 ^ clkbuf_2_2__f_clk/A (sky130_fd_sc_hd__clkbuf_16)
                  0.04    0.14    0.35 ^ clkbuf_2_2__f_clk/X (sky130_fd_sc_hd__clkbuf_16)
     8    0.02                           clknet_2_2__leaf_clk (net)
                  0.04    0.00    0.36 ^ _283_/CLK (sky130_fd_sc_hd__dfrtp_1)
                          0.25    0.61   clock uncertainty
                          0.00    0.61   clock reconvergence pessimism
                          0.34    0.95   library removal time
                                  0.95   data required time
-----------------------------------------------------------------------------
                                  0.95   data required time
                                 -4.39   data arrival time
-----------------------------------------------------------------------------
                                  3.44   slack (MET)


Startpoint: rst_n (input port clocked by clk)
Endpoint: _274_ (removal check against rising-edge clock clk)
Path Group: asynchronous
Path Type: min

Fanout     Cap    Slew   Delay    Time   Description
-----------------------------------------------------------------------------
                          0.00    0.00   clock clk (rise edge)
                          0.00    0.00   clock network delay (propagated)
                          4.00    4.00 ^ input external delay
                  0.02    0.01    4.01 ^ rst_n (in)
     1    0.00                           rst_n (net)
                  0.02    0.00    4.01 ^ input1/A (sky130_fd_sc_hd__clkbuf_2)
                  0.13    0.15    4.16 ^ input1/X (sky130_fd_sc_hd__clkbuf_2)
     4    0.02                           net1 (net)
                  0.13    0.00    4.16 ^ fanout16/A (sky130_fd_sc_hd__clkbuf_4)
                  0.13    0.22    4.38 ^ fanout16/X (sky130_fd_sc_hd__clkbuf_4)
     8    0.04                           net16 (net)
                  0.13    0.00    4.39 ^ _274_/RESET_B (sky130_fd_sc_hd__dfrtp_4)
                                  4.39   data arrival time

                          0.00    0.00   clock clk (rise edge)
                          0.00    0.00   clock source latency
                  0.07    0.05    0.05 ^ clk (in)
     1    0.01                           clk (net)
                  0.07    0.00    0.05 ^ clkbuf_0_clk/A (sky130_fd_sc_hd__clkbuf_16)
                  0.06    0.16    0.21 ^ clkbuf_0_clk/X (sky130_fd_sc_hd__clkbuf_16)
     4    0.04                           clknet_0_clk (net)
                  0.06    0.00    0.21 ^ clkbuf_2_2__f_clk/A (sky130_fd_sc_hd__clkbuf_16)
                  0.04    0.14    0.35 ^ clkbuf_2_2__f_clk/X (sky130_fd_sc_hd__clkbuf_16)
     8    0.02                           clknet_2_2__leaf_clk (net)
                  0.04    0.00    0.36 ^ _274_/CLK (sky130_fd_sc_hd__dfrtp_4)
                          0.25    0.61   clock uncertainty
                          0.00    0.61   clock reconvergence pessimism
                          0.34    0.95   library removal time
                                  0.95   data required time
-----------------------------------------------------------------------------
                                  0.95   data required time
                                 -4.39   data arrival time
-----------------------------------------------------------------------------
                                  3.44   slack (MET)


Startpoint: rst_n (input port clocked by clk)
Endpoint: _275_ (removal check against rising-edge clock clk)
Path Group: asynchronous
Path Type: min

Fanout     Cap    Slew   Delay    Time   Description
-----------------------------------------------------------------------------
                          0.00    0.00   clock clk (rise edge)
                          0.00    0.00   clock network delay (propagated)
                          4.00    4.00 ^ input external delay
                  0.02    0.01    4.01 ^ rst_n (in)
     1    0.00                           rst_n (net)
                  0.02    0.00    4.01 ^ input1/A (sky130_fd_sc_hd__clkbuf_2)
                  0.13    0.15    4.16 ^ input1/X (sky130_fd_sc_hd__clkbuf_2)
     4    0.02                           net1 (net)
                  0.13    0.00    4.16 ^ fanout16/A (sky130_fd_sc_hd__clkbuf_4)
                  0.13    0.22    4.38 ^ fanout16/X (sky130_fd_sc_hd__clkbuf_4)
     8    0.04                           net16 (net)
                  0.13    0.00    4.39 ^ _275_/RESET_B (sky130_fd_sc_hd__dfrtp_2)
                                  4.39   data arrival time

                          0.00    0.00   clock clk (rise edge)
                          0.00    0.00   clock source latency
                  0.07    0.05    0.05 ^ clk (in)
     1    0.01                           clk (net)
                  0.07    0.00    0.05 ^ clkbuf_0_clk/A (sky130_fd_sc_hd__clkbuf_16)
                  0.06    0.16    0.21 ^ clkbuf_0_clk/X (sky130_fd_sc_hd__clkbuf_16)
     4    0.04                           clknet_0_clk (net)
                  0.06    0.00    0.21 ^ clkbuf_2_2__f_clk/A (sky130_fd_sc_hd__clkbuf_16)
                  0.04    0.14    0.35 ^ clkbuf_2_2__f_clk/X (sky130_fd_sc_hd__clkbuf_16)
     8    0.02                           clknet_2_2__leaf_clk (net)
                  0.04    0.00    0.36 ^ _275_/CLK (sky130_fd_sc_hd__dfrtp_2)
                          0.25    0.61   clock uncertainty
                          0.00    0.61   clock reconvergence pessimism
                          0.34    0.95   library removal time
                                  0.95   data required time
-----------------------------------------------------------------------------
                                  0.95   data required time
                                 -4.39   data arrival time
-----------------------------------------------------------------------------
                                  3.44   slack (MET)


Startpoint: rst_n (input port clocked by clk)
Endpoint: _277_ (removal check against rising-edge clock clk)
Path Group: asynchronous
Path Type: min

Fanout     Cap    Slew   Delay    Time   Description
-----------------------------------------------------------------------------
                          0.00    0.00   clock clk (rise edge)
                          0.00    0.00   clock network delay (propagated)
                          4.00    4.00 ^ input external delay
                  0.02    0.01    4.01 ^ rst_n (in)
     1    0.00                           rst_n (net)
                  0.02    0.00    4.01 ^ input1/A (sky130_fd_sc_hd__clkbuf_2)
                  0.13    0.15    4.16 ^ input1/X (sky130_fd_sc_hd__clkbuf_2)
     4    0.02                           net1 (net)
                  0.13    0.00    4.16 ^ fanout16/A (sky130_fd_sc_hd__clkbuf_4)
                  0.13    0.22    4.38 ^ fanout16/X (sky130_fd_sc_hd__clkbuf_4)
     8    0.04                           net16 (net)
                  0.13    0.00    4.39 ^ _277_/RESET_B (sky130_fd_sc_hd__dfrtp_1)
                                  4.39   data arrival time

                          0.00    0.00   clock clk (rise edge)
                          0.00    0.00   clock source latency
                  0.07    0.05    0.05 ^ clk (in)
     1    0.01                           clk (net)
                  0.07    0.00    0.05 ^ clkbuf_0_clk/A (sky130_fd_sc_hd__clkbuf_16)
                  0.06    0.16    0.21 ^ clkbuf_0_clk/X (sky130_fd_sc_hd__clkbuf_16)
     4    0.04                           clknet_0_clk (net)
                  0.06    0.00    0.21 ^ clkbuf_2_2__f_clk/A (sky130_fd_sc_hd__clkbuf_16)
                  0.04    0.14    0.35 ^ clkbuf_2_2__f_clk/X (sky130_fd_sc_hd__clkbuf_16)
     8    0.02                           clknet_2_2__leaf_clk (net)
                  0.04    0.00    0.36 ^ _277_/CLK (sky130_fd_sc_hd__dfrtp_1)
                          0.25    0.61   clock uncertainty
                          0.00    0.61   clock reconvergence pessimism
                          0.34    0.95   library removal time
                                  0.95   data required time
-----------------------------------------------------------------------------
                                  0.95   data required time
                                 -4.39   data arrival time
-----------------------------------------------------------------------------
                                  3.44   slack (MET)


Startpoint: rst_n (input port clocked by clk)
Endpoint: _276_ (removal check against rising-edge clock clk)
Path Group: asynchronous
Path Type: min

Fanout     Cap    Slew   Delay    Time   Description
-----------------------------------------------------------------------------
                          0.00    0.00   clock clk (rise edge)
                          0.00    0.00   clock network delay (propagated)
                          4.00    4.00 ^ input external delay
                  0.02    0.01    4.01 ^ rst_n (in)
     1    0.00                           rst_n (net)
                  0.02    0.00    4.01 ^ input1/A (sky130_fd_sc_hd__clkbuf_2)
                  0.13    0.15    4.16 ^ input1/X (sky130_fd_sc_hd__clkbuf_2)
     4    0.02                           net1 (net)
                  0.13    0.00    4.16 ^ fanout16/A (sky130_fd_sc_hd__clkbuf_4)
                  0.13    0.22    4.38 ^ fanout16/X (sky130_fd_sc_hd__clkbuf_4)
     8    0.04                           net16 (net)
                  0.13    0.00    4.39 ^ _276_/RESET_B (sky130_fd_sc_hd__dfrtp_2)
                                  4.39   data arrival time

                          0.00    0.00   clock clk (rise edge)
                          0.00    0.00   clock source latency
                  0.07    0.05    0.05 ^ clk (in)
     1    0.01                           clk (net)
                  0.07    0.00    0.05 ^ clkbuf_0_clk/A (sky130_fd_sc_hd__clkbuf_16)
                  0.06    0.16    0.21 ^ clkbuf_0_clk/X (sky130_fd_sc_hd__clkbuf_16)
     4    0.04                           clknet_0_clk (net)
                  0.06    0.00    0.21 ^ clkbuf_2_2__f_clk/A (sky130_fd_sc_hd__clkbuf_16)
                  0.04    0.14    0.35 ^ clkbuf_2_2__f_clk/X (sky130_fd_sc_hd__clkbuf_16)
     8    0.02                           clknet_2_2__leaf_clk (net)
                  0.04    0.00    0.36 ^ _276_/CLK (sky130_fd_sc_hd__dfrtp_2)
                          0.25    0.61   clock uncertainty
                          0.00    0.61   clock reconvergence pessimism
                          0.34    0.95   library removal time
                                  0.95   data required time
-----------------------------------------------------------------------------
                                  0.95   data required time
                                 -4.39   data arrival time
-----------------------------------------------------------------------------
                                  3.44   slack (MET)


Startpoint: rst_n (input port clocked by clk)
Endpoint: _287_ (removal check against rising-edge clock clk)
Path Group: asynchronous
Path Type: min

Fanout     Cap    Slew   Delay    Time   Description
-----------------------------------------------------------------------------
                          0.00    0.00   clock clk (rise edge)
                          0.00    0.00   clock network delay (propagated)
                          4.00    4.00 ^ input external delay
                  0.02    0.01    4.01 ^ rst_n (in)
     1    0.00                           rst_n (net)
                  0.02    0.00    4.01 ^ input1/A (sky130_fd_sc_hd__clkbuf_2)
                  0.13    0.15    4.16 ^ input1/X (sky130_fd_sc_hd__clkbuf_2)
     4    0.02                           net1 (net)
                  0.13    0.00    4.16 ^ fanout15/A (sky130_fd_sc_hd__clkbuf_4)
                  0.15    0.23    4.40 ^ fanout15/X (sky130_fd_sc_hd__clkbuf_4)
    10    0.05                           net15 (net)
                  0.15    0.00    4.40 ^ _287_/RESET_B (sky130_fd_sc_hd__dfrtp_1)
                                  4.40   data arrival time

                          0.00    0.00   clock clk (rise edge)
                          0.00    0.00   clock source latency
                  0.07    0.05    0.05 ^ clk (in)
     1    0.01                           clk (net)
                  0.07    0.00    0.05 ^ clkbuf_0_clk/A (sky130_fd_sc_hd__clkbuf_16)
                  0.06    0.16    0.21 ^ clkbuf_0_clk/X (sky130_fd_sc_hd__clkbuf_16)
     4    0.04                           clknet_0_clk (net)
                  0.06    0.00    0.21 ^ clkbuf_2_0__f_clk/A (sky130_fd_sc_hd__clkbuf_16)
                  0.05    0.15    0.36 ^ clkbuf_2_0__f_clk/X (sky130_fd_sc_hd__clkbuf_16)
     9    0.03                           clknet_2_0__leaf_clk (net)
                  0.05    0.00    0.36 ^ _287_/CLK (sky130_fd_sc_hd__dfrtp_1)
                          0.25    0.61   clock uncertainty
                          0.00    0.61   clock reconvergence pessimism
                          0.35    0.96   library removal time
                                  0.96   data required time
-----------------------------------------------------------------------------
                                  0.96   data required time
                                 -4.40   data arrival time
-----------------------------------------------------------------------------
                                  3.44   slack (MET)


Startpoint: rst_n (input port clocked by clk)
Endpoint: _295_ (removal check against rising-edge clock clk)
Path Group: asynchronous
Path Type: min

Fanout     Cap    Slew   Delay    Time   Description
-----------------------------------------------------------------------------
                          0.00    0.00   clock clk (rise edge)
                          0.00    0.00   clock network delay (propagated)
                          4.00    4.00 ^ input external delay
                  0.02    0.01    4.01 ^ rst_n (in)
     1    0.00                           rst_n (net)
                  0.02    0.00    4.01 ^ input1/A (sky130_fd_sc_hd__clkbuf_2)
                  0.13    0.15    4.16 ^ input1/X (sky130_fd_sc_hd__clkbuf_2)
     4    0.02                           net1 (net)
                  0.13    0.00    4.16 ^ fanout15/A (sky130_fd_sc_hd__clkbuf_4)
                  0.15    0.23    4.40 ^ fanout15/X (sky130_fd_sc_hd__clkbuf_4)
    10    0.05                           net15 (net)
                  0.15    0.00    4.40 ^ _295_/RESET_B (sky130_fd_sc_hd__dfrtp_1)
                                  4.40   data arrival time

                          0.00    0.00   clock clk (rise edge)
                          0.00    0.00   clock source latency
                  0.07    0.05    0.05 ^ clk (in)
     1    0.01                           clk (net)
                  0.07    0.00    0.05 ^ clkbuf_0_clk/A (sky130_fd_sc_hd__clkbuf_16)
                  0.06    0.16    0.21 ^ clkbuf_0_clk/X (sky130_fd_sc_hd__clkbuf_16)
     4    0.04                           clknet_0_clk (net)
                  0.06    0.00    0.21 ^ clkbuf_2_0__f_clk/A (sky130_fd_sc_hd__clkbuf_16)
                  0.05    0.15    0.36 ^ clkbuf_2_0__f_clk/X (sky130_fd_sc_hd__clkbuf_16)
     9    0.03                           clknet_2_0__leaf_clk (net)
                  0.05    0.00    0.36 ^ _295_/CLK (sky130_fd_sc_hd__dfrtp_1)
                          0.25    0.61   clock uncertainty
                          0.00    0.61   clock reconvergence pessimism
                          0.35    0.96   library removal time
                                  0.96   data required time
-----------------------------------------------------------------------------
                                  0.96   data required time
                                 -4.40   data arrival time
-----------------------------------------------------------------------------
                                  3.44   slack (MET)


Startpoint: rst_n (input port clocked by clk)
Endpoint: _288_ (removal check against rising-edge clock clk)
Path Group: asynchronous
Path Type: min

Fanout     Cap    Slew   Delay    Time   Description
-----------------------------------------------------------------------------
                          0.00    0.00   clock clk (rise edge)
                          0.00    0.00   clock network delay (propagated)
                          4.00    4.00 ^ input external delay
                  0.02    0.01    4.01 ^ rst_n (in)
     1    0.00                           rst_n (net)
                  0.02    0.00    4.01 ^ input1/A (sky130_fd_sc_hd__clkbuf_2)
                  0.13    0.15    4.16 ^ input1/X (sky130_fd_sc_hd__clkbuf_2)
     4    0.02                           net1 (net)
                  0.13    0.00    4.16 ^ fanout15/A (sky130_fd_sc_hd__clkbuf_4)
                  0.15    0.23    4.40 ^ fanout15/X (sky130_fd_sc_hd__clkbuf_4)
    10    0.05                           net15 (net)
                  0.15    0.00    4.40 ^ _288_/RESET_B (sky130_fd_sc_hd__dfrtp_1)
                                  4.40   data arrival time

                          0.00    0.00   clock clk (rise edge)
                          0.00    0.00   clock source latency
                  0.07    0.05    0.05 ^ clk (in)
     1    0.01                           clk (net)
                  0.07    0.00    0.05 ^ clkbuf_0_clk/A (sky130_fd_sc_hd__clkbuf_16)
                  0.06    0.16    0.21 ^ clkbuf_0_clk/X (sky130_fd_sc_hd__clkbuf_16)
     4    0.04                           clknet_0_clk (net)
                  0.06    0.00    0.21 ^ clkbuf_2_0__f_clk/A (sky130_fd_sc_hd__clkbuf_16)
                  0.05    0.15    0.36 ^ clkbuf_2_0__f_clk/X (sky130_fd_sc_hd__clkbuf_16)
     9    0.03                           clknet_2_0__leaf_clk (net)
                  0.05    0.00    0.36 ^ _288_/CLK (sky130_fd_sc_hd__dfrtp_1)
                          0.25    0.61   clock uncertainty
                          0.00    0.61   clock reconvergence pessimism
                          0.35    0.96   library removal time
                                  0.96   data required time
-----------------------------------------------------------------------------
                                  0.96   data required time
                                 -4.40   data arrival time
-----------------------------------------------------------------------------
                                  3.44   slack (MET)


Startpoint: rst_n (input port clocked by clk)
Endpoint: _290_ (removal check against rising-edge clock clk)
Path Group: asynchronous
Path Type: min

Fanout     Cap    Slew   Delay    Time   Description
-----------------------------------------------------------------------------
                          0.00    0.00   clock clk (rise edge)
                          0.00    0.00   clock network delay (propagated)
                          4.00    4.00 ^ input external delay
                  0.02    0.01    4.01 ^ rst_n (in)
     1    0.00                           rst_n (net)
                  0.02    0.00    4.01 ^ input1/A (sky130_fd_sc_hd__clkbuf_2)
                  0.13    0.15    4.16 ^ input1/X (sky130_fd_sc_hd__clkbuf_2)
     4    0.02                           net1 (net)
                  0.13    0.00    4.16 ^ fanout15/A (sky130_fd_sc_hd__clkbuf_4)
                  0.15    0.23    4.40 ^ fanout15/X (sky130_fd_sc_hd__clkbuf_4)
    10    0.05                           net15 (net)
                  0.15    0.00    4.40 ^ _290_/RESET_B (sky130_fd_sc_hd__dfrtp_1)
                                  4.40   data arrival time

                          0.00    0.00   clock clk (rise edge)
                          0.00    0.00   clock source latency
                  0.07    0.05    0.05 ^ clk (in)
     1    0.01                           clk (net)
                  0.07    0.00    0.05 ^ clkbuf_0_clk/A (sky130_fd_sc_hd__clkbuf_16)
                  0.06    0.16    0.21 ^ clkbuf_0_clk/X (sky130_fd_sc_hd__clkbuf_16)
     4    0.04                           clknet_0_clk (net)
                  0.06    0.00    0.21 ^ clkbuf_2_0__f_clk/A (sky130_fd_sc_hd__clkbuf_16)
                  0.05    0.15    0.36 ^ clkbuf_2_0__f_clk/X (sky130_fd_sc_hd__clkbuf_16)
     9    0.03                           clknet_2_0__leaf_clk (net)
                  0.05    0.00    0.36 ^ _290_/CLK (sky130_fd_sc_hd__dfrtp_1)
                          0.25    0.61   clock uncertainty
                          0.00    0.61   clock reconvergence pessimism
                          0.35    0.96   library removal time
                                  0.96   data required time
-----------------------------------------------------------------------------
                                  0.96   data required time
                                 -4.40   data arrival time
-----------------------------------------------------------------------------
                                  3.44   slack (MET)


Startpoint: rst_n (input port clocked by clk)
Endpoint: _289_ (removal check against rising-edge clock clk)
Path Group: asynchronous
Path Type: min

Fanout     Cap    Slew   Delay    Time   Description
-----------------------------------------------------------------------------
                          0.00    0.00   clock clk (rise edge)
                          0.00    0.00   clock network delay (propagated)
                          4.00    4.00 ^ input external delay
                  0.02    0.01    4.01 ^ rst_n (in)
     1    0.00                           rst_n (net)
                  0.02    0.00    4.01 ^ input1/A (sky130_fd_sc_hd__clkbuf_2)
                  0.13    0.15    4.16 ^ input1/X (sky130_fd_sc_hd__clkbuf_2)
     4    0.02                           net1 (net)
                  0.13    0.00    4.16 ^ fanout15/A (sky130_fd_sc_hd__clkbuf_4)
                  0.15    0.23    4.40 ^ fanout15/X (sky130_fd_sc_hd__clkbuf_4)
    10    0.05                           net15 (net)
                  0.15    0.00    4.40 ^ _289_/RESET_B (sky130_fd_sc_hd__dfrtp_1)
                                  4.40   data arrival time

                          0.00    0.00   clock clk (rise edge)
                          0.00    0.00   clock source latency
                  0.07    0.05    0.05 ^ clk (in)
     1    0.01                           clk (net)
                  0.07    0.00    0.05 ^ clkbuf_0_clk/A (sky130_fd_sc_hd__clkbuf_16)
                  0.06    0.16    0.21 ^ clkbuf_0_clk/X (sky130_fd_sc_hd__clkbuf_16)
     4    0.04                           clknet_0_clk (net)
                  0.06    0.00    0.21 ^ clkbuf_2_0__f_clk/A (sky130_fd_sc_hd__clkbuf_16)
                  0.05    0.15    0.36 ^ clkbuf_2_0__f_clk/X (sky130_fd_sc_hd__clkbuf_16)
     9    0.03                           clknet_2_0__leaf_clk (net)
                  0.05    0.00    0.36 ^ _289_/CLK (sky130_fd_sc_hd__dfrtp_1)
                          0.25    0.61   clock uncertainty
                          0.00    0.61   clock reconvergence pessimism
                          0.35    0.96   library removal time
                                  0.96   data required time
-----------------------------------------------------------------------------
                                  0.96   data required time
                                 -4.40   data arrival time
-----------------------------------------------------------------------------
                                  3.44   slack (MET)


Startpoint: rst_n (input port clocked by clk)
Endpoint: _294_ (removal check against rising-edge clock clk)
Path Group: asynchronous
Path Type: min

Fanout     Cap    Slew   Delay    Time   Description
-----------------------------------------------------------------------------
                          0.00    0.00   clock clk (rise edge)
                          0.00    0.00   clock network delay (propagated)
                          4.00    4.00 ^ input external delay
                  0.02    0.01    4.01 ^ rst_n (in)
     1    0.00                           rst_n (net)
                  0.02    0.00    4.01 ^ input1/A (sky130_fd_sc_hd__clkbuf_2)
                  0.13    0.15    4.16 ^ input1/X (sky130_fd_sc_hd__clkbuf_2)
     4    0.02                           net1 (net)
                  0.13    0.00    4.16 ^ fanout15/A (sky130_fd_sc_hd__clkbuf_4)
                  0.15    0.23    4.40 ^ fanout15/X (sky130_fd_sc_hd__clkbuf_4)
    10    0.05                           net15 (net)
                  0.15    0.00    4.40 ^ _294_/RESET_B (sky130_fd_sc_hd__dfrtp_1)
                                  4.40   data arrival time

                          0.00    0.00   clock clk (rise edge)
                          0.00    0.00   clock source latency
                  0.07    0.05    0.05 ^ clk (in)
     1    0.01                           clk (net)
                  0.07    0.00    0.05 ^ clkbuf_0_clk/A (sky130_fd_sc_hd__clkbuf_16)
                  0.06    0.16    0.21 ^ clkbuf_0_clk/X (sky130_fd_sc_hd__clkbuf_16)
     4    0.04                           clknet_0_clk (net)
                  0.06    0.00    0.21 ^ clkbuf_2_0__f_clk/A (sky130_fd_sc_hd__clkbuf_16)
                  0.05    0.15    0.36 ^ clkbuf_2_0__f_clk/X (sky130_fd_sc_hd__clkbuf_16)
     9    0.03                           clknet_2_0__leaf_clk (net)
                  0.05    0.00    0.36 ^ _294_/CLK (sky130_fd_sc_hd__dfrtp_1)
                          0.25    0.61   clock uncertainty
                          0.00    0.61   clock reconvergence pessimism
                          0.35    0.96   library removal time
                                  0.96   data required time
-----------------------------------------------------------------------------
                                  0.96   data required time
                                 -4.40   data arrival time
-----------------------------------------------------------------------------
                                  3.44   slack (MET)


Startpoint: rst_n (input port clocked by clk)
Endpoint: _293_ (removal check against rising-edge clock clk)
Path Group: asynchronous
Path Type: min

Fanout     Cap    Slew   Delay    Time   Description
-----------------------------------------------------------------------------
                          0.00    0.00   clock clk (rise edge)
                          0.00    0.00   clock network delay (propagated)
                          4.00    4.00 ^ input external delay
                  0.02    0.01    4.01 ^ rst_n (in)
     1    0.00                           rst_n (net)
                  0.02    0.00    4.01 ^ input1/A (sky130_fd_sc_hd__clkbuf_2)
                  0.13    0.15    4.16 ^ input1/X (sky130_fd_sc_hd__clkbuf_2)
     4    0.02                           net1 (net)
                  0.13    0.00    4.16 ^ fanout15/A (sky130_fd_sc_hd__clkbuf_4)
                  0.15    0.23    4.40 ^ fanout15/X (sky130_fd_sc_hd__clkbuf_4)
    10    0.05                           net15 (net)
                  0.15    0.00    4.40 ^ _293_/RESET_B (sky130_fd_sc_hd__dfrtp_1)
                                  4.40   data arrival time

                          0.00    0.00   clock clk (rise edge)
                          0.00    0.00   clock source latency
                  0.07    0.05    0.05 ^ clk (in)
     1    0.01                           clk (net)
                  0.07    0.00    0.05 ^ clkbuf_0_clk/A (sky130_fd_sc_hd__clkbuf_16)
                  0.06    0.16    0.21 ^ clkbuf_0_clk/X (sky130_fd_sc_hd__clkbuf_16)
     4    0.04                           clknet_0_clk (net)
                  0.06    0.00    0.21 ^ clkbuf_2_0__f_clk/A (sky130_fd_sc_hd__clkbuf_16)
                  0.05    0.15    0.36 ^ clkbuf_2_0__f_clk/X (sky130_fd_sc_hd__clkbuf_16)
     9    0.03                           clknet_2_0__leaf_clk (net)
                  0.05    0.00    0.36 ^ _293_/CLK (sky130_fd_sc_hd__dfrtp_1)
                          0.25    0.61   clock uncertainty
                          0.00    0.61   clock reconvergence pessimism
                          0.35    0.96   library removal time
                                  0.96   data required time
-----------------------------------------------------------------------------
                                  0.96   data required time
                                 -4.40   data arrival time
-----------------------------------------------------------------------------
                                  3.44   slack (MET)


Startpoint: rst_n (input port clocked by clk)
Endpoint: _292_ (removal check against rising-edge clock clk)
Path Group: asynchronous
Path Type: min

Fanout     Cap    Slew   Delay    Time   Description
-----------------------------------------------------------------------------
                          0.00    0.00   clock clk (rise edge)
                          0.00    0.00   clock network delay (propagated)
                          4.00    4.00 ^ input external delay
                  0.02    0.01    4.01 ^ rst_n (in)
     1    0.00                           rst_n (net)
                  0.02    0.00    4.01 ^ input1/A (sky130_fd_sc_hd__clkbuf_2)
                  0.13    0.15    4.16 ^ input1/X (sky130_fd_sc_hd__clkbuf_2)
     4    0.02                           net1 (net)
                  0.13    0.00    4.16 ^ fanout15/A (sky130_fd_sc_hd__clkbuf_4)
                  0.15    0.23    4.40 ^ fanout15/X (sky130_fd_sc_hd__clkbuf_4)
    10    0.05                           net15 (net)
                  0.15    0.00    4.40 ^ _292_/RESET_B (sky130_fd_sc_hd__dfrtp_1)
                                  4.40   data arrival time

                          0.00    0.00   clock clk (rise edge)
                          0.00    0.00   clock source latency
                  0.07    0.05    0.05 ^ clk (in)
     1    0.01                           clk (net)
                  0.07    0.00    0.05 ^ clkbuf_0_clk/A (sky130_fd_sc_hd__clkbuf_16)
                  0.06    0.16    0.21 ^ clkbuf_0_clk/X (sky130_fd_sc_hd__clkbuf_16)
     4    0.04                           clknet_0_clk (net)
                  0.06    0.00    0.21 ^ clkbuf_2_0__f_clk/A (sky130_fd_sc_hd__clkbuf_16)
                  0.05    0.15    0.36 ^ clkbuf_2_0__f_clk/X (sky130_fd_sc_hd__clkbuf_16)
     9    0.03                           clknet_2_0__leaf_clk (net)
                  0.05    0.00    0.36 ^ _292_/CLK (sky130_fd_sc_hd__dfrtp_1)
                          0.25    0.61   clock uncertainty
                          0.00    0.61   clock reconvergence pessimism
                          0.35    0.96   library removal time
                                  0.96   data required time
-----------------------------------------------------------------------------
                                  0.96   data required time
                                 -4.40   data arrival time
-----------------------------------------------------------------------------
                                  3.44   slack (MET)


Startpoint: rst_n (input port clocked by clk)
Endpoint: _291_ (removal check against rising-edge clock clk)
Path Group: asynchronous
Path Type: min

Fanout     Cap    Slew   Delay    Time   Description
-----------------------------------------------------------------------------
                          0.00    0.00   clock clk (rise edge)
                          0.00    0.00   clock network delay (propagated)
                          4.00    4.00 ^ input external delay
                  0.02    0.01    4.01 ^ rst_n (in)
     1    0.00                           rst_n (net)
                  0.02    0.00    4.01 ^ input1/A (sky130_fd_sc_hd__clkbuf_2)
                  0.13    0.15    4.16 ^ input1/X (sky130_fd_sc_hd__clkbuf_2)
     4    0.02                           net1 (net)
                  0.13    0.00    4.16 ^ fanout15/A (sky130_fd_sc_hd__clkbuf_4)
                  0.15    0.23    4.40 ^ fanout15/X (sky130_fd_sc_hd__clkbuf_4)
    10    0.05                           net15 (net)
                  0.15    0.00    4.40 ^ _291_/RESET_B (sky130_fd_sc_hd__dfrtp_1)
                                  4.40   data arrival time

                          0.00    0.00   clock clk (rise edge)
                          0.00    0.00   clock source latency
                  0.07    0.05    0.05 ^ clk (in)
     1    0.01                           clk (net)
                  0.07    0.00    0.05 ^ clkbuf_0_clk/A (sky130_fd_sc_hd__clkbuf_16)
                  0.06    0.16    0.21 ^ clkbuf_0_clk/X (sky130_fd_sc_hd__clkbuf_16)
     4    0.04                           clknet_0_clk (net)
                  0.06    0.00    0.21 ^ clkbuf_2_0__f_clk/A (sky130_fd_sc_hd__clkbuf_16)
                  0.05    0.15    0.36 ^ clkbuf_2_0__f_clk/X (sky130_fd_sc_hd__clkbuf_16)
     9    0.03                           clknet_2_0__leaf_clk (net)
                  0.05    0.00    0.36 ^ _291_/CLK (sky130_fd_sc_hd__dfrtp_1)
                          0.25    0.61   clock uncertainty
                          0.00    0.61   clock reconvergence pessimism
                          0.35    0.96   library removal time
                                  0.96   data required time
-----------------------------------------------------------------------------
                                  0.96   data required time
                                 -4.40   data arrival time
-----------------------------------------------------------------------------
                                  3.44   slack (MET)


Startpoint: rst_n (input port clocked by clk)
Endpoint: _272_ (removal check against rising-edge clock clk)
Path Group: asynchronous
Path Type: min

Fanout     Cap    Slew   Delay    Time   Description
-----------------------------------------------------------------------------
                          0.00    0.00   clock clk (rise edge)
                          0.00    0.00   clock network delay (propagated)
                          4.00    4.00 ^ input external delay
                  0.02    0.01    4.01 ^ rst_n (in)
     1    0.00                           rst_n (net)
                  0.02    0.00    4.01 ^ input1/A (sky130_fd_sc_hd__clkbuf_2)
                  0.13    0.15    4.16 ^ input1/X (sky130_fd_sc_hd__clkbuf_2)
     4    0.02                           net1 (net)
                  0.13    0.00    4.16 ^ fanout15/A (sky130_fd_sc_hd__clkbuf_4)
                  0.15    0.23    4.40 ^ fanout15/X (sky130_fd_sc_hd__clkbuf_4)
    10    0.05                           net15 (net)
                  0.15    0.00    4.40 ^ _272_/RESET_B (sky130_fd_sc_hd__dfrtp_1)
                                  4.40   data arrival time

                          0.00    0.00   clock clk (rise edge)
                          0.00    0.00   clock source latency
                  0.07    0.05    0.05 ^ clk (in)
     1    0.01                           clk (net)
                  0.07    0.00    0.05 ^ clkbuf_0_clk/A (sky130_fd_sc_hd__clkbuf_16)
                  0.06    0.16    0.21 ^ clkbuf_0_clk/X (sky130_fd_sc_hd__clkbuf_16)
     4    0.04                           clknet_0_clk (net)
                  0.06    0.00    0.21 ^ clkbuf_2_2__f_clk/A (sky130_fd_sc_hd__clkbuf_16)
                  0.04    0.14    0.35 ^ clkbuf_2_2__f_clk/X (sky130_fd_sc_hd__clkbuf_16)
     8    0.02                           clknet_2_2__leaf_clk (net)
                  0.04    0.00    0.36 ^ _272_/CLK (sky130_fd_sc_hd__dfrtp_1)
                          0.25    0.61   clock uncertainty
                          0.00    0.61   clock reconvergence pessimism
                          0.35    0.96   library removal time
                                  0.96   data required time
-----------------------------------------------------------------------------
                                  0.96   data required time
                                 -4.40   data arrival time
-----------------------------------------------------------------------------
                                  3.44   slack (MET)


Startpoint: _273_ (rising edge-triggered flip-flop clocked by clk)
Endpoint: sleep_ack (output port clocked by clk)
Path Group: clk
Path Type: min

Fanout     Cap    Slew   Delay    Time   Description
-----------------------------------------------------------------------------
                          0.00    0.00   clock clk (rise edge)
                          0.00    0.00   clock source latency
                  0.07    0.04    0.04 ^ clk (in)
     1    0.01                           clk (net)
                  0.07    0.00    0.04 ^ clkbuf_0_clk/A (sky130_fd_sc_hd__clkbuf_16)
                  0.06    0.15    0.19 ^ clkbuf_0_clk/X (sky130_fd_sc_hd__clkbuf_16)
     4    0.04                           clknet_0_clk (net)
                  0.06    0.00    0.19 ^ clkbuf_2_2__f_clk/A (sky130_fd_sc_hd__clkbuf_16)
                  0.04    0.13    0.32 ^ clkbuf_2_2__f_clk/X (sky130_fd_sc_hd__clkbuf_16)
     8    0.02                           clknet_2_2__leaf_clk (net)
                  0.04    0.00    0.32 ^ _273_/CLK (sky130_fd_sc_hd__dfrtp_2)
                  0.12    0.39    0.71 ^ _273_/Q (sky130_fd_sc_hd__dfrtp_2)
     5    0.02                           net12 (net)
                  0.12    0.00    0.71 ^ output12/A (sky130_fd_sc_hd__clkbuf_4)
                  0.11    0.20    0.91 ^ output12/X (sky130_fd_sc_hd__clkbuf_4)
     1    0.03                           sleep_ack (net)
                  0.11    0.00    0.91 ^ sleep_ack (out)
                                  0.91   data arrival time

                          0.00    0.00   clock clk (rise edge)
                          0.00    0.00   clock network delay (propagated)
                          0.25    0.25   clock uncertainty
                          0.00    0.25   clock reconvergence pessimism
                         -4.00   -3.75   output external delay
                                 -3.75   data required time
-----------------------------------------------------------------------------
                                 -3.75   data required time
                                 -0.91   data arrival time
-----------------------------------------------------------------------------
                                  4.66   slack (MET)


Startpoint: _288_ (rising edge-triggered flip-flop clocked by clk)
Endpoint: tx (output port clocked by clk)
Path Group: clk
Path Type: min

Fanout     Cap    Slew   Delay    Time   Description
-----------------------------------------------------------------------------
                          0.00    0.00   clock clk (rise edge)
                          0.00    0.00   clock source latency
                  0.07    0.04    0.04 ^ clk (in)
     1    0.01                           clk (net)
                  0.07    0.00    0.04 ^ clkbuf_0_clk/A (sky130_fd_sc_hd__clkbuf_16)
                  0.06    0.15    0.19 ^ clkbuf_0_clk/X (sky130_fd_sc_hd__clkbuf_16)
     4    0.04                           clknet_0_clk (net)
                  0.06    0.00    0.19 ^ clkbuf_2_0__f_clk/A (sky130_fd_sc_hd__clkbuf_16)
                  0.05    0.13    0.32 ^ clkbuf_2_0__f_clk/X (sky130_fd_sc_hd__clkbuf_16)
     9    0.03                           clknet_2_0__leaf_clk (net)
                  0.05    0.00    0.33 ^ _288_/CLK (sky130_fd_sc_hd__dfrtp_1)
                  0.06    0.36    0.68 v _288_/Q (sky130_fd_sc_hd__dfrtp_1)
     2    0.01                           shift_reg[0] (net)
                  0.06    0.00    0.68 v _140_/A (sky130_fd_sc_hd__inv_2)
                  0.03    0.04    0.73 ^ _140_/Y (sky130_fd_sc_hd__inv_2)
     1    0.00                           _128_ (net)
                  0.03    0.00    0.73 ^ _142_/A2 (sky130_fd_sc_hd__o211ai_1)
                  0.08    0.09    0.82 v _142_/Y (sky130_fd_sc_hd__o211ai_1)
     1    0.01                           net13 (net)
                  0.08    0.00    0.82 v output13/A (sky130_fd_sc_hd__clkbuf_4)
                  0.08    0.19    1.01 v output13/X (sky130_fd_sc_hd__clkbuf_4)
     1    0.03                           tx (net)
                  0.08    0.00    1.01 v tx (out)
                                  1.01   data arrival time

                          0.00    0.00   clock clk (rise edge)
                          0.00    0.00   clock network delay (propagated)
                          0.25    0.25   clock uncertainty
                          0.00    0.25   clock reconvergence pessimism
                         -4.00   -3.75   output external delay
                                 -3.75   data required time
-----------------------------------------------------------------------------
                                 -3.75   data required time
                                 -1.01   data arrival time
-----------------------------------------------------------------------------
                                  4.76   slack (MET)


Startpoint: _273_ (rising edge-triggered flip-flop clocked by clk)
Endpoint: tx_busy (output port clocked by clk)
Path Group: clk
Path Type: min

Fanout     Cap    Slew   Delay    Time   Description
-----------------------------------------------------------------------------
                          0.00    0.00   clock clk (rise edge)
                          0.00    0.00   clock source latency
                  0.07    0.04    0.04 ^ clk (in)
     1    0.01                           clk (net)
                  0.07    0.00    0.04 ^ clkbuf_0_clk/A (sky130_fd_sc_hd__clkbuf_16)
                  0.06    0.15    0.19 ^ clkbuf_0_clk/X (sky130_fd_sc_hd__clkbuf_16)
     4    0.04                           clknet_0_clk (net)
                  0.06    0.00    0.19 ^ clkbuf_2_2__f_clk/A (sky130_fd_sc_hd__clkbuf_16)
                  0.04    0.13    0.32 ^ clkbuf_2_2__f_clk/X (sky130_fd_sc_hd__clkbuf_16)
     8    0.02                           clknet_2_2__leaf_clk (net)
                  0.04    0.00    0.32 ^ _273_/CLK (sky130_fd_sc_hd__dfrtp_2)
                  0.12    0.39    0.71 ^ _273_/Q (sky130_fd_sc_hd__dfrtp_2)
     5    0.02                           net12 (net)
                  0.12    0.00    0.71 ^ _130_/A (sky130_fd_sc_hd__clkbuf_4)
                  0.13    0.21    0.92 ^ _130_/X (sky130_fd_sc_hd__clkbuf_4)
    10    0.04                           _120_ (net)
                  0.13    0.00    0.92 ^ _132_/A (sky130_fd_sc_hd__nor2_1)
                  0.08    0.10    1.03 v _132_/Y (sky130_fd_sc_hd__nor2_1)
     3    0.01                           net14 (net)
                  0.08    0.00    1.03 v output14/A (sky130_fd_sc_hd__clkbuf_4)
                  0.08    0.19    1.21 v output14/X (sky130_fd_sc_hd__clkbuf_4)
     1    0.03                           tx_busy (net)
                  0.08    0.00    1.21 v tx_busy (out)
                                  1.21   data arrival time

                          0.00    0.00   clock clk (rise edge)
                          0.00    0.00   clock network delay (propagated)
                          0.25    0.25   clock uncertainty
                          0.00    0.25   clock reconvergence pessimism
                         -4.00   -3.75   output external delay
                                 -3.75   data required time
-----------------------------------------------------------------------------
                                 -3.75   data required time
                                 -1.21   data arrival time
-----------------------------------------------------------------------------
                                  4.96   slack (MET)



