
===========================================================================
report_checks -path_delay min (Hold)
============================================================================
======================= Typical Corner ===================================

Startpoint: _284_ (rising edge-triggered flip-flop clocked by clk)
Endpoint: _284_ (rising edge-triggered flip-flop clocked by clk)
Path Group: clk
Path Type: min

Fanout     Cap    Slew   Delay    Time   Description
-----------------------------------------------------------------------------
                          0.00    0.00   clock clk (rise edge)
                          0.00    0.00   clock source latency
                  0.04    0.03    0.03 ^ clk (in)
     1    0.01                           clk (net)
                  0.04    0.00    0.03 ^ clkbuf_0_clk/A (sky130_fd_sc_hd__clkbuf_16)
                  0.05    0.13    0.15 ^ clkbuf_0_clk/X (sky130_fd_sc_hd__clkbuf_16)
     4    0.03                           clknet_0_clk (net)
                  0.05    0.00    0.15 ^ clkbuf_2_1__f_clk/A (sky130_fd_sc_hd__clkbuf_16)
                  0.04    0.12    0.28 ^ clkbuf_2_1__f_clk/X (sky130_fd_sc_hd__clkbuf_16)
    11    0.02                           clknet_2_1__leaf_clk (net)
                  0.04    0.00    0.28 ^ _284_/CLK (sky130_fd_sc_hd__dfrtp_1)
                  0.11    0.35    0.62 ^ _284_/Q (sky130_fd_sc_hd__dfrtp_1)
     5    0.01                           bit_count[0] (net)
                  0.11    0.00    0.62 ^ _220_/A1 (sky130_fd_sc_hd__o21ba_1)
                  0.04    0.12    0.75 ^ _220_/X (sky130_fd_sc_hd__o21ba_1)
     1    0.00                           _023_ (net)
                  0.04    0.00    0.75 ^ _284_/D (sky130_fd_sc_hd__dfrtp_1)
                                  0.75   data arrival time

                          0.00    0.00   clock clk (rise edge)
                          0.00    0.00   clock source latency
                  0.04    0.03    0.03 ^ clk (in)
     1    0.01                           clk (net)
                  0.04    0.00    0.03 ^ clkbuf_0_clk/A (sky130_fd_sc_hd__clkbuf_16)
                  0.05    0.14    0.17 ^ clkbuf_0_clk/X (sky130_fd_sc_hd__clkbuf_16)
     4    0.03                           clknet_0_clk (net)
                  0.05    0.00    0.17 ^ clkbuf_2_1__f_clk/A (sky130_fd_sc_hd__clkbuf_16)
                  0.04    0.14    0.31 ^ clkbuf_2_1__f_clk/X (sky130_fd_sc_hd__clkbuf_16)
    11    0.02                           clknet_2_1__leaf_clk (net)
                  0.04    0.00    0.31 ^ _284_/CLK (sky130_fd_sc_hd__dfrtp_1)
                          0.25    0.56   clock uncertainty
                         -0.03    0.53   clock reconvergence pessimism
                         -0.03    0.49   library hold time
                                  0.49   data required time
-----------------------------------------------------------------------------
                                  0.49   data required time
                                 -0.75   data arrival time
-----------------------------------------------------------------------------
                                  0.25   slack (MET)


Startpoint: _276_ (rising edge-triggered flip-flop clocked by clk)
Endpoint: _276_ (rising edge-triggered flip-flop clocked by clk)
Path Group: clk
Path Type: min

Fanout     Cap    Slew   Delay    Time   Description
-----------------------------------------------------------------------------
                          0.00    0.00   clock clk (rise edge)
                          0.00    0.00   clock source latency
                  0.04    0.03    0.03 ^ clk (in)
     1    0.01                           clk (net)
                  0.04    0.00    0.03 ^ clkbuf_0_clk/A (sky130_fd_sc_hd__clkbuf_16)
                  0.05    0.13    0.15 ^ clkbuf_0_clk/X (sky130_fd_sc_hd__clkbuf_16)
     4    0.03                           clknet_0_clk (net)
                  0.05    0.00    0.15 ^ clkbuf_2_2__f_clk/A (sky130_fd_sc_hd__clkbuf_16)
                  0.04    0.12    0.27 ^ clkbuf_2_2__f_clk/X (sky130_fd_sc_hd__clkbuf_16)
     8    0.01                           clknet_2_2__leaf_clk (net)
                  0.04    0.00    0.27 ^ _276_/CLK (sky130_fd_sc_hd__dfrtp_2)
                  0.09    0.36    0.63 ^ _276_/Q (sky130_fd_sc_hd__dfrtp_2)
     6    0.01                           idle_counter[2] (net)
                  0.09    0.00    0.63 ^ _193_/B2 (sky130_fd_sc_hd__a32o_1)
                  0.04    0.11    0.74 ^ _193_/X (sky130_fd_sc_hd__a32o_1)
     1    0.00                           _015_ (net)
                  0.04    0.00    0.74 ^ _276_/D (sky130_fd_sc_hd__dfrtp_2)
                                  0.74   data arrival time

                          0.00    0.00   clock clk (rise edge)
                          0.00    0.00   clock source latency
                  0.04    0.03    0.03 ^ clk (in)
     1    0.01                           clk (net)
                  0.04    0.00    0.03 ^ clkbuf_0_clk/A (sky130_fd_sc_hd__clkbuf_16)
                  0.05    0.14    0.17 ^ clkbuf_0_clk/X (sky130_fd_sc_hd__clkbuf_16)
     4    0.03                           clknet_0_clk (net)
                  0.05    0.00    0.17 ^ clkbuf_2_2__f_clk/A (sky130_fd_sc_hd__clkbuf_16)
                  0.04    0.13    0.30 ^ clkbuf_2_2__f_clk/X (sky130_fd_sc_hd__clkbuf_16)
     8    0.01                           clknet_2_2__leaf_clk (net)
                  0.04    0.00    0.30 ^ _276_/CLK (sky130_fd_sc_hd__dfrtp_2)
                          0.25    0.55   clock uncertainty
                         -0.03    0.52   clock reconvergence pessimism
                         -0.04    0.49   library hold time
                                  0.49   data required time
-----------------------------------------------------------------------------
                                  0.49   data required time
                                 -0.74   data arrival time
-----------------------------------------------------------------------------
                                  0.26   slack (MET)


Startpoint: _289_ (rising edge-triggered flip-flop clocked by clk)
Endpoint: _289_ (rising edge-triggered flip-flop clocked by clk)
Path Group: clk
Path Type: min

Fanout     Cap    Slew   Delay    Time   Description
-----------------------------------------------------------------------------
                          0.00    0.00   clock clk (rise edge)
                          0.00    0.00   clock source latency
                  0.04    0.03    0.03 ^ clk (in)
     1    0.01                           clk (net)
                  0.04    0.00    0.03 ^ clkbuf_0_clk/A (sky130_fd_sc_hd__clkbuf_16)
                  0.05    0.13    0.15 ^ clkbuf_0_clk/X (sky130_fd_sc_hd__clkbuf_16)
     4    0.03                           clknet_0_clk (net)
                  0.05    0.00    0.15 ^ clkbuf_2_0__f_clk/A (sky130_fd_sc_hd__clkbuf_16)
                  0.04    0.12    0.27 ^ clkbuf_2_0__f_clk/X (sky130_fd_sc_hd__clkbuf_16)
     9    0.02                           clknet_2_0__leaf_clk (net)
                  0.04    0.00    0.27 ^ _289_/CLK (sky130_fd_sc_hd__dfrtp_1)
                  0.05    0.30    0.58 ^ _289_/Q (sky130_fd_sc_hd__dfrtp_1)
     2    0.00                           shift_reg[1] (net)
                  0.05    0.00    0.58 ^ _238_/A0 (sky130_fd_sc_hd__mux2_1)
                  0.04    0.11    0.68 ^ _238_/X (sky130_fd_sc_hd__mux2_1)
     1    0.00                           _105_ (net)
                  0.04    0.00    0.68 ^ _239_/A (sky130_fd_sc_hd__clkbuf_1)
                  0.04    0.07    0.75 ^ _239_/X (sky130_fd_sc_hd__clkbuf_1)
     1    0.00                           _028_ (net)
                  0.04    0.00    0.75 ^ _289_/D (sky130_fd_sc_hd__dfrtp_1)
                                  0.75   data arrival time

                          0.00    0.00   clock clk (rise edge)
                          0.00    0.00   clock source latency
                  0.04    0.03    0.03 ^ clk (in)
     1    0.01                           clk (net)
                  0.04    0.00    0.03 ^ clkbuf_0_clk/A (sky130_fd_sc_hd__clkbuf_16)
                  0.05    0.14    0.17 ^ clkbuf_0_clk/X (sky130_fd_sc_hd__clkbuf_16)
     4    0.03                           clknet_0_clk (net)
                  0.05    0.00    0.17 ^ clkbuf_2_0__f_clk/A (sky130_fd_sc_hd__clkbuf_16)
                  0.04    0.13    0.30 ^ clkbuf_2_0__f_clk/X (sky130_fd_sc_hd__clkbuf_16)
     9    0.02                           clknet_2_0__leaf_clk (net)
                  0.04    0.00    0.30 ^ _289_/CLK (sky130_fd_sc_hd__dfrtp_1)
                          0.25    0.55   clock uncertainty
                         -0.03    0.52   clock reconvergence pessimism
                         -0.03    0.49   library hold time
                                  0.49   data required time
-----------------------------------------------------------------------------
                                  0.49   data required time
                                 -0.75   data arrival time
-----------------------------------------------------------------------------
                                  0.26   slack (MET)


Startpoint: _290_ (rising edge-triggered flip-flop clocked by clk)
Endpoint: _290_ (rising edge-triggered flip-flop clocked by clk)
Path Group: clk
Path Type: min

Fanout     Cap    Slew   Delay    Time   Description
-----------------------------------------------------------------------------
                          0.00    0.00   clock clk (rise edge)
                          0.00    0.00   clock source latency
                  0.04    0.03    0.03 ^ clk (in)
     1    0.01                           clk (net)
                  0.04    0.00    0.03 ^ clkbuf_0_clk/A (sky130_fd_sc_hd__clkbuf_16)
                  0.05    0.13    0.15 ^ clkbuf_0_clk/X (sky130_fd_sc_hd__clkbuf_16)
     4    0.03                           clknet_0_clk (net)
                  0.05    0.00    0.15 ^ clkbuf_2_0__f_clk/A (sky130_fd_sc_hd__clkbuf_16)
                  0.04    0.12    0.27 ^ clkbuf_2_0__f_clk/X (sky130_fd_sc_hd__clkbuf_16)
     9    0.02                           clknet_2_0__leaf_clk (net)
                  0.04    0.00    0.27 ^ _290_/CLK (sky130_fd_sc_hd__dfrtp_1)
                  0.05    0.30    0.58 ^ _290_/Q (sky130_fd_sc_hd__dfrtp_1)
     2    0.00                           shift_reg[2] (net)
                  0.05    0.00    0.58 ^ _241_/A0 (sky130_fd_sc_hd__mux2_1)
                  0.04    0.11    0.68 ^ _241_/X (sky130_fd_sc_hd__mux2_1)
     1    0.00                           _107_ (net)
                  0.04    0.00    0.68 ^ _242_/A (sky130_fd_sc_hd__clkbuf_1)
                  0.04    0.07    0.75 ^ _242_/X (sky130_fd_sc_hd__clkbuf_1)
     1    0.00                           _029_ (net)
                  0.04    0.00    0.75 ^ _290_/D (sky130_fd_sc_hd__dfrtp_1)
                                  0.75   data arrival time

                          0.00    0.00   clock clk (rise edge)
                          0.00    0.00   clock source latency
                  0.04    0.03    0.03 ^ clk (in)
     1    0.01                           clk (net)
                  0.04    0.00    0.03 ^ clkbuf_0_clk/A (sky130_fd_sc_hd__clkbuf_16)
                  0.05    0.14    0.17 ^ clkbuf_0_clk/X (sky130_fd_sc_hd__clkbuf_16)
     4    0.03                           clknet_0_clk (net)
                  0.05    0.00    0.17 ^ clkbuf_2_0__f_clk/A (sky130_fd_sc_hd__clkbuf_16)
                  0.04    0.13    0.30 ^ clkbuf_2_0__f_clk/X (sky130_fd_sc_hd__clkbuf_16)
     9    0.02                           clknet_2_0__leaf_clk (net)
                  0.04    0.00    0.30 ^ _290_/CLK (sky130_fd_sc_hd__dfrtp_1)
                          0.25    0.55   clock uncertainty
                         -0.03    0.52   clock reconvergence pessimism
                         -0.03    0.49   library hold time
                                  0.49   data required time
-----------------------------------------------------------------------------
                                  0.49   data required time
                                 -0.75   data arrival time
-----------------------------------------------------------------------------
                                  0.26   slack (MET)


Startpoint: _291_ (rising edge-triggered flip-flop clocked by clk)
Endpoint: _291_ (rising edge-triggered flip-flop clocked by clk)
Path Group: clk
Path Type: min

Fanout     Cap    Slew   Delay    Time   Description
-----------------------------------------------------------------------------
                          0.00    0.00   clock clk (rise edge)
                          0.00    0.00   clock source latency
                  0.04    0.03    0.03 ^ clk (in)
     1    0.01                           clk (net)
                  0.04    0.00    0.03 ^ clkbuf_0_clk/A (sky130_fd_sc_hd__clkbuf_16)
                  0.05    0.13    0.15 ^ clkbuf_0_clk/X (sky130_fd_sc_hd__clkbuf_16)
     4    0.03                           clknet_0_clk (net)
                  0.05    0.00    0.15 ^ clkbuf_2_0__f_clk/A (sky130_fd_sc_hd__clkbuf_16)
                  0.04    0.12    0.27 ^ clkbuf_2_0__f_clk/X (sky130_fd_sc_hd__clkbuf_16)
     9    0.02                           clknet_2_0__leaf_clk (net)
                  0.04    0.00    0.27 ^ _291_/CLK (sky130_fd_sc_hd__dfrtp_1)
                  0.05    0.30    0.58 ^ _291_/Q (sky130_fd_sc_hd__dfrtp_1)
     2    0.00                           shift_reg[3] (net)
                  0.05    0.00    0.58 ^ _244_/A0 (sky130_fd_sc_hd__mux2_1)
                  0.04    0.11    0.68 ^ _244_/X (sky130_fd_sc_hd__mux2_1)
     1    0.00                           _109_ (net)
                  0.04    0.00    0.68 ^ _245_/A (sky130_fd_sc_hd__clkbuf_1)
                  0.04    0.07    0.75 ^ _245_/X (sky130_fd_sc_hd__clkbuf_1)
     1    0.00                           _030_ (net)
                  0.04    0.00    0.75 ^ _291_/D (sky130_fd_sc_hd__dfrtp_1)
                                  0.75   data arrival time

                          0.00    0.00   clock clk (rise edge)
                          0.00    0.00   clock source latency
                  0.04    0.03    0.03 ^ clk (in)
     1    0.01                           clk (net)
                  0.04    0.00    0.03 ^ clkbuf_0_clk/A (sky130_fd_sc_hd__clkbuf_16)
                  0.05    0.14    0.17 ^ clkbuf_0_clk/X (sky130_fd_sc_hd__clkbuf_16)
     4    0.03                           clknet_0_clk (net)
                  0.05    0.00    0.17 ^ clkbuf_2_0__f_clk/A (sky130_fd_sc_hd__clkbuf_16)
                  0.04    0.13    0.30 ^ clkbuf_2_0__f_clk/X (sky130_fd_sc_hd__clkbuf_16)
     9    0.02                           clknet_2_0__leaf_clk (net)
                  0.04    0.00    0.30 ^ _291_/CLK (sky130_fd_sc_hd__dfrtp_1)
                          0.25    0.55   clock uncertainty
                         -0.03    0.52   clock reconvergence pessimism
                         -0.03    0.49   library hold time
                                  0.49   data required time
-----------------------------------------------------------------------------
                                  0.49   data required time
                                 -0.75   data arrival time
-----------------------------------------------------------------------------
                                  0.26   slack (MET)


Startpoint: _292_ (rising edge-triggered flip-flop clocked by clk)
Endpoint: _292_ (rising edge-triggered flip-flop clocked by clk)
Path Group: clk
Path Type: min

Fanout     Cap    Slew   Delay    Time   Description
-----------------------------------------------------------------------------
                          0.00    0.00   clock clk (rise edge)
                          0.00    0.00   clock source latency
                  0.04    0.03    0.03 ^ clk (in)
     1    0.01                           clk (net)
                  0.04    0.00    0.03 ^ clkbuf_0_clk/A (sky130_fd_sc_hd__clkbuf_16)
                  0.05    0.13    0.15 ^ clkbuf_0_clk/X (sky130_fd_sc_hd__clkbuf_16)
     4    0.03                           clknet_0_clk (net)
                  0.05    0.00    0.15 ^ clkbuf_2_0__f_clk/A (sky130_fd_sc_hd__clkbuf_16)
                  0.04    0.12    0.27 ^ clkbuf_2_0__f_clk/X (sky130_fd_sc_hd__clkbuf_16)
     9    0.02                           clknet_2_0__leaf_clk (net)
                  0.04    0.00    0.27 ^ _292_/CLK (sky130_fd_sc_hd__dfrtp_1)
                  0.05    0.30    0.58 ^ _292_/Q (sky130_fd_sc_hd__dfrtp_1)
     2    0.00                           shift_reg[4] (net)
                  0.05    0.00    0.58 ^ _247_/A0 (sky130_fd_sc_hd__mux2_1)
                  0.04    0.11    0.68 ^ _247_/X (sky130_fd_sc_hd__mux2_1)
     1    0.00                           _111_ (net)
                  0.04    0.00    0.68 ^ _248_/A (sky130_fd_sc_hd__clkbuf_1)
                  0.04    0.07    0.75 ^ _248_/X (sky130_fd_sc_hd__clkbuf_1)
     1    0.00                           _031_ (net)
                  0.04    0.00    0.75 ^ _292_/D (sky130_fd_sc_hd__dfrtp_1)
                                  0.75   data arrival time

                          0.00    0.00   clock clk (rise edge)
                          0.00    0.00   clock source latency
                  0.04    0.03    0.03 ^ clk (in)
     1    0.01                           clk (net)
                  0.04    0.00    0.03 ^ clkbuf_0_clk/A (sky130_fd_sc_hd__clkbuf_16)
                  0.05    0.14    0.17 ^ clkbuf_0_clk/X (sky130_fd_sc_hd__clkbuf_16)
     4    0.03                           clknet_0_clk (net)
                  0.05    0.00    0.17 ^ clkbuf_2_0__f_clk/A (sky130_fd_sc_hd__clkbuf_16)
                  0.04    0.13    0.30 ^ clkbuf_2_0__f_clk/X (sky130_fd_sc_hd__clkbuf_16)
     9    0.02                           clknet_2_0__leaf_clk (net)
                  0.04    0.00    0.30 ^ _292_/CLK (sky130_fd_sc_hd__dfrtp_1)
                          0.25    0.55   clock uncertainty
                         -0.03    0.52   clock reconvergence pessimism
                         -0.03    0.49   library hold time
                                  0.49   data required time
-----------------------------------------------------------------------------
                                  0.49   data required time
                                 -0.75   data arrival time
-----------------------------------------------------------------------------
                                  0.26   slack (MET)


Startpoint: _293_ (rising edge-triggered flip-flop clocked by clk)
Endpoint: _293_ (rising edge-triggered flip-flop clocked by clk)
Path Group: clk
Path Type: min

Fanout     Cap    Slew   Delay    Time   Description
-----------------------------------------------------------------------------
                          0.00    0.00   clock clk (rise edge)
                          0.00    0.00   clock source latency
                  0.04    0.03    0.03 ^ clk (in)
     1    0.01                           clk (net)
                  0.04    0.00    0.03 ^ clkbuf_0_clk/A (sky130_fd_sc_hd__clkbuf_16)
                  0.05    0.13    0.15 ^ clkbuf_0_clk/X (sky130_fd_sc_hd__clkbuf_16)
     4    0.03                           clknet_0_clk (net)
                  0.05    0.00    0.15 ^ clkbuf_2_0__f_clk/A (sky130_fd_sc_hd__clkbuf_16)
                  0.04    0.12    0.27 ^ clkbuf_2_0__f_clk/X (sky130_fd_sc_hd__clkbuf_16)
     9    0.02                           clknet_2_0__leaf_clk (net)
                  0.04    0.00    0.27 ^ _293_/CLK (sky130_fd_sc_hd__dfrtp_1)
                  0.05    0.30    0.58 ^ _293_/Q (sky130_fd_sc_hd__dfrtp_1)
     2    0.00                           shift_reg[5] (net)
                  0.05    0.00    0.58 ^ _250_/A0 (sky130_fd_sc_hd__mux2_1)
                  0.04    0.11    0.68 ^ _250_/X (sky130_fd_sc_hd__mux2_1)
     1    0.00                           _113_ (net)
                  0.04    0.00    0.68 ^ _251_/A (sky130_fd_sc_hd__clkbuf_1)
                  0.04    0.07    0.75 ^ _251_/X (sky130_fd_sc_hd__clkbuf_1)
     1    0.00                           _032_ (net)
                  0.04    0.00    0.75 ^ _293_/D (sky130_fd_sc_hd__dfrtp_1)
                                  0.75   data arrival time

                          0.00    0.00   clock clk (rise edge)
                          0.00    0.00   clock source latency
                  0.04    0.03    0.03 ^ clk (in)
     1    0.01                           clk (net)
                  0.04    0.00    0.03 ^ clkbuf_0_clk/A (sky130_fd_sc_hd__clkbuf_16)
                  0.05    0.14    0.17 ^ clkbuf_0_clk/X (sky130_fd_sc_hd__clkbuf_16)
     4    0.03                           clknet_0_clk (net)
                  0.05    0.00    0.17 ^ clkbuf_2_0__f_clk/A (sky130_fd_sc_hd__clkbuf_16)
                  0.04    0.13    0.30 ^ clkbuf_2_0__f_clk/X (sky130_fd_sc_hd__clkbuf_16)
     9    0.02                           clknet_2_0__leaf_clk (net)
                  0.04    0.00    0.30 ^ _293_/CLK (sky130_fd_sc_hd__dfrtp_1)
                          0.25    0.55   clock uncertainty
                         -0.03    0.52   clock reconvergence pessimism
                         -0.03    0.49   library hold time
                                  0.49   data required time
-----------------------------------------------------------------------------
                                  0.49   data required time
                                 -0.75   data arrival time
-----------------------------------------------------------------------------
                                  0.26   slack (MET)


Startpoint: _294_ (rising edge-triggered flip-flop clocked by clk)
Endpoint: _294_ (rising edge-triggered flip-flop clocked by clk)
Path Group: clk
Path Type: min

Fanout     Cap    Slew   Delay    Time   Description
-----------------------------------------------------------------------------
                          0.00    0.00   clock clk (rise edge)
                          0.00    0.00   clock source latency
                  0.04    0.03    0.03 ^ clk (in)
     1    0.01                           clk (net)
                  0.04    0.00    0.03 ^ clkbuf_0_clk/A (sky130_fd_sc_hd__clkbuf_16)
                  0.05    0.13    0.15 ^ clkbuf_0_clk/X (sky130_fd_sc_hd__clkbuf_16)
     4    0.03                           clknet_0_clk (net)
                  0.05    0.00    0.15 ^ clkbuf_2_0__f_clk/A (sky130_fd_sc_hd__clkbuf_16)
                  0.04    0.12    0.27 ^ clkbuf_2_0__f_clk/X (sky130_fd_sc_hd__clkbuf_16)
     9    0.02                           clknet_2_0__leaf_clk (net)
                  0.04    0.00    0.27 ^ _294_/CLK (sky130_fd_sc_hd__dfrtp_1)
                  0.05    0.30    0.58 ^ _294_/Q (sky130_fd_sc_hd__dfrtp_1)
     2    0.00                           shift_reg[6] (net)
                  0.05    0.00    0.58 ^ _253_/A0 (sky130_fd_sc_hd__mux2_1)
                  0.04    0.11    0.68 ^ _253_/X (sky130_fd_sc_hd__mux2_1)
     1    0.00                           _115_ (net)
                  0.04    0.00    0.68 ^ _254_/A (sky130_fd_sc_hd__clkbuf_1)
                  0.04    0.07    0.75 ^ _254_/X (sky130_fd_sc_hd__clkbuf_1)
     1    0.00                           _033_ (net)
                  0.04    0.00    0.75 ^ _294_/D (sky130_fd_sc_hd__dfrtp_1)
                                  0.75   data arrival time

                          0.00    0.00   clock clk (rise edge)
                          0.00    0.00   clock source latency
                  0.04    0.03    0.03 ^ clk (in)
     1    0.01                           clk (net)
                  0.04    0.00    0.03 ^ clkbuf_0_clk/A (sky130_fd_sc_hd__clkbuf_16)
                  0.05    0.14    0.17 ^ clkbuf_0_clk/X (sky130_fd_sc_hd__clkbuf_16)
     4    0.03                           clknet_0_clk (net)
                  0.05    0.00    0.17 ^ clkbuf_2_0__f_clk/A (sky130_fd_sc_hd__clkbuf_16)
                  0.04    0.13    0.30 ^ clkbuf_2_0__f_clk/X (sky130_fd_sc_hd__clkbuf_16)
     9    0.02                           clknet_2_0__leaf_clk (net)
                  0.04    0.00    0.30 ^ _294_/CLK (sky130_fd_sc_hd__dfrtp_1)
                          0.25    0.55   clock uncertainty
                         -0.03    0.52   clock reconvergence pessimism
                         -0.03    0.49   library hold time
                                  0.49   data required time
-----------------------------------------------------------------------------
                                  0.49   data required time
                                 -0.75   data arrival time
-----------------------------------------------------------------------------
                                  0.26   slack (MET)


Startpoint: _269_ (rising edge-triggered flip-flop clocked by clk)
Endpoint: _269_ (rising edge-triggered flip-flop clocked by clk)
Path Group: clk
Path Type: min

Fanout     Cap    Slew   Delay    Time   Description
-----------------------------------------------------------------------------
                          0.00    0.00   clock clk (rise edge)
                          0.00    0.00   clock source latency
                  0.04    0.03    0.03 ^ clk (in)
     1    0.01                           clk (net)
                  0.04    0.00    0.03 ^ clkbuf_0_clk/A (sky130_fd_sc_hd__clkbuf_16)
                  0.05    0.13    0.15 ^ clkbuf_0_clk/X (sky130_fd_sc_hd__clkbuf_16)
     4    0.03                           clknet_0_clk (net)
                  0.05    0.00    0.15 ^ clkbuf_2_1__f_clk/A (sky130_fd_sc_hd__clkbuf_16)
                  0.04    0.12    0.28 ^ clkbuf_2_1__f_clk/X (sky130_fd_sc_hd__clkbuf_16)
    11    0.02                           clknet_2_1__leaf_clk (net)
                  0.04    0.00    0.28 ^ _269_/CLK (sky130_fd_sc_hd__dfrtp_2)
                  0.08    0.36    0.63 ^ _269_/Q (sky130_fd_sc_hd__dfrtp_2)
     5    0.01                           baud_counter[7] (net)
                  0.08    0.00    0.63 ^ _165_/A2 (sky130_fd_sc_hd__a22o_1)
                  0.04    0.13    0.76 ^ _165_/X (sky130_fd_sc_hd__a22o_1)
     1    0.00                           _008_ (net)
                  0.04    0.00    0.76 ^ _269_/D (sky130_fd_sc_hd__dfrtp_2)
                                  0.76   data arrival time

                          0.00    0.00   clock clk (rise edge)
                          0.00    0.00   clock source latency
                  0.04    0.03    0.03 ^ clk (in)
     1    0.01                           clk (net)
                  0.04    0.00    0.03 ^ clkbuf_0_clk/A (sky130_fd_sc_hd__clkbuf_16)
                  0.05    0.14    0.17 ^ clkbuf_0_clk/X (sky130_fd_sc_hd__clkbuf_16)
     4    0.03                           clknet_0_clk (net)
                  0.05    0.00    0.17 ^ clkbuf_2_1__f_clk/A (sky130_fd_sc_hd__clkbuf_16)
                  0.04    0.14    0.31 ^ clkbuf_2_1__f_clk/X (sky130_fd_sc_hd__clkbuf_16)
    11    0.02                           clknet_2_1__leaf_clk (net)
                  0.04    0.00    0.31 ^ _269_/CLK (sky130_fd_sc_hd__dfrtp_2)
                          0.25    0.56   clock uncertainty
                         -0.03    0.53   clock reconvergence pessimism
                         -0.03    0.49   library hold time
                                  0.49   data required time
-----------------------------------------------------------------------------
                                  0.49   data required time
                                 -0.76   data arrival time
-----------------------------------------------------------------------------
                                  0.26   slack (MET)


Startpoint: _298_ (rising edge-triggered flip-flop clocked by clk)
Endpoint: _297_ (rising edge-triggered flip-flop clocked by clk)
Path Group: clk
Path Type: min

Fanout     Cap    Slew   Delay    Time   Description
-----------------------------------------------------------------------------
                          0.00    0.00   clock clk (rise edge)
                          0.00    0.00   clock source latency
                  0.04    0.03    0.03 ^ clk (in)
     1    0.01                           clk (net)
                  0.04    0.00    0.03 ^ clkbuf_0_clk/A (sky130_fd_sc_hd__clkbuf_16)
                  0.05    0.13    0.15 ^ clkbuf_0_clk/X (sky130_fd_sc_hd__clkbuf_16)
     4    0.03                           clknet_0_clk (net)
                  0.05    0.00    0.15 ^ clkbuf_2_1__f_clk/A (sky130_fd_sc_hd__clkbuf_16)
                  0.04    0.12    0.28 ^ clkbuf_2_1__f_clk/X (sky130_fd_sc_hd__clkbuf_16)
    11    0.02                           clknet_2_1__leaf_clk (net)
                  0.04    0.00    0.28 ^ _298_/CLK (sky130_fd_sc_hd__dfrtp_1)
                  0.11    0.35    0.63 ^ _298_/Q (sky130_fd_sc_hd__dfrtp_1)
     4    0.01                           baud_tick (net)
                  0.11    0.00    0.63 ^ _261_/A1 (sky130_fd_sc_hd__a32o_1)
                  0.04    0.15    0.78 ^ _261_/X (sky130_fd_sc_hd__a32o_1)
     1    0.00                           _036_ (net)
                  0.04    0.00    0.78 ^ _297_/D (sky130_fd_sc_hd__dfrtp_4)
                                  0.78   data arrival time

                          0.00    0.00   clock clk (rise edge)
                          0.00    0.00   clock source latency
                  0.04    0.03    0.03 ^ clk (in)
     1    0.01                           clk (net)
                  0.04    0.00    0.03 ^ clkbuf_0_clk/A (sky130_fd_sc_hd__clkbuf_16)
                  0.05    0.14    0.17 ^ clkbuf_0_clk/X (sky130_fd_sc_hd__clkbuf_16)
     4    0.03                           clknet_0_clk (net)
                  0.05    0.00    0.17 ^ clkbuf_2_1__f_clk/A (sky130_fd_sc_hd__clkbuf_16)
                  0.04    0.14    0.31 ^ clkbuf_2_1__f_clk/X (sky130_fd_sc_hd__clkbuf_16)
    11    0.02                           clknet_2_1__leaf_clk (net)
                  0.04    0.00    0.31 ^ _297_/CLK (sky130_fd_sc_hd__dfrtp_4)
                          0.25    0.56   clock uncertainty
                         -0.03    0.53   clock reconvergence pessimism
                         -0.03    0.49   library hold time
                                  0.49   data required time
-----------------------------------------------------------------------------
                                  0.49   data required time
                                 -0.78   data arrival time
-----------------------------------------------------------------------------
                                  0.28   slack (MET)


Startpoint: _288_ (rising edge-triggered flip-flop clocked by clk)
Endpoint: _288_ (rising edge-triggered flip-flop clocked by clk)
Path Group: clk
Path Type: min

Fanout     Cap    Slew   Delay    Time   Description
-----------------------------------------------------------------------------
                          0.00    0.00   clock clk (rise edge)
                          0.00    0.00   clock source latency
                  0.04    0.03    0.03 ^ clk (in)
     1    0.01                           clk (net)
                  0.04    0.00    0.03 ^ clkbuf_0_clk/A (sky130_fd_sc_hd__clkbuf_16)
                  0.05    0.13    0.15 ^ clkbuf_0_clk/X (sky130_fd_sc_hd__clkbuf_16)
     4    0.03                           clknet_0_clk (net)
                  0.05    0.00    0.15 ^ clkbuf_2_0__f_clk/A (sky130_fd_sc_hd__clkbuf_16)
                  0.04    0.12    0.27 ^ clkbuf_2_0__f_clk/X (sky130_fd_sc_hd__clkbuf_16)
     9    0.02                           clknet_2_0__leaf_clk (net)
                  0.04    0.00    0.27 ^ _288_/CLK (sky130_fd_sc_hd__dfrtp_1)
                  0.07    0.32    0.59 ^ _288_/Q (sky130_fd_sc_hd__dfrtp_1)
     2    0.01                           shift_reg[0] (net)
                  0.07    0.00    0.59 ^ _235_/A0 (sky130_fd_sc_hd__mux2_1)
                  0.04    0.11    0.71 ^ _235_/X (sky130_fd_sc_hd__mux2_1)
     1    0.00                           _103_ (net)
                  0.04    0.00    0.71 ^ _236_/A (sky130_fd_sc_hd__clkbuf_1)
                  0.04    0.07    0.77 ^ _236_/X (sky130_fd_sc_hd__clkbuf_1)
     1    0.00                           _027_ (net)
                  0.04    0.00    0.77 ^ _288_/D (sky130_fd_sc_hd__dfrtp_1)
                                  0.77   data arrival time

                          0.00    0.00   clock clk (rise edge)
                          0.00    0.00   clock source latency
                  0.04    0.03    0.03 ^ clk (in)
     1    0.01                           clk (net)
                  0.04    0.00    0.03 ^ clkbuf_0_clk/A (sky130_fd_sc_hd__clkbuf_16)
                  0.05    0.14    0.17 ^ clkbuf_0_clk/X (sky130_fd_sc_hd__clkbuf_16)
     4    0.03                           clknet_0_clk (net)
                  0.05    0.00    0.17 ^ clkbuf_2_0__f_clk/A (sky130_fd_sc_hd__clkbuf_16)
                  0.04    0.13    0.30 ^ clkbuf_2_0__f_clk/X (sky130_fd_sc_hd__clkbuf_16)
     9    0.02                           clknet_2_0__leaf_clk (net)
                  0.04    0.00    0.30 ^ _288_/CLK (sky130_fd_sc_hd__dfrtp_1)
                          0.25    0.55   clock uncertainty
                         -0.03    0.52   clock reconvergence pessimism
                         -0.03    0.49   library hold time
                                  0.49   data required time
-----------------------------------------------------------------------------
                                  0.49   data required time
                                 -0.77   data arrival time
-----------------------------------------------------------------------------
                                  0.28   slack (MET)


Startpoint: _296_ (rising edge-triggered flip-flop clocked by clk)
Endpoint: _296_ (rising edge-triggered flip-flop clocked by clk)
Path Group: clk
Path Type: min

Fanout     Cap    Slew   Delay    Time   Description
-----------------------------------------------------------------------------
                          0.00    0.00   clock clk (rise edge)
                          0.00    0.00   clock source latency
                  0.04    0.03    0.03 ^ clk (in)
     1    0.01                           clk (net)
                  0.04    0.00    0.03 ^ clkbuf_0_clk/A (sky130_fd_sc_hd__clkbuf_16)
                  0.05    0.13    0.15 ^ clkbuf_0_clk/X (sky130_fd_sc_hd__clkbuf_16)
     4    0.03                           clknet_0_clk (net)
                  0.05    0.00    0.15 ^ clkbuf_2_1__f_clk/A (sky130_fd_sc_hd__clkbuf_16)
                  0.04    0.12    0.28 ^ clkbuf_2_1__f_clk/X (sky130_fd_sc_hd__clkbuf_16)
    11    0.02                           clknet_2_1__leaf_clk (net)
                  0.04    0.00    0.28 ^ _296_/CLK (sky130_fd_sc_hd__dfrtp_4)
                  0.08    0.40    0.68 ^ _296_/Q (sky130_fd_sc_hd__dfrtp_4)
     8    0.02                           state[0] (net)
                  0.08    0.00    0.68 ^ _260_/A1 (sky130_fd_sc_hd__a21o_1)
                  0.03    0.10    0.78 ^ _260_/X (sky130_fd_sc_hd__a21o_1)
     1    0.00                           _035_ (net)
                  0.03    0.00    0.78 ^ _296_/D (sky130_fd_sc_hd__dfrtp_4)
                                  0.78   data arrival time

                          0.00    0.00   clock clk (rise edge)
                          0.00    0.00   clock source latency
                  0.04    0.03    0.03 ^ clk (in)
     1    0.01                           clk (net)
                  0.04    0.00    0.03 ^ clkbuf_0_clk/A (sky130_fd_sc_hd__clkbuf_16)
                  0.05    0.14    0.17 ^ clkbuf_0_clk/X (sky130_fd_sc_hd__clkbuf_16)
     4    0.03                           clknet_0_clk (net)
                  0.05    0.00    0.17 ^ clkbuf_2_1__f_clk/A (sky130_fd_sc_hd__clkbuf_16)
                  0.04    0.14    0.31 ^ clkbuf_2_1__f_clk/X (sky130_fd_sc_hd__clkbuf_16)
    11    0.02                           clknet_2_1__leaf_clk (net)
                  0.04    0.00    0.31 ^ _296_/CLK (sky130_fd_sc_hd__dfrtp_4)
                          0.25    0.56   clock uncertainty
                         -0.03    0.53   clock reconvergence pessimism
                         -0.03    0.50   library hold time
                                  0.50   data required time
-----------------------------------------------------------------------------
                                  0.50   data required time
                                 -0.78   data arrival time
-----------------------------------------------------------------------------
                                  0.29   slack (MET)


Startpoint: _262_ (rising edge-triggered flip-flop clocked by clk)
Endpoint: _262_ (rising edge-triggered flip-flop clocked by clk)
Path Group: clk
Path Type: min

Fanout     Cap    Slew   Delay    Time   Description
-----------------------------------------------------------------------------
                          0.00    0.00   clock clk (rise edge)
                          0.00    0.00   clock source latency
                  0.04    0.03    0.03 ^ clk (in)
     1    0.01                           clk (net)
                  0.04    0.00    0.03 ^ clkbuf_0_clk/A (sky130_fd_sc_hd__clkbuf_16)
                  0.05    0.13    0.15 ^ clkbuf_0_clk/X (sky130_fd_sc_hd__clkbuf_16)
     4    0.03                           clknet_0_clk (net)
                  0.05    0.00    0.15 ^ clkbuf_2_3__f_clk/A (sky130_fd_sc_hd__clkbuf_16)
                  0.04    0.12    0.27 ^ clkbuf_2_3__f_clk/X (sky130_fd_sc_hd__clkbuf_16)
     9    0.02                           clknet_2_3__leaf_clk (net)
                  0.04    0.00    0.27 ^ _262_/CLK (sky130_fd_sc_hd__dfrtp_1)
                  0.07    0.32    0.59 ^ _262_/Q (sky130_fd_sc_hd__dfrtp_1)
     4    0.01                           baud_counter[0] (net)
                  0.07    0.00    0.59 ^ _143_/B (sky130_fd_sc_hd__and2b_1)
                  0.07    0.14    0.73 ^ _143_/X (sky130_fd_sc_hd__and2b_1)
     3    0.01                           _037_ (net)
                  0.07    0.00    0.73 ^ _145_/A (sky130_fd_sc_hd__nor2_1)
                  0.02    0.04    0.77 v _145_/Y (sky130_fd_sc_hd__nor2_1)
     1    0.00                           _001_ (net)
                  0.02    0.00    0.77 v _262_/D (sky130_fd_sc_hd__dfrtp_1)
                                  0.77   data arrival time

                          0.00    0.00   clock clk (rise edge)
                          0.00    0.00   clock source latency
                  0.04    0.03    0.03 ^ clk (in)
     1    0.01                           clk (net)
                  0.04    0.00    0.03 ^ clkbuf_0_clk/A (sky130_fd_sc_hd__clkbuf_16)
                  0.05    0.14    0.17 ^ clkbuf_0_clk/X (sky130_fd_sc_hd__clkbuf_16)
     4    0.03                           clknet_0_clk (net)
                  0.05    0.00    0.17 ^ clkbuf_2_3__f_clk/A (sky130_fd_sc_hd__clkbuf_16)
                  0.04    0.13    0.30 ^ clkbuf_2_3__f_clk/X (sky130_fd_sc_hd__clkbuf_16)
     9    0.02                           clknet_2_3__leaf_clk (net)
                  0.04    0.00    0.30 ^ _262_/CLK (sky130_fd_sc_hd__dfrtp_1)
                          0.25    0.55   clock uncertainty
                         -0.03    0.52   clock reconvergence pessimism
                         -0.04    0.49   library hold time
                                  0.49   data required time
-----------------------------------------------------------------------------
                                  0.49   data required time
                                 -0.77   data arrival time
-----------------------------------------------------------------------------
                                  0.29   slack (MET)


Startpoint: _265_ (rising edge-triggered flip-flop clocked by clk)
Endpoint: _265_ (rising edge-triggered flip-flop clocked by clk)
Path Group: clk
Path Type: min

Fanout     Cap    Slew   Delay    Time   Description
-----------------------------------------------------------------------------
                          0.00    0.00   clock clk (rise edge)
                          0.00    0.00   clock source latency
                  0.04    0.03    0.03 ^ clk (in)
     1    0.01                           clk (net)
                  0.04    0.00    0.03 ^ clkbuf_0_clk/A (sky130_fd_sc_hd__clkbuf_16)
                  0.05    0.13    0.15 ^ clkbuf_0_clk/X (sky130_fd_sc_hd__clkbuf_16)
     4    0.03                           clknet_0_clk (net)
                  0.05    0.00    0.15 ^ clkbuf_2_3__f_clk/A (sky130_fd_sc_hd__clkbuf_16)
                  0.04    0.12    0.27 ^ clkbuf_2_3__f_clk/X (sky130_fd_sc_hd__clkbuf_16)
     9    0.02                           clknet_2_3__leaf_clk (net)
                  0.04    0.00    0.27 ^ _265_/CLK (sky130_fd_sc_hd__dfrtp_1)
                  0.09    0.33    0.60 ^ _265_/Q (sky130_fd_sc_hd__dfrtp_1)
     3    0.01                           baud_counter[3] (net)
                  0.09    0.00    0.60 ^ _151_/A (sky130_fd_sc_hd__xor2_1)
                  0.04    0.08    0.68 v _151_/X (sky130_fd_sc_hd__xor2_1)
     1    0.00                           _042_ (net)
                  0.04    0.00    0.68 v _152_/B (sky130_fd_sc_hd__xnor2_1)
                  0.04    0.11    0.79 ^ _152_/Y (sky130_fd_sc_hd__xnor2_1)
     1    0.00                           _004_ (net)
                  0.04    0.00    0.79 ^ _265_/D (sky130_fd_sc_hd__dfrtp_1)
                                  0.79   data arrival time

                          0.00    0.00   clock clk (rise edge)
                          0.00    0.00   clock source latency
                  0.04    0.03    0.03 ^ clk (in)
     1    0.01                           clk (net)
                  0.04    0.00    0.03 ^ clkbuf_0_clk/A (sky130_fd_sc_hd__clkbuf_16)
                  0.05    0.14    0.17 ^ clkbuf_0_clk/X (sky130_fd_sc_hd__clkbuf_16)
     4    0.03                           clknet_0_clk (net)
                  0.05    0.00    0.17 ^ clkbuf_2_3__f_clk/A (sky130_fd_sc_hd__clkbuf_16)
                  0.04    0.13    0.30 ^ clkbuf_2_3__f_clk/X (sky130_fd_sc_hd__clkbuf_16)
     9    0.02                           clknet_2_3__leaf_clk (net)
                  0.04    0.00    0.30 ^ _265_/CLK (sky130_fd_sc_hd__dfrtp_1)
                          0.25    0.55   clock uncertainty
                         -0.03    0.52   clock reconvergence pessimism
                         -0.03    0.49   library hold time
                                  0.49   data required time
-----------------------------------------------------------------------------
                                  0.49   data required time
                                 -0.79   data arrival time
-----------------------------------------------------------------------------
                                  0.30   slack (MET)


Startpoint: _263_ (rising edge-triggered flip-flop clocked by clk)
Endpoint: _264_ (rising edge-triggered flip-flop clocked by clk)
Path Group: clk
Path Type: min

Fanout     Cap    Slew   Delay    Time   Description
-----------------------------------------------------------------------------
                          0.00    0.00   clock clk (rise edge)
                          0.00    0.00   clock source latency
                  0.04    0.03    0.03 ^ clk (in)
     1    0.01                           clk (net)
                  0.04    0.00    0.03 ^ clkbuf_0_clk/A (sky130_fd_sc_hd__clkbuf_16)
                  0.05    0.13    0.15 ^ clkbuf_0_clk/X (sky130_fd_sc_hd__clkbuf_16)
     4    0.03                           clknet_0_clk (net)
                  0.05    0.00    0.15 ^ clkbuf_2_3__f_clk/A (sky130_fd_sc_hd__clkbuf_16)
                  0.04    0.12    0.27 ^ clkbuf_2_3__f_clk/X (sky130_fd_sc_hd__clkbuf_16)
     9    0.02                           clknet_2_3__leaf_clk (net)
                  0.04    0.00    0.27 ^ _263_/CLK (sky130_fd_sc_hd__dfrtp_1)
                  0.06    0.35    0.63 v _263_/Q (sky130_fd_sc_hd__dfrtp_1)
     4    0.01                           baud_counter[1] (net)
                  0.06    0.00    0.63 v _146_/A (sky130_fd_sc_hd__nand2_1)
                  0.10    0.10    0.72 ^ _146_/Y (sky130_fd_sc_hd__nand2_1)
     3    0.01                           _039_ (net)
                  0.10    0.00    0.72 ^ _149_/B (sky130_fd_sc_hd__xnor2_1)
                  0.03    0.06    0.78 v _149_/Y (sky130_fd_sc_hd__xnor2_1)
     1    0.00                           _003_ (net)
                  0.03    0.00    0.78 v _264_/D (sky130_fd_sc_hd__dfrtp_1)
                                  0.78   data arrival time

                          0.00    0.00   clock clk (rise edge)
                          0.00    0.00   clock source latency
                  0.04    0.03    0.03 ^ clk (in)
     1    0.01                           clk (net)
                  0.04    0.00    0.03 ^ clkbuf_0_clk/A (sky130_fd_sc_hd__clkbuf_16)
                  0.05    0.14    0.17 ^ clkbuf_0_clk/X (sky130_fd_sc_hd__clkbuf_16)
     4    0.03                           clknet_0_clk (net)
                  0.05    0.00    0.17 ^ clkbuf_2_3__f_clk/A (sky130_fd_sc_hd__clkbuf_16)
                  0.04    0.13    0.30 ^ clkbuf_2_3__f_clk/X (sky130_fd_sc_hd__clkbuf_16)
     9    0.02                           clknet_2_3__leaf_clk (net)
                  0.04    0.00    0.30 ^ _264_/CLK (sky130_fd_sc_hd__dfrtp_1)
                          0.25    0.55   clock uncertainty
                         -0.03    0.52   clock reconvergence pessimism
                         -0.04    0.48   library hold time
                                  0.48   data required time
-----------------------------------------------------------------------------
                                  0.48   data required time
                                 -0.78   data arrival time
-----------------------------------------------------------------------------
                                  0.30   slack (MET)


Startpoint: _272_ (rising edge-triggered flip-flop clocked by clk)
Endpoint: _272_ (rising edge-triggered flip-flop clocked by clk)
Path Group: clk
Path Type: min

Fanout     Cap    Slew   Delay    Time   Description
-----------------------------------------------------------------------------
                          0.00    0.00   clock clk (rise edge)
                          0.00    0.00   clock source latency
                  0.04    0.03    0.03 ^ clk (in)
     1    0.01                           clk (net)
                  0.04    0.00    0.03 ^ clkbuf_0_clk/A (sky130_fd_sc_hd__clkbuf_16)
                  0.05    0.13    0.15 ^ clkbuf_0_clk/X (sky130_fd_sc_hd__clkbuf_16)
     4    0.03                           clknet_0_clk (net)
                  0.05    0.00    0.15 ^ clkbuf_2_2__f_clk/A (sky130_fd_sc_hd__clkbuf_16)
                  0.04    0.12    0.27 ^ clkbuf_2_2__f_clk/X (sky130_fd_sc_hd__clkbuf_16)
     8    0.01                           clknet_2_2__leaf_clk (net)
                  0.04    0.00    0.27 ^ _272_/CLK (sky130_fd_sc_hd__dfrtp_1)
                  0.07    0.32    0.59 ^ _272_/Q (sky130_fd_sc_hd__dfrtp_1)
     4    0.01                           sleep_pending (net)
                  0.07    0.00    0.59 ^ _176_/A (sky130_fd_sc_hd__and2_1)
                  0.05    0.11    0.70 ^ _176_/X (sky130_fd_sc_hd__and2_1)
     1    0.00                           _060_ (net)
                  0.05    0.00    0.70 ^ _177_/A2 (sky130_fd_sc_hd__o21a_1)
                  0.03    0.09    0.79 ^ _177_/X (sky130_fd_sc_hd__o21a_1)
     1    0.00                           _011_ (net)
                  0.03    0.00    0.79 ^ _272_/D (sky130_fd_sc_hd__dfrtp_1)
                                  0.79   data arrival time

                          0.00    0.00   clock clk (rise edge)
                          0.00    0.00   clock source latency
                  0.04    0.03    0.03 ^ clk (in)
     1    0.01                           clk (net)
                  0.04    0.00    0.03 ^ clkbuf_0_clk/A (sky130_fd_sc_hd__clkbuf_16)
                  0.05    0.14    0.17 ^ clkbuf_0_clk/X (sky130_fd_sc_hd__clkbuf_16)
     4    0.03                           clknet_0_clk (net)
                  0.05    0.00    0.17 ^ clkbuf_2_2__f_clk/A (sky130_fd_sc_hd__clkbuf_16)
                  0.04    0.13    0.30 ^ clkbuf_2_2__f_clk/X (sky130_fd_sc_hd__clkbuf_16)
     8    0.01                           clknet_2_2__leaf_clk (net)
                  0.04    0.00    0.30 ^ _272_/CLK (sky130_fd_sc_hd__dfrtp_1)
                          0.25    0.55   clock uncertainty
                         -0.03    0.52   clock reconvergence pessimism
                         -0.03    0.49   library hold time
                                  0.49   data required time
-----------------------------------------------------------------------------
                                  0.49   data required time
                                 -0.79   data arrival time
-----------------------------------------------------------------------------
                                  0.30   slack (MET)


Startpoint: _283_ (rising edge-triggered flip-flop clocked by clk)
Endpoint: _283_ (rising edge-triggered flip-flop clocked by clk)
Path Group: clk
Path Type: min

Fanout     Cap    Slew   Delay    Time   Description
-----------------------------------------------------------------------------
                          0.00    0.00   clock clk (rise edge)
                          0.00    0.00   clock source latency
                  0.04    0.03    0.03 ^ clk (in)
     1    0.01                           clk (net)
                  0.04    0.00    0.03 ^ clkbuf_0_clk/A (sky130_fd_sc_hd__clkbuf_16)
                  0.05    0.13    0.15 ^ clkbuf_0_clk/X (sky130_fd_sc_hd__clkbuf_16)
     4    0.03                           clknet_0_clk (net)
                  0.05    0.00    0.15 ^ clkbuf_2_2__f_clk/A (sky130_fd_sc_hd__clkbuf_16)
                  0.04    0.12    0.27 ^ clkbuf_2_2__f_clk/X (sky130_fd_sc_hd__clkbuf_16)
     8    0.01                           clknet_2_2__leaf_clk (net)
                  0.04    0.00    0.27 ^ _283_/CLK (sky130_fd_sc_hd__dfrtp_1)
                  0.09    0.34    0.61 ^ _283_/Q (sky130_fd_sc_hd__dfrtp_1)
     3    0.01                           idle_counter[9] (net)
                  0.09    0.00    0.61 ^ _213_/A (sky130_fd_sc_hd__and2_1)
                  0.04    0.12    0.72 ^ _213_/X (sky130_fd_sc_hd__and2_1)
     1    0.00                           _086_ (net)
                  0.04    0.00    0.72 ^ _214_/A (sky130_fd_sc_hd__clkbuf_1)
                  0.04    0.07    0.79 ^ _214_/X (sky130_fd_sc_hd__clkbuf_1)
     1    0.00                           _022_ (net)
                  0.04    0.00    0.79 ^ _283_/D (sky130_fd_sc_hd__dfrtp_1)
                                  0.79   data arrival time

                          0.00    0.00   clock clk (rise edge)
                          0.00    0.00   clock source latency
                  0.04    0.03    0.03 ^ clk (in)
     1    0.01                           clk (net)
                  0.04    0.00    0.03 ^ clkbuf_0_clk/A (sky130_fd_sc_hd__clkbuf_16)
                  0.05    0.14    0.17 ^ clkbuf_0_clk/X (sky130_fd_sc_hd__clkbuf_16)
     4    0.03                           clknet_0_clk (net)
                  0.05    0.00    0.17 ^ clkbuf_2_2__f_clk/A (sky130_fd_sc_hd__clkbuf_16)
                  0.04    0.13    0.30 ^ clkbuf_2_2__f_clk/X (sky130_fd_sc_hd__clkbuf_16)
     8    0.01                           clknet_2_2__leaf_clk (net)
                  0.04    0.00    0.30 ^ _283_/CLK (sky130_fd_sc_hd__dfrtp_1)
                          0.25    0.55   clock uncertainty
                         -0.03    0.52   clock reconvergence pessimism
                         -0.03    0.49   library hold time
                                  0.49   data required time
-----------------------------------------------------------------------------
                                  0.49   data required time
                                 -0.79   data arrival time
-----------------------------------------------------------------------------
                                  0.30   slack (MET)


Startpoint: _271_ (rising edge-triggered flip-flop clocked by clk)
Endpoint: _298_ (rising edge-triggered flip-flop clocked by clk)
Path Group: clk
Path Type: min

Fanout     Cap    Slew   Delay    Time   Description
-----------------------------------------------------------------------------
                          0.00    0.00   clock clk (rise edge)
                          0.00    0.00   clock source latency
                  0.04    0.03    0.03 ^ clk (in)
     1    0.01                           clk (net)
                  0.04    0.00    0.03 ^ clkbuf_0_clk/A (sky130_fd_sc_hd__clkbuf_16)
                  0.05    0.13    0.15 ^ clkbuf_0_clk/X (sky130_fd_sc_hd__clkbuf_16)
     4    0.03                           clknet_0_clk (net)
                  0.05    0.00    0.15 ^ clkbuf_2_3__f_clk/A (sky130_fd_sc_hd__clkbuf_16)
                  0.04    0.12    0.27 ^ clkbuf_2_3__f_clk/X (sky130_fd_sc_hd__clkbuf_16)
     9    0.02                           clknet_2_3__leaf_clk (net)
                  0.04    0.00    0.27 ^ _271_/CLK (sky130_fd_sc_hd__dfrtp_1)
                  0.05    0.30    0.58 ^ _271_/Q (sky130_fd_sc_hd__dfrtp_1)
     2    0.00                           baud_counter[9] (net)
                  0.05    0.00    0.58 ^ _135_/B (sky130_fd_sc_hd__or3b_1)
                  0.03    0.09    0.66 ^ _135_/X (sky130_fd_sc_hd__or3b_1)
     1    0.00                           _124_ (net)
                  0.03    0.00    0.66 ^ _138_/B (sky130_fd_sc_hd__or4_1)
                  0.07    0.11    0.77 ^ _138_/X (sky130_fd_sc_hd__or4_1)
     3    0.01                           _127_ (net)
                  0.07    0.00    0.77 ^ _139_/B (sky130_fd_sc_hd__nor2_1)
                  0.02    0.04    0.81 v _139_/Y (sky130_fd_sc_hd__nor2_1)
     1    0.00                           _000_ (net)
                  0.02    0.00    0.81 v _298_/D (sky130_fd_sc_hd__dfrtp_1)
                                  0.81   data arrival time

                          0.00    0.00   clock clk (rise edge)
                          0.00    0.00   clock source latency
                  0.04    0.03    0.03 ^ clk (in)
     1    0.01                           clk (net)
                  0.04    0.00    0.03 ^ clkbuf_0_clk/A (sky130_fd_sc_hd__clkbuf_16)
                  0.05    0.14    0.17 ^ clkbuf_0_clk/X (sky130_fd_sc_hd__clkbuf_16)
     4    0.03                           clknet_0_clk (net)
                  0.05    0.00    0.17 ^ clkbuf_2_1__f_clk/A (sky130_fd_sc_hd__clkbuf_16)
                  0.04    0.14    0.31 ^ clkbuf_2_1__f_clk/X (sky130_fd_sc_hd__clkbuf_16)
    11    0.02                           clknet_2_1__leaf_clk (net)
                  0.04    0.00    0.31 ^ _298_/CLK (sky130_fd_sc_hd__dfrtp_1)
                          0.25    0.56   clock uncertainty
                         -0.02    0.54   clock reconvergence pessimism
                         -0.04    0.50   library hold time
                                  0.50   data required time
-----------------------------------------------------------------------------
                                  0.50   data required time
                                 -0.81   data arrival time
-----------------------------------------------------------------------------
                                  0.31   slack (MET)


Startpoint: _274_ (rising edge-triggered flip-flop clocked by clk)
Endpoint: _274_ (rising edge-triggered flip-flop clocked by clk)
Path Group: clk
Path Type: min

Fanout     Cap    Slew   Delay    Time   Description
-----------------------------------------------------------------------------
                          0.00    0.00   clock clk (rise edge)
                          0.00    0.00   clock source latency
                  0.04    0.03    0.03 ^ clk (in)
     1    0.01                           clk (net)
                  0.04    0.00    0.03 ^ clkbuf_0_clk/A (sky130_fd_sc_hd__clkbuf_16)
                  0.05    0.13    0.15 ^ clkbuf_0_clk/X (sky130_fd_sc_hd__clkbuf_16)
     4    0.03                           clknet_0_clk (net)
                  0.05    0.00    0.15 ^ clkbuf_2_2__f_clk/A (sky130_fd_sc_hd__clkbuf_16)
                  0.04    0.12    0.27 ^ clkbuf_2_2__f_clk/X (sky130_fd_sc_hd__clkbuf_16)
     8    0.01                           clknet_2_2__leaf_clk (net)
                  0.04    0.00    0.27 ^ _274_/CLK (sky130_fd_sc_hd__dfrtp_4)
                  0.09    0.41    0.68 ^ _274_/Q (sky130_fd_sc_hd__dfrtp_4)
     8    0.02                           idle_counter[0] (net)
                  0.09    0.00    0.68 ^ _183_/A1 (sky130_fd_sc_hd__o21a_1)
                  0.04    0.11    0.79 ^ _183_/X (sky130_fd_sc_hd__o21a_1)
     1    0.00                           _013_ (net)
                  0.04    0.00    0.79 ^ _274_/D (sky130_fd_sc_hd__dfrtp_4)
                                  0.79   data arrival time

                          0.00    0.00   clock clk (rise edge)
                          0.00    0.00   clock source latency
                  0.04    0.03    0.03 ^ clk (in)
     1    0.01                           clk (net)
                  0.04    0.00    0.03 ^ clkbuf_0_clk/A (sky130_fd_sc_hd__clkbuf_16)
                  0.05    0.14    0.17 ^ clkbuf_0_clk/X (sky130_fd_sc_hd__clkbuf_16)
     4    0.03                           clknet_0_clk (net)
                  0.05    0.00    0.17 ^ clkbuf_2_2__f_clk/A (sky130_fd_sc_hd__clkbuf_16)
                  0.04    0.13    0.30 ^ clkbuf_2_2__f_clk/X (sky130_fd_sc_hd__clkbuf_16)
     8    0.01                           clknet_2_2__leaf_clk (net)
                  0.04    0.00    0.30 ^ _274_/CLK (sky130_fd_sc_hd__dfrtp_4)
                          0.25    0.55   clock uncertainty
                         -0.03    0.52   clock reconvergence pessimism
                         -0.03    0.49   library hold time
                                  0.49   data required time
-----------------------------------------------------------------------------
                                  0.49   data required time
                                 -0.79   data arrival time
-----------------------------------------------------------------------------
                                  0.31   slack (MET)


Startpoint: _281_ (rising edge-triggered flip-flop clocked by clk)
Endpoint: _281_ (rising edge-triggered flip-flop clocked by clk)
Path Group: clk
Path Type: min

Fanout     Cap    Slew   Delay    Time   Description
-----------------------------------------------------------------------------
                          0.00    0.00   clock clk (rise edge)
                          0.00    0.00   clock source latency
                  0.04    0.03    0.03 ^ clk (in)
     1    0.01                           clk (net)
                  0.04    0.00    0.03 ^ clkbuf_0_clk/A (sky130_fd_sc_hd__clkbuf_16)
                  0.05    0.13    0.15 ^ clkbuf_0_clk/X (sky130_fd_sc_hd__clkbuf_16)
     4    0.03                           clknet_0_clk (net)
                  0.05    0.00    0.15 ^ clkbuf_2_3__f_clk/A (sky130_fd_sc_hd__clkbuf_16)
                  0.04    0.12    0.27 ^ clkbuf_2_3__f_clk/X (sky130_fd_sc_hd__clkbuf_16)
     9    0.02                           clknet_2_3__leaf_clk (net)
                  0.04    0.00    0.27 ^ _281_/CLK (sky130_fd_sc_hd__dfrtp_1)
                  0.07    0.32    0.59 ^ _281_/Q (sky130_fd_sc_hd__dfrtp_1)
     3    0.01                           idle_counter[7] (net)
                  0.07    0.00    0.59 ^ _208_/B1 (sky130_fd_sc_hd__a21o_1)
                  0.03    0.08    0.67 ^ _208_/X (sky130_fd_sc_hd__a21o_1)
     1    0.00                           _083_ (net)
                  0.03    0.00    0.67 ^ _210_/A2 (sky130_fd_sc_hd__a32o_1)
                  0.04    0.13    0.80 ^ _210_/X (sky130_fd_sc_hd__a32o_1)
     1    0.00                           _020_ (net)
                  0.04    0.00    0.80 ^ _281_/D (sky130_fd_sc_hd__dfrtp_1)
                                  0.80   data arrival time

                          0.00    0.00   clock clk (rise edge)
                          0.00    0.00   clock source latency
                  0.04    0.03    0.03 ^ clk (in)
     1    0.01                           clk (net)
                  0.04    0.00    0.03 ^ clkbuf_0_clk/A (sky130_fd_sc_hd__clkbuf_16)
                  0.05    0.14    0.17 ^ clkbuf_0_clk/X (sky130_fd_sc_hd__clkbuf_16)
     4    0.03                           clknet_0_clk (net)
                  0.05    0.00    0.17 ^ clkbuf_2_3__f_clk/A (sky130_fd_sc_hd__clkbuf_16)
                  0.04    0.13    0.30 ^ clkbuf_2_3__f_clk/X (sky130_fd_sc_hd__clkbuf_16)
     9    0.02                           clknet_2_3__leaf_clk (net)
                  0.04    0.00    0.30 ^ _281_/CLK (sky130_fd_sc_hd__dfrtp_1)
                          0.25    0.55   clock uncertainty
                         -0.03    0.52   clock reconvergence pessimism
                         -0.04    0.49   library hold time
                                  0.49   data required time
-----------------------------------------------------------------------------
                                  0.49   data required time
                                 -0.80   data arrival time
-----------------------------------------------------------------------------
                                  0.31   slack (MET)


Startpoint: _263_ (rising edge-triggered flip-flop clocked by clk)
Endpoint: _263_ (rising edge-triggered flip-flop clocked by clk)
Path Group: clk
Path Type: min

Fanout     Cap    Slew   Delay    Time   Description
-----------------------------------------------------------------------------
                          0.00    0.00   clock clk (rise edge)
                          0.00    0.00   clock source latency
                  0.04    0.03    0.03 ^ clk (in)
     1    0.01                           clk (net)
                  0.04    0.00    0.03 ^ clkbuf_0_clk/A (sky130_fd_sc_hd__clkbuf_16)
                  0.05    0.13    0.15 ^ clkbuf_0_clk/X (sky130_fd_sc_hd__clkbuf_16)
     4    0.03                           clknet_0_clk (net)
                  0.05    0.00    0.15 ^ clkbuf_2_3__f_clk/A (sky130_fd_sc_hd__clkbuf_16)
                  0.04    0.12    0.27 ^ clkbuf_2_3__f_clk/X (sky130_fd_sc_hd__clkbuf_16)
     9    0.02                           clknet_2_3__leaf_clk (net)
                  0.04    0.00    0.27 ^ _263_/CLK (sky130_fd_sc_hd__dfrtp_1)
                  0.08    0.32    0.60 ^ _263_/Q (sky130_fd_sc_hd__dfrtp_1)
     4    0.01                           baud_counter[1] (net)
                  0.08    0.00    0.60 ^ _147_/A (sky130_fd_sc_hd__or2_1)
                  0.04    0.09    0.69 ^ _147_/X (sky130_fd_sc_hd__or2_1)
     1    0.00                           _040_ (net)
                  0.04    0.00    0.69 ^ _148_/C1 (sky130_fd_sc_hd__o211a_1)
                  0.04    0.11    0.81 ^ _148_/X (sky130_fd_sc_hd__o211a_1)
     1    0.00                           _002_ (net)
                  0.04    0.00    0.81 ^ _263_/D (sky130_fd_sc_hd__dfrtp_1)
                                  0.81   data arrival time

                          0.00    0.00   clock clk (rise edge)
                          0.00    0.00   clock source latency
                  0.04    0.03    0.03 ^ clk (in)
     1    0.01                           clk (net)
                  0.04    0.00    0.03 ^ clkbuf_0_clk/A (sky130_fd_sc_hd__clkbuf_16)
                  0.05    0.14    0.17 ^ clkbuf_0_clk/X (sky130_fd_sc_hd__clkbuf_16)
     4    0.03                           clknet_0_clk (net)
                  0.05    0.00    0.17 ^ clkbuf_2_3__f_clk/A (sky130_fd_sc_hd__clkbuf_16)
                  0.04    0.13    0.30 ^ clkbuf_2_3__f_clk/X (sky130_fd_sc_hd__clkbuf_16)
     9    0.02                           clknet_2_3__leaf_clk (net)
                  0.04    0.00    0.30 ^ _263_/CLK (sky130_fd_sc_hd__dfrtp_1)
                          0.25    0.55   clock uncertainty
                         -0.03    0.52   clock reconvergence pessimism
                         -0.03    0.49   library hold time
                                  0.49   data required time
-----------------------------------------------------------------------------
                                  0.49   data required time
                                 -0.81   data arrival time
-----------------------------------------------------------------------------
                                  0.32   slack (MET)


Startpoint: _267_ (rising edge-triggered flip-flop clocked by clk)
Endpoint: _267_ (rising edge-triggered flip-flop clocked by clk)
Path Group: clk
Path Type: min

Fanout     Cap    Slew   Delay    Time   Description
-----------------------------------------------------------------------------
                          0.00    0.00   clock clk (rise edge)
                          0.00    0.00   clock source latency
                  0.04    0.03    0.03 ^ clk (in)
     1    0.01                           clk (net)
                  0.04    0.00    0.03 ^ clkbuf_0_clk/A (sky130_fd_sc_hd__clkbuf_16)
                  0.05    0.13    0.15 ^ clkbuf_0_clk/X (sky130_fd_sc_hd__clkbuf_16)
     4    0.03                           clknet_0_clk (net)
                  0.05    0.00    0.15 ^ clkbuf_2_1__f_clk/A (sky130_fd_sc_hd__clkbuf_16)
                  0.04    0.12    0.28 ^ clkbuf_2_1__f_clk/X (sky130_fd_sc_hd__clkbuf_16)
    11    0.02                           clknet_2_1__leaf_clk (net)
                  0.04    0.00    0.28 ^ _267_/CLK (sky130_fd_sc_hd__dfrtp_1)
                  0.09    0.33    0.61 ^ _267_/Q (sky130_fd_sc_hd__dfrtp_1)
     4    0.01                           baud_counter[5] (net)
                  0.09    0.00    0.61 ^ _158_/B1 (sky130_fd_sc_hd__a21o_1)
                  0.03    0.08    0.69 ^ _158_/X (sky130_fd_sc_hd__a21o_1)
     1    0.00                           _047_ (net)
                  0.03    0.00    0.69 ^ _160_/A2 (sky130_fd_sc_hd__a32o_1)
                  0.04    0.13    0.82 ^ _160_/X (sky130_fd_sc_hd__a32o_1)
     1    0.00                           _006_ (net)
                  0.04    0.00    0.82 ^ _267_/D (sky130_fd_sc_hd__dfrtp_1)
                                  0.82   data arrival time

                          0.00    0.00   clock clk (rise edge)
                          0.00    0.00   clock source latency
                  0.04    0.03    0.03 ^ clk (in)
     1    0.01                           clk (net)
                  0.04    0.00    0.03 ^ clkbuf_0_clk/A (sky130_fd_sc_hd__clkbuf_16)
                  0.05    0.14    0.17 ^ clkbuf_0_clk/X (sky130_fd_sc_hd__clkbuf_16)
     4    0.03                           clknet_0_clk (net)
                  0.05    0.00    0.17 ^ clkbuf_2_1__f_clk/A (sky130_fd_sc_hd__clkbuf_16)
                  0.04    0.14    0.31 ^ clkbuf_2_1__f_clk/X (sky130_fd_sc_hd__clkbuf_16)
    11    0.02                           clknet_2_1__leaf_clk (net)
                  0.04    0.00    0.31 ^ _267_/CLK (sky130_fd_sc_hd__dfrtp_1)
                          0.25    0.56   clock uncertainty
                         -0.03    0.53   clock reconvergence pessimism
                         -0.03    0.49   library hold time
                                  0.49   data required time
-----------------------------------------------------------------------------
                                  0.49   data required time
                                 -0.82   data arrival time
-----------------------------------------------------------------------------
                                  0.33   slack (MET)


Startpoint: _286_ (rising edge-triggered flip-flop clocked by clk)
Endpoint: _286_ (rising edge-triggered flip-flop clocked by clk)
Path Group: clk
Path Type: min

Fanout     Cap    Slew   Delay    Time   Description
-----------------------------------------------------------------------------
                          0.00    0.00   clock clk (rise edge)
                          0.00    0.00   clock source latency
                  0.04    0.03    0.03 ^ clk (in)
     1    0.01                           clk (net)
                  0.04    0.00    0.03 ^ clkbuf_0_clk/A (sky130_fd_sc_hd__clkbuf_16)
                  0.05    0.13    0.15 ^ clkbuf_0_clk/X (sky130_fd_sc_hd__clkbuf_16)
     4    0.03                           clknet_0_clk (net)
                  0.05    0.00    0.15 ^ clkbuf_2_1__f_clk/A (sky130_fd_sc_hd__clkbuf_16)
                  0.04    0.12    0.28 ^ clkbuf_2_1__f_clk/X (sky130_fd_sc_hd__clkbuf_16)
    11    0.02                           clknet_2_1__leaf_clk (net)
                  0.04    0.00    0.28 ^ _286_/CLK (sky130_fd_sc_hd__dfrtp_1)
                  0.06    0.31    0.58 ^ _286_/Q (sky130_fd_sc_hd__dfrtp_1)
     2    0.00                           bit_count[2] (net)
                  0.06    0.00    0.58 ^ _228_/B1 (sky130_fd_sc_hd__a31o_1)
                  0.03    0.08    0.66 ^ _228_/X (sky130_fd_sc_hd__a31o_1)
     1    0.00                           _098_ (net)
                  0.03    0.00    0.66 ^ _229_/B (sky130_fd_sc_hd__and2_1)
                  0.04    0.10    0.76 ^ _229_/X (sky130_fd_sc_hd__and2_1)
     1    0.00                           _099_ (net)
                  0.04    0.00    0.76 ^ _230_/A (sky130_fd_sc_hd__clkbuf_1)
                  0.04    0.07    0.83 ^ _230_/X (sky130_fd_sc_hd__clkbuf_1)
     1    0.00                           _025_ (net)
                  0.04    0.00    0.83 ^ _286_/D (sky130_fd_sc_hd__dfrtp_1)
                                  0.83   data arrival time

                          0.00    0.00   clock clk (rise edge)
                          0.00    0.00   clock source latency
                  0.04    0.03    0.03 ^ clk (in)
     1    0.01                           clk (net)
                  0.04    0.00    0.03 ^ clkbuf_0_clk/A (sky130_fd_sc_hd__clkbuf_16)
                  0.05    0.14    0.17 ^ clkbuf_0_clk/X (sky130_fd_sc_hd__clkbuf_16)
     4    0.03                           clknet_0_clk (net)
                  0.05    0.00    0.17 ^ clkbuf_2_1__f_clk/A (sky130_fd_sc_hd__clkbuf_16)
                  0.04    0.14    0.31 ^ clkbuf_2_1__f_clk/X (sky130_fd_sc_hd__clkbuf_16)
    11    0.02                           clknet_2_1__leaf_clk (net)
                  0.04    0.00    0.31 ^ _286_/CLK (sky130_fd_sc_hd__dfrtp_1)
                          0.25    0.56   clock uncertainty
                         -0.03    0.53   clock reconvergence pessimism
                         -0.03    0.49   library hold time
                                  0.49   data required time
-----------------------------------------------------------------------------
                                  0.49   data required time
                                 -0.83   data arrival time
-----------------------------------------------------------------------------
                                  0.34   slack (MET)


Startpoint: _270_ (rising edge-triggered flip-flop clocked by clk)
Endpoint: _270_ (rising edge-triggered flip-flop clocked by clk)
Path Group: clk
Path Type: min

Fanout     Cap    Slew   Delay    Time   Description
-----------------------------------------------------------------------------
                          0.00    0.00   clock clk (rise edge)
                          0.00    0.00   clock source latency
                  0.04    0.03    0.03 ^ clk (in)
     1    0.01                           clk (net)
                  0.04    0.00    0.03 ^ clkbuf_0_clk/A (sky130_fd_sc_hd__clkbuf_16)
                  0.05    0.13    0.15 ^ clkbuf_0_clk/X (sky130_fd_sc_hd__clkbuf_16)
     4    0.03                           clknet_0_clk (net)
                  0.05    0.00    0.15 ^ clkbuf_2_1__f_clk/A (sky130_fd_sc_hd__clkbuf_16)
                  0.04    0.12    0.28 ^ clkbuf_2_1__f_clk/X (sky130_fd_sc_hd__clkbuf_16)
    11    0.02                           clknet_2_1__leaf_clk (net)
                  0.04    0.00    0.28 ^ _270_/CLK (sky130_fd_sc_hd__dfrtp_1)
                  0.09    0.34    0.62 ^ _270_/Q (sky130_fd_sc_hd__dfrtp_1)
     3    0.01                           baud_counter[8] (net)
                  0.09    0.00    0.62 ^ _166_/B1 (sky130_fd_sc_hd__a21o_1)
                  0.03    0.08    0.70 ^ _166_/X (sky130_fd_sc_hd__a21o_1)
     1    0.00                           _052_ (net)
                  0.03    0.00    0.70 ^ _169_/A2 (sky130_fd_sc_hd__a32o_1)
                  0.04    0.13    0.83 ^ _169_/X (sky130_fd_sc_hd__a32o_1)
     1    0.00                           _009_ (net)
                  0.04    0.00    0.83 ^ _270_/D (sky130_fd_sc_hd__dfrtp_1)
                                  0.83   data arrival time

                          0.00    0.00   clock clk (rise edge)
                          0.00    0.00   clock source latency
                  0.04    0.03    0.03 ^ clk (in)
     1    0.01                           clk (net)
                  0.04    0.00    0.03 ^ clkbuf_0_clk/A (sky130_fd_sc_hd__clkbuf_16)
                  0.05    0.14    0.17 ^ clkbuf_0_clk/X (sky130_fd_sc_hd__clkbuf_16)
     4    0.03                           clknet_0_clk (net)
                  0.05    0.00    0.17 ^ clkbuf_2_1__f_clk/A (sky130_fd_sc_hd__clkbuf_16)
                  0.04    0.14    0.31 ^ clkbuf_2_1__f_clk/X (sky130_fd_sc_hd__clkbuf_16)
    11    0.02                           clknet_2_1__leaf_clk (net)
                  0.04    0.00    0.31 ^ _270_/CLK (sky130_fd_sc_hd__dfrtp_1)
                          0.25    0.56   clock uncertainty
                         -0.03    0.53   clock reconvergence pessimism
                         -0.03    0.49   library hold time
                                  0.49   data required time
-----------------------------------------------------------------------------
                                  0.49   data required time
                                 -0.83   data arrival time
-----------------------------------------------------------------------------
                                  0.34   slack (MET)


Startpoint: _285_ (rising edge-triggered flip-flop clocked by clk)
Endpoint: _285_ (rising edge-triggered flip-flop clocked by clk)
Path Group: clk
Path Type: min

Fanout     Cap    Slew   Delay    Time   Description
-----------------------------------------------------------------------------
                          0.00    0.00   clock clk (rise edge)
                          0.00    0.00   clock source latency
                  0.04    0.03    0.03 ^ clk (in)
     1    0.01                           clk (net)
                  0.04    0.00    0.03 ^ clkbuf_0_clk/A (sky130_fd_sc_hd__clkbuf_16)
                  0.05    0.13    0.15 ^ clkbuf_0_clk/X (sky130_fd_sc_hd__clkbuf_16)
     4    0.03                           clknet_0_clk (net)
                  0.05    0.00    0.15 ^ clkbuf_2_1__f_clk/A (sky130_fd_sc_hd__clkbuf_16)
                  0.04    0.12    0.28 ^ clkbuf_2_1__f_clk/X (sky130_fd_sc_hd__clkbuf_16)
    11    0.02                           clknet_2_1__leaf_clk (net)
                  0.04    0.00    0.28 ^ _285_/CLK (sky130_fd_sc_hd__dfrtp_1)
                  0.09    0.33    0.61 ^ _285_/Q (sky130_fd_sc_hd__dfrtp_1)
     4    0.01                           bit_count[1] (net)
                  0.09    0.00    0.61 ^ _222_/A2 (sky130_fd_sc_hd__a21oi_1)
                  0.04    0.06    0.68 v _222_/Y (sky130_fd_sc_hd__a21oi_1)
     1    0.00                           _093_ (net)
                  0.04    0.00    0.68 v _225_/B1 (sky130_fd_sc_hd__o22a_1)
                  0.03    0.15    0.83 v _225_/X (sky130_fd_sc_hd__o22a_1)
     1    0.00                           _024_ (net)
                  0.03    0.00    0.83 v _285_/D (sky130_fd_sc_hd__dfrtp_1)
                                  0.83   data arrival time

                          0.00    0.00   clock clk (rise edge)
                          0.00    0.00   clock source latency
                  0.04    0.03    0.03 ^ clk (in)
     1    0.01                           clk (net)
                  0.04    0.00    0.03 ^ clkbuf_0_clk/A (sky130_fd_sc_hd__clkbuf_16)
                  0.05    0.14    0.17 ^ clkbuf_0_clk/X (sky130_fd_sc_hd__clkbuf_16)
     4    0.03                           clknet_0_clk (net)
                  0.05    0.00    0.17 ^ clkbuf_2_1__f_clk/A (sky130_fd_sc_hd__clkbuf_16)
                  0.04    0.14    0.31 ^ clkbuf_2_1__f_clk/X (sky130_fd_sc_hd__clkbuf_16)
    11    0.02                           clknet_2_1__leaf_clk (net)
                  0.04    0.00    0.31 ^ _285_/CLK (sky130_fd_sc_hd__dfrtp_1)
                          0.25    0.56   clock uncertainty
                         -0.03    0.53   clock reconvergence pessimism
                         -0.04    0.49   library hold time
                                  0.49   data required time
-----------------------------------------------------------------------------
                                  0.49   data required time
                                 -0.83   data arrival time
-----------------------------------------------------------------------------
                                  0.34   slack (MET)


Startpoint: _277_ (rising edge-triggered flip-flop clocked by clk)
Endpoint: _277_ (rising edge-triggered flip-flop clocked by clk)
Path Group: clk
Path Type: min

Fanout     Cap    Slew   Delay    Time   Description
-----------------------------------------------------------------------------
                          0.00    0.00   clock clk (rise edge)
                          0.00    0.00   clock source latency
                  0.04    0.03    0.03 ^ clk (in)
     1    0.01                           clk (net)
                  0.04    0.00    0.03 ^ clkbuf_0_clk/A (sky130_fd_sc_hd__clkbuf_16)
                  0.05    0.13    0.15 ^ clkbuf_0_clk/X (sky130_fd_sc_hd__clkbuf_16)
     4    0.03                           clknet_0_clk (net)
                  0.05    0.00    0.15 ^ clkbuf_2_2__f_clk/A (sky130_fd_sc_hd__clkbuf_16)
                  0.04    0.12    0.27 ^ clkbuf_2_2__f_clk/X (sky130_fd_sc_hd__clkbuf_16)
     8    0.01                           clknet_2_2__leaf_clk (net)
                  0.04    0.00    0.27 ^ _277_/CLK (sky130_fd_sc_hd__dfrtp_1)
                  0.09    0.33    0.60 ^ _277_/Q (sky130_fd_sc_hd__dfrtp_1)
     4    0.01                           idle_counter[3] (net)
                  0.09    0.00    0.60 ^ _194_/B1 (sky130_fd_sc_hd__a31o_1)
                  0.04    0.09    0.70 ^ _194_/X (sky130_fd_sc_hd__a31o_1)
     1    0.00                           _073_ (net)
                  0.04    0.00    0.70 ^ _197_/A2 (sky130_fd_sc_hd__a32o_1)
                  0.04    0.13    0.83 ^ _197_/X (sky130_fd_sc_hd__a32o_1)
     1    0.00                           _016_ (net)
                  0.04    0.00    0.83 ^ _277_/D (sky130_fd_sc_hd__dfrtp_1)
                                  0.83   data arrival time

                          0.00    0.00   clock clk (rise edge)
                          0.00    0.00   clock source latency
                  0.04    0.03    0.03 ^ clk (in)
     1    0.01                           clk (net)
                  0.04    0.00    0.03 ^ clkbuf_0_clk/A (sky130_fd_sc_hd__clkbuf_16)
                  0.05    0.14    0.17 ^ clkbuf_0_clk/X (sky130_fd_sc_hd__clkbuf_16)
     4    0.03                           clknet_0_clk (net)
                  0.05    0.00    0.17 ^ clkbuf_2_2__f_clk/A (sky130_fd_sc_hd__clkbuf_16)
                  0.04    0.13    0.30 ^ clkbuf_2_2__f_clk/X (sky130_fd_sc_hd__clkbuf_16)
     8    0.01                           clknet_2_2__leaf_clk (net)
                  0.04    0.00    0.30 ^ _277_/CLK (sky130_fd_sc_hd__dfrtp_1)
                          0.25    0.55   clock uncertainty
                         -0.03    0.52   clock reconvergence pessimism
                         -0.04    0.49   library hold time
                                  0.49   data required time
-----------------------------------------------------------------------------
                                  0.49   data required time
                                 -0.83   data arrival time
-----------------------------------------------------------------------------
                                  0.34   slack (MET)


Startpoint: _273_ (rising edge-triggered flip-flop clocked by clk)
Endpoint: _287_ (rising edge-triggered flip-flop clocked by clk)
Path Group: clk
Path Type: min

Fanout     Cap    Slew   Delay    Time   Description
-----------------------------------------------------------------------------
                          0.00    0.00   clock clk (rise edge)
                          0.00    0.00   clock source latency
                  0.04    0.03    0.03 ^ clk (in)
     1    0.01                           clk (net)
                  0.04    0.00    0.03 ^ clkbuf_0_clk/A (sky130_fd_sc_hd__clkbuf_16)
                  0.05    0.13    0.15 ^ clkbuf_0_clk/X (sky130_fd_sc_hd__clkbuf_16)
     4    0.03                           clknet_0_clk (net)
                  0.05    0.00    0.15 ^ clkbuf_2_2__f_clk/A (sky130_fd_sc_hd__clkbuf_16)
                  0.04    0.12    0.27 ^ clkbuf_2_2__f_clk/X (sky130_fd_sc_hd__clkbuf_16)
     8    0.01                           clknet_2_2__leaf_clk (net)
                  0.04    0.00    0.27 ^ _273_/CLK (sky130_fd_sc_hd__dfrtp_2)
                  0.08    0.35    0.63 ^ _273_/Q (sky130_fd_sc_hd__dfrtp_2)
     5    0.01                           net12 (net)
                  0.08    0.00    0.63 ^ _217_/B1 (sky130_fd_sc_hd__a21oi_2)
                  0.04    0.04    0.67 v _217_/Y (sky130_fd_sc_hd__a21oi_2)
     4    0.01                           _089_ (net)
                  0.04    0.00    0.67 v _227_/B1 (sky130_fd_sc_hd__o21ai_1)
                  0.08    0.06    0.73 ^ _227_/Y (sky130_fd_sc_hd__o21ai_1)
     2    0.00                           _097_ (net)
                  0.08    0.00    0.73 ^ _232_/B1 (sky130_fd_sc_hd__a2bb2o_1)
                  0.04    0.12    0.85 ^ _232_/X (sky130_fd_sc_hd__a2bb2o_1)
     1    0.00                           _026_ (net)
                  0.04    0.00    0.85 ^ _287_/D (sky130_fd_sc_hd__dfrtp_1)
                                  0.85   data arrival time

                          0.00    0.00   clock clk (rise edge)
                          0.00    0.00   clock source latency
                  0.04    0.03    0.03 ^ clk (in)
     1    0.01                           clk (net)
                  0.04    0.00    0.03 ^ clkbuf_0_clk/A (sky130_fd_sc_hd__clkbuf_16)
                  0.05    0.14    0.17 ^ clkbuf_0_clk/X (sky130_fd_sc_hd__clkbuf_16)
     4    0.03                           clknet_0_clk (net)
                  0.05    0.00    0.17 ^ clkbuf_2_0__f_clk/A (sky130_fd_sc_hd__clkbuf_16)
                  0.04    0.13    0.30 ^ clkbuf_2_0__f_clk/X (sky130_fd_sc_hd__clkbuf_16)
     9    0.02                           clknet_2_0__leaf_clk (net)
                  0.04    0.00    0.30 ^ _287_/CLK (sky130_fd_sc_hd__dfrtp_1)
                          0.25    0.55   clock uncertainty
                         -0.02    0.54   clock reconvergence pessimism
                         -0.03    0.50   library hold time
                                  0.50   data required time
-----------------------------------------------------------------------------
                                  0.50   data required time
                                 -0.85   data arrival time
-----------------------------------------------------------------------------
                                  0.35   slack (MET)


Startpoint: _280_ (rising edge-triggered flip-flop clocked by clk)
Endpoint: _280_ (rising edge-triggered flip-flop clocked by clk)
Path Group: clk
Path Type: min

Fanout     Cap    Slew   Delay    Time   Description
-----------------------------------------------------------------------------
                          0.00    0.00   clock clk (rise edge)
                          0.00    0.00   clock source latency
                  0.04    0.03    0.03 ^ clk (in)
     1    0.01                           clk (net)
                  0.04    0.00    0.03 ^ clkbuf_0_clk/A (sky130_fd_sc_hd__clkbuf_16)
                  0.05    0.13    0.15 ^ clkbuf_0_clk/X (sky130_fd_sc_hd__clkbuf_16)
     4    0.03                           clknet_0_clk (net)
                  0.05    0.00    0.15 ^ clkbuf_2_3__f_clk/A (sky130_fd_sc_hd__clkbuf_16)
                  0.04    0.12    0.27 ^ clkbuf_2_3__f_clk/X (sky130_fd_sc_hd__clkbuf_16)
     9    0.02                           clknet_2_3__leaf_clk (net)
                  0.04    0.00    0.27 ^ _280_/CLK (sky130_fd_sc_hd__dfrtp_1)
                  0.07    0.37    0.64 v _280_/Q (sky130_fd_sc_hd__dfrtp_1)
     5    0.01                           idle_counter[6] (net)
                  0.07    0.00    0.64 v _206_/A (sky130_fd_sc_hd__nand2_1)
                  0.04    0.06    0.70 ^ _206_/Y (sky130_fd_sc_hd__nand2_1)
     1    0.00                           _082_ (net)
                  0.04    0.00    0.70 ^ _207_/A3 (sky130_fd_sc_hd__a32o_1)
                  0.04    0.14    0.84 ^ _207_/X (sky130_fd_sc_hd__a32o_1)
     1    0.00                           _019_ (net)
                  0.04    0.00    0.84 ^ _280_/D (sky130_fd_sc_hd__dfrtp_1)
                                  0.84   data arrival time

                          0.00    0.00   clock clk (rise edge)
                          0.00    0.00   clock source latency
                  0.04    0.03    0.03 ^ clk (in)
     1    0.01                           clk (net)
                  0.04    0.00    0.03 ^ clkbuf_0_clk/A (sky130_fd_sc_hd__clkbuf_16)
                  0.05    0.14    0.17 ^ clkbuf_0_clk/X (sky130_fd_sc_hd__clkbuf_16)
     4    0.03                           clknet_0_clk (net)
                  0.05    0.00    0.17 ^ clkbuf_2_3__f_clk/A (sky130_fd_sc_hd__clkbuf_16)
                  0.04    0.13    0.30 ^ clkbuf_2_3__f_clk/X (sky130_fd_sc_hd__clkbuf_16)
     9    0.02                           clknet_2_3__leaf_clk (net)
                  0.04    0.00    0.30 ^ _280_/CLK (sky130_fd_sc_hd__dfrtp_1)
                          0.25    0.55   clock uncertainty
                         -0.03    0.52   clock reconvergence pessimism
                         -0.04    0.49   library hold time
                                  0.49   data required time
-----------------------------------------------------------------------------
                                  0.49   data required time
                                 -0.84   data arrival time
-----------------------------------------------------------------------------
                                  0.35   slack (MET)


Startpoint: _278_ (rising edge-triggered flip-flop clocked by clk)
Endpoint: _278_ (rising edge-triggered flip-flop clocked by clk)
Path Group: clk
Path Type: min

Fanout     Cap    Slew   Delay    Time   Description
-----------------------------------------------------------------------------
                          0.00    0.00   clock clk (rise edge)
                          0.00    0.00   clock source latency
                  0.04    0.03    0.03 ^ clk (in)
     1    0.01                           clk (net)
                  0.04    0.00    0.03 ^ clkbuf_0_clk/A (sky130_fd_sc_hd__clkbuf_16)
                  0.05    0.13    0.15 ^ clkbuf_0_clk/X (sky130_fd_sc_hd__clkbuf_16)
     4    0.03                           clknet_0_clk (net)
                  0.05    0.00    0.15 ^ clkbuf_2_3__f_clk/A (sky130_fd_sc_hd__clkbuf_16)
                  0.04    0.12    0.27 ^ clkbuf_2_3__f_clk/X (sky130_fd_sc_hd__clkbuf_16)
     9    0.02                           clknet_2_3__leaf_clk (net)
                  0.04    0.00    0.27 ^ _278_/CLK (sky130_fd_sc_hd__dfrtp_1)
                  0.09    0.34    0.61 ^ _278_/Q (sky130_fd_sc_hd__dfrtp_1)
     5    0.01                           idle_counter[4] (net)
                  0.09    0.00    0.61 ^ _198_/A (sky130_fd_sc_hd__or2_1)
                  0.04    0.10    0.71 ^ _198_/X (sky130_fd_sc_hd__or2_1)
     1    0.00                           _076_ (net)
                  0.04    0.00    0.71 ^ _200_/A2 (sky130_fd_sc_hd__a32o_1)
                  0.04    0.13    0.84 ^ _200_/X (sky130_fd_sc_hd__a32o_1)
     1    0.00                           _017_ (net)
                  0.04    0.00    0.84 ^ _278_/D (sky130_fd_sc_hd__dfrtp_1)
                                  0.84   data arrival time

                          0.00    0.00   clock clk (rise edge)
                          0.00    0.00   clock source latency
                  0.04    0.03    0.03 ^ clk (in)
     1    0.01                           clk (net)
                  0.04    0.00    0.03 ^ clkbuf_0_clk/A (sky130_fd_sc_hd__clkbuf_16)
                  0.05    0.14    0.17 ^ clkbuf_0_clk/X (sky130_fd_sc_hd__clkbuf_16)
     4    0.03                           clknet_0_clk (net)
                  0.05    0.00    0.17 ^ clkbuf_2_3__f_clk/A (sky130_fd_sc_hd__clkbuf_16)
                  0.04    0.13    0.30 ^ clkbuf_2_3__f_clk/X (sky130_fd_sc_hd__clkbuf_16)
     9    0.02                           clknet_2_3__leaf_clk (net)
                  0.04    0.00    0.30 ^ _278_/CLK (sky130_fd_sc_hd__dfrtp_1)
                          0.25    0.55   clock uncertainty
                         -0.03    0.52   clock reconvergence pessimism
                         -0.04    0.49   library hold time
                                  0.49   data required time
-----------------------------------------------------------------------------
                                  0.49   data required time
                                 -0.84   data arrival time
-----------------------------------------------------------------------------
                                  0.35   slack (MET)


Startpoint: _266_ (rising edge-triggered flip-flop clocked by clk)
Endpoint: _266_ (rising edge-triggered flip-flop clocked by clk)
Path Group: clk
Path Type: min

Fanout     Cap    Slew   Delay    Time   Description
-----------------------------------------------------------------------------
                          0.00    0.00   clock clk (rise edge)
                          0.00    0.00   clock source latency
                  0.04    0.03    0.03 ^ clk (in)
     1    0.01                           clk (net)
                  0.04    0.00    0.03 ^ clkbuf_0_clk/A (sky130_fd_sc_hd__clkbuf_16)
                  0.05    0.13    0.15 ^ clkbuf_0_clk/X (sky130_fd_sc_hd__clkbuf_16)
     4    0.03                           clknet_0_clk (net)
                  0.05    0.00    0.15 ^ clkbuf_2_1__f_clk/A (sky130_fd_sc_hd__clkbuf_16)
                  0.04    0.12    0.28 ^ clkbuf_2_1__f_clk/X (sky130_fd_sc_hd__clkbuf_16)
    11    0.02                           clknet_2_1__leaf_clk (net)
                  0.04    0.00    0.28 ^ _266_/CLK (sky130_fd_sc_hd__dfrtp_1)
                  0.08    0.38    0.65 v _266_/Q (sky130_fd_sc_hd__dfrtp_1)
     6    0.01                           baud_counter[4] (net)
                  0.08    0.00    0.65 v _156_/A (sky130_fd_sc_hd__nand2_1)
                  0.04    0.06    0.72 ^ _156_/Y (sky130_fd_sc_hd__nand2_1)
     1    0.00                           _046_ (net)
                  0.04    0.00    0.72 ^ _157_/A3 (sky130_fd_sc_hd__a32o_1)
                  0.04    0.14    0.85 ^ _157_/X (sky130_fd_sc_hd__a32o_1)
     1    0.00                           _005_ (net)
                  0.04    0.00    0.85 ^ _266_/D (sky130_fd_sc_hd__dfrtp_1)
                                  0.85   data arrival time

                          0.00    0.00   clock clk (rise edge)
                          0.00    0.00   clock source latency
                  0.04    0.03    0.03 ^ clk (in)
     1    0.01                           clk (net)
                  0.04    0.00    0.03 ^ clkbuf_0_clk/A (sky130_fd_sc_hd__clkbuf_16)
                  0.05    0.14    0.17 ^ clkbuf_0_clk/X (sky130_fd_sc_hd__clkbuf_16)
     4    0.03                           clknet_0_clk (net)
                  0.05    0.00    0.17 ^ clkbuf_2_1__f_clk/A (sky130_fd_sc_hd__clkbuf_16)
                  0.04    0.14    0.31 ^ clkbuf_2_1__f_clk/X (sky130_fd_sc_hd__clkbuf_16)
    11    0.02                           clknet_2_1__leaf_clk (net)
                  0.04    0.00    0.31 ^ _266_/CLK (sky130_fd_sc_hd__dfrtp_1)
                          0.25    0.56   clock uncertainty
                         -0.03    0.53   clock reconvergence pessimism
                         -0.03    0.49   library hold time
                                  0.49   data required time
-----------------------------------------------------------------------------
                                  0.49   data required time
                                 -0.85   data arrival time
-----------------------------------------------------------------------------
                                  0.36   slack (MET)


Startpoint: _279_ (rising edge-triggered flip-flop clocked by clk)
Endpoint: _279_ (rising edge-triggered flip-flop clocked by clk)
Path Group: clk
Path Type: min

Fanout     Cap    Slew   Delay    Time   Description
-----------------------------------------------------------------------------
                          0.00    0.00   clock clk (rise edge)
                          0.00    0.00   clock source latency
                  0.04    0.03    0.03 ^ clk (in)
     1    0.01                           clk (net)
                  0.04    0.00    0.03 ^ clkbuf_0_clk/A (sky130_fd_sc_hd__clkbuf_16)
                  0.05    0.13    0.15 ^ clkbuf_0_clk/X (sky130_fd_sc_hd__clkbuf_16)
     4    0.03                           clknet_0_clk (net)
                  0.05    0.00    0.15 ^ clkbuf_2_3__f_clk/A (sky130_fd_sc_hd__clkbuf_16)
                  0.04    0.12    0.27 ^ clkbuf_2_3__f_clk/X (sky130_fd_sc_hd__clkbuf_16)
     9    0.02                           clknet_2_3__leaf_clk (net)
                  0.04    0.00    0.27 ^ _279_/CLK (sky130_fd_sc_hd__dfrtp_1)
                  0.10    0.34    0.61 ^ _279_/Q (sky130_fd_sc_hd__dfrtp_1)
     4    0.01                           idle_counter[5] (net)
                  0.10    0.00    0.61 ^ _201_/A (sky130_fd_sc_hd__inv_2)
                  0.02    0.03    0.64 v _201_/Y (sky130_fd_sc_hd__inv_2)
     1    0.00                           _078_ (net)
                  0.02    0.00    0.64 v _203_/A1 (sky130_fd_sc_hd__a21oi_1)
                  0.08    0.10    0.74 ^ _203_/Y (sky130_fd_sc_hd__a21oi_1)
     1    0.00                           _080_ (net)
                  0.08    0.00    0.74 ^ _204_/B2 (sky130_fd_sc_hd__a22o_1)
                  0.04    0.11    0.86 ^ _204_/X (sky130_fd_sc_hd__a22o_1)
     1    0.00                           _018_ (net)
                  0.04    0.00    0.86 ^ _279_/D (sky130_fd_sc_hd__dfrtp_1)
                                  0.86   data arrival time

                          0.00    0.00   clock clk (rise edge)
                          0.00    0.00   clock source latency
                  0.04    0.03    0.03 ^ clk (in)
     1    0.01                           clk (net)
                  0.04    0.00    0.03 ^ clkbuf_0_clk/A (sky130_fd_sc_hd__clkbuf_16)
                  0.05    0.14    0.17 ^ clkbuf_0_clk/X (sky130_fd_sc_hd__clkbuf_16)
     4    0.03                           clknet_0_clk (net)
                  0.05    0.00    0.17 ^ clkbuf_2_3__f_clk/A (sky130_fd_sc_hd__clkbuf_16)
                  0.04    0.13    0.30 ^ clkbuf_2_3__f_clk/X (sky130_fd_sc_hd__clkbuf_16)
     9    0.02                           clknet_2_3__leaf_clk (net)
                  0.04    0.00    0.30 ^ _279_/CLK (sky130_fd_sc_hd__dfrtp_1)
                          0.25    0.55   clock uncertainty
                         -0.03    0.52   clock reconvergence pessimism
                         -0.03    0.49   library hold time
                                  0.49   data required time
-----------------------------------------------------------------------------
                                  0.49   data required time
                                 -0.86   data arrival time
-----------------------------------------------------------------------------
                                  0.37   slack (MET)


Startpoint: _272_ (rising edge-triggered flip-flop clocked by clk)
Endpoint: _282_ (rising edge-triggered flip-flop clocked by clk)
Path Group: clk
Path Type: min

Fanout     Cap    Slew   Delay    Time   Description
-----------------------------------------------------------------------------
                          0.00    0.00   clock clk (rise edge)
                          0.00    0.00   clock source latency
                  0.04    0.03    0.03 ^ clk (in)
     1    0.01                           clk (net)
                  0.04    0.00    0.03 ^ clkbuf_0_clk/A (sky130_fd_sc_hd__clkbuf_16)
                  0.05    0.13    0.15 ^ clkbuf_0_clk/X (sky130_fd_sc_hd__clkbuf_16)
     4    0.03                           clknet_0_clk (net)
                  0.05    0.00    0.15 ^ clkbuf_2_2__f_clk/A (sky130_fd_sc_hd__clkbuf_16)
                  0.04    0.12    0.27 ^ clkbuf_2_2__f_clk/X (sky130_fd_sc_hd__clkbuf_16)
     8    0.01                           clknet_2_2__leaf_clk (net)
                  0.04    0.00    0.27 ^ _272_/CLK (sky130_fd_sc_hd__dfrtp_1)
                  0.07    0.32    0.59 ^ _272_/Q (sky130_fd_sc_hd__dfrtp_1)
     4    0.01                           sleep_pending (net)
                  0.07    0.00    0.59 ^ _184_/C (sky130_fd_sc_hd__and3b_1)
                  0.08    0.17    0.76 ^ _184_/X (sky130_fd_sc_hd__and3b_1)
     3    0.01                           _065_ (net)
                  0.08    0.00    0.76 ^ _212_/B1 (sky130_fd_sc_hd__o21a_1)
                  0.03    0.10    0.86 ^ _212_/X (sky130_fd_sc_hd__o21a_1)
     1    0.00                           _021_ (net)
                  0.03    0.00    0.86 ^ _282_/D (sky130_fd_sc_hd__dfrtp_1)
                                  0.86   data arrival time

                          0.00    0.00   clock clk (rise edge)
                          0.00    0.00   clock source latency
                  0.04    0.03    0.03 ^ clk (in)
     1    0.01                           clk (net)
                  0.04    0.00    0.03 ^ clkbuf_0_clk/A (sky130_fd_sc_hd__clkbuf_16)
                  0.05    0.14    0.17 ^ clkbuf_0_clk/X (sky130_fd_sc_hd__clkbuf_16)
     4    0.03                           clknet_0_clk (net)
                  0.05    0.00    0.17 ^ clkbuf_2_2__f_clk/A (sky130_fd_sc_hd__clkbuf_16)
                  0.04    0.13    0.30 ^ clkbuf_2_2__f_clk/X (sky130_fd_sc_hd__clkbuf_16)
     8    0.01                           clknet_2_2__leaf_clk (net)
                  0.04    0.00    0.30 ^ _282_/CLK (sky130_fd_sc_hd__dfrtp_1)
                          0.25    0.55   clock uncertainty
                         -0.03    0.52   clock reconvergence pessimism
                         -0.03    0.49   library hold time
                                  0.49   data required time
-----------------------------------------------------------------------------
                                  0.49   data required time
                                 -0.86   data arrival time
-----------------------------------------------------------------------------
                                  0.38   slack (MET)


Startpoint: _275_ (rising edge-triggered flip-flop clocked by clk)
Endpoint: _275_ (rising edge-triggered flip-flop clocked by clk)
Path Group: clk
Path Type: min

Fanout     Cap    Slew   Delay    Time   Description
-----------------------------------------------------------------------------
                          0.00    0.00   clock clk (rise edge)
                          0.00    0.00   clock source latency
                  0.04    0.03    0.03 ^ clk (in)
     1    0.01                           clk (net)
                  0.04    0.00    0.03 ^ clkbuf_0_clk/A (sky130_fd_sc_hd__clkbuf_16)
                  0.05    0.13    0.15 ^ clkbuf_0_clk/X (sky130_fd_sc_hd__clkbuf_16)
     4    0.03                           clknet_0_clk (net)
                  0.05    0.00    0.15 ^ clkbuf_2_2__f_clk/A (sky130_fd_sc_hd__clkbuf_16)
                  0.04    0.12    0.27 ^ clkbuf_2_2__f_clk/X (sky130_fd_sc_hd__clkbuf_16)
     8    0.01                           clknet_2_2__leaf_clk (net)
                  0.04    0.00    0.27 ^ _275_/CLK (sky130_fd_sc_hd__dfrtp_2)
                  0.09    0.36    0.63 ^ _275_/Q (sky130_fd_sc_hd__dfrtp_2)
     6    0.01                           idle_counter[1] (net)
                  0.09    0.00    0.63 ^ _185_/A (sky130_fd_sc_hd__nand3_1)
                  0.04    0.06    0.69 v _185_/Y (sky130_fd_sc_hd__nand3_1)
     1    0.00                           _066_ (net)
                  0.04    0.00    0.69 v _187_/B (sky130_fd_sc_hd__and3_1)
                  0.03    0.14    0.83 v _187_/X (sky130_fd_sc_hd__and3_1)
     1    0.00                           _068_ (net)
                  0.03    0.00    0.83 v _188_/A (sky130_fd_sc_hd__clkbuf_1)
                  0.02    0.07    0.91 v _188_/X (sky130_fd_sc_hd__clkbuf_1)
     1    0.00                           _014_ (net)
                  0.02    0.00    0.91 v _275_/D (sky130_fd_sc_hd__dfrtp_2)
                                  0.91   data arrival time

                          0.00    0.00   clock clk (rise edge)
                          0.00    0.00   clock source latency
                  0.04    0.03    0.03 ^ clk (in)
     1    0.01                           clk (net)
                  0.04    0.00    0.03 ^ clkbuf_0_clk/A (sky130_fd_sc_hd__clkbuf_16)
                  0.05    0.14    0.17 ^ clkbuf_0_clk/X (sky130_fd_sc_hd__clkbuf_16)
     4    0.03                           clknet_0_clk (net)
                  0.05    0.00    0.17 ^ clkbuf_2_2__f_clk/A (sky130_fd_sc_hd__clkbuf_16)
                  0.04    0.13    0.30 ^ clkbuf_2_2__f_clk/X (sky130_fd_sc_hd__clkbuf_16)
     8    0.01                           clknet_2_2__leaf_clk (net)
                  0.04    0.00    0.30 ^ _275_/CLK (sky130_fd_sc_hd__dfrtp_2)
                          0.25    0.55   clock uncertainty
                         -0.03    0.52   clock reconvergence pessimism
                         -0.03    0.49   library hold time
                                  0.49   data required time
-----------------------------------------------------------------------------
                                  0.49   data required time
                                 -0.91   data arrival time
-----------------------------------------------------------------------------
                                  0.42   slack (MET)


Startpoint: _270_ (rising edge-triggered flip-flop clocked by clk)
Endpoint: _271_ (rising edge-triggered flip-flop clocked by clk)
Path Group: clk
Path Type: min

Fanout     Cap    Slew   Delay    Time   Description
-----------------------------------------------------------------------------
                          0.00    0.00   clock clk (rise edge)
                          0.00    0.00   clock source latency
                  0.04    0.03    0.03 ^ clk (in)
     1    0.01                           clk (net)
                  0.04    0.00    0.03 ^ clkbuf_0_clk/A (sky130_fd_sc_hd__clkbuf_16)
                  0.05    0.13    0.15 ^ clkbuf_0_clk/X (sky130_fd_sc_hd__clkbuf_16)
     4    0.03                           clknet_0_clk (net)
                  0.05    0.00    0.15 ^ clkbuf_2_1__f_clk/A (sky130_fd_sc_hd__clkbuf_16)
                  0.04    0.12    0.28 ^ clkbuf_2_1__f_clk/X (sky130_fd_sc_hd__clkbuf_16)
    11    0.02                           clknet_2_1__leaf_clk (net)
                  0.04    0.00    0.28 ^ _270_/CLK (sky130_fd_sc_hd__dfrtp_1)
                  0.06    0.36    0.64 v _270_/Q (sky130_fd_sc_hd__dfrtp_1)
     3    0.01                           baud_counter[8] (net)
                  0.06    0.00    0.64 v _134_/A (sky130_fd_sc_hd__inv_2)
                  0.03    0.05    0.69 ^ _134_/Y (sky130_fd_sc_hd__inv_2)
     2    0.00                           _123_ (net)
                  0.03    0.00    0.69 ^ _168_/A (sky130_fd_sc_hd__or4bb_1)
                  0.05    0.09    0.78 ^ _168_/X (sky130_fd_sc_hd__or4bb_1)
     2    0.00                           _054_ (net)
                  0.05    0.00    0.78 ^ _170_/B (sky130_fd_sc_hd__or2_1)
                  0.06    0.10    0.88 ^ _170_/X (sky130_fd_sc_hd__or2_1)
     1    0.00                           _055_ (net)
                  0.06    0.00    0.88 ^ _171_/B (sky130_fd_sc_hd__xnor2_1)
                  0.03    0.05    0.93 v _171_/Y (sky130_fd_sc_hd__xnor2_1)
     1    0.00                           _010_ (net)
                  0.03    0.00    0.93 v _271_/D (sky130_fd_sc_hd__dfrtp_1)
                                  0.93   data arrival time

                          0.00    0.00   clock clk (rise edge)
                          0.00    0.00   clock source latency
                  0.04    0.03    0.03 ^ clk (in)
     1    0.01                           clk (net)
                  0.04    0.00    0.03 ^ clkbuf_0_clk/A (sky130_fd_sc_hd__clkbuf_16)
                  0.05    0.14    0.17 ^ clkbuf_0_clk/X (sky130_fd_sc_hd__clkbuf_16)
     4    0.03                           clknet_0_clk (net)
                  0.05    0.00    0.17 ^ clkbuf_2_3__f_clk/A (sky130_fd_sc_hd__clkbuf_16)
                  0.04    0.13    0.30 ^ clkbuf_2_3__f_clk/X (sky130_fd_sc_hd__clkbuf_16)
     9    0.02                           clknet_2_3__leaf_clk (net)
                  0.04    0.00    0.30 ^ _271_/CLK (sky130_fd_sc_hd__dfrtp_1)
                          0.25    0.55   clock uncertainty
                         -0.02    0.54   clock reconvergence pessimism
                         -0.04    0.50   library hold time
                                  0.50   data required time
-----------------------------------------------------------------------------
                                  0.50   data required time
                                 -0.93   data arrival time
-----------------------------------------------------------------------------
                                  0.43   slack (MET)


Startpoint: _273_ (rising edge-triggered flip-flop clocked by clk)
Endpoint: _268_ (rising edge-triggered flip-flop clocked by clk)
Path Group: clk
Path Type: min

Fanout     Cap    Slew   Delay    Time   Description
-----------------------------------------------------------------------------
                          0.00    0.00   clock clk (rise edge)
                          0.00    0.00   clock source latency
                  0.04    0.03    0.03 ^ clk (in)
     1    0.01                           clk (net)
                  0.04    0.00    0.03 ^ clkbuf_0_clk/A (sky130_fd_sc_hd__clkbuf_16)
                  0.05    0.13    0.15 ^ clkbuf_0_clk/X (sky130_fd_sc_hd__clkbuf_16)
     4    0.03                           clknet_0_clk (net)
                  0.05    0.00    0.15 ^ clkbuf_2_2__f_clk/A (sky130_fd_sc_hd__clkbuf_16)
                  0.04    0.12    0.27 ^ clkbuf_2_2__f_clk/X (sky130_fd_sc_hd__clkbuf_16)
     8    0.01                           clknet_2_2__leaf_clk (net)
                  0.04    0.00    0.27 ^ _273_/CLK (sky130_fd_sc_hd__dfrtp_2)
                  0.08    0.35    0.63 ^ _273_/Q (sky130_fd_sc_hd__dfrtp_2)
     5    0.01                           net12 (net)
                  0.08    0.00    0.63 ^ _130_/A (sky130_fd_sc_hd__clkbuf_4)
                  0.09    0.17    0.80 ^ _130_/X (sky130_fd_sc_hd__clkbuf_4)
    10    0.03                           _120_ (net)
                  0.09    0.00    0.80 ^ _161_/A (sky130_fd_sc_hd__or2_1)
                  0.06    0.11    0.91 ^ _161_/X (sky130_fd_sc_hd__or2_1)
     1    0.00                           _049_ (net)
                  0.06    0.00    0.91 ^ _162_/B (sky130_fd_sc_hd__xnor2_1)
                  0.03    0.05    0.96 v _162_/Y (sky130_fd_sc_hd__xnor2_1)
     1    0.00                           _007_ (net)
                  0.03    0.00    0.96 v _268_/D (sky130_fd_sc_hd__dfrtp_1)
                                  0.96   data arrival time

                          0.00    0.00   clock clk (rise edge)
                          0.00    0.00   clock source latency
                  0.04    0.03    0.03 ^ clk (in)
     1    0.01                           clk (net)
                  0.04    0.00    0.03 ^ clkbuf_0_clk/A (sky130_fd_sc_hd__clkbuf_16)
                  0.05    0.14    0.17 ^ clkbuf_0_clk/X (sky130_fd_sc_hd__clkbuf_16)
     4    0.03                           clknet_0_clk (net)
                  0.05    0.00    0.17 ^ clkbuf_2_1__f_clk/A (sky130_fd_sc_hd__clkbuf_16)
                  0.04    0.14    0.31 ^ clkbuf_2_1__f_clk/X (sky130_fd_sc_hd__clkbuf_16)
    11    0.02                           clknet_2_1__leaf_clk (net)
                  0.04    0.00    0.31 ^ _268_/CLK (sky130_fd_sc_hd__dfrtp_1)
                          0.25    0.56   clock uncertainty
                         -0.02    0.54   clock reconvergence pessimism
                         -0.04    0.50   library hold time
                                  0.50   data required time
-----------------------------------------------------------------------------
                                  0.50   data required time
                                 -0.96   data arrival time
-----------------------------------------------------------------------------
                                  0.46   slack (MET)


Startpoint: _273_ (rising edge-triggered flip-flop clocked by clk)
Endpoint: _295_ (rising edge-triggered flip-flop clocked by clk)
Path Group: clk
Path Type: min

Fanout     Cap    Slew   Delay    Time   Description
-----------------------------------------------------------------------------
                          0.00    0.00   clock clk (rise edge)
                          0.00    0.00   clock source latency
                  0.04    0.03    0.03 ^ clk (in)
     1    0.01                           clk (net)
                  0.04    0.00    0.03 ^ clkbuf_0_clk/A (sky130_fd_sc_hd__clkbuf_16)
                  0.05    0.13    0.15 ^ clkbuf_0_clk/X (sky130_fd_sc_hd__clkbuf_16)
     4    0.03                           clknet_0_clk (net)
                  0.05    0.00    0.15 ^ clkbuf_2_2__f_clk/A (sky130_fd_sc_hd__clkbuf_16)
                  0.04    0.12    0.27 ^ clkbuf_2_2__f_clk/X (sky130_fd_sc_hd__clkbuf_16)
     8    0.01                           clknet_2_2__leaf_clk (net)
                  0.04    0.00    0.27 ^ _273_/CLK (sky130_fd_sc_hd__dfrtp_2)
                  0.08    0.35    0.63 ^ _273_/Q (sky130_fd_sc_hd__dfrtp_2)
     5    0.01                           net12 (net)
                  0.08    0.00    0.63 ^ _130_/A (sky130_fd_sc_hd__clkbuf_4)
                  0.09    0.17    0.80 ^ _130_/X (sky130_fd_sc_hd__clkbuf_4)
    10    0.03                           _120_ (net)
                  0.09    0.00    0.80 ^ _234_/B1 (sky130_fd_sc_hd__a21oi_4)
                  0.05    0.06    0.86 v _234_/Y (sky130_fd_sc_hd__a21oi_4)
     8    0.03                           _102_ (net)
                  0.05    0.00    0.86 v _255_/A (sky130_fd_sc_hd__inv_2)
                  0.02    0.04    0.90 ^ _255_/Y (sky130_fd_sc_hd__inv_2)
     1    0.00                           _116_ (net)
                  0.02    0.00    0.90 ^ _257_/A2 (sky130_fd_sc_hd__a22o_1)
                  0.04    0.11    1.01 ^ _257_/X (sky130_fd_sc_hd__a22o_1)
     1    0.00                           _034_ (net)
                  0.04    0.00    1.01 ^ _295_/D (sky130_fd_sc_hd__dfrtp_1)
                                  1.01   data arrival time

                          0.00    0.00   clock clk (rise edge)
                          0.00    0.00   clock source latency
                  0.04    0.03    0.03 ^ clk (in)
     1    0.01                           clk (net)
                  0.04    0.00    0.03 ^ clkbuf_0_clk/A (sky130_fd_sc_hd__clkbuf_16)
                  0.05    0.14    0.17 ^ clkbuf_0_clk/X (sky130_fd_sc_hd__clkbuf_16)
     4    0.03                           clknet_0_clk (net)
                  0.05    0.00    0.17 ^ clkbuf_2_0__f_clk/A (sky130_fd_sc_hd__clkbuf_16)
                  0.04    0.13    0.30 ^ clkbuf_2_0__f_clk/X (sky130_fd_sc_hd__clkbuf_16)
     9    0.02                           clknet_2_0__leaf_clk (net)
                  0.04    0.00    0.30 ^ _295_/CLK (sky130_fd_sc_hd__dfrtp_1)
                          0.25    0.55   clock uncertainty
                         -0.02    0.54   clock reconvergence pessimism
                         -0.03    0.50   library hold time
                                  0.50   data required time
-----------------------------------------------------------------------------
                                  0.50   data required time
                                 -1.01   data arrival time
-----------------------------------------------------------------------------
                                  0.51   slack (MET)


Startpoint: _283_ (rising edge-triggered flip-flop clocked by clk)
Endpoint: _273_ (rising edge-triggered flip-flop clocked by clk)
Path Group: clk
Path Type: min

Fanout     Cap    Slew   Delay    Time   Description
-----------------------------------------------------------------------------
                          0.00    0.00   clock clk (rise edge)
                          0.00    0.00   clock source latency
                  0.04    0.03    0.03 ^ clk (in)
     1    0.01                           clk (net)
                  0.04    0.00    0.03 ^ clkbuf_0_clk/A (sky130_fd_sc_hd__clkbuf_16)
                  0.05    0.13    0.15 ^ clkbuf_0_clk/X (sky130_fd_sc_hd__clkbuf_16)
     4    0.03                           clknet_0_clk (net)
                  0.05    0.00    0.15 ^ clkbuf_2_2__f_clk/A (sky130_fd_sc_hd__clkbuf_16)
                  0.04    0.12    0.27 ^ clkbuf_2_2__f_clk/X (sky130_fd_sc_hd__clkbuf_16)
     8    0.01                           clknet_2_2__leaf_clk (net)
                  0.04    0.00    0.27 ^ _283_/CLK (sky130_fd_sc_hd__dfrtp_1)
                  0.09    0.34    0.61 ^ _283_/Q (sky130_fd_sc_hd__dfrtp_1)
     3    0.01                           idle_counter[9] (net)
                  0.09    0.00    0.61 ^ _174_/B1 (sky130_fd_sc_hd__a21o_1)
                  0.09    0.12    0.73 ^ _174_/X (sky130_fd_sc_hd__a21o_1)
     3    0.01                           _058_ (net)
                  0.09    0.00    0.73 ^ _175_/A2 (sky130_fd_sc_hd__a21oi_1)
                  0.04    0.07    0.80 v _175_/Y (sky130_fd_sc_hd__a21oi_1)
     2    0.00                           _059_ (net)
                  0.04    0.00    0.80 v _178_/A_N (sky130_fd_sc_hd__and2b_1)
                  0.04    0.17    0.97 ^ _178_/X (sky130_fd_sc_hd__and2b_1)
     1    0.00                           _061_ (net)
                  0.04    0.00    0.97 ^ _179_/A (sky130_fd_sc_hd__clkbuf_1)
                  0.04    0.07    1.04 ^ _179_/X (sky130_fd_sc_hd__clkbuf_1)
     1    0.00                           _012_ (net)
                  0.04    0.00    1.04 ^ _273_/D (sky130_fd_sc_hd__dfrtp_2)
                                  1.04   data arrival time

                          0.00    0.00   clock clk (rise edge)
                          0.00    0.00   clock source latency
                  0.04    0.03    0.03 ^ clk (in)
     1    0.01                           clk (net)
                  0.04    0.00    0.03 ^ clkbuf_0_clk/A (sky130_fd_sc_hd__clkbuf_16)
                  0.05    0.14    0.17 ^ clkbuf_0_clk/X (sky130_fd_sc_hd__clkbuf_16)
     4    0.03                           clknet_0_clk (net)
                  0.05    0.00    0.17 ^ clkbuf_2_2__f_clk/A (sky130_fd_sc_hd__clkbuf_16)
                  0.04    0.13    0.30 ^ clkbuf_2_2__f_clk/X (sky130_fd_sc_hd__clkbuf_16)
     8    0.01                           clknet_2_2__leaf_clk (net)
                  0.04    0.00    0.30 ^ _273_/CLK (sky130_fd_sc_hd__dfrtp_2)
                          0.25    0.55   clock uncertainty
                         -0.03    0.52   clock reconvergence pessimism
                         -0.03    0.49   library hold time
                                  0.49   data required time
-----------------------------------------------------------------------------
                                  0.49   data required time
                                 -1.04   data arrival time
-----------------------------------------------------------------------------
                                  0.55   slack (MET)


Startpoint: rst_n (input port clocked by clk)
Endpoint: _269_ (removal check against rising-edge clock clk)
Path Group: asynchronous
Path Type: min

Fanout     Cap    Slew   Delay    Time   Description
-----------------------------------------------------------------------------
                          0.00    0.00   clock clk (rise edge)
                          0.00    0.00   clock network delay (propagated)
                          4.00    4.00 ^ input external delay
                  0.02    0.01    4.01 ^ rst_n (in)
     1    0.00                           rst_n (net)
                  0.02    0.00    4.01 ^ input1/A (sky130_fd_sc_hd__clkbuf_2)
                  0.06    0.10    4.11 ^ input1/X (sky130_fd_sc_hd__clkbuf_2)
     4    0.01                           net1 (net)
                  0.06    0.00    4.11 ^ fanout18/A (sky130_fd_sc_hd__clkbuf_4)
                  0.11    0.18    4.29 ^ fanout18/X (sky130_fd_sc_hd__clkbuf_4)
     9    0.03                           net18 (net)
                  0.11    0.00    4.29 ^ _269_/RESET_B (sky130_fd_sc_hd__dfrtp_2)
                                  4.29   data arrival time

                          0.00    0.00   clock clk (rise edge)
                          0.00    0.00   clock source latency
                  0.04    0.03    0.03 ^ clk (in)
     1    0.01                           clk (net)
                  0.04    0.00    0.03 ^ clkbuf_0_clk/A (sky130_fd_sc_hd__clkbuf_16)
                  0.05    0.14    0.17 ^ clkbuf_0_clk/X (sky130_fd_sc_hd__clkbuf_16)
     4    0.03                           clknet_0_clk (net)
                  0.05    0.00    0.17 ^ clkbuf_2_1__f_clk/A (sky130_fd_sc_hd__clkbuf_16)
                  0.04    0.14    0.31 ^ clkbuf_2_1__f_clk/X (sky130_fd_sc_hd__clkbuf_16)
    11    0.02                           clknet_2_1__leaf_clk (net)
                  0.04    0.00    0.31 ^ _269_/CLK (sky130_fd_sc_hd__dfrtp_2)
                          0.25    0.56   clock uncertainty
                          0.00    0.56   clock reconvergence pessimism
                          0.34    0.89   library removal time
                                  0.89   data required time
-----------------------------------------------------------------------------
                                  0.89   data required time
                                 -4.29   data arrival time
-----------------------------------------------------------------------------
                                  3.39   slack (MET)


Startpoint: rst_n (input port clocked by clk)
Endpoint: _278_ (removal check against rising-edge clock clk)
Path Group: asynchronous
Path Type: min

Fanout     Cap    Slew   Delay    Time   Description
-----------------------------------------------------------------------------
                          0.00    0.00   clock clk (rise edge)
                          0.00    0.00   clock network delay (propagated)
                          4.00    4.00 ^ input external delay
                  0.02    0.01    4.01 ^ rst_n (in)
     1    0.00                           rst_n (net)
                  0.02    0.00    4.01 ^ input1/A (sky130_fd_sc_hd__clkbuf_2)
                  0.06    0.10    4.11 ^ input1/X (sky130_fd_sc_hd__clkbuf_2)
     4    0.01                           net1 (net)
                  0.06    0.00    4.11 ^ fanout16/A (sky130_fd_sc_hd__clkbuf_4)
                  0.10    0.17    4.28 ^ fanout16/X (sky130_fd_sc_hd__clkbuf_4)
     8    0.03                           net16 (net)
                  0.10    0.00    4.28 ^ _278_/RESET_B (sky130_fd_sc_hd__dfrtp_1)
                                  4.28   data arrival time

                          0.00    0.00   clock clk (rise edge)
                          0.00    0.00   clock source latency
                  0.04    0.03    0.03 ^ clk (in)
     1    0.01                           clk (net)
                  0.04    0.00    0.03 ^ clkbuf_0_clk/A (sky130_fd_sc_hd__clkbuf_16)
                  0.05    0.14    0.17 ^ clkbuf_0_clk/X (sky130_fd_sc_hd__clkbuf_16)
     4    0.03                           clknet_0_clk (net)
                  0.05    0.00    0.17 ^ clkbuf_2_3__f_clk/A (sky130_fd_sc_hd__clkbuf_16)
                  0.04    0.13    0.30 ^ clkbuf_2_3__f_clk/X (sky130_fd_sc_hd__clkbuf_16)
     9    0.02                           clknet_2_3__leaf_clk (net)
                  0.04    0.00    0.30 ^ _278_/CLK (sky130_fd_sc_hd__dfrtp_1)
                          0.25    0.55   clock uncertainty
                          0.00    0.55   clock reconvergence pessimism
                          0.33    0.89   library removal time
                                  0.89   data required time
-----------------------------------------------------------------------------
                                  0.89   data required time
                                 -4.28   data arrival time
-----------------------------------------------------------------------------
                                  3.39   slack (MET)


Startpoint: rst_n (input port clocked by clk)
Endpoint: _274_ (removal check against rising-edge clock clk)
Path Group: asynchronous
Path Type: min

Fanout     Cap    Slew   Delay    Time   Description
-----------------------------------------------------------------------------
                          0.00    0.00   clock clk (rise edge)
                          0.00    0.00   clock network delay (propagated)
                          4.00    4.00 ^ input external delay
                  0.02    0.01    4.01 ^ rst_n (in)
     1    0.00                           rst_n (net)
                  0.02    0.00    4.01 ^ input1/A (sky130_fd_sc_hd__clkbuf_2)
                  0.06    0.10    4.11 ^ input1/X (sky130_fd_sc_hd__clkbuf_2)
     4    0.01                           net1 (net)
                  0.06    0.00    4.11 ^ fanout16/A (sky130_fd_sc_hd__clkbuf_4)
                  0.10    0.17    4.28 ^ fanout16/X (sky130_fd_sc_hd__clkbuf_4)
     8    0.03                           net16 (net)
                  0.10    0.00    4.28 ^ _274_/RESET_B (sky130_fd_sc_hd__dfrtp_4)
                                  4.28   data arrival time

                          0.00    0.00   clock clk (rise edge)
                          0.00    0.00   clock source latency
                  0.04    0.03    0.03 ^ clk (in)
     1    0.01                           clk (net)
                  0.04    0.00    0.03 ^ clkbuf_0_clk/A (sky130_fd_sc_hd__clkbuf_16)
                  0.05    0.14    0.17 ^ clkbuf_0_clk/X (sky130_fd_sc_hd__clkbuf_16)
     4    0.03                           clknet_0_clk (net)
                  0.05    0.00    0.17 ^ clkbuf_2_2__f_clk/A (sky130_fd_sc_hd__clkbuf_16)
                  0.04    0.13    0.30 ^ clkbuf_2_2__f_clk/X (sky130_fd_sc_hd__clkbuf_16)
     8    0.01                           clknet_2_2__leaf_clk (net)
                  0.04    0.00    0.30 ^ _274_/CLK (sky130_fd_sc_hd__dfrtp_4)
                          0.25    0.55   clock uncertainty
                          0.00    0.55   clock reconvergence pessimism
                          0.33    0.88   library removal time
                                  0.88   data required time
-----------------------------------------------------------------------------
                                  0.88   data required time
                                 -4.28   data arrival time
-----------------------------------------------------------------------------
                                  3.39   slack (MET)


Startpoint: rst_n (input port clocked by clk)
Endpoint: _277_ (removal check against rising-edge clock clk)
Path Group: asynchronous
Path Type: min

Fanout     Cap    Slew   Delay    Time   Description
-----------------------------------------------------------------------------
                          0.00    0.00   clock clk (rise edge)
                          0.00    0.00   clock network delay (propagated)
                          4.00    4.00 ^ input external delay
                  0.02    0.01    4.01 ^ rst_n (in)
     1    0.00                           rst_n (net)
                  0.02    0.00    4.01 ^ input1/A (sky130_fd_sc_hd__clkbuf_2)
                  0.06    0.10    4.11 ^ input1/X (sky130_fd_sc_hd__clkbuf_2)
     4    0.01                           net1 (net)
                  0.06    0.00    4.11 ^ fanout16/A (sky130_fd_sc_hd__clkbuf_4)
                  0.10    0.17    4.28 ^ fanout16/X (sky130_fd_sc_hd__clkbuf_4)
     8    0.03                           net16 (net)
                  0.10    0.00    4.28 ^ _277_/RESET_B (sky130_fd_sc_hd__dfrtp_1)
                                  4.28   data arrival time

                          0.00    0.00   clock clk (rise edge)
                          0.00    0.00   clock source latency
                  0.04    0.03    0.03 ^ clk (in)
     1    0.01                           clk (net)
                  0.04    0.00    0.03 ^ clkbuf_0_clk/A (sky130_fd_sc_hd__clkbuf_16)
                  0.05    0.14    0.17 ^ clkbuf_0_clk/X (sky130_fd_sc_hd__clkbuf_16)
     4    0.03                           clknet_0_clk (net)
                  0.05    0.00    0.17 ^ clkbuf_2_2__f_clk/A (sky130_fd_sc_hd__clkbuf_16)
                  0.04    0.13    0.30 ^ clkbuf_2_2__f_clk/X (sky130_fd_sc_hd__clkbuf_16)
     8    0.01                           clknet_2_2__leaf_clk (net)
                  0.04    0.00    0.30 ^ _277_/CLK (sky130_fd_sc_hd__dfrtp_1)
                          0.25    0.55   clock uncertainty
                          0.00    0.55   clock reconvergence pessimism
                          0.33    0.88   library removal time
                                  0.88   data required time
-----------------------------------------------------------------------------
                                  0.88   data required time
                                 -4.28   data arrival time
-----------------------------------------------------------------------------
                                  3.39   slack (MET)


Startpoint: rst_n (input port clocked by clk)
Endpoint: _282_ (removal check against rising-edge clock clk)
Path Group: asynchronous
Path Type: min

Fanout     Cap    Slew   Delay    Time   Description
-----------------------------------------------------------------------------
                          0.00    0.00   clock clk (rise edge)
                          0.00    0.00   clock network delay (propagated)
                          4.00    4.00 ^ input external delay
                  0.02    0.01    4.01 ^ rst_n (in)
     1    0.00                           rst_n (net)
                  0.02    0.00    4.01 ^ input1/A (sky130_fd_sc_hd__clkbuf_2)
                  0.06    0.10    4.11 ^ input1/X (sky130_fd_sc_hd__clkbuf_2)
     4    0.01                           net1 (net)
                  0.06    0.00    4.11 ^ fanout16/A (sky130_fd_sc_hd__clkbuf_4)
                  0.10    0.17    4.28 ^ fanout16/X (sky130_fd_sc_hd__clkbuf_4)
     8    0.03                           net16 (net)
                  0.10    0.00    4.28 ^ _282_/RESET_B (sky130_fd_sc_hd__dfrtp_1)
                                  4.28   data arrival time

                          0.00    0.00   clock clk (rise edge)
                          0.00    0.00   clock source latency
                  0.04    0.03    0.03 ^ clk (in)
     1    0.01                           clk (net)
                  0.04    0.00    0.03 ^ clkbuf_0_clk/A (sky130_fd_sc_hd__clkbuf_16)
                  0.05    0.14    0.17 ^ clkbuf_0_clk/X (sky130_fd_sc_hd__clkbuf_16)
     4    0.03                           clknet_0_clk (net)
                  0.05    0.00    0.17 ^ clkbuf_2_2__f_clk/A (sky130_fd_sc_hd__clkbuf_16)
                  0.04    0.13    0.30 ^ clkbuf_2_2__f_clk/X (sky130_fd_sc_hd__clkbuf_16)
     8    0.01                           clknet_2_2__leaf_clk (net)
                  0.04    0.00    0.30 ^ _282_/CLK (sky130_fd_sc_hd__dfrtp_1)
                          0.25    0.55   clock uncertainty
                          0.00    0.55   clock reconvergence pessimism
                          0.33    0.88   library removal time
                                  0.88   data required time
-----------------------------------------------------------------------------
                                  0.88   data required time
                                 -4.28   data arrival time
-----------------------------------------------------------------------------
                                  3.39   slack (MET)


Startpoint: rst_n (input port clocked by clk)
Endpoint: _283_ (removal check against rising-edge clock clk)
Path Group: asynchronous
Path Type: min

Fanout     Cap    Slew   Delay    Time   Description
-----------------------------------------------------------------------------
                          0.00    0.00   clock clk (rise edge)
                          0.00    0.00   clock network delay (propagated)
                          4.00    4.00 ^ input external delay
                  0.02    0.01    4.01 ^ rst_n (in)
     1    0.00                           rst_n (net)
                  0.02    0.00    4.01 ^ input1/A (sky130_fd_sc_hd__clkbuf_2)
                  0.06    0.10    4.11 ^ input1/X (sky130_fd_sc_hd__clkbuf_2)
     4    0.01                           net1 (net)
                  0.06    0.00    4.11 ^ fanout16/A (sky130_fd_sc_hd__clkbuf_4)
                  0.10    0.17    4.28 ^ fanout16/X (sky130_fd_sc_hd__clkbuf_4)
     8    0.03                           net16 (net)
                  0.10    0.00    4.28 ^ _283_/RESET_B (sky130_fd_sc_hd__dfrtp_1)
                                  4.28   data arrival time

                          0.00    0.00   clock clk (rise edge)
                          0.00    0.00   clock source latency
                  0.04    0.03    0.03 ^ clk (in)
     1    0.01                           clk (net)
                  0.04    0.00    0.03 ^ clkbuf_0_clk/A (sky130_fd_sc_hd__clkbuf_16)
                  0.05    0.14    0.17 ^ clkbuf_0_clk/X (sky130_fd_sc_hd__clkbuf_16)
     4    0.03                           clknet_0_clk (net)
                  0.05    0.00    0.17 ^ clkbuf_2_2__f_clk/A (sky130_fd_sc_hd__clkbuf_16)
                  0.04    0.13    0.30 ^ clkbuf_2_2__f_clk/X (sky130_fd_sc_hd__clkbuf_16)
     8    0.01                           clknet_2_2__leaf_clk (net)
                  0.04    0.00    0.30 ^ _283_/CLK (sky130_fd_sc_hd__dfrtp_1)
                          0.25    0.55   clock uncertainty
                          0.00    0.55   clock reconvergence pessimism
                          0.33    0.88   library removal time
                                  0.88   data required time
-----------------------------------------------------------------------------
                                  0.88   data required time
                                 -4.28   data arrival time
-----------------------------------------------------------------------------
                                  3.39   slack (MET)


Startpoint: rst_n (input port clocked by clk)
Endpoint: _273_ (removal check against rising-edge clock clk)
Path Group: asynchronous
Path Type: min

Fanout     Cap    Slew   Delay    Time   Description
-----------------------------------------------------------------------------
                          0.00    0.00   clock clk (rise edge)
                          0.00    0.00   clock network delay (propagated)
                          4.00    4.00 ^ input external delay
                  0.02    0.01    4.01 ^ rst_n (in)
     1    0.00                           rst_n (net)
                  0.02    0.00    4.01 ^ input1/A (sky130_fd_sc_hd__clkbuf_2)
                  0.06    0.10    4.11 ^ input1/X (sky130_fd_sc_hd__clkbuf_2)
     4    0.01                           net1 (net)
                  0.06    0.00    4.11 ^ fanout16/A (sky130_fd_sc_hd__clkbuf_4)
                  0.10    0.17    4.28 ^ fanout16/X (sky130_fd_sc_hd__clkbuf_4)
     8    0.03                           net16 (net)
                  0.10    0.00    4.28 ^ _273_/RESET_B (sky130_fd_sc_hd__dfrtp_2)
                                  4.28   data arrival time

                          0.00    0.00   clock clk (rise edge)
                          0.00    0.00   clock source latency
                  0.04    0.03    0.03 ^ clk (in)
     1    0.01                           clk (net)
                  0.04    0.00    0.03 ^ clkbuf_0_clk/A (sky130_fd_sc_hd__clkbuf_16)
                  0.05    0.14    0.17 ^ clkbuf_0_clk/X (sky130_fd_sc_hd__clkbuf_16)
     4    0.03                           clknet_0_clk (net)
                  0.05    0.00    0.17 ^ clkbuf_2_2__f_clk/A (sky130_fd_sc_hd__clkbuf_16)
                  0.04    0.13    0.30 ^ clkbuf_2_2__f_clk/X (sky130_fd_sc_hd__clkbuf_16)
     8    0.01                           clknet_2_2__leaf_clk (net)
                  0.04    0.00    0.30 ^ _273_/CLK (sky130_fd_sc_hd__dfrtp_2)
                          0.25    0.55   clock uncertainty
                          0.00    0.55   clock reconvergence pessimism
                          0.33    0.88   library removal time
                                  0.88   data required time
-----------------------------------------------------------------------------
                                  0.88   data required time
                                 -4.28   data arrival time
-----------------------------------------------------------------------------
                                  3.39   slack (MET)


Startpoint: rst_n (input port clocked by clk)
Endpoint: _275_ (removal check against rising-edge clock clk)
Path Group: asynchronous
Path Type: min

Fanout     Cap    Slew   Delay    Time   Description
-----------------------------------------------------------------------------
                          0.00    0.00   clock clk (rise edge)
                          0.00    0.00   clock network delay (propagated)
                          4.00    4.00 ^ input external delay
                  0.02    0.01    4.01 ^ rst_n (in)
     1    0.00                           rst_n (net)
                  0.02    0.00    4.01 ^ input1/A (sky130_fd_sc_hd__clkbuf_2)
                  0.06    0.10    4.11 ^ input1/X (sky130_fd_sc_hd__clkbuf_2)
     4    0.01                           net1 (net)
                  0.06    0.00    4.11 ^ fanout16/A (sky130_fd_sc_hd__clkbuf_4)
                  0.10    0.17    4.28 ^ fanout16/X (sky130_fd_sc_hd__clkbuf_4)
     8    0.03                           net16 (net)
                  0.10    0.00    4.28 ^ _275_/RESET_B (sky130_fd_sc_hd__dfrtp_2)
                                  4.28   data arrival time

                          0.00    0.00   clock clk (rise edge)
                          0.00    0.00   clock source latency
                  0.04    0.03    0.03 ^ clk (in)
     1    0.01                           clk (net)
                  0.04    0.00    0.03 ^ clkbuf_0_clk/A (sky130_fd_sc_hd__clkbuf_16)
                  0.05    0.14    0.17 ^ clkbuf_0_clk/X (sky130_fd_sc_hd__clkbuf_16)
     4    0.03                           clknet_0_clk (net)
                  0.05    0.00    0.17 ^ clkbuf_2_2__f_clk/A (sky130_fd_sc_hd__clkbuf_16)
                  0.04    0.13    0.30 ^ clkbuf_2_2__f_clk/X (sky130_fd_sc_hd__clkbuf_16)
     8    0.01                           clknet_2_2__leaf_clk (net)
                  0.04    0.00    0.30 ^ _275_/CLK (sky130_fd_sc_hd__dfrtp_2)
                          0.25    0.55   clock uncertainty
                          0.00    0.55   clock reconvergence pessimism
                          0.33    0.88   library removal time
                                  0.88   data required time
-----------------------------------------------------------------------------
                                  0.88   data required time
                                 -4.28   data arrival time
-----------------------------------------------------------------------------
                                  3.39   slack (MET)


Startpoint: rst_n (input port clocked by clk)
Endpoint: _276_ (removal check against rising-edge clock clk)
Path Group: asynchronous
Path Type: min

Fanout     Cap    Slew   Delay    Time   Description
-----------------------------------------------------------------------------
                          0.00    0.00   clock clk (rise edge)
                          0.00    0.00   clock network delay (propagated)
                          4.00    4.00 ^ input external delay
                  0.02    0.01    4.01 ^ rst_n (in)
     1    0.00                           rst_n (net)
                  0.02    0.00    4.01 ^ input1/A (sky130_fd_sc_hd__clkbuf_2)
                  0.06    0.10    4.11 ^ input1/X (sky130_fd_sc_hd__clkbuf_2)
     4    0.01                           net1 (net)
                  0.06    0.00    4.11 ^ fanout16/A (sky130_fd_sc_hd__clkbuf_4)
                  0.10    0.17    4.28 ^ fanout16/X (sky130_fd_sc_hd__clkbuf_4)
     8    0.03                           net16 (net)
                  0.10    0.00    4.28 ^ _276_/RESET_B (sky130_fd_sc_hd__dfrtp_2)
                                  4.28   data arrival time

                          0.00    0.00   clock clk (rise edge)
                          0.00    0.00   clock source latency
                  0.04    0.03    0.03 ^ clk (in)
     1    0.01                           clk (net)
                  0.04    0.00    0.03 ^ clkbuf_0_clk/A (sky130_fd_sc_hd__clkbuf_16)
                  0.05    0.14    0.17 ^ clkbuf_0_clk/X (sky130_fd_sc_hd__clkbuf_16)
     4    0.03                           clknet_0_clk (net)
                  0.05    0.00    0.17 ^ clkbuf_2_2__f_clk/A (sky130_fd_sc_hd__clkbuf_16)
                  0.04    0.13    0.30 ^ clkbuf_2_2__f_clk/X (sky130_fd_sc_hd__clkbuf_16)
     8    0.01                           clknet_2_2__leaf_clk (net)
                  0.04    0.00    0.30 ^ _276_/CLK (sky130_fd_sc_hd__dfrtp_2)
                          0.25    0.55   clock uncertainty
                          0.00    0.55   clock reconvergence pessimism
                          0.33    0.88   library removal time
                                  0.88   data required time
-----------------------------------------------------------------------------
                                  0.88   data required time
                                 -4.28   data arrival time
-----------------------------------------------------------------------------
                                  3.39   slack (MET)


Startpoint: rst_n (input port clocked by clk)
Endpoint: _296_ (removal check against rising-edge clock clk)
Path Group: asynchronous
Path Type: min

Fanout     Cap    Slew   Delay    Time   Description
-----------------------------------------------------------------------------
                          0.00    0.00   clock clk (rise edge)
                          0.00    0.00   clock network delay (propagated)
                          4.00    4.00 ^ input external delay
                  0.02    0.01    4.01 ^ rst_n (in)
     1    0.00                           rst_n (net)
                  0.02    0.00    4.01 ^ input1/A (sky130_fd_sc_hd__clkbuf_2)
                  0.06    0.10    4.11 ^ input1/X (sky130_fd_sc_hd__clkbuf_2)
     4    0.01                           net1 (net)
                  0.06    0.00    4.11 ^ fanout17/A (sky130_fd_sc_hd__clkbuf_4)
                  0.12    0.18    4.29 ^ fanout17/X (sky130_fd_sc_hd__clkbuf_4)
    10    0.04                           net17 (net)
                  0.12    0.00    4.29 ^ _296_/RESET_B (sky130_fd_sc_hd__dfrtp_4)
                                  4.29   data arrival time

                          0.00    0.00   clock clk (rise edge)
                          0.00    0.00   clock source latency
                  0.04    0.03    0.03 ^ clk (in)
     1    0.01                           clk (net)
                  0.04    0.00    0.03 ^ clkbuf_0_clk/A (sky130_fd_sc_hd__clkbuf_16)
                  0.05    0.14    0.17 ^ clkbuf_0_clk/X (sky130_fd_sc_hd__clkbuf_16)
     4    0.03                           clknet_0_clk (net)
                  0.05    0.00    0.17 ^ clkbuf_2_1__f_clk/A (sky130_fd_sc_hd__clkbuf_16)
                  0.04    0.14    0.31 ^ clkbuf_2_1__f_clk/X (sky130_fd_sc_hd__clkbuf_16)
    11    0.02                           clknet_2_1__leaf_clk (net)
                  0.04    0.00    0.31 ^ _296_/CLK (sky130_fd_sc_hd__dfrtp_4)
                          0.25    0.56   clock uncertainty
                          0.00    0.56   clock reconvergence pessimism
                          0.34    0.90   library removal time
                                  0.90   data required time
-----------------------------------------------------------------------------
                                  0.90   data required time
                                 -4.29   data arrival time
-----------------------------------------------------------------------------
                                  3.40   slack (MET)


Startpoint: rst_n (input port clocked by clk)
Endpoint: _297_ (removal check against rising-edge clock clk)
Path Group: asynchronous
Path Type: min

Fanout     Cap    Slew   Delay    Time   Description
-----------------------------------------------------------------------------
                          0.00    0.00   clock clk (rise edge)
                          0.00    0.00   clock network delay (propagated)
                          4.00    4.00 ^ input external delay
                  0.02    0.01    4.01 ^ rst_n (in)
     1    0.00                           rst_n (net)
                  0.02    0.00    4.01 ^ input1/A (sky130_fd_sc_hd__clkbuf_2)
                  0.06    0.10    4.11 ^ input1/X (sky130_fd_sc_hd__clkbuf_2)
     4    0.01                           net1 (net)
                  0.06    0.00    4.11 ^ fanout17/A (sky130_fd_sc_hd__clkbuf_4)
                  0.12    0.18    4.29 ^ fanout17/X (sky130_fd_sc_hd__clkbuf_4)
    10    0.04                           net17 (net)
                  0.12    0.00    4.29 ^ _297_/RESET_B (sky130_fd_sc_hd__dfrtp_4)
                                  4.29   data arrival time

                          0.00    0.00   clock clk (rise edge)
                          0.00    0.00   clock source latency
                  0.04    0.03    0.03 ^ clk (in)
     1    0.01                           clk (net)
                  0.04    0.00    0.03 ^ clkbuf_0_clk/A (sky130_fd_sc_hd__clkbuf_16)
                  0.05    0.14    0.17 ^ clkbuf_0_clk/X (sky130_fd_sc_hd__clkbuf_16)
     4    0.03                           clknet_0_clk (net)
                  0.05    0.00    0.17 ^ clkbuf_2_1__f_clk/A (sky130_fd_sc_hd__clkbuf_16)
                  0.04    0.14    0.31 ^ clkbuf_2_1__f_clk/X (sky130_fd_sc_hd__clkbuf_16)
    11    0.02                           clknet_2_1__leaf_clk (net)
                  0.04    0.00    0.31 ^ _297_/CLK (sky130_fd_sc_hd__dfrtp_4)
                          0.25    0.56   clock uncertainty
                          0.00    0.56   clock reconvergence pessimism
                          0.34    0.90   library removal time
                                  0.90   data required time
-----------------------------------------------------------------------------
                                  0.90   data required time
                                 -4.29   data arrival time
-----------------------------------------------------------------------------
                                  3.40   slack (MET)


Startpoint: rst_n (input port clocked by clk)
Endpoint: _266_ (removal check against rising-edge clock clk)
Path Group: asynchronous
Path Type: min

Fanout     Cap    Slew   Delay    Time   Description
-----------------------------------------------------------------------------
                          0.00    0.00   clock clk (rise edge)
                          0.00    0.00   clock network delay (propagated)
                          4.00    4.00 ^ input external delay
                  0.02    0.01    4.01 ^ rst_n (in)
     1    0.00                           rst_n (net)
                  0.02    0.00    4.01 ^ input1/A (sky130_fd_sc_hd__clkbuf_2)
                  0.06    0.10    4.11 ^ input1/X (sky130_fd_sc_hd__clkbuf_2)
     4    0.01                           net1 (net)
                  0.06    0.00    4.11 ^ fanout17/A (sky130_fd_sc_hd__clkbuf_4)
                  0.12    0.18    4.29 ^ fanout17/X (sky130_fd_sc_hd__clkbuf_4)
    10    0.04                           net17 (net)
                  0.12    0.00    4.29 ^ _266_/RESET_B (sky130_fd_sc_hd__dfrtp_1)
                                  4.29   data arrival time

                          0.00    0.00   clock clk (rise edge)
                          0.00    0.00   clock source latency
                  0.04    0.03    0.03 ^ clk (in)
     1    0.01                           clk (net)
                  0.04    0.00    0.03 ^ clkbuf_0_clk/A (sky130_fd_sc_hd__clkbuf_16)
                  0.05    0.14    0.17 ^ clkbuf_0_clk/X (sky130_fd_sc_hd__clkbuf_16)
     4    0.03                           clknet_0_clk (net)
                  0.05    0.00    0.17 ^ clkbuf_2_1__f_clk/A (sky130_fd_sc_hd__clkbuf_16)
                  0.04    0.14    0.31 ^ clkbuf_2_1__f_clk/X (sky130_fd_sc_hd__clkbuf_16)
    11    0.02                           clknet_2_1__leaf_clk (net)
                  0.04    0.00    0.31 ^ _266_/CLK (sky130_fd_sc_hd__dfrtp_1)
                          0.25    0.56   clock uncertainty
                          0.00    0.56   clock reconvergence pessimism
                          0.34    0.90   library removal time
                                  0.90   data required time
-----------------------------------------------------------------------------
                                  0.90   data required time
                                 -4.29   data arrival time
-----------------------------------------------------------------------------
                                  3.40   slack (MET)


Startpoint: rst_n (input port clocked by clk)
Endpoint: _267_ (removal check against rising-edge clock clk)
Path Group: asynchronous
Path Type: min

Fanout     Cap    Slew   Delay    Time   Description
-----------------------------------------------------------------------------
                          0.00    0.00   clock clk (rise edge)
                          0.00    0.00   clock network delay (propagated)
                          4.00    4.00 ^ input external delay
                  0.02    0.01    4.01 ^ rst_n (in)
     1    0.00                           rst_n (net)
                  0.02    0.00    4.01 ^ input1/A (sky130_fd_sc_hd__clkbuf_2)
                  0.06    0.10    4.11 ^ input1/X (sky130_fd_sc_hd__clkbuf_2)
     4    0.01                           net1 (net)
                  0.06    0.00    4.11 ^ fanout17/A (sky130_fd_sc_hd__clkbuf_4)
                  0.12    0.18    4.29 ^ fanout17/X (sky130_fd_sc_hd__clkbuf_4)
    10    0.04                           net17 (net)
                  0.12    0.00    4.29 ^ _267_/RESET_B (sky130_fd_sc_hd__dfrtp_1)
                                  4.29   data arrival time

                          0.00    0.00   clock clk (rise edge)
                          0.00    0.00   clock source latency
                  0.04    0.03    0.03 ^ clk (in)
     1    0.01                           clk (net)
                  0.04    0.00    0.03 ^ clkbuf_0_clk/A (sky130_fd_sc_hd__clkbuf_16)
                  0.05    0.14    0.17 ^ clkbuf_0_clk/X (sky130_fd_sc_hd__clkbuf_16)
     4    0.03                           clknet_0_clk (net)
                  0.05    0.00    0.17 ^ clkbuf_2_1__f_clk/A (sky130_fd_sc_hd__clkbuf_16)
                  0.04    0.14    0.31 ^ clkbuf_2_1__f_clk/X (sky130_fd_sc_hd__clkbuf_16)
    11    0.02                           clknet_2_1__leaf_clk (net)
                  0.04    0.00    0.31 ^ _267_/CLK (sky130_fd_sc_hd__dfrtp_1)
                          0.25    0.56   clock uncertainty
                          0.00    0.56   clock reconvergence pessimism
                          0.34    0.90   library removal time
                                  0.90   data required time
-----------------------------------------------------------------------------
                                  0.90   data required time
                                 -4.29   data arrival time
-----------------------------------------------------------------------------
                                  3.40   slack (MET)


Startpoint: rst_n (input port clocked by clk)
Endpoint: _268_ (removal check against rising-edge clock clk)
Path Group: asynchronous
Path Type: min

Fanout     Cap    Slew   Delay    Time   Description
-----------------------------------------------------------------------------
                          0.00    0.00   clock clk (rise edge)
                          0.00    0.00   clock network delay (propagated)
                          4.00    4.00 ^ input external delay
                  0.02    0.01    4.01 ^ rst_n (in)
     1    0.00                           rst_n (net)
                  0.02    0.00    4.01 ^ input1/A (sky130_fd_sc_hd__clkbuf_2)
                  0.06    0.10    4.11 ^ input1/X (sky130_fd_sc_hd__clkbuf_2)
     4    0.01                           net1 (net)
                  0.06    0.00    4.11 ^ fanout17/A (sky130_fd_sc_hd__clkbuf_4)
                  0.12    0.18    4.29 ^ fanout17/X (sky130_fd_sc_hd__clkbuf_4)
    10    0.04                           net17 (net)
                  0.12    0.00    4.29 ^ _268_/RESET_B (sky130_fd_sc_hd__dfrtp_1)
                                  4.29   data arrival time

                          0.00    0.00   clock clk (rise edge)
                          0.00    0.00   clock source latency
                  0.04    0.03    0.03 ^ clk (in)
     1    0.01                           clk (net)
                  0.04    0.00    0.03 ^ clkbuf_0_clk/A (sky130_fd_sc_hd__clkbuf_16)
                  0.05    0.14    0.17 ^ clkbuf_0_clk/X (sky130_fd_sc_hd__clkbuf_16)
     4    0.03                           clknet_0_clk (net)
                  0.05    0.00    0.17 ^ clkbuf_2_1__f_clk/A (sky130_fd_sc_hd__clkbuf_16)
                  0.04    0.14    0.31 ^ clkbuf_2_1__f_clk/X (sky130_fd_sc_hd__clkbuf_16)
    11    0.02                           clknet_2_1__leaf_clk (net)
                  0.04    0.00    0.31 ^ _268_/CLK (sky130_fd_sc_hd__dfrtp_1)
                          0.25    0.56   clock uncertainty
                          0.00    0.56   clock reconvergence pessimism
                          0.34    0.90   library removal time
                                  0.90   data required time
-----------------------------------------------------------------------------
                                  0.90   data required time
                                 -4.29   data arrival time
-----------------------------------------------------------------------------
                                  3.40   slack (MET)


Startpoint: rst_n (input port clocked by clk)
Endpoint: _270_ (removal check against rising-edge clock clk)
Path Group: asynchronous
Path Type: min

Fanout     Cap    Slew   Delay    Time   Description
-----------------------------------------------------------------------------
                          0.00    0.00   clock clk (rise edge)
                          0.00    0.00   clock network delay (propagated)
                          4.00    4.00 ^ input external delay
                  0.02    0.01    4.01 ^ rst_n (in)
     1    0.00                           rst_n (net)
                  0.02    0.00    4.01 ^ input1/A (sky130_fd_sc_hd__clkbuf_2)
                  0.06    0.10    4.11 ^ input1/X (sky130_fd_sc_hd__clkbuf_2)
     4    0.01                           net1 (net)
                  0.06    0.00    4.11 ^ fanout17/A (sky130_fd_sc_hd__clkbuf_4)
                  0.12    0.18    4.29 ^ fanout17/X (sky130_fd_sc_hd__clkbuf_4)
    10    0.04                           net17 (net)
                  0.12    0.00    4.29 ^ _270_/RESET_B (sky130_fd_sc_hd__dfrtp_1)
                                  4.29   data arrival time

                          0.00    0.00   clock clk (rise edge)
                          0.00    0.00   clock source latency
                  0.04    0.03    0.03 ^ clk (in)
     1    0.01                           clk (net)
                  0.04    0.00    0.03 ^ clkbuf_0_clk/A (sky130_fd_sc_hd__clkbuf_16)
                  0.05    0.14    0.17 ^ clkbuf_0_clk/X (sky130_fd_sc_hd__clkbuf_16)
     4    0.03                           clknet_0_clk (net)
                  0.05    0.00    0.17 ^ clkbuf_2_1__f_clk/A (sky130_fd_sc_hd__clkbuf_16)
                  0.04    0.14    0.31 ^ clkbuf_2_1__f_clk/X (sky130_fd_sc_hd__clkbuf_16)
    11    0.02                           clknet_2_1__leaf_clk (net)
                  0.04    0.00    0.31 ^ _270_/CLK (sky130_fd_sc_hd__dfrtp_1)
                          0.25    0.56   clock uncertainty
                          0.00    0.56   clock reconvergence pessimism
                          0.34    0.90   library removal time
                                  0.90   data required time
-----------------------------------------------------------------------------
                                  0.90   data required time
                                 -4.29   data arrival time
-----------------------------------------------------------------------------
                                  3.40   slack (MET)


Startpoint: rst_n (input port clocked by clk)
Endpoint: _284_ (removal check against rising-edge clock clk)
Path Group: asynchronous
Path Type: min

Fanout     Cap    Slew   Delay    Time   Description
-----------------------------------------------------------------------------
                          0.00    0.00   clock clk (rise edge)
                          0.00    0.00   clock network delay (propagated)
                          4.00    4.00 ^ input external delay
                  0.02    0.01    4.01 ^ rst_n (in)
     1    0.00                           rst_n (net)
                  0.02    0.00    4.01 ^ input1/A (sky130_fd_sc_hd__clkbuf_2)
                  0.06    0.10    4.11 ^ input1/X (sky130_fd_sc_hd__clkbuf_2)
     4    0.01                           net1 (net)
                  0.06    0.00    4.11 ^ fanout17/A (sky130_fd_sc_hd__clkbuf_4)
                  0.12    0.18    4.29 ^ fanout17/X (sky130_fd_sc_hd__clkbuf_4)
    10    0.04                           net17 (net)
                  0.12    0.00    4.29 ^ _284_/RESET_B (sky130_fd_sc_hd__dfrtp_1)
                                  4.29   data arrival time

                          0.00    0.00   clock clk (rise edge)
                          0.00    0.00   clock source latency
                  0.04    0.03    0.03 ^ clk (in)
     1    0.01                           clk (net)
                  0.04    0.00    0.03 ^ clkbuf_0_clk/A (sky130_fd_sc_hd__clkbuf_16)
                  0.05    0.14    0.17 ^ clkbuf_0_clk/X (sky130_fd_sc_hd__clkbuf_16)
     4    0.03                           clknet_0_clk (net)
                  0.05    0.00    0.17 ^ clkbuf_2_1__f_clk/A (sky130_fd_sc_hd__clkbuf_16)
                  0.04    0.14    0.31 ^ clkbuf_2_1__f_clk/X (sky130_fd_sc_hd__clkbuf_16)
    11    0.02                           clknet_2_1__leaf_clk (net)
                  0.04    0.00    0.31 ^ _284_/CLK (sky130_fd_sc_hd__dfrtp_1)
                          0.25    0.56   clock uncertainty
                          0.00    0.56   clock reconvergence pessimism
                          0.34    0.90   library removal time
                                  0.90   data required time
-----------------------------------------------------------------------------
                                  0.90   data required time
                                 -4.29   data arrival time
-----------------------------------------------------------------------------
                                  3.40   slack (MET)


Startpoint: rst_n (input port clocked by clk)
Endpoint: _285_ (removal check against rising-edge clock clk)
Path Group: asynchronous
Path Type: min

Fanout     Cap    Slew   Delay    Time   Description
-----------------------------------------------------------------------------
                          0.00    0.00   clock clk (rise edge)
                          0.00    0.00   clock network delay (propagated)
                          4.00    4.00 ^ input external delay
                  0.02    0.01    4.01 ^ rst_n (in)
     1    0.00                           rst_n (net)
                  0.02    0.00    4.01 ^ input1/A (sky130_fd_sc_hd__clkbuf_2)
                  0.06    0.10    4.11 ^ input1/X (sky130_fd_sc_hd__clkbuf_2)
     4    0.01                           net1 (net)
                  0.06    0.00    4.11 ^ fanout17/A (sky130_fd_sc_hd__clkbuf_4)
                  0.12    0.18    4.29 ^ fanout17/X (sky130_fd_sc_hd__clkbuf_4)
    10    0.04                           net17 (net)
                  0.12    0.00    4.29 ^ _285_/RESET_B (sky130_fd_sc_hd__dfrtp_1)
                                  4.29   data arrival time

                          0.00    0.00   clock clk (rise edge)
                          0.00    0.00   clock source latency
                  0.04    0.03    0.03 ^ clk (in)
     1    0.01                           clk (net)
                  0.04    0.00    0.03 ^ clkbuf_0_clk/A (sky130_fd_sc_hd__clkbuf_16)
                  0.05    0.14    0.17 ^ clkbuf_0_clk/X (sky130_fd_sc_hd__clkbuf_16)
     4    0.03                           clknet_0_clk (net)
                  0.05    0.00    0.17 ^ clkbuf_2_1__f_clk/A (sky130_fd_sc_hd__clkbuf_16)
                  0.04    0.14    0.31 ^ clkbuf_2_1__f_clk/X (sky130_fd_sc_hd__clkbuf_16)
    11    0.02                           clknet_2_1__leaf_clk (net)
                  0.04    0.00    0.31 ^ _285_/CLK (sky130_fd_sc_hd__dfrtp_1)
                          0.25    0.56   clock uncertainty
                          0.00    0.56   clock reconvergence pessimism
                          0.34    0.90   library removal time
                                  0.90   data required time
-----------------------------------------------------------------------------
                                  0.90   data required time
                                 -4.29   data arrival time
-----------------------------------------------------------------------------
                                  3.40   slack (MET)


Startpoint: rst_n (input port clocked by clk)
Endpoint: _286_ (removal check against rising-edge clock clk)
Path Group: asynchronous
Path Type: min

Fanout     Cap    Slew   Delay    Time   Description
-----------------------------------------------------------------------------
                          0.00    0.00   clock clk (rise edge)
                          0.00    0.00   clock network delay (propagated)
                          4.00    4.00 ^ input external delay
                  0.02    0.01    4.01 ^ rst_n (in)
     1    0.00                           rst_n (net)
                  0.02    0.00    4.01 ^ input1/A (sky130_fd_sc_hd__clkbuf_2)
                  0.06    0.10    4.11 ^ input1/X (sky130_fd_sc_hd__clkbuf_2)
     4    0.01                           net1 (net)
                  0.06    0.00    4.11 ^ fanout17/A (sky130_fd_sc_hd__clkbuf_4)
                  0.12    0.18    4.29 ^ fanout17/X (sky130_fd_sc_hd__clkbuf_4)
    10    0.04                           net17 (net)
                  0.12    0.00    4.29 ^ _286_/RESET_B (sky130_fd_sc_hd__dfrtp_1)
                                  4.29   data arrival time

                          0.00    0.00   clock clk (rise edge)
                          0.00    0.00   clock source latency
                  0.04    0.03    0.03 ^ clk (in)
     1    0.01                           clk (net)
                  0.04    0.00    0.03 ^ clkbuf_0_clk/A (sky130_fd_sc_hd__clkbuf_16)
                  0.05    0.14    0.17 ^ clkbuf_0_clk/X (sky130_fd_sc_hd__clkbuf_16)
     4    0.03                           clknet_0_clk (net)
                  0.05    0.00    0.17 ^ clkbuf_2_1__f_clk/A (sky130_fd_sc_hd__clkbuf_16)
                  0.04    0.14    0.31 ^ clkbuf_2_1__f_clk/X (sky130_fd_sc_hd__clkbuf_16)
    11    0.02                           clknet_2_1__leaf_clk (net)
                  0.04    0.00    0.31 ^ _286_/CLK (sky130_fd_sc_hd__dfrtp_1)
                          0.25    0.56   clock uncertainty
                          0.00    0.56   clock reconvergence pessimism
                          0.34    0.90   library removal time
                                  0.90   data required time
-----------------------------------------------------------------------------
                                  0.90   data required time
                                 -4.29   data arrival time
-----------------------------------------------------------------------------
                                  3.40   slack (MET)


Startpoint: rst_n (input port clocked by clk)
Endpoint: _298_ (removal check against rising-edge clock clk)
Path Group: asynchronous
Path Type: min

Fanout     Cap    Slew   Delay    Time   Description
-----------------------------------------------------------------------------
                          0.00    0.00   clock clk (rise edge)
                          0.00    0.00   clock network delay (propagated)
                          4.00    4.00 ^ input external delay
                  0.02    0.01    4.01 ^ rst_n (in)
     1    0.00                           rst_n (net)
                  0.02    0.00    4.01 ^ input1/A (sky130_fd_sc_hd__clkbuf_2)
                  0.06    0.10    4.11 ^ input1/X (sky130_fd_sc_hd__clkbuf_2)
     4    0.01                           net1 (net)
                  0.06    0.00    4.11 ^ fanout17/A (sky130_fd_sc_hd__clkbuf_4)
                  0.12    0.18    4.29 ^ fanout17/X (sky130_fd_sc_hd__clkbuf_4)
    10    0.04                           net17 (net)
                  0.12    0.00    4.29 ^ _298_/RESET_B (sky130_fd_sc_hd__dfrtp_1)
                                  4.29   data arrival time

                          0.00    0.00   clock clk (rise edge)
                          0.00    0.00   clock source latency
                  0.04    0.03    0.03 ^ clk (in)
     1    0.01                           clk (net)
                  0.04    0.00    0.03 ^ clkbuf_0_clk/A (sky130_fd_sc_hd__clkbuf_16)
                  0.05    0.14    0.17 ^ clkbuf_0_clk/X (sky130_fd_sc_hd__clkbuf_16)
     4    0.03                           clknet_0_clk (net)
                  0.05    0.00    0.17 ^ clkbuf_2_1__f_clk/A (sky130_fd_sc_hd__clkbuf_16)
                  0.04    0.14    0.31 ^ clkbuf_2_1__f_clk/X (sky130_fd_sc_hd__clkbuf_16)
    11    0.02                           clknet_2_1__leaf_clk (net)
                  0.04    0.00    0.31 ^ _298_/CLK (sky130_fd_sc_hd__dfrtp_1)
                          0.25    0.56   clock uncertainty
                          0.00    0.56   clock reconvergence pessimism
                          0.34    0.90   library removal time
                                  0.90   data required time
-----------------------------------------------------------------------------
                                  0.90   data required time
                                 -4.29   data arrival time
-----------------------------------------------------------------------------
                                  3.40   slack (MET)


Startpoint: rst_n (input port clocked by clk)
Endpoint: _262_ (removal check against rising-edge clock clk)
Path Group: asynchronous
Path Type: min

Fanout     Cap    Slew   Delay    Time   Description
-----------------------------------------------------------------------------
                          0.00    0.00   clock clk (rise edge)
                          0.00    0.00   clock network delay (propagated)
                          4.00    4.00 ^ input external delay
                  0.02    0.01    4.01 ^ rst_n (in)
     1    0.00                           rst_n (net)
                  0.02    0.00    4.01 ^ input1/A (sky130_fd_sc_hd__clkbuf_2)
                  0.06    0.10    4.11 ^ input1/X (sky130_fd_sc_hd__clkbuf_2)
     4    0.01                           net1 (net)
                  0.06    0.00    4.11 ^ fanout18/A (sky130_fd_sc_hd__clkbuf_4)
                  0.11    0.18    4.29 ^ fanout18/X (sky130_fd_sc_hd__clkbuf_4)
     9    0.03                           net18 (net)
                  0.11    0.00    4.29 ^ _262_/RESET_B (sky130_fd_sc_hd__dfrtp_1)
                                  4.29   data arrival time

                          0.00    0.00   clock clk (rise edge)
                          0.00    0.00   clock source latency
                  0.04    0.03    0.03 ^ clk (in)
     1    0.01                           clk (net)
                  0.04    0.00    0.03 ^ clkbuf_0_clk/A (sky130_fd_sc_hd__clkbuf_16)
                  0.05    0.14    0.17 ^ clkbuf_0_clk/X (sky130_fd_sc_hd__clkbuf_16)
     4    0.03                           clknet_0_clk (net)
                  0.05    0.00    0.17 ^ clkbuf_2_3__f_clk/A (sky130_fd_sc_hd__clkbuf_16)
                  0.04    0.13    0.30 ^ clkbuf_2_3__f_clk/X (sky130_fd_sc_hd__clkbuf_16)
     9    0.02                           clknet_2_3__leaf_clk (net)
                  0.04    0.00    0.30 ^ _262_/CLK (sky130_fd_sc_hd__dfrtp_1)
                          0.25    0.55   clock uncertainty
                          0.00    0.55   clock reconvergence pessimism
                          0.34    0.89   library removal time
                                  0.89   data required time
-----------------------------------------------------------------------------
                                  0.89   data required time
                                 -4.29   data arrival time
-----------------------------------------------------------------------------
                                  3.40   slack (MET)


Startpoint: rst_n (input port clocked by clk)
Endpoint: _263_ (removal check against rising-edge clock clk)
Path Group: asynchronous
Path Type: min

Fanout     Cap    Slew   Delay    Time   Description
-----------------------------------------------------------------------------
                          0.00    0.00   clock clk (rise edge)
                          0.00    0.00   clock network delay (propagated)
                          4.00    4.00 ^ input external delay
                  0.02    0.01    4.01 ^ rst_n (in)
     1    0.00                           rst_n (net)
                  0.02    0.00    4.01 ^ input1/A (sky130_fd_sc_hd__clkbuf_2)
                  0.06    0.10    4.11 ^ input1/X (sky130_fd_sc_hd__clkbuf_2)
     4    0.01                           net1 (net)
                  0.06    0.00    4.11 ^ fanout18/A (sky130_fd_sc_hd__clkbuf_4)
                  0.11    0.18    4.29 ^ fanout18/X (sky130_fd_sc_hd__clkbuf_4)
     9    0.03                           net18 (net)
                  0.11    0.00    4.29 ^ _263_/RESET_B (sky130_fd_sc_hd__dfrtp_1)
                                  4.29   data arrival time

                          0.00    0.00   clock clk (rise edge)
                          0.00    0.00   clock source latency
                  0.04    0.03    0.03 ^ clk (in)
     1    0.01                           clk (net)
                  0.04    0.00    0.03 ^ clkbuf_0_clk/A (sky130_fd_sc_hd__clkbuf_16)
                  0.05    0.14    0.17 ^ clkbuf_0_clk/X (sky130_fd_sc_hd__clkbuf_16)
     4    0.03                           clknet_0_clk (net)
                  0.05    0.00    0.17 ^ clkbuf_2_3__f_clk/A (sky130_fd_sc_hd__clkbuf_16)
                  0.04    0.13    0.30 ^ clkbuf_2_3__f_clk/X (sky130_fd_sc_hd__clkbuf_16)
     9    0.02                           clknet_2_3__leaf_clk (net)
                  0.04    0.00    0.30 ^ _263_/CLK (sky130_fd_sc_hd__dfrtp_1)
                          0.25    0.55   clock uncertainty
                          0.00    0.55   clock reconvergence pessimism
                          0.34    0.89   library removal time
                                  0.89   data required time
-----------------------------------------------------------------------------
                                  0.89   data required time
                                 -4.29   data arrival time
-----------------------------------------------------------------------------
                                  3.40   slack (MET)


Startpoint: rst_n (input port clocked by clk)
Endpoint: _264_ (removal check against rising-edge clock clk)
Path Group: asynchronous
Path Type: min

Fanout     Cap    Slew   Delay    Time   Description
-----------------------------------------------------------------------------
                          0.00    0.00   clock clk (rise edge)
                          0.00    0.00   clock network delay (propagated)
                          4.00    4.00 ^ input external delay
                  0.02    0.01    4.01 ^ rst_n (in)
     1    0.00                           rst_n (net)
                  0.02    0.00    4.01 ^ input1/A (sky130_fd_sc_hd__clkbuf_2)
                  0.06    0.10    4.11 ^ input1/X (sky130_fd_sc_hd__clkbuf_2)
     4    0.01                           net1 (net)
                  0.06    0.00    4.11 ^ fanout18/A (sky130_fd_sc_hd__clkbuf_4)
                  0.11    0.18    4.29 ^ fanout18/X (sky130_fd_sc_hd__clkbuf_4)
     9    0.03                           net18 (net)
                  0.11    0.00    4.29 ^ _264_/RESET_B (sky130_fd_sc_hd__dfrtp_1)
                                  4.29   data arrival time

                          0.00    0.00   clock clk (rise edge)
                          0.00    0.00   clock source latency
                  0.04    0.03    0.03 ^ clk (in)
     1    0.01                           clk (net)
                  0.04    0.00    0.03 ^ clkbuf_0_clk/A (sky130_fd_sc_hd__clkbuf_16)
                  0.05    0.14    0.17 ^ clkbuf_0_clk/X (sky130_fd_sc_hd__clkbuf_16)
     4    0.03                           clknet_0_clk (net)
                  0.05    0.00    0.17 ^ clkbuf_2_3__f_clk/A (sky130_fd_sc_hd__clkbuf_16)
                  0.04    0.13    0.30 ^ clkbuf_2_3__f_clk/X (sky130_fd_sc_hd__clkbuf_16)
     9    0.02                           clknet_2_3__leaf_clk (net)
                  0.04    0.00    0.30 ^ _264_/CLK (sky130_fd_sc_hd__dfrtp_1)
                          0.25    0.55   clock uncertainty
                          0.00    0.55   clock reconvergence pessimism
                          0.34    0.89   library removal time
                                  0.89   data required time
-----------------------------------------------------------------------------
                                  0.89   data required time
                                 -4.29   data arrival time
-----------------------------------------------------------------------------
                                  3.40   slack (MET)


Startpoint: rst_n (input port clocked by clk)
Endpoint: _265_ (removal check against rising-edge clock clk)
Path Group: asynchronous
Path Type: min

Fanout     Cap    Slew   Delay    Time   Description
-----------------------------------------------------------------------------
                          0.00    0.00   clock clk (rise edge)
                          0.00    0.00   clock network delay (propagated)
                          4.00    4.00 ^ input external delay
                  0.02    0.01    4.01 ^ rst_n (in)
     1    0.00                           rst_n (net)
                  0.02    0.00    4.01 ^ input1/A (sky130_fd_sc_hd__clkbuf_2)
                  0.06    0.10    4.11 ^ input1/X (sky130_fd_sc_hd__clkbuf_2)
     4    0.01                           net1 (net)
                  0.06    0.00    4.11 ^ fanout18/A (sky130_fd_sc_hd__clkbuf_4)
                  0.11    0.18    4.29 ^ fanout18/X (sky130_fd_sc_hd__clkbuf_4)
     9    0.03                           net18 (net)
                  0.11    0.00    4.29 ^ _265_/RESET_B (sky130_fd_sc_hd__dfrtp_1)
                                  4.29   data arrival time

                          0.00    0.00   clock clk (rise edge)
                          0.00    0.00   clock source latency
                  0.04    0.03    0.03 ^ clk (in)
     1    0.01                           clk (net)
                  0.04    0.00    0.03 ^ clkbuf_0_clk/A (sky130_fd_sc_hd__clkbuf_16)
                  0.05    0.14    0.17 ^ clkbuf_0_clk/X (sky130_fd_sc_hd__clkbuf_16)
     4    0.03                           clknet_0_clk (net)
                  0.05    0.00    0.17 ^ clkbuf_2_3__f_clk/A (sky130_fd_sc_hd__clkbuf_16)
                  0.04    0.13    0.30 ^ clkbuf_2_3__f_clk/X (sky130_fd_sc_hd__clkbuf_16)
     9    0.02                           clknet_2_3__leaf_clk (net)
                  0.04    0.00    0.30 ^ _265_/CLK (sky130_fd_sc_hd__dfrtp_1)
                          0.25    0.55   clock uncertainty
                          0.00    0.55   clock reconvergence pessimism
                          0.34    0.89   library removal time
                                  0.89   data required time
-----------------------------------------------------------------------------
                                  0.89   data required time
                                 -4.29   data arrival time
-----------------------------------------------------------------------------
                                  3.40   slack (MET)


Startpoint: rst_n (input port clocked by clk)
Endpoint: _271_ (removal check against rising-edge clock clk)
Path Group: asynchronous
Path Type: min

Fanout     Cap    Slew   Delay    Time   Description
-----------------------------------------------------------------------------
                          0.00    0.00   clock clk (rise edge)
                          0.00    0.00   clock network delay (propagated)
                          4.00    4.00 ^ input external delay
                  0.02    0.01    4.01 ^ rst_n (in)
     1    0.00                           rst_n (net)
                  0.02    0.00    4.01 ^ input1/A (sky130_fd_sc_hd__clkbuf_2)
                  0.06    0.10    4.11 ^ input1/X (sky130_fd_sc_hd__clkbuf_2)
     4    0.01                           net1 (net)
                  0.06    0.00    4.11 ^ fanout18/A (sky130_fd_sc_hd__clkbuf_4)
                  0.11    0.18    4.29 ^ fanout18/X (sky130_fd_sc_hd__clkbuf_4)
     9    0.03                           net18 (net)
                  0.11    0.00    4.29 ^ _271_/RESET_B (sky130_fd_sc_hd__dfrtp_1)
                                  4.29   data arrival time

                          0.00    0.00   clock clk (rise edge)
                          0.00    0.00   clock source latency
                  0.04    0.03    0.03 ^ clk (in)
     1    0.01                           clk (net)
                  0.04    0.00    0.03 ^ clkbuf_0_clk/A (sky130_fd_sc_hd__clkbuf_16)
                  0.05    0.14    0.17 ^ clkbuf_0_clk/X (sky130_fd_sc_hd__clkbuf_16)
     4    0.03                           clknet_0_clk (net)
                  0.05    0.00    0.17 ^ clkbuf_2_3__f_clk/A (sky130_fd_sc_hd__clkbuf_16)
                  0.04    0.13    0.30 ^ clkbuf_2_3__f_clk/X (sky130_fd_sc_hd__clkbuf_16)
     9    0.02                           clknet_2_3__leaf_clk (net)
                  0.04    0.00    0.30 ^ _271_/CLK (sky130_fd_sc_hd__dfrtp_1)
                          0.25    0.55   clock uncertainty
                          0.00    0.55   clock reconvergence pessimism
                          0.34    0.89   library removal time
                                  0.89   data required time
-----------------------------------------------------------------------------
                                  0.89   data required time
                                 -4.29   data arrival time
-----------------------------------------------------------------------------
                                  3.40   slack (MET)


Startpoint: rst_n (input port clocked by clk)
Endpoint: _279_ (removal check against rising-edge clock clk)
Path Group: asynchronous
Path Type: min

Fanout     Cap    Slew   Delay    Time   Description
-----------------------------------------------------------------------------
                          0.00    0.00   clock clk (rise edge)
                          0.00    0.00   clock network delay (propagated)
                          4.00    4.00 ^ input external delay
                  0.02    0.01    4.01 ^ rst_n (in)
     1    0.00                           rst_n (net)
                  0.02    0.00    4.01 ^ input1/A (sky130_fd_sc_hd__clkbuf_2)
                  0.06    0.10    4.11 ^ input1/X (sky130_fd_sc_hd__clkbuf_2)
     4    0.01                           net1 (net)
                  0.06    0.00    4.11 ^ fanout18/A (sky130_fd_sc_hd__clkbuf_4)
                  0.11    0.18    4.29 ^ fanout18/X (sky130_fd_sc_hd__clkbuf_4)
     9    0.03                           net18 (net)
                  0.11    0.00    4.29 ^ _279_/RESET_B (sky130_fd_sc_hd__dfrtp_1)
                                  4.29   data arrival time

                          0.00    0.00   clock clk (rise edge)
                          0.00    0.00   clock source latency
                  0.04    0.03    0.03 ^ clk (in)
     1    0.01                           clk (net)
                  0.04    0.00    0.03 ^ clkbuf_0_clk/A (sky130_fd_sc_hd__clkbuf_16)
                  0.05    0.14    0.17 ^ clkbuf_0_clk/X (sky130_fd_sc_hd__clkbuf_16)
     4    0.03                           clknet_0_clk (net)
                  0.05    0.00    0.17 ^ clkbuf_2_3__f_clk/A (sky130_fd_sc_hd__clkbuf_16)
                  0.04    0.13    0.30 ^ clkbuf_2_3__f_clk/X (sky130_fd_sc_hd__clkbuf_16)
     9    0.02                           clknet_2_3__leaf_clk (net)
                  0.04    0.00    0.30 ^ _279_/CLK (sky130_fd_sc_hd__dfrtp_1)
                          0.25    0.55   clock uncertainty
                          0.00    0.55   clock reconvergence pessimism
                          0.34    0.89   library removal time
                                  0.89   data required time
-----------------------------------------------------------------------------
                                  0.89   data required time
                                 -4.29   data arrival time
-----------------------------------------------------------------------------
                                  3.40   slack (MET)


Startpoint: rst_n (input port clocked by clk)
Endpoint: _280_ (removal check against rising-edge clock clk)
Path Group: asynchronous
Path Type: min

Fanout     Cap    Slew   Delay    Time   Description
-----------------------------------------------------------------------------
                          0.00    0.00   clock clk (rise edge)
                          0.00    0.00   clock network delay (propagated)
                          4.00    4.00 ^ input external delay
                  0.02    0.01    4.01 ^ rst_n (in)
     1    0.00                           rst_n (net)
                  0.02    0.00    4.01 ^ input1/A (sky130_fd_sc_hd__clkbuf_2)
                  0.06    0.10    4.11 ^ input1/X (sky130_fd_sc_hd__clkbuf_2)
     4    0.01                           net1 (net)
                  0.06    0.00    4.11 ^ fanout18/A (sky130_fd_sc_hd__clkbuf_4)
                  0.11    0.18    4.29 ^ fanout18/X (sky130_fd_sc_hd__clkbuf_4)
     9    0.03                           net18 (net)
                  0.11    0.00    4.29 ^ _280_/RESET_B (sky130_fd_sc_hd__dfrtp_1)
                                  4.29   data arrival time

                          0.00    0.00   clock clk (rise edge)
                          0.00    0.00   clock source latency
                  0.04    0.03    0.03 ^ clk (in)
     1    0.01                           clk (net)
                  0.04    0.00    0.03 ^ clkbuf_0_clk/A (sky130_fd_sc_hd__clkbuf_16)
                  0.05    0.14    0.17 ^ clkbuf_0_clk/X (sky130_fd_sc_hd__clkbuf_16)
     4    0.03                           clknet_0_clk (net)
                  0.05    0.00    0.17 ^ clkbuf_2_3__f_clk/A (sky130_fd_sc_hd__clkbuf_16)
                  0.04    0.13    0.30 ^ clkbuf_2_3__f_clk/X (sky130_fd_sc_hd__clkbuf_16)
     9    0.02                           clknet_2_3__leaf_clk (net)
                  0.04    0.00    0.30 ^ _280_/CLK (sky130_fd_sc_hd__dfrtp_1)
                          0.25    0.55   clock uncertainty
                          0.00    0.55   clock reconvergence pessimism
                          0.34    0.89   library removal time
                                  0.89   data required time
-----------------------------------------------------------------------------
                                  0.89   data required time
                                 -4.29   data arrival time
-----------------------------------------------------------------------------
                                  3.40   slack (MET)


Startpoint: rst_n (input port clocked by clk)
Endpoint: _281_ (removal check against rising-edge clock clk)
Path Group: asynchronous
Path Type: min

Fanout     Cap    Slew   Delay    Time   Description
-----------------------------------------------------------------------------
                          0.00    0.00   clock clk (rise edge)
                          0.00    0.00   clock network delay (propagated)
                          4.00    4.00 ^ input external delay
                  0.02    0.01    4.01 ^ rst_n (in)
     1    0.00                           rst_n (net)
                  0.02    0.00    4.01 ^ input1/A (sky130_fd_sc_hd__clkbuf_2)
                  0.06    0.10    4.11 ^ input1/X (sky130_fd_sc_hd__clkbuf_2)
     4    0.01                           net1 (net)
                  0.06    0.00    4.11 ^ fanout18/A (sky130_fd_sc_hd__clkbuf_4)
                  0.11    0.18    4.29 ^ fanout18/X (sky130_fd_sc_hd__clkbuf_4)
     9    0.03                           net18 (net)
                  0.11    0.00    4.29 ^ _281_/RESET_B (sky130_fd_sc_hd__dfrtp_1)
                                  4.29   data arrival time

                          0.00    0.00   clock clk (rise edge)
                          0.00    0.00   clock source latency
                  0.04    0.03    0.03 ^ clk (in)
     1    0.01                           clk (net)
                  0.04    0.00    0.03 ^ clkbuf_0_clk/A (sky130_fd_sc_hd__clkbuf_16)
                  0.05    0.14    0.17 ^ clkbuf_0_clk/X (sky130_fd_sc_hd__clkbuf_16)
     4    0.03                           clknet_0_clk (net)
                  0.05    0.00    0.17 ^ clkbuf_2_3__f_clk/A (sky130_fd_sc_hd__clkbuf_16)
                  0.04    0.13    0.30 ^ clkbuf_2_3__f_clk/X (sky130_fd_sc_hd__clkbuf_16)
     9    0.02                           clknet_2_3__leaf_clk (net)
                  0.04    0.00    0.30 ^ _281_/CLK (sky130_fd_sc_hd__dfrtp_1)
                          0.25    0.55   clock uncertainty
                          0.00    0.55   clock reconvergence pessimism
                          0.34    0.89   library removal time
                                  0.89   data required time
-----------------------------------------------------------------------------
                                  0.89   data required time
                                 -4.29   data arrival time
-----------------------------------------------------------------------------
                                  3.40   slack (MET)


Startpoint: rst_n (input port clocked by clk)
Endpoint: _287_ (removal check against rising-edge clock clk)
Path Group: asynchronous
Path Type: min

Fanout     Cap    Slew   Delay    Time   Description
-----------------------------------------------------------------------------
                          0.00    0.00   clock clk (rise edge)
                          0.00    0.00   clock network delay (propagated)
                          4.00    4.00 ^ input external delay
                  0.02    0.01    4.01 ^ rst_n (in)
     1    0.00                           rst_n (net)
                  0.02    0.00    4.01 ^ input1/A (sky130_fd_sc_hd__clkbuf_2)
                  0.06    0.10    4.11 ^ input1/X (sky130_fd_sc_hd__clkbuf_2)
     4    0.01                           net1 (net)
                  0.06    0.00    4.11 ^ fanout15/A (sky130_fd_sc_hd__clkbuf_4)
                  0.12    0.18    4.29 ^ fanout15/X (sky130_fd_sc_hd__clkbuf_4)
    10    0.04                           net15 (net)
                  0.12    0.00    4.29 ^ _287_/RESET_B (sky130_fd_sc_hd__dfrtp_1)
                                  4.29   data arrival time

                          0.00    0.00   clock clk (rise edge)
                          0.00    0.00   clock source latency
                  0.04    0.03    0.03 ^ clk (in)
     1    0.01                           clk (net)
                  0.04    0.00    0.03 ^ clkbuf_0_clk/A (sky130_fd_sc_hd__clkbuf_16)
                  0.05    0.14    0.17 ^ clkbuf_0_clk/X (sky130_fd_sc_hd__clkbuf_16)
     4    0.03                           clknet_0_clk (net)
                  0.05    0.00    0.17 ^ clkbuf_2_0__f_clk/A (sky130_fd_sc_hd__clkbuf_16)
                  0.04    0.13    0.30 ^ clkbuf_2_0__f_clk/X (sky130_fd_sc_hd__clkbuf_16)
     9    0.02                           clknet_2_0__leaf_clk (net)
                  0.04    0.00    0.30 ^ _287_/CLK (sky130_fd_sc_hd__dfrtp_1)
                          0.25    0.55   clock uncertainty
                          0.00    0.55   clock reconvergence pessimism
                          0.34    0.89   library removal time
                                  0.89   data required time
-----------------------------------------------------------------------------
                                  0.89   data required time
                                 -4.29   data arrival time
-----------------------------------------------------------------------------
                                  3.40   slack (MET)


Startpoint: rst_n (input port clocked by clk)
Endpoint: _288_ (removal check against rising-edge clock clk)
Path Group: asynchronous
Path Type: min

Fanout     Cap    Slew   Delay    Time   Description
-----------------------------------------------------------------------------
                          0.00    0.00   clock clk (rise edge)
                          0.00    0.00   clock network delay (propagated)
                          4.00    4.00 ^ input external delay
                  0.02    0.01    4.01 ^ rst_n (in)
     1    0.00                           rst_n (net)
                  0.02    0.00    4.01 ^ input1/A (sky130_fd_sc_hd__clkbuf_2)
                  0.06    0.10    4.11 ^ input1/X (sky130_fd_sc_hd__clkbuf_2)
     4    0.01                           net1 (net)
                  0.06    0.00    4.11 ^ fanout15/A (sky130_fd_sc_hd__clkbuf_4)
                  0.12    0.18    4.29 ^ fanout15/X (sky130_fd_sc_hd__clkbuf_4)
    10    0.04                           net15 (net)
                  0.12    0.00    4.29 ^ _288_/RESET_B (sky130_fd_sc_hd__dfrtp_1)
                                  4.29   data arrival time

                          0.00    0.00   clock clk (rise edge)
                          0.00    0.00   clock source latency
                  0.04    0.03    0.03 ^ clk (in)
     1    0.01                           clk (net)
                  0.04    0.00    0.03 ^ clkbuf_0_clk/A (sky130_fd_sc_hd__clkbuf_16)
                  0.05    0.14    0.17 ^ clkbuf_0_clk/X (sky130_fd_sc_hd__clkbuf_16)
     4    0.03                           clknet_0_clk (net)
                  0.05    0.00    0.17 ^ clkbuf_2_0__f_clk/A (sky130_fd_sc_hd__clkbuf_16)
                  0.04    0.13    0.30 ^ clkbuf_2_0__f_clk/X (sky130_fd_sc_hd__clkbuf_16)
     9    0.02                           clknet_2_0__leaf_clk (net)
                  0.04    0.00    0.30 ^ _288_/CLK (sky130_fd_sc_hd__dfrtp_1)
                          0.25    0.55   clock uncertainty
                          0.00    0.55   clock reconvergence pessimism
                          0.34    0.89   library removal time
                                  0.89   data required time
-----------------------------------------------------------------------------
                                  0.89   data required time
                                 -4.29   data arrival time
-----------------------------------------------------------------------------
                                  3.40   slack (MET)


Startpoint: rst_n (input port clocked by clk)
Endpoint: _289_ (removal check against rising-edge clock clk)
Path Group: asynchronous
Path Type: min

Fanout     Cap    Slew   Delay    Time   Description
-----------------------------------------------------------------------------
                          0.00    0.00   clock clk (rise edge)
                          0.00    0.00   clock network delay (propagated)
                          4.00    4.00 ^ input external delay
                  0.02    0.01    4.01 ^ rst_n (in)
     1    0.00                           rst_n (net)
                  0.02    0.00    4.01 ^ input1/A (sky130_fd_sc_hd__clkbuf_2)
                  0.06    0.10    4.11 ^ input1/X (sky130_fd_sc_hd__clkbuf_2)
     4    0.01                           net1 (net)
                  0.06    0.00    4.11 ^ fanout15/A (sky130_fd_sc_hd__clkbuf_4)
                  0.12    0.18    4.29 ^ fanout15/X (sky130_fd_sc_hd__clkbuf_4)
    10    0.04                           net15 (net)
                  0.12    0.00    4.29 ^ _289_/RESET_B (sky130_fd_sc_hd__dfrtp_1)
                                  4.29   data arrival time

                          0.00    0.00   clock clk (rise edge)
                          0.00    0.00   clock source latency
                  0.04    0.03    0.03 ^ clk (in)
     1    0.01                           clk (net)
                  0.04    0.00    0.03 ^ clkbuf_0_clk/A (sky130_fd_sc_hd__clkbuf_16)
                  0.05    0.14    0.17 ^ clkbuf_0_clk/X (sky130_fd_sc_hd__clkbuf_16)
     4    0.03                           clknet_0_clk (net)
                  0.05    0.00    0.17 ^ clkbuf_2_0__f_clk/A (sky130_fd_sc_hd__clkbuf_16)
                  0.04    0.13    0.30 ^ clkbuf_2_0__f_clk/X (sky130_fd_sc_hd__clkbuf_16)
     9    0.02                           clknet_2_0__leaf_clk (net)
                  0.04    0.00    0.30 ^ _289_/CLK (sky130_fd_sc_hd__dfrtp_1)
                          0.25    0.55   clock uncertainty
                          0.00    0.55   clock reconvergence pessimism
                          0.34    0.89   library removal time
                                  0.89   data required time
-----------------------------------------------------------------------------
                                  0.89   data required time
                                 -4.29   data arrival time
-----------------------------------------------------------------------------
                                  3.40   slack (MET)


Startpoint: rst_n (input port clocked by clk)
Endpoint: _290_ (removal check against rising-edge clock clk)
Path Group: asynchronous
Path Type: min

Fanout     Cap    Slew   Delay    Time   Description
-----------------------------------------------------------------------------
                          0.00    0.00   clock clk (rise edge)
                          0.00    0.00   clock network delay (propagated)
                          4.00    4.00 ^ input external delay
                  0.02    0.01    4.01 ^ rst_n (in)
     1    0.00                           rst_n (net)
                  0.02    0.00    4.01 ^ input1/A (sky130_fd_sc_hd__clkbuf_2)
                  0.06    0.10    4.11 ^ input1/X (sky130_fd_sc_hd__clkbuf_2)
     4    0.01                           net1 (net)
                  0.06    0.00    4.11 ^ fanout15/A (sky130_fd_sc_hd__clkbuf_4)
                  0.12    0.18    4.29 ^ fanout15/X (sky130_fd_sc_hd__clkbuf_4)
    10    0.04                           net15 (net)
                  0.12    0.00    4.29 ^ _290_/RESET_B (sky130_fd_sc_hd__dfrtp_1)
                                  4.29   data arrival time

                          0.00    0.00   clock clk (rise edge)
                          0.00    0.00   clock source latency
                  0.04    0.03    0.03 ^ clk (in)
     1    0.01                           clk (net)
                  0.04    0.00    0.03 ^ clkbuf_0_clk/A (sky130_fd_sc_hd__clkbuf_16)
                  0.05    0.14    0.17 ^ clkbuf_0_clk/X (sky130_fd_sc_hd__clkbuf_16)
     4    0.03                           clknet_0_clk (net)
                  0.05    0.00    0.17 ^ clkbuf_2_0__f_clk/A (sky130_fd_sc_hd__clkbuf_16)
                  0.04    0.13    0.30 ^ clkbuf_2_0__f_clk/X (sky130_fd_sc_hd__clkbuf_16)
     9    0.02                           clknet_2_0__leaf_clk (net)
                  0.04    0.00    0.30 ^ _290_/CLK (sky130_fd_sc_hd__dfrtp_1)
                          0.25    0.55   clock uncertainty
                          0.00    0.55   clock reconvergence pessimism
                          0.34    0.89   library removal time
                                  0.89   data required time
-----------------------------------------------------------------------------
                                  0.89   data required time
                                 -4.29   data arrival time
-----------------------------------------------------------------------------
                                  3.40   slack (MET)


Startpoint: rst_n (input port clocked by clk)
Endpoint: _291_ (removal check against rising-edge clock clk)
Path Group: asynchronous
Path Type: min

Fanout     Cap    Slew   Delay    Time   Description
-----------------------------------------------------------------------------
                          0.00    0.00   clock clk (rise edge)
                          0.00    0.00   clock network delay (propagated)
                          4.00    4.00 ^ input external delay
                  0.02    0.01    4.01 ^ rst_n (in)
     1    0.00                           rst_n (net)
                  0.02    0.00    4.01 ^ input1/A (sky130_fd_sc_hd__clkbuf_2)
                  0.06    0.10    4.11 ^ input1/X (sky130_fd_sc_hd__clkbuf_2)
     4    0.01                           net1 (net)
                  0.06    0.00    4.11 ^ fanout15/A (sky130_fd_sc_hd__clkbuf_4)
                  0.12    0.18    4.29 ^ fanout15/X (sky130_fd_sc_hd__clkbuf_4)
    10    0.04                           net15 (net)
                  0.12    0.00    4.29 ^ _291_/RESET_B (sky130_fd_sc_hd__dfrtp_1)
                                  4.29   data arrival time

                          0.00    0.00   clock clk (rise edge)
                          0.00    0.00   clock source latency
                  0.04    0.03    0.03 ^ clk (in)
     1    0.01                           clk (net)
                  0.04    0.00    0.03 ^ clkbuf_0_clk/A (sky130_fd_sc_hd__clkbuf_16)
                  0.05    0.14    0.17 ^ clkbuf_0_clk/X (sky130_fd_sc_hd__clkbuf_16)
     4    0.03                           clknet_0_clk (net)
                  0.05    0.00    0.17 ^ clkbuf_2_0__f_clk/A (sky130_fd_sc_hd__clkbuf_16)
                  0.04    0.13    0.30 ^ clkbuf_2_0__f_clk/X (sky130_fd_sc_hd__clkbuf_16)
     9    0.02                           clknet_2_0__leaf_clk (net)
                  0.04    0.00    0.30 ^ _291_/CLK (sky130_fd_sc_hd__dfrtp_1)
                          0.25    0.55   clock uncertainty
                          0.00    0.55   clock reconvergence pessimism
                          0.34    0.89   library removal time
                                  0.89   data required time
-----------------------------------------------------------------------------
                                  0.89   data required time
                                 -4.29   data arrival time
-----------------------------------------------------------------------------
                                  3.40   slack (MET)


Startpoint: rst_n (input port clocked by clk)
Endpoint: _292_ (removal check against rising-edge clock clk)
Path Group: asynchronous
Path Type: min

Fanout     Cap    Slew   Delay    Time   Description
-----------------------------------------------------------------------------
                          0.00    0.00   clock clk (rise edge)
                          0.00    0.00   clock network delay (propagated)
                          4.00    4.00 ^ input external delay
                  0.02    0.01    4.01 ^ rst_n (in)
     1    0.00                           rst_n (net)
                  0.02    0.00    4.01 ^ input1/A (sky130_fd_sc_hd__clkbuf_2)
                  0.06    0.10    4.11 ^ input1/X (sky130_fd_sc_hd__clkbuf_2)
     4    0.01                           net1 (net)
                  0.06    0.00    4.11 ^ fanout15/A (sky130_fd_sc_hd__clkbuf_4)
                  0.12    0.18    4.29 ^ fanout15/X (sky130_fd_sc_hd__clkbuf_4)
    10    0.04                           net15 (net)
                  0.12    0.00    4.29 ^ _292_/RESET_B (sky130_fd_sc_hd__dfrtp_1)
                                  4.29   data arrival time

                          0.00    0.00   clock clk (rise edge)
                          0.00    0.00   clock source latency
                  0.04    0.03    0.03 ^ clk (in)
     1    0.01                           clk (net)
                  0.04    0.00    0.03 ^ clkbuf_0_clk/A (sky130_fd_sc_hd__clkbuf_16)
                  0.05    0.14    0.17 ^ clkbuf_0_clk/X (sky130_fd_sc_hd__clkbuf_16)
     4    0.03                           clknet_0_clk (net)
                  0.05    0.00    0.17 ^ clkbuf_2_0__f_clk/A (sky130_fd_sc_hd__clkbuf_16)
                  0.04    0.13    0.30 ^ clkbuf_2_0__f_clk/X (sky130_fd_sc_hd__clkbuf_16)
     9    0.02                           clknet_2_0__leaf_clk (net)
                  0.04    0.00    0.30 ^ _292_/CLK (sky130_fd_sc_hd__dfrtp_1)
                          0.25    0.55   clock uncertainty
                          0.00    0.55   clock reconvergence pessimism
                          0.34    0.89   library removal time
                                  0.89   data required time
-----------------------------------------------------------------------------
                                  0.89   data required time
                                 -4.29   data arrival time
-----------------------------------------------------------------------------
                                  3.40   slack (MET)


Startpoint: rst_n (input port clocked by clk)
Endpoint: _293_ (removal check against rising-edge clock clk)
Path Group: asynchronous
Path Type: min

Fanout     Cap    Slew   Delay    Time   Description
-----------------------------------------------------------------------------
                          0.00    0.00   clock clk (rise edge)
                          0.00    0.00   clock network delay (propagated)
                          4.00    4.00 ^ input external delay
                  0.02    0.01    4.01 ^ rst_n (in)
     1    0.00                           rst_n (net)
                  0.02    0.00    4.01 ^ input1/A (sky130_fd_sc_hd__clkbuf_2)
                  0.06    0.10    4.11 ^ input1/X (sky130_fd_sc_hd__clkbuf_2)
     4    0.01                           net1 (net)
                  0.06    0.00    4.11 ^ fanout15/A (sky130_fd_sc_hd__clkbuf_4)
                  0.12    0.18    4.29 ^ fanout15/X (sky130_fd_sc_hd__clkbuf_4)
    10    0.04                           net15 (net)
                  0.12    0.00    4.29 ^ _293_/RESET_B (sky130_fd_sc_hd__dfrtp_1)
                                  4.29   data arrival time

                          0.00    0.00   clock clk (rise edge)
                          0.00    0.00   clock source latency
                  0.04    0.03    0.03 ^ clk (in)
     1    0.01                           clk (net)
                  0.04    0.00    0.03 ^ clkbuf_0_clk/A (sky130_fd_sc_hd__clkbuf_16)
                  0.05    0.14    0.17 ^ clkbuf_0_clk/X (sky130_fd_sc_hd__clkbuf_16)
     4    0.03                           clknet_0_clk (net)
                  0.05    0.00    0.17 ^ clkbuf_2_0__f_clk/A (sky130_fd_sc_hd__clkbuf_16)
                  0.04    0.13    0.30 ^ clkbuf_2_0__f_clk/X (sky130_fd_sc_hd__clkbuf_16)
     9    0.02                           clknet_2_0__leaf_clk (net)
                  0.04    0.00    0.30 ^ _293_/CLK (sky130_fd_sc_hd__dfrtp_1)
                          0.25    0.55   clock uncertainty
                          0.00    0.55   clock reconvergence pessimism
                          0.34    0.89   library removal time
                                  0.89   data required time
-----------------------------------------------------------------------------
                                  0.89   data required time
                                 -4.29   data arrival time
-----------------------------------------------------------------------------
                                  3.40   slack (MET)


Startpoint: rst_n (input port clocked by clk)
Endpoint: _294_ (removal check against rising-edge clock clk)
Path Group: asynchronous
Path Type: min

Fanout     Cap    Slew   Delay    Time   Description
-----------------------------------------------------------------------------
                          0.00    0.00   clock clk (rise edge)
                          0.00    0.00   clock network delay (propagated)
                          4.00    4.00 ^ input external delay
                  0.02    0.01    4.01 ^ rst_n (in)
     1    0.00                           rst_n (net)
                  0.02    0.00    4.01 ^ input1/A (sky130_fd_sc_hd__clkbuf_2)
                  0.06    0.10    4.11 ^ input1/X (sky130_fd_sc_hd__clkbuf_2)
     4    0.01                           net1 (net)
                  0.06    0.00    4.11 ^ fanout15/A (sky130_fd_sc_hd__clkbuf_4)
                  0.12    0.18    4.29 ^ fanout15/X (sky130_fd_sc_hd__clkbuf_4)
    10    0.04                           net15 (net)
                  0.12    0.00    4.29 ^ _294_/RESET_B (sky130_fd_sc_hd__dfrtp_1)
                                  4.29   data arrival time

                          0.00    0.00   clock clk (rise edge)
                          0.00    0.00   clock source latency
                  0.04    0.03    0.03 ^ clk (in)
     1    0.01                           clk (net)
                  0.04    0.00    0.03 ^ clkbuf_0_clk/A (sky130_fd_sc_hd__clkbuf_16)
                  0.05    0.14    0.17 ^ clkbuf_0_clk/X (sky130_fd_sc_hd__clkbuf_16)
     4    0.03                           clknet_0_clk (net)
                  0.05    0.00    0.17 ^ clkbuf_2_0__f_clk/A (sky130_fd_sc_hd__clkbuf_16)
                  0.04    0.13    0.30 ^ clkbuf_2_0__f_clk/X (sky130_fd_sc_hd__clkbuf_16)
     9    0.02                           clknet_2_0__leaf_clk (net)
                  0.04    0.00    0.30 ^ _294_/CLK (sky130_fd_sc_hd__dfrtp_1)
                          0.25    0.55   clock uncertainty
                          0.00    0.55   clock reconvergence pessimism
                          0.34    0.89   library removal time
                                  0.89   data required time
-----------------------------------------------------------------------------
                                  0.89   data required time
                                 -4.29   data arrival time
-----------------------------------------------------------------------------
                                  3.40   slack (MET)


Startpoint: rst_n (input port clocked by clk)
Endpoint: _295_ (removal check against rising-edge clock clk)
Path Group: asynchronous
Path Type: min

Fanout     Cap    Slew   Delay    Time   Description
-----------------------------------------------------------------------------
                          0.00    0.00   clock clk (rise edge)
                          0.00    0.00   clock network delay (propagated)
                          4.00    4.00 ^ input external delay
                  0.02    0.01    4.01 ^ rst_n (in)
     1    0.00                           rst_n (net)
                  0.02    0.00    4.01 ^ input1/A (sky130_fd_sc_hd__clkbuf_2)
                  0.06    0.10    4.11 ^ input1/X (sky130_fd_sc_hd__clkbuf_2)
     4    0.01                           net1 (net)
                  0.06    0.00    4.11 ^ fanout15/A (sky130_fd_sc_hd__clkbuf_4)
                  0.12    0.18    4.29 ^ fanout15/X (sky130_fd_sc_hd__clkbuf_4)
    10    0.04                           net15 (net)
                  0.12    0.00    4.29 ^ _295_/RESET_B (sky130_fd_sc_hd__dfrtp_1)
                                  4.29   data arrival time

                          0.00    0.00   clock clk (rise edge)
                          0.00    0.00   clock source latency
                  0.04    0.03    0.03 ^ clk (in)
     1    0.01                           clk (net)
                  0.04    0.00    0.03 ^ clkbuf_0_clk/A (sky130_fd_sc_hd__clkbuf_16)
                  0.05    0.14    0.17 ^ clkbuf_0_clk/X (sky130_fd_sc_hd__clkbuf_16)
     4    0.03                           clknet_0_clk (net)
                  0.05    0.00    0.17 ^ clkbuf_2_0__f_clk/A (sky130_fd_sc_hd__clkbuf_16)
                  0.04    0.13    0.30 ^ clkbuf_2_0__f_clk/X (sky130_fd_sc_hd__clkbuf_16)
     9    0.02                           clknet_2_0__leaf_clk (net)
                  0.04    0.00    0.30 ^ _295_/CLK (sky130_fd_sc_hd__dfrtp_1)
                          0.25    0.55   clock uncertainty
                          0.00    0.55   clock reconvergence pessimism
                          0.34    0.89   library removal time
                                  0.89   data required time
-----------------------------------------------------------------------------
                                  0.89   data required time
                                 -4.29   data arrival time
-----------------------------------------------------------------------------
                                  3.40   slack (MET)


Startpoint: rst_n (input port clocked by clk)
Endpoint: _272_ (removal check against rising-edge clock clk)
Path Group: asynchronous
Path Type: min

Fanout     Cap    Slew   Delay    Time   Description
-----------------------------------------------------------------------------
                          0.00    0.00   clock clk (rise edge)
                          0.00    0.00   clock network delay (propagated)
                          4.00    4.00 ^ input external delay
                  0.02    0.01    4.01 ^ rst_n (in)
     1    0.00                           rst_n (net)
                  0.02    0.00    4.01 ^ input1/A (sky130_fd_sc_hd__clkbuf_2)
                  0.06    0.10    4.11 ^ input1/X (sky130_fd_sc_hd__clkbuf_2)
     4    0.01                           net1 (net)
                  0.06    0.00    4.11 ^ fanout15/A (sky130_fd_sc_hd__clkbuf_4)
                  0.12    0.18    4.29 ^ fanout15/X (sky130_fd_sc_hd__clkbuf_4)
    10    0.04                           net15 (net)
                  0.12    0.00    4.29 ^ _272_/RESET_B (sky130_fd_sc_hd__dfrtp_1)
                                  4.29   data arrival time

                          0.00    0.00   clock clk (rise edge)
                          0.00    0.00   clock source latency
                  0.04    0.03    0.03 ^ clk (in)
     1    0.01                           clk (net)
                  0.04    0.00    0.03 ^ clkbuf_0_clk/A (sky130_fd_sc_hd__clkbuf_16)
                  0.05    0.14    0.17 ^ clkbuf_0_clk/X (sky130_fd_sc_hd__clkbuf_16)
     4    0.03                           clknet_0_clk (net)
                  0.05    0.00    0.17 ^ clkbuf_2_2__f_clk/A (sky130_fd_sc_hd__clkbuf_16)
                  0.04    0.13    0.30 ^ clkbuf_2_2__f_clk/X (sky130_fd_sc_hd__clkbuf_16)
     8    0.01                           clknet_2_2__leaf_clk (net)
                  0.04    0.00    0.30 ^ _272_/CLK (sky130_fd_sc_hd__dfrtp_1)
                          0.25    0.55   clock uncertainty
                          0.00    0.55   clock reconvergence pessimism
                          0.34    0.89   library removal time
                                  0.89   data required time
-----------------------------------------------------------------------------
                                  0.89   data required time
                                 -4.29   data arrival time
-----------------------------------------------------------------------------
                                  3.40   slack (MET)


Startpoint: _273_ (rising edge-triggered flip-flop clocked by clk)
Endpoint: sleep_ack (output port clocked by clk)
Path Group: clk
Path Type: min

Fanout     Cap    Slew   Delay    Time   Description
-----------------------------------------------------------------------------
                          0.00    0.00   clock clk (rise edge)
                          0.00    0.00   clock source latency
                  0.04    0.03    0.03 ^ clk (in)
     1    0.01                           clk (net)
                  0.04    0.00    0.03 ^ clkbuf_0_clk/A (sky130_fd_sc_hd__clkbuf_16)
                  0.05    0.13    0.15 ^ clkbuf_0_clk/X (sky130_fd_sc_hd__clkbuf_16)
     4    0.03                           clknet_0_clk (net)
                  0.05    0.00    0.15 ^ clkbuf_2_2__f_clk/A (sky130_fd_sc_hd__clkbuf_16)
                  0.04    0.12    0.27 ^ clkbuf_2_2__f_clk/X (sky130_fd_sc_hd__clkbuf_16)
     8    0.01                           clknet_2_2__leaf_clk (net)
                  0.04    0.00    0.27 ^ _273_/CLK (sky130_fd_sc_hd__dfrtp_2)
                  0.08    0.35    0.63 ^ _273_/Q (sky130_fd_sc_hd__dfrtp_2)
     5    0.01                           net12 (net)
                  0.08    0.00    0.63 ^ output12/A (sky130_fd_sc_hd__clkbuf_4)
                  0.11    0.19    0.81 ^ output12/X (sky130_fd_sc_hd__clkbuf_4)
     1    0.03                           sleep_ack (net)
                  0.11    0.00    0.81 ^ sleep_ack (out)
                                  0.81   data arrival time

                          0.00    0.00   clock clk (rise edge)
                          0.00    0.00   clock network delay (propagated)
                          0.25    0.25   clock uncertainty
                          0.00    0.25   clock reconvergence pessimism
                         -4.00   -3.75   output external delay
                                 -3.75   data required time
-----------------------------------------------------------------------------
                                 -3.75   data required time
                                 -0.81   data arrival time
-----------------------------------------------------------------------------
                                  4.56   slack (MET)


Startpoint: _288_ (rising edge-triggered flip-flop clocked by clk)
Endpoint: tx (output port clocked by clk)
Path Group: clk
Path Type: min

Fanout     Cap    Slew   Delay    Time   Description
-----------------------------------------------------------------------------
                          0.00    0.00   clock clk (rise edge)
                          0.00    0.00   clock source latency
                  0.04    0.03    0.03 ^ clk (in)
     1    0.01                           clk (net)
                  0.04    0.00    0.03 ^ clkbuf_0_clk/A (sky130_fd_sc_hd__clkbuf_16)
                  0.05    0.13    0.15 ^ clkbuf_0_clk/X (sky130_fd_sc_hd__clkbuf_16)
     4    0.03                           clknet_0_clk (net)
                  0.05    0.00    0.15 ^ clkbuf_2_0__f_clk/A (sky130_fd_sc_hd__clkbuf_16)
                  0.04    0.12    0.27 ^ clkbuf_2_0__f_clk/X (sky130_fd_sc_hd__clkbuf_16)
     9    0.02                           clknet_2_0__leaf_clk (net)
                  0.04    0.00    0.27 ^ _288_/CLK (sky130_fd_sc_hd__dfrtp_1)
                  0.05    0.35    0.62 v _288_/Q (sky130_fd_sc_hd__dfrtp_1)
     2    0.01                           shift_reg[0] (net)
                  0.05    0.00    0.62 v _140_/A (sky130_fd_sc_hd__inv_2)
                  0.02    0.04    0.66 ^ _140_/Y (sky130_fd_sc_hd__inv_2)
     1    0.00                           _128_ (net)
                  0.02    0.00    0.66 ^ _142_/A2 (sky130_fd_sc_hd__o211ai_1)
                  0.05    0.06    0.72 v _142_/Y (sky130_fd_sc_hd__o211ai_1)
     1    0.00                           net13 (net)
                  0.05    0.00    0.72 v output13/A (sky130_fd_sc_hd__clkbuf_4)
                  0.08    0.17    0.90 v output13/X (sky130_fd_sc_hd__clkbuf_4)
     1    0.03                           tx (net)
                  0.08    0.00    0.90 v tx (out)
                                  0.90   data arrival time

                          0.00    0.00   clock clk (rise edge)
                          0.00    0.00   clock network delay (propagated)
                          0.25    0.25   clock uncertainty
                          0.00    0.25   clock reconvergence pessimism
                         -4.00   -3.75   output external delay
                                 -3.75   data required time
-----------------------------------------------------------------------------
                                 -3.75   data required time
                                 -0.90   data arrival time
-----------------------------------------------------------------------------
                                  4.65   slack (MET)


Startpoint: _273_ (rising edge-triggered flip-flop clocked by clk)
Endpoint: tx_busy (output port clocked by clk)
Path Group: clk
Path Type: min

Fanout     Cap    Slew   Delay    Time   Description
-----------------------------------------------------------------------------
                          0.00    0.00   clock clk (rise edge)
                          0.00    0.00   clock source latency
                  0.04    0.03    0.03 ^ clk (in)
     1    0.01                           clk (net)
                  0.04    0.00    0.03 ^ clkbuf_0_clk/A (sky130_fd_sc_hd__clkbuf_16)
                  0.05    0.13    0.15 ^ clkbuf_0_clk/X (sky130_fd_sc_hd__clkbuf_16)
     4    0.03                           clknet_0_clk (net)
                  0.05    0.00    0.15 ^ clkbuf_2_2__f_clk/A (sky130_fd_sc_hd__clkbuf_16)
                  0.04    0.12    0.27 ^ clkbuf_2_2__f_clk/X (sky130_fd_sc_hd__clkbuf_16)
     8    0.01                           clknet_2_2__leaf_clk (net)
                  0.04    0.00    0.27 ^ _273_/CLK (sky130_fd_sc_hd__dfrtp_2)
                  0.08    0.35    0.63 ^ _273_/Q (sky130_fd_sc_hd__dfrtp_2)
     5    0.01                           net12 (net)
                  0.08    0.00    0.63 ^ _130_/A (sky130_fd_sc_hd__clkbuf_4)
                  0.09    0.17    0.80 ^ _130_/X (sky130_fd_sc_hd__clkbuf_4)
    10    0.03                           _120_ (net)
                  0.09    0.00    0.80 ^ _132_/A (sky130_fd_sc_hd__nor2_1)
                  0.05    0.07    0.86 v _132_/Y (sky130_fd_sc_hd__nor2_1)
     3    0.01                           net14 (net)
                  0.05    0.00    0.86 v output14/A (sky130_fd_sc_hd__clkbuf_4)
                  0.08    0.17    1.04 v output14/X (sky130_fd_sc_hd__clkbuf_4)
     1    0.03                           tx_busy (net)
                  0.08    0.00    1.04 v tx_busy (out)
                                  1.04   data arrival time

                          0.00    0.00   clock clk (rise edge)
                          0.00    0.00   clock network delay (propagated)
                          0.25    0.25   clock uncertainty
                          0.00    0.25   clock reconvergence pessimism
                         -4.00   -3.75   output external delay
                                 -3.75   data required time
-----------------------------------------------------------------------------
                                 -3.75   data required time
                                 -1.04   data arrival time
-----------------------------------------------------------------------------
                                  4.79   slack (MET)



