
===========================================================================
report_checks -path_delay max (Setup)
============================================================================
======================= Typical Corner ===================================

Startpoint: tx_start (input port clocked by clk)
Endpoint: _288_ (rising edge-triggered flip-flop clocked by clk)
Path Group: clk
Path Type: max

Fanout     Cap    Slew   Delay    Time   Description
-----------------------------------------------------------------------------
                          0.00    0.00   clock clk (rise edge)
                          0.00    0.00   clock network delay (propagated)
                          4.00    4.00 ^ input external delay
                  0.02    0.01    4.01 ^ tx_start (in)
     1    0.00                           tx_start (net)
                  0.02    0.00    4.01 ^ input11/A (sky130_fd_sc_hd__clkbuf_1)
                  0.03    0.06    4.07 ^ input11/X (sky130_fd_sc_hd__clkbuf_1)
     1    0.00                           net11 (net)
                  0.03    0.00    4.07 ^ _216_/D_N (sky130_fd_sc_hd__or4b_2)
                  0.13    0.66    4.73 v _216_/X (sky130_fd_sc_hd__or4b_2)
     3    0.01                           _088_ (net)
                  0.13    0.00    4.73 v _223_/A (sky130_fd_sc_hd__clkbuf_4)
                  0.08    0.23    4.96 v _223_/X (sky130_fd_sc_hd__clkbuf_4)
    10    0.03                           _094_ (net)
                  0.08    0.00    4.96 v _233_/S (sky130_fd_sc_hd__mux2_1)
                  0.05    0.32    5.28 v _233_/X (sky130_fd_sc_hd__mux2_1)
     1    0.00                           _101_ (net)
                  0.05    0.00    5.28 v _235_/A1 (sky130_fd_sc_hd__mux2_1)
                  0.05    0.30    5.58 v _235_/X (sky130_fd_sc_hd__mux2_1)
     1    0.00                           _103_ (net)
                  0.05    0.00    5.58 v _236_/A (sky130_fd_sc_hd__clkbuf_1)
                  0.02    0.09    5.67 v _236_/X (sky130_fd_sc_hd__clkbuf_1)
     1    0.00                           _027_ (net)
                  0.02    0.00    5.67 v _288_/D (sky130_fd_sc_hd__dfrtp_1)
                                  5.67   data arrival time

                         20.00   20.00   clock clk (rise edge)
                          0.00   20.00   clock source latency
                  0.04    0.03   20.03 ^ clk (in)
     1    0.01                           clk (net)
                  0.04    0.00   20.03 ^ clkbuf_0_clk/A (sky130_fd_sc_hd__clkbuf_16)
                  0.05    0.13   20.15 ^ clkbuf_0_clk/X (sky130_fd_sc_hd__clkbuf_16)
     4    0.03                           clknet_0_clk (net)
                  0.05    0.00   20.15 ^ clkbuf_2_0__f_clk/A (sky130_fd_sc_hd__clkbuf_16)
                  0.04    0.12   20.27 ^ clkbuf_2_0__f_clk/X (sky130_fd_sc_hd__clkbuf_16)
     9    0.02                           clknet_2_0__leaf_clk (net)
                  0.04    0.00   20.27 ^ _288_/CLK (sky130_fd_sc_hd__dfrtp_1)
                         -0.25   20.02   clock uncertainty
                          0.00   20.02   clock reconvergence pessimism
                         -0.11   19.92   library setup time
                                 19.92   data required time
-----------------------------------------------------------------------------
                                 19.92   data required time
                                 -5.67   data arrival time
-----------------------------------------------------------------------------
                                 14.25   slack (MET)


Startpoint: tx_start (input port clocked by clk)
Endpoint: _289_ (rising edge-triggered flip-flop clocked by clk)
Path Group: clk
Path Type: max

Fanout     Cap    Slew   Delay    Time   Description
-----------------------------------------------------------------------------
                          0.00    0.00   clock clk (rise edge)
                          0.00    0.00   clock network delay (propagated)
                          4.00    4.00 ^ input external delay
                  0.02    0.01    4.01 ^ tx_start (in)
     1    0.00                           tx_start (net)
                  0.02    0.00    4.01 ^ input11/A (sky130_fd_sc_hd__clkbuf_1)
                  0.03    0.06    4.07 ^ input11/X (sky130_fd_sc_hd__clkbuf_1)
     1    0.00                           net11 (net)
                  0.03    0.00    4.07 ^ _216_/D_N (sky130_fd_sc_hd__or4b_2)
                  0.13    0.66    4.73 v _216_/X (sky130_fd_sc_hd__or4b_2)
     3    0.01                           _088_ (net)
                  0.13    0.00    4.73 v _223_/A (sky130_fd_sc_hd__clkbuf_4)
                  0.08    0.23    4.96 v _223_/X (sky130_fd_sc_hd__clkbuf_4)
    10    0.03                           _094_ (net)
                  0.08    0.00    4.96 v _237_/S (sky130_fd_sc_hd__mux2_1)
                  0.05    0.32    5.28 v _237_/X (sky130_fd_sc_hd__mux2_1)
     1    0.00                           _104_ (net)
                  0.05    0.00    5.28 v _238_/A1 (sky130_fd_sc_hd__mux2_1)
                  0.05    0.30    5.58 v _238_/X (sky130_fd_sc_hd__mux2_1)
     1    0.00                           _105_ (net)
                  0.05    0.00    5.58 v _239_/A (sky130_fd_sc_hd__clkbuf_1)
                  0.02    0.09    5.67 v _239_/X (sky130_fd_sc_hd__clkbuf_1)
     1    0.00                           _028_ (net)
                  0.02    0.00    5.67 v _289_/D (sky130_fd_sc_hd__dfrtp_1)
                                  5.67   data arrival time

                         20.00   20.00   clock clk (rise edge)
                          0.00   20.00   clock source latency
                  0.04    0.03   20.03 ^ clk (in)
     1    0.01                           clk (net)
                  0.04    0.00   20.03 ^ clkbuf_0_clk/A (sky130_fd_sc_hd__clkbuf_16)
                  0.05    0.13   20.15 ^ clkbuf_0_clk/X (sky130_fd_sc_hd__clkbuf_16)
     4    0.03                           clknet_0_clk (net)
                  0.05    0.00   20.15 ^ clkbuf_2_0__f_clk/A (sky130_fd_sc_hd__clkbuf_16)
                  0.04    0.12   20.27 ^ clkbuf_2_0__f_clk/X (sky130_fd_sc_hd__clkbuf_16)
     9    0.02                           clknet_2_0__leaf_clk (net)
                  0.04    0.00   20.27 ^ _289_/CLK (sky130_fd_sc_hd__dfrtp_1)
                         -0.25   20.02   clock uncertainty
                          0.00   20.02   clock reconvergence pessimism
                         -0.11   19.92   library setup time
                                 19.92   data required time
-----------------------------------------------------------------------------
                                 19.92   data required time
                                 -5.67   data arrival time
-----------------------------------------------------------------------------
                                 14.25   slack (MET)


Startpoint: tx_start (input port clocked by clk)
Endpoint: _290_ (rising edge-triggered flip-flop clocked by clk)
Path Group: clk
Path Type: max

Fanout     Cap    Slew   Delay    Time   Description
-----------------------------------------------------------------------------
                          0.00    0.00   clock clk (rise edge)
                          0.00    0.00   clock network delay (propagated)
                          4.00    4.00 ^ input external delay
                  0.02    0.01    4.01 ^ tx_start (in)
     1    0.00                           tx_start (net)
                  0.02    0.00    4.01 ^ input11/A (sky130_fd_sc_hd__clkbuf_1)
                  0.03    0.06    4.07 ^ input11/X (sky130_fd_sc_hd__clkbuf_1)
     1    0.00                           net11 (net)
                  0.03    0.00    4.07 ^ _216_/D_N (sky130_fd_sc_hd__or4b_2)
                  0.13    0.66    4.73 v _216_/X (sky130_fd_sc_hd__or4b_2)
     3    0.01                           _088_ (net)
                  0.13    0.00    4.73 v _223_/A (sky130_fd_sc_hd__clkbuf_4)
                  0.08    0.23    4.96 v _223_/X (sky130_fd_sc_hd__clkbuf_4)
    10    0.03                           _094_ (net)
                  0.08    0.00    4.96 v _240_/S (sky130_fd_sc_hd__mux2_1)
                  0.05    0.32    5.28 v _240_/X (sky130_fd_sc_hd__mux2_1)
     1    0.00                           _106_ (net)
                  0.05    0.00    5.28 v _241_/A1 (sky130_fd_sc_hd__mux2_1)
                  0.05    0.30    5.58 v _241_/X (sky130_fd_sc_hd__mux2_1)
     1    0.00                           _107_ (net)
                  0.05    0.00    5.58 v _242_/A (sky130_fd_sc_hd__clkbuf_1)
                  0.02    0.09    5.67 v _242_/X (sky130_fd_sc_hd__clkbuf_1)
     1    0.00                           _029_ (net)
                  0.02    0.00    5.67 v _290_/D (sky130_fd_sc_hd__dfrtp_1)
                                  5.67   data arrival time

                         20.00   20.00   clock clk (rise edge)
                          0.00   20.00   clock source latency
                  0.04    0.03   20.03 ^ clk (in)
     1    0.01                           clk (net)
                  0.04    0.00   20.03 ^ clkbuf_0_clk/A (sky130_fd_sc_hd__clkbuf_16)
                  0.05    0.13   20.15 ^ clkbuf_0_clk/X (sky130_fd_sc_hd__clkbuf_16)
     4    0.03                           clknet_0_clk (net)
                  0.05    0.00   20.15 ^ clkbuf_2_0__f_clk/A (sky130_fd_sc_hd__clkbuf_16)
                  0.04    0.12   20.27 ^ clkbuf_2_0__f_clk/X (sky130_fd_sc_hd__clkbuf_16)
     9    0.02                           clknet_2_0__leaf_clk (net)
                  0.04    0.00   20.27 ^ _290_/CLK (sky130_fd_sc_hd__dfrtp_1)
                         -0.25   20.02   clock uncertainty
                          0.00   20.02   clock reconvergence pessimism
                         -0.11   19.92   library setup time
                                 19.92   data required time
-----------------------------------------------------------------------------
                                 19.92   data required time
                                 -5.67   data arrival time
-----------------------------------------------------------------------------
                                 14.25   slack (MET)


Startpoint: tx_start (input port clocked by clk)
Endpoint: _291_ (rising edge-triggered flip-flop clocked by clk)
Path Group: clk
Path Type: max

Fanout     Cap    Slew   Delay    Time   Description
-----------------------------------------------------------------------------
                          0.00    0.00   clock clk (rise edge)
                          0.00    0.00   clock network delay (propagated)
                          4.00    4.00 ^ input external delay
                  0.02    0.01    4.01 ^ tx_start (in)
     1    0.00                           tx_start (net)
                  0.02    0.00    4.01 ^ input11/A (sky130_fd_sc_hd__clkbuf_1)
                  0.03    0.06    4.07 ^ input11/X (sky130_fd_sc_hd__clkbuf_1)
     1    0.00                           net11 (net)
                  0.03    0.00    4.07 ^ _216_/D_N (sky130_fd_sc_hd__or4b_2)
                  0.13    0.66    4.73 v _216_/X (sky130_fd_sc_hd__or4b_2)
     3    0.01                           _088_ (net)
                  0.13    0.00    4.73 v _223_/A (sky130_fd_sc_hd__clkbuf_4)
                  0.08    0.23    4.96 v _223_/X (sky130_fd_sc_hd__clkbuf_4)
    10    0.03                           _094_ (net)
                  0.08    0.00    4.96 v _243_/S (sky130_fd_sc_hd__mux2_1)
                  0.05    0.32    5.28 v _243_/X (sky130_fd_sc_hd__mux2_1)
     1    0.00                           _108_ (net)
                  0.05    0.00    5.28 v _244_/A1 (sky130_fd_sc_hd__mux2_1)
                  0.05    0.30    5.58 v _244_/X (sky130_fd_sc_hd__mux2_1)
     1    0.00                           _109_ (net)
                  0.05    0.00    5.58 v _245_/A (sky130_fd_sc_hd__clkbuf_1)
                  0.02    0.09    5.67 v _245_/X (sky130_fd_sc_hd__clkbuf_1)
     1    0.00                           _030_ (net)
                  0.02    0.00    5.67 v _291_/D (sky130_fd_sc_hd__dfrtp_1)
                                  5.67   data arrival time

                         20.00   20.00   clock clk (rise edge)
                          0.00   20.00   clock source latency
                  0.04    0.03   20.03 ^ clk (in)
     1    0.01                           clk (net)
                  0.04    0.00   20.03 ^ clkbuf_0_clk/A (sky130_fd_sc_hd__clkbuf_16)
                  0.05    0.13   20.15 ^ clkbuf_0_clk/X (sky130_fd_sc_hd__clkbuf_16)
     4    0.03                           clknet_0_clk (net)
                  0.05    0.00   20.15 ^ clkbuf_2_0__f_clk/A (sky130_fd_sc_hd__clkbuf_16)
                  0.04    0.12   20.27 ^ clkbuf_2_0__f_clk/X (sky130_fd_sc_hd__clkbuf_16)
     9    0.02                           clknet_2_0__leaf_clk (net)
                  0.04    0.00   20.27 ^ _291_/CLK (sky130_fd_sc_hd__dfrtp_1)
                         -0.25   20.02   clock uncertainty
                          0.00   20.02   clock reconvergence pessimism
                         -0.11   19.92   library setup time
                                 19.92   data required time
-----------------------------------------------------------------------------
                                 19.92   data required time
                                 -5.67   data arrival time
-----------------------------------------------------------------------------
                                 14.25   slack (MET)


Startpoint: tx_start (input port clocked by clk)
Endpoint: _292_ (rising edge-triggered flip-flop clocked by clk)
Path Group: clk
Path Type: max

Fanout     Cap    Slew   Delay    Time   Description
-----------------------------------------------------------------------------
                          0.00    0.00   clock clk (rise edge)
                          0.00    0.00   clock network delay (propagated)
                          4.00    4.00 ^ input external delay
                  0.02    0.01    4.01 ^ tx_start (in)
     1    0.00                           tx_start (net)
                  0.02    0.00    4.01 ^ input11/A (sky130_fd_sc_hd__clkbuf_1)
                  0.03    0.06    4.07 ^ input11/X (sky130_fd_sc_hd__clkbuf_1)
     1    0.00                           net11 (net)
                  0.03    0.00    4.07 ^ _216_/D_N (sky130_fd_sc_hd__or4b_2)
                  0.13    0.66    4.73 v _216_/X (sky130_fd_sc_hd__or4b_2)
     3    0.01                           _088_ (net)
                  0.13    0.00    4.73 v _223_/A (sky130_fd_sc_hd__clkbuf_4)
                  0.08    0.23    4.96 v _223_/X (sky130_fd_sc_hd__clkbuf_4)
    10    0.03                           _094_ (net)
                  0.08    0.00    4.96 v _246_/S (sky130_fd_sc_hd__mux2_1)
                  0.05    0.32    5.28 v _246_/X (sky130_fd_sc_hd__mux2_1)
     1    0.00                           _110_ (net)
                  0.05    0.00    5.28 v _247_/A1 (sky130_fd_sc_hd__mux2_1)
                  0.05    0.30    5.58 v _247_/X (sky130_fd_sc_hd__mux2_1)
     1    0.00                           _111_ (net)
                  0.05    0.00    5.58 v _248_/A (sky130_fd_sc_hd__clkbuf_1)
                  0.02    0.09    5.67 v _248_/X (sky130_fd_sc_hd__clkbuf_1)
     1    0.00                           _031_ (net)
                  0.02    0.00    5.67 v _292_/D (sky130_fd_sc_hd__dfrtp_1)
                                  5.67   data arrival time

                         20.00   20.00   clock clk (rise edge)
                          0.00   20.00   clock source latency
                  0.04    0.03   20.03 ^ clk (in)
     1    0.01                           clk (net)
                  0.04    0.00   20.03 ^ clkbuf_0_clk/A (sky130_fd_sc_hd__clkbuf_16)
                  0.05    0.13   20.15 ^ clkbuf_0_clk/X (sky130_fd_sc_hd__clkbuf_16)
     4    0.03                           clknet_0_clk (net)
                  0.05    0.00   20.15 ^ clkbuf_2_0__f_clk/A (sky130_fd_sc_hd__clkbuf_16)
                  0.04    0.12   20.27 ^ clkbuf_2_0__f_clk/X (sky130_fd_sc_hd__clkbuf_16)
     9    0.02                           clknet_2_0__leaf_clk (net)
                  0.04    0.00   20.27 ^ _292_/CLK (sky130_fd_sc_hd__dfrtp_1)
                         -0.25   20.02   clock uncertainty
                          0.00   20.02   clock reconvergence pessimism
                         -0.11   19.92   library setup time
                                 19.92   data required time
-----------------------------------------------------------------------------
                                 19.92   data required time
                                 -5.67   data arrival time
-----------------------------------------------------------------------------
                                 14.25   slack (MET)


Startpoint: tx_start (input port clocked by clk)
Endpoint: _293_ (rising edge-triggered flip-flop clocked by clk)
Path Group: clk
Path Type: max

Fanout     Cap    Slew   Delay    Time   Description
-----------------------------------------------------------------------------
                          0.00    0.00   clock clk (rise edge)
                          0.00    0.00   clock network delay (propagated)
                          4.00    4.00 ^ input external delay
                  0.02    0.01    4.01 ^ tx_start (in)
     1    0.00                           tx_start (net)
                  0.02    0.00    4.01 ^ input11/A (sky130_fd_sc_hd__clkbuf_1)
                  0.03    0.06    4.07 ^ input11/X (sky130_fd_sc_hd__clkbuf_1)
     1    0.00                           net11 (net)
                  0.03    0.00    4.07 ^ _216_/D_N (sky130_fd_sc_hd__or4b_2)
                  0.13    0.66    4.73 v _216_/X (sky130_fd_sc_hd__or4b_2)
     3    0.01                           _088_ (net)
                  0.13    0.00    4.73 v _223_/A (sky130_fd_sc_hd__clkbuf_4)
                  0.08    0.23    4.96 v _223_/X (sky130_fd_sc_hd__clkbuf_4)
    10    0.03                           _094_ (net)
                  0.08    0.00    4.96 v _249_/S (sky130_fd_sc_hd__mux2_1)
                  0.05    0.32    5.28 v _249_/X (sky130_fd_sc_hd__mux2_1)
     1    0.00                           _112_ (net)
                  0.05    0.00    5.28 v _250_/A1 (sky130_fd_sc_hd__mux2_1)
                  0.05    0.30    5.58 v _250_/X (sky130_fd_sc_hd__mux2_1)
     1    0.00                           _113_ (net)
                  0.05    0.00    5.58 v _251_/A (sky130_fd_sc_hd__clkbuf_1)
                  0.02    0.09    5.67 v _251_/X (sky130_fd_sc_hd__clkbuf_1)
     1    0.00                           _032_ (net)
                  0.02    0.00    5.67 v _293_/D (sky130_fd_sc_hd__dfrtp_1)
                                  5.67   data arrival time

                         20.00   20.00   clock clk (rise edge)
                          0.00   20.00   clock source latency
                  0.04    0.03   20.03 ^ clk (in)
     1    0.01                           clk (net)
                  0.04    0.00   20.03 ^ clkbuf_0_clk/A (sky130_fd_sc_hd__clkbuf_16)
                  0.05    0.13   20.15 ^ clkbuf_0_clk/X (sky130_fd_sc_hd__clkbuf_16)
     4    0.03                           clknet_0_clk (net)
                  0.05    0.00   20.15 ^ clkbuf_2_0__f_clk/A (sky130_fd_sc_hd__clkbuf_16)
                  0.04    0.12   20.27 ^ clkbuf_2_0__f_clk/X (sky130_fd_sc_hd__clkbuf_16)
     9    0.02                           clknet_2_0__leaf_clk (net)
                  0.04    0.00   20.27 ^ _293_/CLK (sky130_fd_sc_hd__dfrtp_1)
                         -0.25   20.02   clock uncertainty
                          0.00   20.02   clock reconvergence pessimism
                         -0.11   19.92   library setup time
                                 19.92   data required time
-----------------------------------------------------------------------------
                                 19.92   data required time
                                 -5.67   data arrival time
-----------------------------------------------------------------------------
                                 14.25   slack (MET)


Startpoint: tx_start (input port clocked by clk)
Endpoint: _294_ (rising edge-triggered flip-flop clocked by clk)
Path Group: clk
Path Type: max

Fanout     Cap    Slew   Delay    Time   Description
-----------------------------------------------------------------------------
                          0.00    0.00   clock clk (rise edge)
                          0.00    0.00   clock network delay (propagated)
                          4.00    4.00 ^ input external delay
                  0.02    0.01    4.01 ^ tx_start (in)
     1    0.00                           tx_start (net)
                  0.02    0.00    4.01 ^ input11/A (sky130_fd_sc_hd__clkbuf_1)
                  0.03    0.06    4.07 ^ input11/X (sky130_fd_sc_hd__clkbuf_1)
     1    0.00                           net11 (net)
                  0.03    0.00    4.07 ^ _216_/D_N (sky130_fd_sc_hd__or4b_2)
                  0.13    0.66    4.73 v _216_/X (sky130_fd_sc_hd__or4b_2)
     3    0.01                           _088_ (net)
                  0.13    0.00    4.73 v _223_/A (sky130_fd_sc_hd__clkbuf_4)
                  0.08    0.23    4.96 v _223_/X (sky130_fd_sc_hd__clkbuf_4)
    10    0.03                           _094_ (net)
                  0.08    0.00    4.96 v _234_/A1 (sky130_fd_sc_hd__a21oi_4)
                  0.25    0.26    5.22 ^ _234_/Y (sky130_fd_sc_hd__a21oi_4)
     8    0.03                           _102_ (net)
                  0.25    0.00    5.22 ^ _253_/S (sky130_fd_sc_hd__mux2_1)
                  0.05    0.36    5.58 v _253_/X (sky130_fd_sc_hd__mux2_1)
     1    0.00                           _115_ (net)
                  0.05    0.00    5.58 v _254_/A (sky130_fd_sc_hd__clkbuf_1)
                  0.02    0.09    5.67 v _254_/X (sky130_fd_sc_hd__clkbuf_1)
     1    0.00                           _033_ (net)
                  0.02    0.00    5.67 v _294_/D (sky130_fd_sc_hd__dfrtp_1)
                                  5.67   data arrival time

                         20.00   20.00   clock clk (rise edge)
                          0.00   20.00   clock source latency
                  0.04    0.03   20.03 ^ clk (in)
     1    0.01                           clk (net)
                  0.04    0.00   20.03 ^ clkbuf_0_clk/A (sky130_fd_sc_hd__clkbuf_16)
                  0.05    0.13   20.15 ^ clkbuf_0_clk/X (sky130_fd_sc_hd__clkbuf_16)
     4    0.03                           clknet_0_clk (net)
                  0.05    0.00   20.15 ^ clkbuf_2_0__f_clk/A (sky130_fd_sc_hd__clkbuf_16)
                  0.04    0.12   20.27 ^ clkbuf_2_0__f_clk/X (sky130_fd_sc_hd__clkbuf_16)
     9    0.02                           clknet_2_0__leaf_clk (net)
                  0.04    0.00   20.27 ^ _294_/CLK (sky130_fd_sc_hd__dfrtp_1)
                         -0.25   20.02   clock uncertainty
                          0.00   20.02   clock reconvergence pessimism
                         -0.11   19.92   library setup time
                                 19.92   data required time
-----------------------------------------------------------------------------
                                 19.92   data required time
                                 -5.67   data arrival time
-----------------------------------------------------------------------------
                                 14.25   slack (MET)


Startpoint: _273_ (rising edge-triggered flip-flop clocked by clk)
Endpoint: tx (output port clocked by clk)
Path Group: clk
Path Type: max

Fanout     Cap    Slew   Delay    Time   Description
-----------------------------------------------------------------------------
                          0.00    0.00   clock clk (rise edge)
                          0.00    0.00   clock source latency
                  0.04    0.03    0.03 ^ clk (in)
     1    0.01                           clk (net)
                  0.04    0.00    0.03 ^ clkbuf_0_clk/A (sky130_fd_sc_hd__clkbuf_16)
                  0.05    0.14    0.17 ^ clkbuf_0_clk/X (sky130_fd_sc_hd__clkbuf_16)
     4    0.03                           clknet_0_clk (net)
                  0.05    0.00    0.17 ^ clkbuf_2_2__f_clk/A (sky130_fd_sc_hd__clkbuf_16)
                  0.04    0.13    0.30 ^ clkbuf_2_2__f_clk/X (sky130_fd_sc_hd__clkbuf_16)
     8    0.01                           clknet_2_2__leaf_clk (net)
                  0.04    0.00    0.30 ^ _273_/CLK (sky130_fd_sc_hd__dfrtp_2)
                  0.06    0.43    0.73 v _273_/Q (sky130_fd_sc_hd__dfrtp_2)
     5    0.01                           net12 (net)
                  0.06    0.00    0.73 v _130_/A (sky130_fd_sc_hd__clkbuf_4)
                  0.06    0.18    0.91 v _130_/X (sky130_fd_sc_hd__clkbuf_4)
    10    0.02                           _120_ (net)
                  0.06    0.00    0.91 v _132_/A (sky130_fd_sc_hd__nor2_1)
                  0.15    0.16    1.08 ^ _132_/Y (sky130_fd_sc_hd__nor2_1)
     3    0.01                           net14 (net)
                  0.15    0.00    1.08 ^ _142_/B1 (sky130_fd_sc_hd__o211ai_1)
                  0.07    0.11    1.18 v _142_/Y (sky130_fd_sc_hd__o211ai_1)
     1    0.00                           net13 (net)
                  0.07    0.00    1.18 v output13/A (sky130_fd_sc_hd__clkbuf_4)
                  0.08    0.20    1.39 v output13/X (sky130_fd_sc_hd__clkbuf_4)
     1    0.03                           tx (net)
                  0.08    0.00    1.39 v tx (out)
                                  1.39   data arrival time

                         20.00   20.00   clock clk (rise edge)
                          0.00   20.00   clock network delay (propagated)
                         -0.25   19.75   clock uncertainty
                          0.00   19.75   clock reconvergence pessimism
                         -4.00   15.75   output external delay
                                 15.75   data required time
-----------------------------------------------------------------------------
                                 15.75   data required time
                                 -1.39   data arrival time
-----------------------------------------------------------------------------
                                 14.36   slack (MET)


Startpoint: tx_start (input port clocked by clk)
Endpoint: _295_ (rising edge-triggered flip-flop clocked by clk)
Path Group: clk
Path Type: max

Fanout     Cap    Slew   Delay    Time   Description
-----------------------------------------------------------------------------
                          0.00    0.00   clock clk (rise edge)
                          0.00    0.00   clock network delay (propagated)
                          4.00    4.00 ^ input external delay
                  0.02    0.01    4.01 ^ tx_start (in)
     1    0.00                           tx_start (net)
                  0.02    0.00    4.01 ^ input11/A (sky130_fd_sc_hd__clkbuf_1)
                  0.03    0.06    4.07 ^ input11/X (sky130_fd_sc_hd__clkbuf_1)
     1    0.00                           net11 (net)
                  0.03    0.00    4.07 ^ _216_/D_N (sky130_fd_sc_hd__or4b_2)
                  0.13    0.66    4.73 v _216_/X (sky130_fd_sc_hd__or4b_2)
     3    0.01                           _088_ (net)
                  0.13    0.00    4.73 v _223_/A (sky130_fd_sc_hd__clkbuf_4)
                  0.08    0.23    4.96 v _223_/X (sky130_fd_sc_hd__clkbuf_4)
    10    0.03                           _094_ (net)
                  0.08    0.00    4.96 v _234_/A1 (sky130_fd_sc_hd__a21oi_4)
                  0.25    0.26    5.22 ^ _234_/Y (sky130_fd_sc_hd__a21oi_4)
     8    0.03                           _102_ (net)
                  0.25    0.00    5.22 ^ _255_/A (sky130_fd_sc_hd__inv_2)
                  0.04    0.04    5.26 v _255_/Y (sky130_fd_sc_hd__inv_2)
     1    0.00                           _116_ (net)
                  0.04    0.00    5.26 v _257_/A2 (sky130_fd_sc_hd__a22o_1)
                  0.04    0.22    5.48 v _257_/X (sky130_fd_sc_hd__a22o_1)
     1    0.00                           _034_ (net)
                  0.04    0.00    5.48 v _295_/D (sky130_fd_sc_hd__dfrtp_1)
                                  5.48   data arrival time

                         20.00   20.00   clock clk (rise edge)
                          0.00   20.00   clock source latency
                  0.04    0.03   20.03 ^ clk (in)
     1    0.01                           clk (net)
                  0.04    0.00   20.03 ^ clkbuf_0_clk/A (sky130_fd_sc_hd__clkbuf_16)
                  0.05    0.13   20.15 ^ clkbuf_0_clk/X (sky130_fd_sc_hd__clkbuf_16)
     4    0.03                           clknet_0_clk (net)
                  0.05    0.00   20.15 ^ clkbuf_2_0__f_clk/A (sky130_fd_sc_hd__clkbuf_16)
                  0.04    0.12   20.27 ^ clkbuf_2_0__f_clk/X (sky130_fd_sc_hd__clkbuf_16)
     9    0.02                           clknet_2_0__leaf_clk (net)
                  0.04    0.00   20.27 ^ _295_/CLK (sky130_fd_sc_hd__dfrtp_1)
                         -0.25   20.02   clock uncertainty
                          0.00   20.02   clock reconvergence pessimism
                         -0.11   19.91   library setup time
                                 19.91   data required time
-----------------------------------------------------------------------------
                                 19.91   data required time
                                 -5.48   data arrival time
-----------------------------------------------------------------------------
                                 14.43   slack (MET)


Startpoint: _273_ (rising edge-triggered flip-flop clocked by clk)
Endpoint: tx_busy (output port clocked by clk)
Path Group: clk
Path Type: max

Fanout     Cap    Slew   Delay    Time   Description
-----------------------------------------------------------------------------
                          0.00    0.00   clock clk (rise edge)
                          0.00    0.00   clock source latency
                  0.04    0.03    0.03 ^ clk (in)
     1    0.01                           clk (net)
                  0.04    0.00    0.03 ^ clkbuf_0_clk/A (sky130_fd_sc_hd__clkbuf_16)
                  0.05    0.14    0.17 ^ clkbuf_0_clk/X (sky130_fd_sc_hd__clkbuf_16)
     4    0.03                           clknet_0_clk (net)
                  0.05    0.00    0.17 ^ clkbuf_2_2__f_clk/A (sky130_fd_sc_hd__clkbuf_16)
                  0.04    0.13    0.30 ^ clkbuf_2_2__f_clk/X (sky130_fd_sc_hd__clkbuf_16)
     8    0.01                           clknet_2_2__leaf_clk (net)
                  0.04    0.00    0.30 ^ _273_/CLK (sky130_fd_sc_hd__dfrtp_2)
                  0.06    0.43    0.73 v _273_/Q (sky130_fd_sc_hd__dfrtp_2)
     5    0.01                           net12 (net)
                  0.06    0.00    0.73 v _130_/A (sky130_fd_sc_hd__clkbuf_4)
                  0.06    0.18    0.91 v _130_/X (sky130_fd_sc_hd__clkbuf_4)
    10    0.02                           _120_ (net)
                  0.06    0.00    0.91 v _132_/A (sky130_fd_sc_hd__nor2_1)
                  0.15    0.16    1.08 ^ _132_/Y (sky130_fd_sc_hd__nor2_1)
     3    0.01                           net14 (net)
                  0.15    0.00    1.08 ^ output14/A (sky130_fd_sc_hd__clkbuf_4)
                  0.11    0.23    1.31 ^ output14/X (sky130_fd_sc_hd__clkbuf_4)
     1    0.03                           tx_busy (net)
                  0.11    0.00    1.31 ^ tx_busy (out)
                                  1.31   data arrival time

                         20.00   20.00   clock clk (rise edge)
                          0.00   20.00   clock network delay (propagated)
                         -0.25   19.75   clock uncertainty
                          0.00   19.75   clock reconvergence pessimism
                         -4.00   15.75   output external delay
                                 15.75   data required time
-----------------------------------------------------------------------------
                                 15.75   data required time
                                 -1.31   data arrival time
-----------------------------------------------------------------------------
                                 14.44   slack (MET)


Startpoint: tx_start (input port clocked by clk)
Endpoint: _287_ (rising edge-triggered flip-flop clocked by clk)
Path Group: clk
Path Type: max

Fanout     Cap    Slew   Delay    Time   Description
-----------------------------------------------------------------------------
                          0.00    0.00   clock clk (rise edge)
                          0.00    0.00   clock network delay (propagated)
                          4.00    4.00 ^ input external delay
                  0.02    0.01    4.01 ^ tx_start (in)
     1    0.00                           tx_start (net)
                  0.02    0.00    4.01 ^ input11/A (sky130_fd_sc_hd__clkbuf_1)
                  0.03    0.06    4.07 ^ input11/X (sky130_fd_sc_hd__clkbuf_1)
     1    0.00                           net11 (net)
                  0.03    0.00    4.07 ^ _216_/D_N (sky130_fd_sc_hd__or4b_2)
                  0.13    0.66    4.73 v _216_/X (sky130_fd_sc_hd__or4b_2)
     3    0.01                           _088_ (net)
                  0.13    0.00    4.73 v _223_/A (sky130_fd_sc_hd__clkbuf_4)
                  0.08    0.23    4.96 v _223_/X (sky130_fd_sc_hd__clkbuf_4)
    10    0.03                           _094_ (net)
                  0.08    0.00    4.96 v _224_/A2 (sky130_fd_sc_hd__a21o_1)
                  0.04    0.20    5.16 v _224_/X (sky130_fd_sc_hd__a21o_1)
     2    0.00                           _095_ (net)
                  0.04    0.00    5.16 v _232_/A1_N (sky130_fd_sc_hd__a2bb2o_1)
                  0.04    0.25    5.41 ^ _232_/X (sky130_fd_sc_hd__a2bb2o_1)
     1    0.00                           _026_ (net)
                  0.04    0.00    5.41 ^ _287_/D (sky130_fd_sc_hd__dfrtp_1)
                                  5.41   data arrival time

                         20.00   20.00   clock clk (rise edge)
                          0.00   20.00   clock source latency
                  0.04    0.03   20.03 ^ clk (in)
     1    0.01                           clk (net)
                  0.04    0.00   20.03 ^ clkbuf_0_clk/A (sky130_fd_sc_hd__clkbuf_16)
                  0.05    0.13   20.15 ^ clkbuf_0_clk/X (sky130_fd_sc_hd__clkbuf_16)
     4    0.03                           clknet_0_clk (net)
                  0.05    0.00   20.15 ^ clkbuf_2_0__f_clk/A (sky130_fd_sc_hd__clkbuf_16)
                  0.04    0.12   20.27 ^ clkbuf_2_0__f_clk/X (sky130_fd_sc_hd__clkbuf_16)
     9    0.02                           clknet_2_0__leaf_clk (net)
                  0.04    0.00   20.27 ^ _287_/CLK (sky130_fd_sc_hd__dfrtp_1)
                         -0.25   20.02   clock uncertainty
                          0.00   20.02   clock reconvergence pessimism
                         -0.06   19.96   library setup time
                                 19.96   data required time
-----------------------------------------------------------------------------
                                 19.96   data required time
                                 -5.41   data arrival time
-----------------------------------------------------------------------------
                                 14.55   slack (MET)


Startpoint: tx_start (input port clocked by clk)
Endpoint: _285_ (rising edge-triggered flip-flop clocked by clk)
Path Group: clk
Path Type: max

Fanout     Cap    Slew   Delay    Time   Description
-----------------------------------------------------------------------------
                          0.00    0.00   clock clk (rise edge)
                          0.00    0.00   clock network delay (propagated)
                          4.00    4.00 ^ input external delay
                  0.02    0.01    4.01 ^ tx_start (in)
     1    0.00                           tx_start (net)
                  0.02    0.00    4.01 ^ input11/A (sky130_fd_sc_hd__clkbuf_1)
                  0.03    0.06    4.07 ^ input11/X (sky130_fd_sc_hd__clkbuf_1)
     1    0.00                           net11 (net)
                  0.03    0.00    4.07 ^ _216_/D_N (sky130_fd_sc_hd__or4b_2)
                  0.13    0.66    4.73 v _216_/X (sky130_fd_sc_hd__or4b_2)
     3    0.01                           _088_ (net)
                  0.13    0.00    4.73 v _223_/A (sky130_fd_sc_hd__clkbuf_4)
                  0.08    0.23    4.96 v _223_/X (sky130_fd_sc_hd__clkbuf_4)
    10    0.03                           _094_ (net)
                  0.08    0.00    4.96 v _224_/A2 (sky130_fd_sc_hd__a21o_1)
                  0.04    0.20    5.16 v _224_/X (sky130_fd_sc_hd__a21o_1)
     2    0.00                           _095_ (net)
                  0.04    0.00    5.16 v _225_/B2 (sky130_fd_sc_hd__o22a_1)
                  0.04    0.15    5.31 v _225_/X (sky130_fd_sc_hd__o22a_1)
     1    0.00                           _024_ (net)
                  0.04    0.00    5.31 v _285_/D (sky130_fd_sc_hd__dfrtp_1)
                                  5.31   data arrival time

                         20.00   20.00   clock clk (rise edge)
                          0.00   20.00   clock source latency
                  0.04    0.03   20.03 ^ clk (in)
     1    0.01                           clk (net)
                  0.04    0.00   20.03 ^ clkbuf_0_clk/A (sky130_fd_sc_hd__clkbuf_16)
                  0.05    0.13   20.15 ^ clkbuf_0_clk/X (sky130_fd_sc_hd__clkbuf_16)
     4    0.03                           clknet_0_clk (net)
                  0.05    0.00   20.15 ^ clkbuf_2_1__f_clk/A (sky130_fd_sc_hd__clkbuf_16)
                  0.04    0.12   20.28 ^ clkbuf_2_1__f_clk/X (sky130_fd_sc_hd__clkbuf_16)
    11    0.02                           clknet_2_1__leaf_clk (net)
                  0.04    0.00   20.28 ^ _285_/CLK (sky130_fd_sc_hd__dfrtp_1)
                         -0.25   20.03   clock uncertainty
                          0.00   20.03   clock reconvergence pessimism
                         -0.11   19.92   library setup time
                                 19.92   data required time
-----------------------------------------------------------------------------
                                 19.92   data required time
                                 -5.31   data arrival time
-----------------------------------------------------------------------------
                                 14.61   slack (MET)


Startpoint: tx_start (input port clocked by clk)
Endpoint: _286_ (rising edge-triggered flip-flop clocked by clk)
Path Group: clk
Path Type: max

Fanout     Cap    Slew   Delay    Time   Description
-----------------------------------------------------------------------------
                          0.00    0.00   clock clk (rise edge)
                          0.00    0.00   clock network delay (propagated)
                          4.00    4.00 ^ input external delay
                  0.02    0.01    4.01 ^ tx_start (in)
     1    0.00                           tx_start (net)
                  0.02    0.00    4.01 ^ input11/A (sky130_fd_sc_hd__clkbuf_1)
                  0.03    0.06    4.07 ^ input11/X (sky130_fd_sc_hd__clkbuf_1)
     1    0.00                           net11 (net)
                  0.03    0.00    4.07 ^ _216_/D_N (sky130_fd_sc_hd__or4b_2)
                  0.13    0.66    4.73 v _216_/X (sky130_fd_sc_hd__or4b_2)
     3    0.01                           _088_ (net)
                  0.13    0.00    4.73 v _217_/A2 (sky130_fd_sc_hd__a21oi_2)
                  0.13    0.20    4.93 ^ _217_/Y (sky130_fd_sc_hd__a21oi_2)
     4    0.01                           _089_ (net)
                  0.13    0.00    4.93 ^ _227_/B1 (sky130_fd_sc_hd__o21ai_1)
                  0.06    0.09    5.02 v _227_/Y (sky130_fd_sc_hd__o21ai_1)
     2    0.00                           _097_ (net)
                  0.06    0.00    5.02 v _229_/A (sky130_fd_sc_hd__and2_1)
                  0.03    0.14    5.16 v _229_/X (sky130_fd_sc_hd__and2_1)
     1    0.00                           _099_ (net)
                  0.03    0.00    5.16 v _230_/A (sky130_fd_sc_hd__clkbuf_1)
                  0.02    0.08    5.24 v _230_/X (sky130_fd_sc_hd__clkbuf_1)
     1    0.00                           _025_ (net)
                  0.02    0.00    5.24 v _286_/D (sky130_fd_sc_hd__dfrtp_1)
                                  5.24   data arrival time

                         20.00   20.00   clock clk (rise edge)
                          0.00   20.00   clock source latency
                  0.04    0.03   20.03 ^ clk (in)
     1    0.01                           clk (net)
                  0.04    0.00   20.03 ^ clkbuf_0_clk/A (sky130_fd_sc_hd__clkbuf_16)
                  0.05    0.13   20.15 ^ clkbuf_0_clk/X (sky130_fd_sc_hd__clkbuf_16)
     4    0.03                           clknet_0_clk (net)
                  0.05    0.00   20.15 ^ clkbuf_2_1__f_clk/A (sky130_fd_sc_hd__clkbuf_16)
                  0.04    0.12   20.28 ^ clkbuf_2_1__f_clk/X (sky130_fd_sc_hd__clkbuf_16)
    11    0.02                           clknet_2_1__leaf_clk (net)
                  0.04    0.00   20.28 ^ _286_/CLK (sky130_fd_sc_hd__dfrtp_1)
                         -0.25   20.03   clock uncertainty
                          0.00   20.03   clock reconvergence pessimism
                         -0.10   19.92   library setup time
                                 19.92   data required time
-----------------------------------------------------------------------------
                                 19.92   data required time
                                 -5.24   data arrival time
-----------------------------------------------------------------------------
                                 14.68   slack (MET)


Startpoint: tx_start (input port clocked by clk)
Endpoint: _284_ (rising edge-triggered flip-flop clocked by clk)
Path Group: clk
Path Type: max

Fanout     Cap    Slew   Delay    Time   Description
-----------------------------------------------------------------------------
                          0.00    0.00   clock clk (rise edge)
                          0.00    0.00   clock network delay (propagated)
                          4.00    4.00 ^ input external delay
                  0.02    0.01    4.01 ^ tx_start (in)
     1    0.00                           tx_start (net)
                  0.02    0.00    4.01 ^ input11/A (sky130_fd_sc_hd__clkbuf_1)
                  0.03    0.06    4.07 ^ input11/X (sky130_fd_sc_hd__clkbuf_1)
     1    0.00                           net11 (net)
                  0.03    0.00    4.07 ^ _216_/D_N (sky130_fd_sc_hd__or4b_2)
                  0.13    0.66    4.73 v _216_/X (sky130_fd_sc_hd__or4b_2)
     3    0.01                           _088_ (net)
                  0.13    0.00    4.73 v _217_/A2 (sky130_fd_sc_hd__a21oi_2)
                  0.13    0.20    4.93 ^ _217_/Y (sky130_fd_sc_hd__a21oi_2)
     4    0.01                           _089_ (net)
                  0.13    0.00    4.93 ^ _219_/B (sky130_fd_sc_hd__and2_1)
                  0.06    0.15    5.09 ^ _219_/X (sky130_fd_sc_hd__and2_1)
     2    0.00                           _091_ (net)
                  0.06    0.00    5.09 ^ _220_/B1_N (sky130_fd_sc_hd__o21ba_1)
                  0.03    0.14    5.23 v _220_/X (sky130_fd_sc_hd__o21ba_1)
     1    0.00                           _023_ (net)
                  0.03    0.00    5.23 v _284_/D (sky130_fd_sc_hd__dfrtp_1)
                                  5.23   data arrival time

                         20.00   20.00   clock clk (rise edge)
                          0.00   20.00   clock source latency
                  0.04    0.03   20.03 ^ clk (in)
     1    0.01                           clk (net)
                  0.04    0.00   20.03 ^ clkbuf_0_clk/A (sky130_fd_sc_hd__clkbuf_16)
                  0.05    0.13   20.15 ^ clkbuf_0_clk/X (sky130_fd_sc_hd__clkbuf_16)
     4    0.03                           clknet_0_clk (net)
                  0.05    0.00   20.15 ^ clkbuf_2_1__f_clk/A (sky130_fd_sc_hd__clkbuf_16)
                  0.04    0.12   20.28 ^ clkbuf_2_1__f_clk/X (sky130_fd_sc_hd__clkbuf_16)
    11    0.02                           clknet_2_1__leaf_clk (net)
                  0.04    0.00   20.28 ^ _284_/CLK (sky130_fd_sc_hd__dfrtp_1)
                         -0.25   20.03   clock uncertainty
                          0.00   20.03   clock reconvergence pessimism
                         -0.11   19.92   library setup time
                                 19.92   data required time
-----------------------------------------------------------------------------
                                 19.92   data required time
                                 -5.23   data arrival time
-----------------------------------------------------------------------------
                                 14.69   slack (MET)


Startpoint: tx_start (input port clocked by clk)
Endpoint: _296_ (rising edge-triggered flip-flop clocked by clk)
Path Group: clk
Path Type: max

Fanout     Cap    Slew   Delay    Time   Description
-----------------------------------------------------------------------------
                          0.00    0.00   clock clk (rise edge)
                          0.00    0.00   clock network delay (propagated)
                          4.00    4.00 ^ input external delay
                  0.02    0.01    4.01 ^ tx_start (in)
     1    0.00                           tx_start (net)
                  0.02    0.00    4.01 ^ input11/A (sky130_fd_sc_hd__clkbuf_1)
                  0.03    0.06    4.07 ^ input11/X (sky130_fd_sc_hd__clkbuf_1)
     1    0.00                           net11 (net)
                  0.03    0.00    4.07 ^ _216_/D_N (sky130_fd_sc_hd__or4b_2)
                  0.13    0.66    4.73 v _216_/X (sky130_fd_sc_hd__or4b_2)
     3    0.01                           _088_ (net)
                  0.13    0.00    4.73 v _223_/A (sky130_fd_sc_hd__clkbuf_4)
                  0.08    0.23    4.96 v _223_/X (sky130_fd_sc_hd__clkbuf_4)
    10    0.03                           _094_ (net)
                  0.08    0.00    4.96 v _259_/A1 (sky130_fd_sc_hd__a21oi_1)
                  0.10    0.14    5.10 ^ _259_/Y (sky130_fd_sc_hd__a21oi_1)
     1    0.00                           _119_ (net)
                  0.10    0.00    5.10 ^ _260_/B1 (sky130_fd_sc_hd__a21o_1)
                  0.03    0.09    5.19 ^ _260_/X (sky130_fd_sc_hd__a21o_1)
     1    0.00                           _035_ (net)
                  0.03    0.00    5.19 ^ _296_/D (sky130_fd_sc_hd__dfrtp_4)
                                  5.19   data arrival time

                         20.00   20.00   clock clk (rise edge)
                          0.00   20.00   clock source latency
                  0.04    0.03   20.03 ^ clk (in)
     1    0.01                           clk (net)
                  0.04    0.00   20.03 ^ clkbuf_0_clk/A (sky130_fd_sc_hd__clkbuf_16)
                  0.05    0.13   20.15 ^ clkbuf_0_clk/X (sky130_fd_sc_hd__clkbuf_16)
     4    0.03                           clknet_0_clk (net)
                  0.05    0.00   20.15 ^ clkbuf_2_1__f_clk/A (sky130_fd_sc_hd__clkbuf_16)
                  0.04    0.12   20.28 ^ clkbuf_2_1__f_clk/X (sky130_fd_sc_hd__clkbuf_16)
    11    0.02                           clknet_2_1__leaf_clk (net)
                  0.04    0.00   20.28 ^ _296_/CLK (sky130_fd_sc_hd__dfrtp_4)
                         -0.25   20.03   clock uncertainty
                          0.00   20.03   clock reconvergence pessimism
                         -0.06   19.97   library setup time
                                 19.97   data required time
-----------------------------------------------------------------------------
                                 19.97   data required time
                                 -5.19   data arrival time
-----------------------------------------------------------------------------
                                 14.78   slack (MET)


Startpoint: _273_ (rising edge-triggered flip-flop clocked by clk)
Endpoint: sleep_ack (output port clocked by clk)
Path Group: clk
Path Type: max

Fanout     Cap    Slew   Delay    Time   Description
-----------------------------------------------------------------------------
                          0.00    0.00   clock clk (rise edge)
                          0.00    0.00   clock source latency
                  0.04    0.03    0.03 ^ clk (in)
     1    0.01                           clk (net)
                  0.04    0.00    0.03 ^ clkbuf_0_clk/A (sky130_fd_sc_hd__clkbuf_16)
                  0.05    0.14    0.17 ^ clkbuf_0_clk/X (sky130_fd_sc_hd__clkbuf_16)
     4    0.03                           clknet_0_clk (net)
                  0.05    0.00    0.17 ^ clkbuf_2_2__f_clk/A (sky130_fd_sc_hd__clkbuf_16)
                  0.04    0.13    0.30 ^ clkbuf_2_2__f_clk/X (sky130_fd_sc_hd__clkbuf_16)
     8    0.01                           clknet_2_2__leaf_clk (net)
                  0.04    0.00    0.30 ^ _273_/CLK (sky130_fd_sc_hd__dfrtp_2)
                  0.06    0.43    0.73 v _273_/Q (sky130_fd_sc_hd__dfrtp_2)
     5    0.01                           net12 (net)
                  0.06    0.00    0.73 v output12/A (sky130_fd_sc_hd__clkbuf_4)
                  0.08    0.20    0.93 v output12/X (sky130_fd_sc_hd__clkbuf_4)
     1    0.03                           sleep_ack (net)
                  0.08    0.00    0.93 v sleep_ack (out)
                                  0.93   data arrival time

                         20.00   20.00   clock clk (rise edge)
                          0.00   20.00   clock network delay (propagated)
                         -0.25   19.75   clock uncertainty
                          0.00   19.75   clock reconvergence pessimism
                         -4.00   15.75   output external delay
                                 15.75   data required time
-----------------------------------------------------------------------------
                                 15.75   data required time
                                 -0.93   data arrival time
-----------------------------------------------------------------------------
                                 14.82   slack (MET)


Startpoint: sleep (input port clocked by clk)
Endpoint: _273_ (rising edge-triggered flip-flop clocked by clk)
Path Group: clk
Path Type: max

Fanout     Cap    Slew   Delay    Time   Description
-----------------------------------------------------------------------------
                          0.00    0.00   clock clk (rise edge)
                          0.00    0.00   clock network delay (propagated)
                          4.00    4.00 v input external delay
                  0.01    0.00    4.00 v sleep (in)
     1    0.00                           sleep (net)
                  0.01    0.00    4.00 v input2/A (sky130_fd_sc_hd__buf_1)
                  0.03    0.08    4.08 v input2/X (sky130_fd_sc_hd__buf_1)
     2    0.00                           net2 (net)
                  0.03    0.00    4.08 v _178_/B (sky130_fd_sc_hd__and2b_1)
                  0.03    0.15    4.23 v _178_/X (sky130_fd_sc_hd__and2b_1)
     1    0.00                           _061_ (net)
                  0.03    0.00    4.23 v _179_/A (sky130_fd_sc_hd__clkbuf_1)
                  0.02    0.08    4.31 v _179_/X (sky130_fd_sc_hd__clkbuf_1)
     1    0.00                           _012_ (net)
                  0.02    0.00    4.31 v _273_/D (sky130_fd_sc_hd__dfrtp_2)
                                  4.31   data arrival time

                         20.00   20.00   clock clk (rise edge)
                          0.00   20.00   clock source latency
                  0.04    0.03   20.03 ^ clk (in)
     1    0.01                           clk (net)
                  0.04    0.00   20.03 ^ clkbuf_0_clk/A (sky130_fd_sc_hd__clkbuf_16)
                  0.05    0.13   20.15 ^ clkbuf_0_clk/X (sky130_fd_sc_hd__clkbuf_16)
     4    0.03                           clknet_0_clk (net)
                  0.05    0.00   20.15 ^ clkbuf_2_2__f_clk/A (sky130_fd_sc_hd__clkbuf_16)
                  0.04    0.12   20.27 ^ clkbuf_2_2__f_clk/X (sky130_fd_sc_hd__clkbuf_16)
     8    0.01                           clknet_2_2__leaf_clk (net)
                  0.04    0.00   20.27 ^ _273_/CLK (sky130_fd_sc_hd__dfrtp_2)
                         -0.25   20.02   clock uncertainty
                          0.00   20.02   clock reconvergence pessimism
                         -0.11   19.91   library setup time
                                 19.91   data required time
-----------------------------------------------------------------------------
                                 19.91   data required time
                                 -4.31   data arrival time
-----------------------------------------------------------------------------
                                 15.60   slack (MET)


Startpoint: sleep (input port clocked by clk)
Endpoint: _272_ (rising edge-triggered flip-flop clocked by clk)
Path Group: clk
Path Type: max

Fanout     Cap    Slew   Delay    Time   Description
-----------------------------------------------------------------------------
                          0.00    0.00   clock clk (rise edge)
                          0.00    0.00   clock network delay (propagated)
                          4.00    4.00 v input external delay
                  0.01    0.00    4.00 v sleep (in)
     1    0.00                           sleep (net)
                  0.01    0.00    4.00 v input2/A (sky130_fd_sc_hd__buf_1)
                  0.03    0.08    4.08 v input2/X (sky130_fd_sc_hd__buf_1)
     2    0.00                           net2 (net)
                  0.03    0.00    4.08 v _177_/B1 (sky130_fd_sc_hd__o21a_1)
                  0.03    0.09    4.18 v _177_/X (sky130_fd_sc_hd__o21a_1)
     1    0.00                           _011_ (net)
                  0.03    0.00    4.18 v _272_/D (sky130_fd_sc_hd__dfrtp_1)
                                  4.18   data arrival time

                         20.00   20.00   clock clk (rise edge)
                          0.00   20.00   clock source latency
                  0.04    0.03   20.03 ^ clk (in)
     1    0.01                           clk (net)
                  0.04    0.00   20.03 ^ clkbuf_0_clk/A (sky130_fd_sc_hd__clkbuf_16)
                  0.05    0.13   20.15 ^ clkbuf_0_clk/X (sky130_fd_sc_hd__clkbuf_16)
     4    0.03                           clknet_0_clk (net)
                  0.05    0.00   20.15 ^ clkbuf_2_2__f_clk/A (sky130_fd_sc_hd__clkbuf_16)
                  0.04    0.12   20.27 ^ clkbuf_2_2__f_clk/X (sky130_fd_sc_hd__clkbuf_16)
     8    0.01                           clknet_2_2__leaf_clk (net)
                  0.04    0.00   20.27 ^ _272_/CLK (sky130_fd_sc_hd__dfrtp_1)
                         -0.25   20.02   clock uncertainty
                          0.00   20.02   clock reconvergence pessimism
                         -0.11   19.91   library setup time
                                 19.91   data required time
-----------------------------------------------------------------------------
                                 19.91   data required time
                                 -4.18   data arrival time
-----------------------------------------------------------------------------
                                 15.74   slack (MET)


Startpoint: rst_n (input port clocked by clk)
Endpoint: _296_ (recovery check against rising-edge clock clk)
Path Group: asynchronous
Path Type: max

Fanout     Cap    Slew   Delay    Time   Description
-----------------------------------------------------------------------------
                          0.00    0.00   clock clk (rise edge)
                          0.00    0.00   clock network delay (propagated)
                          4.00    4.00 ^ input external delay
                  0.02    0.01    4.01 ^ rst_n (in)
     1    0.00                           rst_n (net)
                  0.02    0.00    4.01 ^ input1/A (sky130_fd_sc_hd__clkbuf_2)
                  0.06    0.11    4.12 ^ input1/X (sky130_fd_sc_hd__clkbuf_2)
     4    0.01                           net1 (net)
                  0.06    0.00    4.12 ^ fanout17/A (sky130_fd_sc_hd__clkbuf_4)
                  0.12    0.20    4.32 ^ fanout17/X (sky130_fd_sc_hd__clkbuf_4)
    10    0.04                           net17 (net)
                  0.12    0.00    4.32 ^ _296_/RESET_B (sky130_fd_sc_hd__dfrtp_4)
                                  4.32   data arrival time

                         20.00   20.00   clock clk (rise edge)
                          0.00   20.00   clock source latency
                  0.04    0.03   20.03 ^ clk (in)
     1    0.01                           clk (net)
                  0.04    0.00   20.03 ^ clkbuf_0_clk/A (sky130_fd_sc_hd__clkbuf_16)
                  0.05    0.13   20.15 ^ clkbuf_0_clk/X (sky130_fd_sc_hd__clkbuf_16)
     4    0.03                           clknet_0_clk (net)
                  0.05    0.00   20.15 ^ clkbuf_2_1__f_clk/A (sky130_fd_sc_hd__clkbuf_16)
                  0.04    0.12   20.28 ^ clkbuf_2_1__f_clk/X (sky130_fd_sc_hd__clkbuf_16)
    11    0.02                           clknet_2_1__leaf_clk (net)
                  0.04    0.00   20.28 ^ _296_/CLK (sky130_fd_sc_hd__dfrtp_4)
                         -0.25   20.03   clock uncertainty
                          0.00   20.03   clock reconvergence pessimism
                          0.19   20.22   library recovery time
                                 20.22   data required time
-----------------------------------------------------------------------------
                                 20.22   data required time
                                 -4.32   data arrival time
-----------------------------------------------------------------------------
                                 15.90   slack (MET)


Startpoint: rst_n (input port clocked by clk)
Endpoint: _297_ (recovery check against rising-edge clock clk)
Path Group: asynchronous
Path Type: max

Fanout     Cap    Slew   Delay    Time   Description
-----------------------------------------------------------------------------
                          0.00    0.00   clock clk (rise edge)
                          0.00    0.00   clock network delay (propagated)
                          4.00    4.00 ^ input external delay
                  0.02    0.01    4.01 ^ rst_n (in)
     1    0.00                           rst_n (net)
                  0.02    0.00    4.01 ^ input1/A (sky130_fd_sc_hd__clkbuf_2)
                  0.06    0.11    4.12 ^ input1/X (sky130_fd_sc_hd__clkbuf_2)
     4    0.01                           net1 (net)
                  0.06    0.00    4.12 ^ fanout17/A (sky130_fd_sc_hd__clkbuf_4)
                  0.12    0.20    4.32 ^ fanout17/X (sky130_fd_sc_hd__clkbuf_4)
    10    0.04                           net17 (net)
                  0.12    0.00    4.32 ^ _297_/RESET_B (sky130_fd_sc_hd__dfrtp_4)
                                  4.32   data arrival time

                         20.00   20.00   clock clk (rise edge)
                          0.00   20.00   clock source latency
                  0.04    0.03   20.03 ^ clk (in)
     1    0.01                           clk (net)
                  0.04    0.00   20.03 ^ clkbuf_0_clk/A (sky130_fd_sc_hd__clkbuf_16)
                  0.05    0.13   20.15 ^ clkbuf_0_clk/X (sky130_fd_sc_hd__clkbuf_16)
     4    0.03                           clknet_0_clk (net)
                  0.05    0.00   20.15 ^ clkbuf_2_1__f_clk/A (sky130_fd_sc_hd__clkbuf_16)
                  0.04    0.12   20.28 ^ clkbuf_2_1__f_clk/X (sky130_fd_sc_hd__clkbuf_16)
    11    0.02                           clknet_2_1__leaf_clk (net)
                  0.04    0.00   20.28 ^ _297_/CLK (sky130_fd_sc_hd__dfrtp_4)
                         -0.25   20.03   clock uncertainty
                          0.00   20.03   clock reconvergence pessimism
                          0.19   20.22   library recovery time
                                 20.22   data required time
-----------------------------------------------------------------------------
                                 20.22   data required time
                                 -4.32   data arrival time
-----------------------------------------------------------------------------
                                 15.90   slack (MET)


Startpoint: rst_n (input port clocked by clk)
Endpoint: _272_ (recovery check against rising-edge clock clk)
Path Group: asynchronous
Path Type: max

Fanout     Cap    Slew   Delay    Time   Description
-----------------------------------------------------------------------------
                          0.00    0.00   clock clk (rise edge)
                          0.00    0.00   clock network delay (propagated)
                          4.00    4.00 ^ input external delay
                  0.02    0.01    4.01 ^ rst_n (in)
     1    0.00                           rst_n (net)
                  0.02    0.00    4.01 ^ input1/A (sky130_fd_sc_hd__clkbuf_2)
                  0.06    0.11    4.12 ^ input1/X (sky130_fd_sc_hd__clkbuf_2)
     4    0.01                           net1 (net)
                  0.06    0.00    4.12 ^ fanout15/A (sky130_fd_sc_hd__clkbuf_4)
                  0.12    0.20    4.32 ^ fanout15/X (sky130_fd_sc_hd__clkbuf_4)
    10    0.04                           net15 (net)
                  0.12    0.00    4.32 ^ _272_/RESET_B (sky130_fd_sc_hd__dfrtp_1)
                                  4.32   data arrival time

                         20.00   20.00   clock clk (rise edge)
                          0.00   20.00   clock source latency
                  0.04    0.03   20.03 ^ clk (in)
     1    0.01                           clk (net)
                  0.04    0.00   20.03 ^ clkbuf_0_clk/A (sky130_fd_sc_hd__clkbuf_16)
                  0.05    0.13   20.15 ^ clkbuf_0_clk/X (sky130_fd_sc_hd__clkbuf_16)
     4    0.03                           clknet_0_clk (net)
                  0.05    0.00   20.15 ^ clkbuf_2_2__f_clk/A (sky130_fd_sc_hd__clkbuf_16)
                  0.04    0.12   20.27 ^ clkbuf_2_2__f_clk/X (sky130_fd_sc_hd__clkbuf_16)
     8    0.01                           clknet_2_2__leaf_clk (net)
                  0.04    0.00   20.27 ^ _272_/CLK (sky130_fd_sc_hd__dfrtp_1)
                         -0.25   20.02   clock uncertainty
                          0.00   20.02   clock reconvergence pessimism
                          0.21   20.23   library recovery time
                                 20.23   data required time
-----------------------------------------------------------------------------
                                 20.23   data required time
                                 -4.32   data arrival time
-----------------------------------------------------------------------------
                                 15.91   slack (MET)


Startpoint: rst_n (input port clocked by clk)
Endpoint: _287_ (recovery check against rising-edge clock clk)
Path Group: asynchronous
Path Type: max

Fanout     Cap    Slew   Delay    Time   Description
-----------------------------------------------------------------------------
                          0.00    0.00   clock clk (rise edge)
                          0.00    0.00   clock network delay (propagated)
                          4.00    4.00 ^ input external delay
                  0.02    0.01    4.01 ^ rst_n (in)
     1    0.00                           rst_n (net)
                  0.02    0.00    4.01 ^ input1/A (sky130_fd_sc_hd__clkbuf_2)
                  0.06    0.11    4.12 ^ input1/X (sky130_fd_sc_hd__clkbuf_2)
     4    0.01                           net1 (net)
                  0.06    0.00    4.12 ^ fanout15/A (sky130_fd_sc_hd__clkbuf_4)
                  0.12    0.20    4.32 ^ fanout15/X (sky130_fd_sc_hd__clkbuf_4)
    10    0.04                           net15 (net)
                  0.12    0.00    4.32 ^ _287_/RESET_B (sky130_fd_sc_hd__dfrtp_1)
                                  4.32   data arrival time

                         20.00   20.00   clock clk (rise edge)
                          0.00   20.00   clock source latency
                  0.04    0.03   20.03 ^ clk (in)
     1    0.01                           clk (net)
                  0.04    0.00   20.03 ^ clkbuf_0_clk/A (sky130_fd_sc_hd__clkbuf_16)
                  0.05    0.13   20.15 ^ clkbuf_0_clk/X (sky130_fd_sc_hd__clkbuf_16)
     4    0.03                           clknet_0_clk (net)
                  0.05    0.00   20.15 ^ clkbuf_2_0__f_clk/A (sky130_fd_sc_hd__clkbuf_16)
                  0.04    0.12   20.27 ^ clkbuf_2_0__f_clk/X (sky130_fd_sc_hd__clkbuf_16)
     9    0.02                           clknet_2_0__leaf_clk (net)
                  0.04    0.00   20.27 ^ _287_/CLK (sky130_fd_sc_hd__dfrtp_1)
                         -0.25   20.02   clock uncertainty
                          0.00   20.02   clock reconvergence pessimism
                          0.21   20.23   library recovery time
                                 20.23   data required time
-----------------------------------------------------------------------------
                                 20.23   data required time
                                 -4.32   data arrival time
-----------------------------------------------------------------------------
                                 15.91   slack (MET)


Startpoint: rst_n (input port clocked by clk)
Endpoint: _288_ (recovery check against rising-edge clock clk)
Path Group: asynchronous
Path Type: max

Fanout     Cap    Slew   Delay    Time   Description
-----------------------------------------------------------------------------
                          0.00    0.00   clock clk (rise edge)
                          0.00    0.00   clock network delay (propagated)
                          4.00    4.00 ^ input external delay
                  0.02    0.01    4.01 ^ rst_n (in)
     1    0.00                           rst_n (net)
                  0.02    0.00    4.01 ^ input1/A (sky130_fd_sc_hd__clkbuf_2)
                  0.06    0.11    4.12 ^ input1/X (sky130_fd_sc_hd__clkbuf_2)
     4    0.01                           net1 (net)
                  0.06    0.00    4.12 ^ fanout15/A (sky130_fd_sc_hd__clkbuf_4)
                  0.12    0.20    4.32 ^ fanout15/X (sky130_fd_sc_hd__clkbuf_4)
    10    0.04                           net15 (net)
                  0.12    0.00    4.32 ^ _288_/RESET_B (sky130_fd_sc_hd__dfrtp_1)
                                  4.32   data arrival time

                         20.00   20.00   clock clk (rise edge)
                          0.00   20.00   clock source latency
                  0.04    0.03   20.03 ^ clk (in)
     1    0.01                           clk (net)
                  0.04    0.00   20.03 ^ clkbuf_0_clk/A (sky130_fd_sc_hd__clkbuf_16)
                  0.05    0.13   20.15 ^ clkbuf_0_clk/X (sky130_fd_sc_hd__clkbuf_16)
     4    0.03                           clknet_0_clk (net)
                  0.05    0.00   20.15 ^ clkbuf_2_0__f_clk/A (sky130_fd_sc_hd__clkbuf_16)
                  0.04    0.12   20.27 ^ clkbuf_2_0__f_clk/X (sky130_fd_sc_hd__clkbuf_16)
     9    0.02                           clknet_2_0__leaf_clk (net)
                  0.04    0.00   20.27 ^ _288_/CLK (sky130_fd_sc_hd__dfrtp_1)
                         -0.25   20.02   clock uncertainty
                          0.00   20.02   clock reconvergence pessimism
                          0.21   20.23   library recovery time
                                 20.23   data required time
-----------------------------------------------------------------------------
                                 20.23   data required time
                                 -4.32   data arrival time
-----------------------------------------------------------------------------
                                 15.91   slack (MET)


Startpoint: rst_n (input port clocked by clk)
Endpoint: _289_ (recovery check against rising-edge clock clk)
Path Group: asynchronous
Path Type: max

Fanout     Cap    Slew   Delay    Time   Description
-----------------------------------------------------------------------------
                          0.00    0.00   clock clk (rise edge)
                          0.00    0.00   clock network delay (propagated)
                          4.00    4.00 ^ input external delay
                  0.02    0.01    4.01 ^ rst_n (in)
     1    0.00                           rst_n (net)
                  0.02    0.00    4.01 ^ input1/A (sky130_fd_sc_hd__clkbuf_2)
                  0.06    0.11    4.12 ^ input1/X (sky130_fd_sc_hd__clkbuf_2)
     4    0.01                           net1 (net)
                  0.06    0.00    4.12 ^ fanout15/A (sky130_fd_sc_hd__clkbuf_4)
                  0.12    0.20    4.32 ^ fanout15/X (sky130_fd_sc_hd__clkbuf_4)
    10    0.04                           net15 (net)
                  0.12    0.00    4.32 ^ _289_/RESET_B (sky130_fd_sc_hd__dfrtp_1)
                                  4.32   data arrival time

                         20.00   20.00   clock clk (rise edge)
                          0.00   20.00   clock source latency
                  0.04    0.03   20.03 ^ clk (in)
     1    0.01                           clk (net)
                  0.04    0.00   20.03 ^ clkbuf_0_clk/A (sky130_fd_sc_hd__clkbuf_16)
                  0.05    0.13   20.15 ^ clkbuf_0_clk/X (sky130_fd_sc_hd__clkbuf_16)
     4    0.03                           clknet_0_clk (net)
                  0.05    0.00   20.15 ^ clkbuf_2_0__f_clk/A (sky130_fd_sc_hd__clkbuf_16)
                  0.04    0.12   20.27 ^ clkbuf_2_0__f_clk/X (sky130_fd_sc_hd__clkbuf_16)
     9    0.02                           clknet_2_0__leaf_clk (net)
                  0.04    0.00   20.27 ^ _289_/CLK (sky130_fd_sc_hd__dfrtp_1)
                         -0.25   20.02   clock uncertainty
                          0.00   20.02   clock reconvergence pessimism
                          0.21   20.23   library recovery time
                                 20.23   data required time
-----------------------------------------------------------------------------
                                 20.23   data required time
                                 -4.32   data arrival time
-----------------------------------------------------------------------------
                                 15.91   slack (MET)


Startpoint: rst_n (input port clocked by clk)
Endpoint: _290_ (recovery check against rising-edge clock clk)
Path Group: asynchronous
Path Type: max

Fanout     Cap    Slew   Delay    Time   Description
-----------------------------------------------------------------------------
                          0.00    0.00   clock clk (rise edge)
                          0.00    0.00   clock network delay (propagated)
                          4.00    4.00 ^ input external delay
                  0.02    0.01    4.01 ^ rst_n (in)
     1    0.00                           rst_n (net)
                  0.02    0.00    4.01 ^ input1/A (sky130_fd_sc_hd__clkbuf_2)
                  0.06    0.11    4.12 ^ input1/X (sky130_fd_sc_hd__clkbuf_2)
     4    0.01                           net1 (net)
                  0.06    0.00    4.12 ^ fanout15/A (sky130_fd_sc_hd__clkbuf_4)
                  0.12    0.20    4.32 ^ fanout15/X (sky130_fd_sc_hd__clkbuf_4)
    10    0.04                           net15 (net)
                  0.12    0.00    4.32 ^ _290_/RESET_B (sky130_fd_sc_hd__dfrtp_1)
                                  4.32   data arrival time

                         20.00   20.00   clock clk (rise edge)
                          0.00   20.00   clock source latency
                  0.04    0.03   20.03 ^ clk (in)
     1    0.01                           clk (net)
                  0.04    0.00   20.03 ^ clkbuf_0_clk/A (sky130_fd_sc_hd__clkbuf_16)
                  0.05    0.13   20.15 ^ clkbuf_0_clk/X (sky130_fd_sc_hd__clkbuf_16)
     4    0.03                           clknet_0_clk (net)
                  0.05    0.00   20.15 ^ clkbuf_2_0__f_clk/A (sky130_fd_sc_hd__clkbuf_16)
                  0.04    0.12   20.27 ^ clkbuf_2_0__f_clk/X (sky130_fd_sc_hd__clkbuf_16)
     9    0.02                           clknet_2_0__leaf_clk (net)
                  0.04    0.00   20.27 ^ _290_/CLK (sky130_fd_sc_hd__dfrtp_1)
                         -0.25   20.02   clock uncertainty
                          0.00   20.02   clock reconvergence pessimism
                          0.21   20.23   library recovery time
                                 20.23   data required time
-----------------------------------------------------------------------------
                                 20.23   data required time
                                 -4.32   data arrival time
-----------------------------------------------------------------------------
                                 15.91   slack (MET)


Startpoint: rst_n (input port clocked by clk)
Endpoint: _291_ (recovery check against rising-edge clock clk)
Path Group: asynchronous
Path Type: max

Fanout     Cap    Slew   Delay    Time   Description
-----------------------------------------------------------------------------
                          0.00    0.00   clock clk (rise edge)
                          0.00    0.00   clock network delay (propagated)
                          4.00    4.00 ^ input external delay
                  0.02    0.01    4.01 ^ rst_n (in)
     1    0.00                           rst_n (net)
                  0.02    0.00    4.01 ^ input1/A (sky130_fd_sc_hd__clkbuf_2)
                  0.06    0.11    4.12 ^ input1/X (sky130_fd_sc_hd__clkbuf_2)
     4    0.01                           net1 (net)
                  0.06    0.00    4.12 ^ fanout15/A (sky130_fd_sc_hd__clkbuf_4)
                  0.12    0.20    4.32 ^ fanout15/X (sky130_fd_sc_hd__clkbuf_4)
    10    0.04                           net15 (net)
                  0.12    0.00    4.32 ^ _291_/RESET_B (sky130_fd_sc_hd__dfrtp_1)
                                  4.32   data arrival time

                         20.00   20.00   clock clk (rise edge)
                          0.00   20.00   clock source latency
                  0.04    0.03   20.03 ^ clk (in)
     1    0.01                           clk (net)
                  0.04    0.00   20.03 ^ clkbuf_0_clk/A (sky130_fd_sc_hd__clkbuf_16)
                  0.05    0.13   20.15 ^ clkbuf_0_clk/X (sky130_fd_sc_hd__clkbuf_16)
     4    0.03                           clknet_0_clk (net)
                  0.05    0.00   20.15 ^ clkbuf_2_0__f_clk/A (sky130_fd_sc_hd__clkbuf_16)
                  0.04    0.12   20.27 ^ clkbuf_2_0__f_clk/X (sky130_fd_sc_hd__clkbuf_16)
     9    0.02                           clknet_2_0__leaf_clk (net)
                  0.04    0.00   20.27 ^ _291_/CLK (sky130_fd_sc_hd__dfrtp_1)
                         -0.25   20.02   clock uncertainty
                          0.00   20.02   clock reconvergence pessimism
                          0.21   20.23   library recovery time
                                 20.23   data required time
-----------------------------------------------------------------------------
                                 20.23   data required time
                                 -4.32   data arrival time
-----------------------------------------------------------------------------
                                 15.91   slack (MET)


Startpoint: rst_n (input port clocked by clk)
Endpoint: _292_ (recovery check against rising-edge clock clk)
Path Group: asynchronous
Path Type: max

Fanout     Cap    Slew   Delay    Time   Description
-----------------------------------------------------------------------------
                          0.00    0.00   clock clk (rise edge)
                          0.00    0.00   clock network delay (propagated)
                          4.00    4.00 ^ input external delay
                  0.02    0.01    4.01 ^ rst_n (in)
     1    0.00                           rst_n (net)
                  0.02    0.00    4.01 ^ input1/A (sky130_fd_sc_hd__clkbuf_2)
                  0.06    0.11    4.12 ^ input1/X (sky130_fd_sc_hd__clkbuf_2)
     4    0.01                           net1 (net)
                  0.06    0.00    4.12 ^ fanout15/A (sky130_fd_sc_hd__clkbuf_4)
                  0.12    0.20    4.32 ^ fanout15/X (sky130_fd_sc_hd__clkbuf_4)
    10    0.04                           net15 (net)
                  0.12    0.00    4.32 ^ _292_/RESET_B (sky130_fd_sc_hd__dfrtp_1)
                                  4.32   data arrival time

                         20.00   20.00   clock clk (rise edge)
                          0.00   20.00   clock source latency
                  0.04    0.03   20.03 ^ clk (in)
     1    0.01                           clk (net)
                  0.04    0.00   20.03 ^ clkbuf_0_clk/A (sky130_fd_sc_hd__clkbuf_16)
                  0.05    0.13   20.15 ^ clkbuf_0_clk/X (sky130_fd_sc_hd__clkbuf_16)
     4    0.03                           clknet_0_clk (net)
                  0.05    0.00   20.15 ^ clkbuf_2_0__f_clk/A (sky130_fd_sc_hd__clkbuf_16)
                  0.04    0.12   20.27 ^ clkbuf_2_0__f_clk/X (sky130_fd_sc_hd__clkbuf_16)
     9    0.02                           clknet_2_0__leaf_clk (net)
                  0.04    0.00   20.27 ^ _292_/CLK (sky130_fd_sc_hd__dfrtp_1)
                         -0.25   20.02   clock uncertainty
                          0.00   20.02   clock reconvergence pessimism
                          0.21   20.23   library recovery time
                                 20.23   data required time
-----------------------------------------------------------------------------
                                 20.23   data required time
                                 -4.32   data arrival time
-----------------------------------------------------------------------------
                                 15.91   slack (MET)


Startpoint: rst_n (input port clocked by clk)
Endpoint: _293_ (recovery check against rising-edge clock clk)
Path Group: asynchronous
Path Type: max

Fanout     Cap    Slew   Delay    Time   Description
-----------------------------------------------------------------------------
                          0.00    0.00   clock clk (rise edge)
                          0.00    0.00   clock network delay (propagated)
                          4.00    4.00 ^ input external delay
                  0.02    0.01    4.01 ^ rst_n (in)
     1    0.00                           rst_n (net)
                  0.02    0.00    4.01 ^ input1/A (sky130_fd_sc_hd__clkbuf_2)
                  0.06    0.11    4.12 ^ input1/X (sky130_fd_sc_hd__clkbuf_2)
     4    0.01                           net1 (net)
                  0.06    0.00    4.12 ^ fanout15/A (sky130_fd_sc_hd__clkbuf_4)
                  0.12    0.20    4.32 ^ fanout15/X (sky130_fd_sc_hd__clkbuf_4)
    10    0.04                           net15 (net)
                  0.12    0.00    4.32 ^ _293_/RESET_B (sky130_fd_sc_hd__dfrtp_1)
                                  4.32   data arrival time

                         20.00   20.00   clock clk (rise edge)
                          0.00   20.00   clock source latency
                  0.04    0.03   20.03 ^ clk (in)
     1    0.01                           clk (net)
                  0.04    0.00   20.03 ^ clkbuf_0_clk/A (sky130_fd_sc_hd__clkbuf_16)
                  0.05    0.13   20.15 ^ clkbuf_0_clk/X (sky130_fd_sc_hd__clkbuf_16)
     4    0.03                           clknet_0_clk (net)
                  0.05    0.00   20.15 ^ clkbuf_2_0__f_clk/A (sky130_fd_sc_hd__clkbuf_16)
                  0.04    0.12   20.27 ^ clkbuf_2_0__f_clk/X (sky130_fd_sc_hd__clkbuf_16)
     9    0.02                           clknet_2_0__leaf_clk (net)
                  0.04    0.00   20.27 ^ _293_/CLK (sky130_fd_sc_hd__dfrtp_1)
                         -0.25   20.02   clock uncertainty
                          0.00   20.02   clock reconvergence pessimism
                          0.21   20.23   library recovery time
                                 20.23   data required time
-----------------------------------------------------------------------------
                                 20.23   data required time
                                 -4.32   data arrival time
-----------------------------------------------------------------------------
                                 15.91   slack (MET)


Startpoint: rst_n (input port clocked by clk)
Endpoint: _294_ (recovery check against rising-edge clock clk)
Path Group: asynchronous
Path Type: max

Fanout     Cap    Slew   Delay    Time   Description
-----------------------------------------------------------------------------
                          0.00    0.00   clock clk (rise edge)
                          0.00    0.00   clock network delay (propagated)
                          4.00    4.00 ^ input external delay
                  0.02    0.01    4.01 ^ rst_n (in)
     1    0.00                           rst_n (net)
                  0.02    0.00    4.01 ^ input1/A (sky130_fd_sc_hd__clkbuf_2)
                  0.06    0.11    4.12 ^ input1/X (sky130_fd_sc_hd__clkbuf_2)
     4    0.01                           net1 (net)
                  0.06    0.00    4.12 ^ fanout15/A (sky130_fd_sc_hd__clkbuf_4)
                  0.12    0.20    4.32 ^ fanout15/X (sky130_fd_sc_hd__clkbuf_4)
    10    0.04                           net15 (net)
                  0.12    0.00    4.32 ^ _294_/RESET_B (sky130_fd_sc_hd__dfrtp_1)
                                  4.32   data arrival time

                         20.00   20.00   clock clk (rise edge)
                          0.00   20.00   clock source latency
                  0.04    0.03   20.03 ^ clk (in)
     1    0.01                           clk (net)
                  0.04    0.00   20.03 ^ clkbuf_0_clk/A (sky130_fd_sc_hd__clkbuf_16)
                  0.05    0.13   20.15 ^ clkbuf_0_clk/X (sky130_fd_sc_hd__clkbuf_16)
     4    0.03                           clknet_0_clk (net)
                  0.05    0.00   20.15 ^ clkbuf_2_0__f_clk/A (sky130_fd_sc_hd__clkbuf_16)
                  0.04    0.12   20.27 ^ clkbuf_2_0__f_clk/X (sky130_fd_sc_hd__clkbuf_16)
     9    0.02                           clknet_2_0__leaf_clk (net)
                  0.04    0.00   20.27 ^ _294_/CLK (sky130_fd_sc_hd__dfrtp_1)
                         -0.25   20.02   clock uncertainty
                          0.00   20.02   clock reconvergence pessimism
                          0.21   20.23   library recovery time
                                 20.23   data required time
-----------------------------------------------------------------------------
                                 20.23   data required time
                                 -4.32   data arrival time
-----------------------------------------------------------------------------
                                 15.91   slack (MET)


Startpoint: rst_n (input port clocked by clk)
Endpoint: _295_ (recovery check against rising-edge clock clk)
Path Group: asynchronous
Path Type: max

Fanout     Cap    Slew   Delay    Time   Description
-----------------------------------------------------------------------------
                          0.00    0.00   clock clk (rise edge)
                          0.00    0.00   clock network delay (propagated)
                          4.00    4.00 ^ input external delay
                  0.02    0.01    4.01 ^ rst_n (in)
     1    0.00                           rst_n (net)
                  0.02    0.00    4.01 ^ input1/A (sky130_fd_sc_hd__clkbuf_2)
                  0.06    0.11    4.12 ^ input1/X (sky130_fd_sc_hd__clkbuf_2)
     4    0.01                           net1 (net)
                  0.06    0.00    4.12 ^ fanout15/A (sky130_fd_sc_hd__clkbuf_4)
                  0.12    0.20    4.32 ^ fanout15/X (sky130_fd_sc_hd__clkbuf_4)
    10    0.04                           net15 (net)
                  0.12    0.00    4.32 ^ _295_/RESET_B (sky130_fd_sc_hd__dfrtp_1)
                                  4.32   data arrival time

                         20.00   20.00   clock clk (rise edge)
                          0.00   20.00   clock source latency
                  0.04    0.03   20.03 ^ clk (in)
     1    0.01                           clk (net)
                  0.04    0.00   20.03 ^ clkbuf_0_clk/A (sky130_fd_sc_hd__clkbuf_16)
                  0.05    0.13   20.15 ^ clkbuf_0_clk/X (sky130_fd_sc_hd__clkbuf_16)
     4    0.03                           clknet_0_clk (net)
                  0.05    0.00   20.15 ^ clkbuf_2_0__f_clk/A (sky130_fd_sc_hd__clkbuf_16)
                  0.04    0.12   20.27 ^ clkbuf_2_0__f_clk/X (sky130_fd_sc_hd__clkbuf_16)
     9    0.02                           clknet_2_0__leaf_clk (net)
                  0.04    0.00   20.27 ^ _295_/CLK (sky130_fd_sc_hd__dfrtp_1)
                         -0.25   20.02   clock uncertainty
                          0.00   20.02   clock reconvergence pessimism
                          0.21   20.23   library recovery time
                                 20.23   data required time
-----------------------------------------------------------------------------
                                 20.23   data required time
                                 -4.32   data arrival time
-----------------------------------------------------------------------------
                                 15.91   slack (MET)


Startpoint: rst_n (input port clocked by clk)
Endpoint: _269_ (recovery check against rising-edge clock clk)
Path Group: asynchronous
Path Type: max

Fanout     Cap    Slew   Delay    Time   Description
-----------------------------------------------------------------------------
                          0.00    0.00   clock clk (rise edge)
                          0.00    0.00   clock network delay (propagated)
                          4.00    4.00 ^ input external delay
                  0.02    0.01    4.01 ^ rst_n (in)
     1    0.00                           rst_n (net)
                  0.02    0.00    4.01 ^ input1/A (sky130_fd_sc_hd__clkbuf_2)
                  0.06    0.11    4.12 ^ input1/X (sky130_fd_sc_hd__clkbuf_2)
     4    0.01                           net1 (net)
                  0.06    0.00    4.12 ^ fanout18/A (sky130_fd_sc_hd__clkbuf_4)
                  0.11    0.20    4.32 ^ fanout18/X (sky130_fd_sc_hd__clkbuf_4)
     9    0.03                           net18 (net)
                  0.11    0.00    4.32 ^ _269_/RESET_B (sky130_fd_sc_hd__dfrtp_2)
                                  4.32   data arrival time

                         20.00   20.00   clock clk (rise edge)
                          0.00   20.00   clock source latency
                  0.04    0.03   20.03 ^ clk (in)
     1    0.01                           clk (net)
                  0.04    0.00   20.03 ^ clkbuf_0_clk/A (sky130_fd_sc_hd__clkbuf_16)
                  0.05    0.13   20.15 ^ clkbuf_0_clk/X (sky130_fd_sc_hd__clkbuf_16)
     4    0.03                           clknet_0_clk (net)
                  0.05    0.00   20.15 ^ clkbuf_2_1__f_clk/A (sky130_fd_sc_hd__clkbuf_16)
                  0.04    0.12   20.28 ^ clkbuf_2_1__f_clk/X (sky130_fd_sc_hd__clkbuf_16)
    11    0.02                           clknet_2_1__leaf_clk (net)
                  0.04    0.00   20.28 ^ _269_/CLK (sky130_fd_sc_hd__dfrtp_2)
                         -0.25   20.03   clock uncertainty
                          0.00   20.03   clock reconvergence pessimism
                          0.20   20.23   library recovery time
                                 20.23   data required time
-----------------------------------------------------------------------------
                                 20.23   data required time
                                 -4.32   data arrival time
-----------------------------------------------------------------------------
                                 15.91   slack (MET)


Startpoint: rst_n (input port clocked by clk)
Endpoint: _274_ (recovery check against rising-edge clock clk)
Path Group: asynchronous
Path Type: max

Fanout     Cap    Slew   Delay    Time   Description
-----------------------------------------------------------------------------
                          0.00    0.00   clock clk (rise edge)
                          0.00    0.00   clock network delay (propagated)
                          4.00    4.00 ^ input external delay
                  0.02    0.01    4.01 ^ rst_n (in)
     1    0.00                           rst_n (net)
                  0.02    0.00    4.01 ^ input1/A (sky130_fd_sc_hd__clkbuf_2)
                  0.06    0.11    4.12 ^ input1/X (sky130_fd_sc_hd__clkbuf_2)
     4    0.01                           net1 (net)
                  0.06    0.00    4.12 ^ fanout16/A (sky130_fd_sc_hd__clkbuf_4)
                  0.10    0.19    4.31 ^ fanout16/X (sky130_fd_sc_hd__clkbuf_4)
     8    0.03                           net16 (net)
                  0.10    0.00    4.31 ^ _274_/RESET_B (sky130_fd_sc_hd__dfrtp_4)
                                  4.31   data arrival time

                         20.00   20.00   clock clk (rise edge)
                          0.00   20.00   clock source latency
                  0.04    0.03   20.03 ^ clk (in)
     1    0.01                           clk (net)
                  0.04    0.00   20.03 ^ clkbuf_0_clk/A (sky130_fd_sc_hd__clkbuf_16)
                  0.05    0.13   20.15 ^ clkbuf_0_clk/X (sky130_fd_sc_hd__clkbuf_16)
     4    0.03                           clknet_0_clk (net)
                  0.05    0.00   20.15 ^ clkbuf_2_2__f_clk/A (sky130_fd_sc_hd__clkbuf_16)
                  0.04    0.12   20.27 ^ clkbuf_2_2__f_clk/X (sky130_fd_sc_hd__clkbuf_16)
     8    0.01                           clknet_2_2__leaf_clk (net)
                  0.04    0.00   20.27 ^ _274_/CLK (sky130_fd_sc_hd__dfrtp_4)
                         -0.25   20.02   clock uncertainty
                          0.00   20.02   clock reconvergence pessimism
                          0.20   20.22   library recovery time
                                 20.22   data required time
-----------------------------------------------------------------------------
                                 20.22   data required time
                                 -4.31   data arrival time
-----------------------------------------------------------------------------
                                 15.91   slack (MET)


Startpoint: rst_n (input port clocked by clk)
Endpoint: _266_ (recovery check against rising-edge clock clk)
Path Group: asynchronous
Path Type: max

Fanout     Cap    Slew   Delay    Time   Description
-----------------------------------------------------------------------------
                          0.00    0.00   clock clk (rise edge)
                          0.00    0.00   clock network delay (propagated)
                          4.00    4.00 ^ input external delay
                  0.02    0.01    4.01 ^ rst_n (in)
     1    0.00                           rst_n (net)
                  0.02    0.00    4.01 ^ input1/A (sky130_fd_sc_hd__clkbuf_2)
                  0.06    0.11    4.12 ^ input1/X (sky130_fd_sc_hd__clkbuf_2)
     4    0.01                           net1 (net)
                  0.06    0.00    4.12 ^ fanout17/A (sky130_fd_sc_hd__clkbuf_4)
                  0.12    0.20    4.32 ^ fanout17/X (sky130_fd_sc_hd__clkbuf_4)
    10    0.04                           net17 (net)
                  0.12    0.00    4.32 ^ _266_/RESET_B (sky130_fd_sc_hd__dfrtp_1)
                                  4.32   data arrival time

                         20.00   20.00   clock clk (rise edge)
                          0.00   20.00   clock source latency
                  0.04    0.03   20.03 ^ clk (in)
     1    0.01                           clk (net)
                  0.04    0.00   20.03 ^ clkbuf_0_clk/A (sky130_fd_sc_hd__clkbuf_16)
                  0.05    0.13   20.15 ^ clkbuf_0_clk/X (sky130_fd_sc_hd__clkbuf_16)
     4    0.03                           clknet_0_clk (net)
                  0.05    0.00   20.15 ^ clkbuf_2_1__f_clk/A (sky130_fd_sc_hd__clkbuf_16)
                  0.04    0.12   20.28 ^ clkbuf_2_1__f_clk/X (sky130_fd_sc_hd__clkbuf_16)
    11    0.02                           clknet_2_1__leaf_clk (net)
                  0.04    0.00   20.28 ^ _266_/CLK (sky130_fd_sc_hd__dfrtp_1)
                         -0.25   20.03   clock uncertainty
                          0.00   20.03   clock reconvergence pessimism
                          0.21   20.24   library recovery time
                                 20.24   data required time
-----------------------------------------------------------------------------
                                 20.24   data required time
                                 -4.32   data arrival time
-----------------------------------------------------------------------------
                                 15.91   slack (MET)


Startpoint: rst_n (input port clocked by clk)
Endpoint: _267_ (recovery check against rising-edge clock clk)
Path Group: asynchronous
Path Type: max

Fanout     Cap    Slew   Delay    Time   Description
-----------------------------------------------------------------------------
                          0.00    0.00   clock clk (rise edge)
                          0.00    0.00   clock network delay (propagated)
                          4.00    4.00 ^ input external delay
                  0.02    0.01    4.01 ^ rst_n (in)
     1    0.00                           rst_n (net)
                  0.02    0.00    4.01 ^ input1/A (sky130_fd_sc_hd__clkbuf_2)
                  0.06    0.11    4.12 ^ input1/X (sky130_fd_sc_hd__clkbuf_2)
     4    0.01                           net1 (net)
                  0.06    0.00    4.12 ^ fanout17/A (sky130_fd_sc_hd__clkbuf_4)
                  0.12    0.20    4.32 ^ fanout17/X (sky130_fd_sc_hd__clkbuf_4)
    10    0.04                           net17 (net)
                  0.12    0.00    4.32 ^ _267_/RESET_B (sky130_fd_sc_hd__dfrtp_1)
                                  4.32   data arrival time

                         20.00   20.00   clock clk (rise edge)
                          0.00   20.00   clock source latency
                  0.04    0.03   20.03 ^ clk (in)
     1    0.01                           clk (net)
                  0.04    0.00   20.03 ^ clkbuf_0_clk/A (sky130_fd_sc_hd__clkbuf_16)
                  0.05    0.13   20.15 ^ clkbuf_0_clk/X (sky130_fd_sc_hd__clkbuf_16)
     4    0.03                           clknet_0_clk (net)
                  0.05    0.00   20.15 ^ clkbuf_2_1__f_clk/A (sky130_fd_sc_hd__clkbuf_16)
                  0.04    0.12   20.28 ^ clkbuf_2_1__f_clk/X (sky130_fd_sc_hd__clkbuf_16)
    11    0.02                           clknet_2_1__leaf_clk (net)
                  0.04    0.00   20.28 ^ _267_/CLK (sky130_fd_sc_hd__dfrtp_1)
                         -0.25   20.03   clock uncertainty
                          0.00   20.03   clock reconvergence pessimism
                          0.21   20.24   library recovery time
                                 20.24   data required time
-----------------------------------------------------------------------------
                                 20.24   data required time
                                 -4.32   data arrival time
-----------------------------------------------------------------------------
                                 15.91   slack (MET)


Startpoint: rst_n (input port clocked by clk)
Endpoint: _268_ (recovery check against rising-edge clock clk)
Path Group: asynchronous
Path Type: max

Fanout     Cap    Slew   Delay    Time   Description
-----------------------------------------------------------------------------
                          0.00    0.00   clock clk (rise edge)
                          0.00    0.00   clock network delay (propagated)
                          4.00    4.00 ^ input external delay
                  0.02    0.01    4.01 ^ rst_n (in)
     1    0.00                           rst_n (net)
                  0.02    0.00    4.01 ^ input1/A (sky130_fd_sc_hd__clkbuf_2)
                  0.06    0.11    4.12 ^ input1/X (sky130_fd_sc_hd__clkbuf_2)
     4    0.01                           net1 (net)
                  0.06    0.00    4.12 ^ fanout17/A (sky130_fd_sc_hd__clkbuf_4)
                  0.12    0.20    4.32 ^ fanout17/X (sky130_fd_sc_hd__clkbuf_4)
    10    0.04                           net17 (net)
                  0.12    0.00    4.32 ^ _268_/RESET_B (sky130_fd_sc_hd__dfrtp_1)
                                  4.32   data arrival time

                         20.00   20.00   clock clk (rise edge)
                          0.00   20.00   clock source latency
                  0.04    0.03   20.03 ^ clk (in)
     1    0.01                           clk (net)
                  0.04    0.00   20.03 ^ clkbuf_0_clk/A (sky130_fd_sc_hd__clkbuf_16)
                  0.05    0.13   20.15 ^ clkbuf_0_clk/X (sky130_fd_sc_hd__clkbuf_16)
     4    0.03                           clknet_0_clk (net)
                  0.05    0.00   20.15 ^ clkbuf_2_1__f_clk/A (sky130_fd_sc_hd__clkbuf_16)
                  0.04    0.12   20.28 ^ clkbuf_2_1__f_clk/X (sky130_fd_sc_hd__clkbuf_16)
    11    0.02                           clknet_2_1__leaf_clk (net)
                  0.04    0.00   20.28 ^ _268_/CLK (sky130_fd_sc_hd__dfrtp_1)
                         -0.25   20.03   clock uncertainty
                          0.00   20.03   clock reconvergence pessimism
                          0.21   20.24   library recovery time
                                 20.24   data required time
-----------------------------------------------------------------------------
                                 20.24   data required time
                                 -4.32   data arrival time
-----------------------------------------------------------------------------
                                 15.91   slack (MET)


Startpoint: rst_n (input port clocked by clk)
Endpoint: _270_ (recovery check against rising-edge clock clk)
Path Group: asynchronous
Path Type: max

Fanout     Cap    Slew   Delay    Time   Description
-----------------------------------------------------------------------------
                          0.00    0.00   clock clk (rise edge)
                          0.00    0.00   clock network delay (propagated)
                          4.00    4.00 ^ input external delay
                  0.02    0.01    4.01 ^ rst_n (in)
     1    0.00                           rst_n (net)
                  0.02    0.00    4.01 ^ input1/A (sky130_fd_sc_hd__clkbuf_2)
                  0.06    0.11    4.12 ^ input1/X (sky130_fd_sc_hd__clkbuf_2)
     4    0.01                           net1 (net)
                  0.06    0.00    4.12 ^ fanout17/A (sky130_fd_sc_hd__clkbuf_4)
                  0.12    0.20    4.32 ^ fanout17/X (sky130_fd_sc_hd__clkbuf_4)
    10    0.04                           net17 (net)
                  0.12    0.00    4.32 ^ _270_/RESET_B (sky130_fd_sc_hd__dfrtp_1)
                                  4.32   data arrival time

                         20.00   20.00   clock clk (rise edge)
                          0.00   20.00   clock source latency
                  0.04    0.03   20.03 ^ clk (in)
     1    0.01                           clk (net)
                  0.04    0.00   20.03 ^ clkbuf_0_clk/A (sky130_fd_sc_hd__clkbuf_16)
                  0.05    0.13   20.15 ^ clkbuf_0_clk/X (sky130_fd_sc_hd__clkbuf_16)
     4    0.03                           clknet_0_clk (net)
                  0.05    0.00   20.15 ^ clkbuf_2_1__f_clk/A (sky130_fd_sc_hd__clkbuf_16)
                  0.04    0.12   20.28 ^ clkbuf_2_1__f_clk/X (sky130_fd_sc_hd__clkbuf_16)
    11    0.02                           clknet_2_1__leaf_clk (net)
                  0.04    0.00   20.28 ^ _270_/CLK (sky130_fd_sc_hd__dfrtp_1)
                         -0.25   20.03   clock uncertainty
                          0.00   20.03   clock reconvergence pessimism
                          0.21   20.24   library recovery time
                                 20.24   data required time
-----------------------------------------------------------------------------
                                 20.24   data required time
                                 -4.32   data arrival time
-----------------------------------------------------------------------------
                                 15.91   slack (MET)


Startpoint: rst_n (input port clocked by clk)
Endpoint: _284_ (recovery check against rising-edge clock clk)
Path Group: asynchronous
Path Type: max

Fanout     Cap    Slew   Delay    Time   Description
-----------------------------------------------------------------------------
                          0.00    0.00   clock clk (rise edge)
                          0.00    0.00   clock network delay (propagated)
                          4.00    4.00 ^ input external delay
                  0.02    0.01    4.01 ^ rst_n (in)
     1    0.00                           rst_n (net)
                  0.02    0.00    4.01 ^ input1/A (sky130_fd_sc_hd__clkbuf_2)
                  0.06    0.11    4.12 ^ input1/X (sky130_fd_sc_hd__clkbuf_2)
     4    0.01                           net1 (net)
                  0.06    0.00    4.12 ^ fanout17/A (sky130_fd_sc_hd__clkbuf_4)
                  0.12    0.20    4.32 ^ fanout17/X (sky130_fd_sc_hd__clkbuf_4)
    10    0.04                           net17 (net)
                  0.12    0.00    4.32 ^ _284_/RESET_B (sky130_fd_sc_hd__dfrtp_1)
                                  4.32   data arrival time

                         20.00   20.00   clock clk (rise edge)
                          0.00   20.00   clock source latency
                  0.04    0.03   20.03 ^ clk (in)
     1    0.01                           clk (net)
                  0.04    0.00   20.03 ^ clkbuf_0_clk/A (sky130_fd_sc_hd__clkbuf_16)
                  0.05    0.13   20.15 ^ clkbuf_0_clk/X (sky130_fd_sc_hd__clkbuf_16)
     4    0.03                           clknet_0_clk (net)
                  0.05    0.00   20.15 ^ clkbuf_2_1__f_clk/A (sky130_fd_sc_hd__clkbuf_16)
                  0.04    0.12   20.28 ^ clkbuf_2_1__f_clk/X (sky130_fd_sc_hd__clkbuf_16)
    11    0.02                           clknet_2_1__leaf_clk (net)
                  0.04    0.00   20.28 ^ _284_/CLK (sky130_fd_sc_hd__dfrtp_1)
                         -0.25   20.03   clock uncertainty
                          0.00   20.03   clock reconvergence pessimism
                          0.21   20.24   library recovery time
                                 20.24   data required time
-----------------------------------------------------------------------------
                                 20.24   data required time
                                 -4.32   data arrival time
-----------------------------------------------------------------------------
                                 15.91   slack (MET)


Startpoint: rst_n (input port clocked by clk)
Endpoint: _285_ (recovery check against rising-edge clock clk)
Path Group: asynchronous
Path Type: max

Fanout     Cap    Slew   Delay    Time   Description
-----------------------------------------------------------------------------
                          0.00    0.00   clock clk (rise edge)
                          0.00    0.00   clock network delay (propagated)
                          4.00    4.00 ^ input external delay
                  0.02    0.01    4.01 ^ rst_n (in)
     1    0.00                           rst_n (net)
                  0.02    0.00    4.01 ^ input1/A (sky130_fd_sc_hd__clkbuf_2)
                  0.06    0.11    4.12 ^ input1/X (sky130_fd_sc_hd__clkbuf_2)
     4    0.01                           net1 (net)
                  0.06    0.00    4.12 ^ fanout17/A (sky130_fd_sc_hd__clkbuf_4)
                  0.12    0.20    4.32 ^ fanout17/X (sky130_fd_sc_hd__clkbuf_4)
    10    0.04                           net17 (net)
                  0.12    0.00    4.32 ^ _285_/RESET_B (sky130_fd_sc_hd__dfrtp_1)
                                  4.32   data arrival time

                         20.00   20.00   clock clk (rise edge)
                          0.00   20.00   clock source latency
                  0.04    0.03   20.03 ^ clk (in)
     1    0.01                           clk (net)
                  0.04    0.00   20.03 ^ clkbuf_0_clk/A (sky130_fd_sc_hd__clkbuf_16)
                  0.05    0.13   20.15 ^ clkbuf_0_clk/X (sky130_fd_sc_hd__clkbuf_16)
     4    0.03                           clknet_0_clk (net)
                  0.05    0.00   20.15 ^ clkbuf_2_1__f_clk/A (sky130_fd_sc_hd__clkbuf_16)
                  0.04    0.12   20.28 ^ clkbuf_2_1__f_clk/X (sky130_fd_sc_hd__clkbuf_16)
    11    0.02                           clknet_2_1__leaf_clk (net)
                  0.04    0.00   20.28 ^ _285_/CLK (sky130_fd_sc_hd__dfrtp_1)
                         -0.25   20.03   clock uncertainty
                          0.00   20.03   clock reconvergence pessimism
                          0.21   20.24   library recovery time
                                 20.24   data required time
-----------------------------------------------------------------------------
                                 20.24   data required time
                                 -4.32   data arrival time
-----------------------------------------------------------------------------
                                 15.91   slack (MET)


Startpoint: rst_n (input port clocked by clk)
Endpoint: _286_ (recovery check against rising-edge clock clk)
Path Group: asynchronous
Path Type: max

Fanout     Cap    Slew   Delay    Time   Description
-----------------------------------------------------------------------------
                          0.00    0.00   clock clk (rise edge)
                          0.00    0.00   clock network delay (propagated)
                          4.00    4.00 ^ input external delay
                  0.02    0.01    4.01 ^ rst_n (in)
     1    0.00                           rst_n (net)
                  0.02    0.00    4.01 ^ input1/A (sky130_fd_sc_hd__clkbuf_2)
                  0.06    0.11    4.12 ^ input1/X (sky130_fd_sc_hd__clkbuf_2)
     4    0.01                           net1 (net)
                  0.06    0.00    4.12 ^ fanout17/A (sky130_fd_sc_hd__clkbuf_4)
                  0.12    0.20    4.32 ^ fanout17/X (sky130_fd_sc_hd__clkbuf_4)
    10    0.04                           net17 (net)
                  0.12    0.00    4.32 ^ _286_/RESET_B (sky130_fd_sc_hd__dfrtp_1)
                                  4.32   data arrival time

                         20.00   20.00   clock clk (rise edge)
                          0.00   20.00   clock source latency
                  0.04    0.03   20.03 ^ clk (in)
     1    0.01                           clk (net)
                  0.04    0.00   20.03 ^ clkbuf_0_clk/A (sky130_fd_sc_hd__clkbuf_16)
                  0.05    0.13   20.15 ^ clkbuf_0_clk/X (sky130_fd_sc_hd__clkbuf_16)
     4    0.03                           clknet_0_clk (net)
                  0.05    0.00   20.15 ^ clkbuf_2_1__f_clk/A (sky130_fd_sc_hd__clkbuf_16)
                  0.04    0.12   20.28 ^ clkbuf_2_1__f_clk/X (sky130_fd_sc_hd__clkbuf_16)
    11    0.02                           clknet_2_1__leaf_clk (net)
                  0.04    0.00   20.28 ^ _286_/CLK (sky130_fd_sc_hd__dfrtp_1)
                         -0.25   20.03   clock uncertainty
                          0.00   20.03   clock reconvergence pessimism
                          0.21   20.24   library recovery time
                                 20.24   data required time
-----------------------------------------------------------------------------
                                 20.24   data required time
                                 -4.32   data arrival time
-----------------------------------------------------------------------------
                                 15.91   slack (MET)


Startpoint: rst_n (input port clocked by clk)
Endpoint: _298_ (recovery check against rising-edge clock clk)
Path Group: asynchronous
Path Type: max

Fanout     Cap    Slew   Delay    Time   Description
-----------------------------------------------------------------------------
                          0.00    0.00   clock clk (rise edge)
                          0.00    0.00   clock network delay (propagated)
                          4.00    4.00 ^ input external delay
                  0.02    0.01    4.01 ^ rst_n (in)
     1    0.00                           rst_n (net)
                  0.02    0.00    4.01 ^ input1/A (sky130_fd_sc_hd__clkbuf_2)
                  0.06    0.11    4.12 ^ input1/X (sky130_fd_sc_hd__clkbuf_2)
     4    0.01                           net1 (net)
                  0.06    0.00    4.12 ^ fanout17/A (sky130_fd_sc_hd__clkbuf_4)
                  0.12    0.20    4.32 ^ fanout17/X (sky130_fd_sc_hd__clkbuf_4)
    10    0.04                           net17 (net)
                  0.12    0.00    4.32 ^ _298_/RESET_B (sky130_fd_sc_hd__dfrtp_1)
                                  4.32   data arrival time

                         20.00   20.00   clock clk (rise edge)
                          0.00   20.00   clock source latency
                  0.04    0.03   20.03 ^ clk (in)
     1    0.01                           clk (net)
                  0.04    0.00   20.03 ^ clkbuf_0_clk/A (sky130_fd_sc_hd__clkbuf_16)
                  0.05    0.13   20.15 ^ clkbuf_0_clk/X (sky130_fd_sc_hd__clkbuf_16)
     4    0.03                           clknet_0_clk (net)
                  0.05    0.00   20.15 ^ clkbuf_2_1__f_clk/A (sky130_fd_sc_hd__clkbuf_16)
                  0.04    0.12   20.28 ^ clkbuf_2_1__f_clk/X (sky130_fd_sc_hd__clkbuf_16)
    11    0.02                           clknet_2_1__leaf_clk (net)
                  0.04    0.00   20.28 ^ _298_/CLK (sky130_fd_sc_hd__dfrtp_1)
                         -0.25   20.03   clock uncertainty
                          0.00   20.03   clock reconvergence pessimism
                          0.21   20.24   library recovery time
                                 20.24   data required time
-----------------------------------------------------------------------------
                                 20.24   data required time
                                 -4.32   data arrival time
-----------------------------------------------------------------------------
                                 15.91   slack (MET)


Startpoint: rst_n (input port clocked by clk)
Endpoint: _273_ (recovery check against rising-edge clock clk)
Path Group: asynchronous
Path Type: max

Fanout     Cap    Slew   Delay    Time   Description
-----------------------------------------------------------------------------
                          0.00    0.00   clock clk (rise edge)
                          0.00    0.00   clock network delay (propagated)
                          4.00    4.00 ^ input external delay
                  0.02    0.01    4.01 ^ rst_n (in)
     1    0.00                           rst_n (net)
                  0.02    0.00    4.01 ^ input1/A (sky130_fd_sc_hd__clkbuf_2)
                  0.06    0.11    4.12 ^ input1/X (sky130_fd_sc_hd__clkbuf_2)
     4    0.01                           net1 (net)
                  0.06    0.00    4.12 ^ fanout16/A (sky130_fd_sc_hd__clkbuf_4)
                  0.10    0.19    4.31 ^ fanout16/X (sky130_fd_sc_hd__clkbuf_4)
     8    0.03                           net16 (net)
                  0.10    0.00    4.31 ^ _273_/RESET_B (sky130_fd_sc_hd__dfrtp_2)
                                  4.31   data arrival time

                         20.00   20.00   clock clk (rise edge)
                          0.00   20.00   clock source latency
                  0.04    0.03   20.03 ^ clk (in)
     1    0.01                           clk (net)
                  0.04    0.00   20.03 ^ clkbuf_0_clk/A (sky130_fd_sc_hd__clkbuf_16)
                  0.05    0.13   20.15 ^ clkbuf_0_clk/X (sky130_fd_sc_hd__clkbuf_16)
     4    0.03                           clknet_0_clk (net)
                  0.05    0.00   20.15 ^ clkbuf_2_2__f_clk/A (sky130_fd_sc_hd__clkbuf_16)
                  0.04    0.12   20.27 ^ clkbuf_2_2__f_clk/X (sky130_fd_sc_hd__clkbuf_16)
     8    0.01                           clknet_2_2__leaf_clk (net)
                  0.04    0.00   20.27 ^ _273_/CLK (sky130_fd_sc_hd__dfrtp_2)
                         -0.25   20.02   clock uncertainty
                          0.00   20.02   clock reconvergence pessimism
                          0.20   20.22   library recovery time
                                 20.22   data required time
-----------------------------------------------------------------------------
                                 20.22   data required time
                                 -4.31   data arrival time
-----------------------------------------------------------------------------
                                 15.91   slack (MET)


Startpoint: rst_n (input port clocked by clk)
Endpoint: _275_ (recovery check against rising-edge clock clk)
Path Group: asynchronous
Path Type: max

Fanout     Cap    Slew   Delay    Time   Description
-----------------------------------------------------------------------------
                          0.00    0.00   clock clk (rise edge)
                          0.00    0.00   clock network delay (propagated)
                          4.00    4.00 ^ input external delay
                  0.02    0.01    4.01 ^ rst_n (in)
     1    0.00                           rst_n (net)
                  0.02    0.00    4.01 ^ input1/A (sky130_fd_sc_hd__clkbuf_2)
                  0.06    0.11    4.12 ^ input1/X (sky130_fd_sc_hd__clkbuf_2)
     4    0.01                           net1 (net)
                  0.06    0.00    4.12 ^ fanout16/A (sky130_fd_sc_hd__clkbuf_4)
                  0.10    0.19    4.31 ^ fanout16/X (sky130_fd_sc_hd__clkbuf_4)
     8    0.03                           net16 (net)
                  0.10    0.00    4.31 ^ _275_/RESET_B (sky130_fd_sc_hd__dfrtp_2)
                                  4.31   data arrival time

                         20.00   20.00   clock clk (rise edge)
                          0.00   20.00   clock source latency
                  0.04    0.03   20.03 ^ clk (in)
     1    0.01                           clk (net)
                  0.04    0.00   20.03 ^ clkbuf_0_clk/A (sky130_fd_sc_hd__clkbuf_16)
                  0.05    0.13   20.15 ^ clkbuf_0_clk/X (sky130_fd_sc_hd__clkbuf_16)
     4    0.03                           clknet_0_clk (net)
                  0.05    0.00   20.15 ^ clkbuf_2_2__f_clk/A (sky130_fd_sc_hd__clkbuf_16)
                  0.04    0.12   20.27 ^ clkbuf_2_2__f_clk/X (sky130_fd_sc_hd__clkbuf_16)
     8    0.01                           clknet_2_2__leaf_clk (net)
                  0.04    0.00   20.27 ^ _275_/CLK (sky130_fd_sc_hd__dfrtp_2)
                         -0.25   20.02   clock uncertainty
                          0.00   20.02   clock reconvergence pessimism
                          0.20   20.22   library recovery time
                                 20.22   data required time
-----------------------------------------------------------------------------
                                 20.22   data required time
                                 -4.31   data arrival time
-----------------------------------------------------------------------------
                                 15.91   slack (MET)


Startpoint: rst_n (input port clocked by clk)
Endpoint: _276_ (recovery check against rising-edge clock clk)
Path Group: asynchronous
Path Type: max

Fanout     Cap    Slew   Delay    Time   Description
-----------------------------------------------------------------------------
                          0.00    0.00   clock clk (rise edge)
                          0.00    0.00   clock network delay (propagated)
                          4.00    4.00 ^ input external delay
                  0.02    0.01    4.01 ^ rst_n (in)
     1    0.00                           rst_n (net)
                  0.02    0.00    4.01 ^ input1/A (sky130_fd_sc_hd__clkbuf_2)
                  0.06    0.11    4.12 ^ input1/X (sky130_fd_sc_hd__clkbuf_2)
     4    0.01                           net1 (net)
                  0.06    0.00    4.12 ^ fanout16/A (sky130_fd_sc_hd__clkbuf_4)
                  0.10    0.19    4.31 ^ fanout16/X (sky130_fd_sc_hd__clkbuf_4)
     8    0.03                           net16 (net)
                  0.10    0.00    4.31 ^ _276_/RESET_B (sky130_fd_sc_hd__dfrtp_2)
                                  4.31   data arrival time

                         20.00   20.00   clock clk (rise edge)
                          0.00   20.00   clock source latency
                  0.04    0.03   20.03 ^ clk (in)
     1    0.01                           clk (net)
                  0.04    0.00   20.03 ^ clkbuf_0_clk/A (sky130_fd_sc_hd__clkbuf_16)
                  0.05    0.13   20.15 ^ clkbuf_0_clk/X (sky130_fd_sc_hd__clkbuf_16)
     4    0.03                           clknet_0_clk (net)
                  0.05    0.00   20.15 ^ clkbuf_2_2__f_clk/A (sky130_fd_sc_hd__clkbuf_16)
                  0.04    0.12   20.27 ^ clkbuf_2_2__f_clk/X (sky130_fd_sc_hd__clkbuf_16)
     8    0.01                           clknet_2_2__leaf_clk (net)
                  0.04    0.00   20.27 ^ _276_/CLK (sky130_fd_sc_hd__dfrtp_2)
                         -0.25   20.02   clock uncertainty
                          0.00   20.02   clock reconvergence pessimism
                          0.20   20.22   library recovery time
                                 20.22   data required time
-----------------------------------------------------------------------------
                                 20.22   data required time
                                 -4.31   data arrival time
-----------------------------------------------------------------------------
                                 15.91   slack (MET)


Startpoint: rst_n (input port clocked by clk)
Endpoint: _262_ (recovery check against rising-edge clock clk)
Path Group: asynchronous
Path Type: max

Fanout     Cap    Slew   Delay    Time   Description
-----------------------------------------------------------------------------
                          0.00    0.00   clock clk (rise edge)
                          0.00    0.00   clock network delay (propagated)
                          4.00    4.00 ^ input external delay
                  0.02    0.01    4.01 ^ rst_n (in)
     1    0.00                           rst_n (net)
                  0.02    0.00    4.01 ^ input1/A (sky130_fd_sc_hd__clkbuf_2)
                  0.06    0.11    4.12 ^ input1/X (sky130_fd_sc_hd__clkbuf_2)
     4    0.01                           net1 (net)
                  0.06    0.00    4.12 ^ fanout18/A (sky130_fd_sc_hd__clkbuf_4)
                  0.11    0.20    4.32 ^ fanout18/X (sky130_fd_sc_hd__clkbuf_4)
     9    0.03                           net18 (net)
                  0.11    0.00    4.32 ^ _262_/RESET_B (sky130_fd_sc_hd__dfrtp_1)
                                  4.32   data arrival time

                         20.00   20.00   clock clk (rise edge)
                          0.00   20.00   clock source latency
                  0.04    0.03   20.03 ^ clk (in)
     1    0.01                           clk (net)
                  0.04    0.00   20.03 ^ clkbuf_0_clk/A (sky130_fd_sc_hd__clkbuf_16)
                  0.05    0.13   20.15 ^ clkbuf_0_clk/X (sky130_fd_sc_hd__clkbuf_16)
     4    0.03                           clknet_0_clk (net)
                  0.05    0.00   20.15 ^ clkbuf_2_3__f_clk/A (sky130_fd_sc_hd__clkbuf_16)
                  0.04    0.12   20.27 ^ clkbuf_2_3__f_clk/X (sky130_fd_sc_hd__clkbuf_16)
     9    0.02                           clknet_2_3__leaf_clk (net)
                  0.04    0.00   20.27 ^ _262_/CLK (sky130_fd_sc_hd__dfrtp_1)
                         -0.25   20.02   clock uncertainty
                          0.00   20.02   clock reconvergence pessimism
                          0.21   20.24   library recovery time
                                 20.24   data required time
-----------------------------------------------------------------------------
                                 20.24   data required time
                                 -4.32   data arrival time
-----------------------------------------------------------------------------
                                 15.92   slack (MET)


Startpoint: rst_n (input port clocked by clk)
Endpoint: _263_ (recovery check against rising-edge clock clk)
Path Group: asynchronous
Path Type: max

Fanout     Cap    Slew   Delay    Time   Description
-----------------------------------------------------------------------------
                          0.00    0.00   clock clk (rise edge)
                          0.00    0.00   clock network delay (propagated)
                          4.00    4.00 ^ input external delay
                  0.02    0.01    4.01 ^ rst_n (in)
     1    0.00                           rst_n (net)
                  0.02    0.00    4.01 ^ input1/A (sky130_fd_sc_hd__clkbuf_2)
                  0.06    0.11    4.12 ^ input1/X (sky130_fd_sc_hd__clkbuf_2)
     4    0.01                           net1 (net)
                  0.06    0.00    4.12 ^ fanout18/A (sky130_fd_sc_hd__clkbuf_4)
                  0.11    0.20    4.32 ^ fanout18/X (sky130_fd_sc_hd__clkbuf_4)
     9    0.03                           net18 (net)
                  0.11    0.00    4.32 ^ _263_/RESET_B (sky130_fd_sc_hd__dfrtp_1)
                                  4.32   data arrival time

                         20.00   20.00   clock clk (rise edge)
                          0.00   20.00   clock source latency
                  0.04    0.03   20.03 ^ clk (in)
     1    0.01                           clk (net)
                  0.04    0.00   20.03 ^ clkbuf_0_clk/A (sky130_fd_sc_hd__clkbuf_16)
                  0.05    0.13   20.15 ^ clkbuf_0_clk/X (sky130_fd_sc_hd__clkbuf_16)
     4    0.03                           clknet_0_clk (net)
                  0.05    0.00   20.15 ^ clkbuf_2_3__f_clk/A (sky130_fd_sc_hd__clkbuf_16)
                  0.04    0.12   20.27 ^ clkbuf_2_3__f_clk/X (sky130_fd_sc_hd__clkbuf_16)
     9    0.02                           clknet_2_3__leaf_clk (net)
                  0.04    0.00   20.27 ^ _263_/CLK (sky130_fd_sc_hd__dfrtp_1)
                         -0.25   20.02   clock uncertainty
                          0.00   20.02   clock reconvergence pessimism
                          0.21   20.24   library recovery time
                                 20.24   data required time
-----------------------------------------------------------------------------
                                 20.24   data required time
                                 -4.32   data arrival time
-----------------------------------------------------------------------------
                                 15.92   slack (MET)


Startpoint: rst_n (input port clocked by clk)
Endpoint: _264_ (recovery check against rising-edge clock clk)
Path Group: asynchronous
Path Type: max

Fanout     Cap    Slew   Delay    Time   Description
-----------------------------------------------------------------------------
                          0.00    0.00   clock clk (rise edge)
                          0.00    0.00   clock network delay (propagated)
                          4.00    4.00 ^ input external delay
                  0.02    0.01    4.01 ^ rst_n (in)
     1    0.00                           rst_n (net)
                  0.02    0.00    4.01 ^ input1/A (sky130_fd_sc_hd__clkbuf_2)
                  0.06    0.11    4.12 ^ input1/X (sky130_fd_sc_hd__clkbuf_2)
     4    0.01                           net1 (net)
                  0.06    0.00    4.12 ^ fanout18/A (sky130_fd_sc_hd__clkbuf_4)
                  0.11    0.20    4.32 ^ fanout18/X (sky130_fd_sc_hd__clkbuf_4)
     9    0.03                           net18 (net)
                  0.11    0.00    4.32 ^ _264_/RESET_B (sky130_fd_sc_hd__dfrtp_1)
                                  4.32   data arrival time

                         20.00   20.00   clock clk (rise edge)
                          0.00   20.00   clock source latency
                  0.04    0.03   20.03 ^ clk (in)
     1    0.01                           clk (net)
                  0.04    0.00   20.03 ^ clkbuf_0_clk/A (sky130_fd_sc_hd__clkbuf_16)
                  0.05    0.13   20.15 ^ clkbuf_0_clk/X (sky130_fd_sc_hd__clkbuf_16)
     4    0.03                           clknet_0_clk (net)
                  0.05    0.00   20.15 ^ clkbuf_2_3__f_clk/A (sky130_fd_sc_hd__clkbuf_16)
                  0.04    0.12   20.27 ^ clkbuf_2_3__f_clk/X (sky130_fd_sc_hd__clkbuf_16)
     9    0.02                           clknet_2_3__leaf_clk (net)
                  0.04    0.00   20.27 ^ _264_/CLK (sky130_fd_sc_hd__dfrtp_1)
                         -0.25   20.02   clock uncertainty
                          0.00   20.02   clock reconvergence pessimism
                          0.21   20.24   library recovery time
                                 20.24   data required time
-----------------------------------------------------------------------------
                                 20.24   data required time
                                 -4.32   data arrival time
-----------------------------------------------------------------------------
                                 15.92   slack (MET)


Startpoint: rst_n (input port clocked by clk)
Endpoint: _265_ (recovery check against rising-edge clock clk)
Path Group: asynchronous
Path Type: max

Fanout     Cap    Slew   Delay    Time   Description
-----------------------------------------------------------------------------
                          0.00    0.00   clock clk (rise edge)
                          0.00    0.00   clock network delay (propagated)
                          4.00    4.00 ^ input external delay
                  0.02    0.01    4.01 ^ rst_n (in)
     1    0.00                           rst_n (net)
                  0.02    0.00    4.01 ^ input1/A (sky130_fd_sc_hd__clkbuf_2)
                  0.06    0.11    4.12 ^ input1/X (sky130_fd_sc_hd__clkbuf_2)
     4    0.01                           net1 (net)
                  0.06    0.00    4.12 ^ fanout18/A (sky130_fd_sc_hd__clkbuf_4)
                  0.11    0.20    4.32 ^ fanout18/X (sky130_fd_sc_hd__clkbuf_4)
     9    0.03                           net18 (net)
                  0.11    0.00    4.32 ^ _265_/RESET_B (sky130_fd_sc_hd__dfrtp_1)
                                  4.32   data arrival time

                         20.00   20.00   clock clk (rise edge)
                          0.00   20.00   clock source latency
                  0.04    0.03   20.03 ^ clk (in)
     1    0.01                           clk (net)
                  0.04    0.00   20.03 ^ clkbuf_0_clk/A (sky130_fd_sc_hd__clkbuf_16)
                  0.05    0.13   20.15 ^ clkbuf_0_clk/X (sky130_fd_sc_hd__clkbuf_16)
     4    0.03                           clknet_0_clk (net)
                  0.05    0.00   20.15 ^ clkbuf_2_3__f_clk/A (sky130_fd_sc_hd__clkbuf_16)
                  0.04    0.12   20.27 ^ clkbuf_2_3__f_clk/X (sky130_fd_sc_hd__clkbuf_16)
     9    0.02                           clknet_2_3__leaf_clk (net)
                  0.04    0.00   20.27 ^ _265_/CLK (sky130_fd_sc_hd__dfrtp_1)
                         -0.25   20.02   clock uncertainty
                          0.00   20.02   clock reconvergence pessimism
                          0.21   20.24   library recovery time
                                 20.24   data required time
-----------------------------------------------------------------------------
                                 20.24   data required time
                                 -4.32   data arrival time
-----------------------------------------------------------------------------
                                 15.92   slack (MET)


Startpoint: rst_n (input port clocked by clk)
Endpoint: _271_ (recovery check against rising-edge clock clk)
Path Group: asynchronous
Path Type: max

Fanout     Cap    Slew   Delay    Time   Description
-----------------------------------------------------------------------------
                          0.00    0.00   clock clk (rise edge)
                          0.00    0.00   clock network delay (propagated)
                          4.00    4.00 ^ input external delay
                  0.02    0.01    4.01 ^ rst_n (in)
     1    0.00                           rst_n (net)
                  0.02    0.00    4.01 ^ input1/A (sky130_fd_sc_hd__clkbuf_2)
                  0.06    0.11    4.12 ^ input1/X (sky130_fd_sc_hd__clkbuf_2)
     4    0.01                           net1 (net)
                  0.06    0.00    4.12 ^ fanout18/A (sky130_fd_sc_hd__clkbuf_4)
                  0.11    0.20    4.32 ^ fanout18/X (sky130_fd_sc_hd__clkbuf_4)
     9    0.03                           net18 (net)
                  0.11    0.00    4.32 ^ _271_/RESET_B (sky130_fd_sc_hd__dfrtp_1)
                                  4.32   data arrival time

                         20.00   20.00   clock clk (rise edge)
                          0.00   20.00   clock source latency
                  0.04    0.03   20.03 ^ clk (in)
     1    0.01                           clk (net)
                  0.04    0.00   20.03 ^ clkbuf_0_clk/A (sky130_fd_sc_hd__clkbuf_16)
                  0.05    0.13   20.15 ^ clkbuf_0_clk/X (sky130_fd_sc_hd__clkbuf_16)
     4    0.03                           clknet_0_clk (net)
                  0.05    0.00   20.15 ^ clkbuf_2_3__f_clk/A (sky130_fd_sc_hd__clkbuf_16)
                  0.04    0.12   20.27 ^ clkbuf_2_3__f_clk/X (sky130_fd_sc_hd__clkbuf_16)
     9    0.02                           clknet_2_3__leaf_clk (net)
                  0.04    0.00   20.27 ^ _271_/CLK (sky130_fd_sc_hd__dfrtp_1)
                         -0.25   20.02   clock uncertainty
                          0.00   20.02   clock reconvergence pessimism
                          0.21   20.24   library recovery time
                                 20.24   data required time
-----------------------------------------------------------------------------
                                 20.24   data required time
                                 -4.32   data arrival time
-----------------------------------------------------------------------------
                                 15.92   slack (MET)


Startpoint: rst_n (input port clocked by clk)
Endpoint: _279_ (recovery check against rising-edge clock clk)
Path Group: asynchronous
Path Type: max

Fanout     Cap    Slew   Delay    Time   Description
-----------------------------------------------------------------------------
                          0.00    0.00   clock clk (rise edge)
                          0.00    0.00   clock network delay (propagated)
                          4.00    4.00 ^ input external delay
                  0.02    0.01    4.01 ^ rst_n (in)
     1    0.00                           rst_n (net)
                  0.02    0.00    4.01 ^ input1/A (sky130_fd_sc_hd__clkbuf_2)
                  0.06    0.11    4.12 ^ input1/X (sky130_fd_sc_hd__clkbuf_2)
     4    0.01                           net1 (net)
                  0.06    0.00    4.12 ^ fanout18/A (sky130_fd_sc_hd__clkbuf_4)
                  0.11    0.20    4.32 ^ fanout18/X (sky130_fd_sc_hd__clkbuf_4)
     9    0.03                           net18 (net)
                  0.11    0.00    4.32 ^ _279_/RESET_B (sky130_fd_sc_hd__dfrtp_1)
                                  4.32   data arrival time

                         20.00   20.00   clock clk (rise edge)
                          0.00   20.00   clock source latency
                  0.04    0.03   20.03 ^ clk (in)
     1    0.01                           clk (net)
                  0.04    0.00   20.03 ^ clkbuf_0_clk/A (sky130_fd_sc_hd__clkbuf_16)
                  0.05    0.13   20.15 ^ clkbuf_0_clk/X (sky130_fd_sc_hd__clkbuf_16)
     4    0.03                           clknet_0_clk (net)
                  0.05    0.00   20.15 ^ clkbuf_2_3__f_clk/A (sky130_fd_sc_hd__clkbuf_16)
                  0.04    0.12   20.27 ^ clkbuf_2_3__f_clk/X (sky130_fd_sc_hd__clkbuf_16)
     9    0.02                           clknet_2_3__leaf_clk (net)
                  0.04    0.00   20.27 ^ _279_/CLK (sky130_fd_sc_hd__dfrtp_1)
                         -0.25   20.02   clock uncertainty
                          0.00   20.02   clock reconvergence pessimism
                          0.21   20.24   library recovery time
                                 20.24   data required time
-----------------------------------------------------------------------------
                                 20.24   data required time
                                 -4.32   data arrival time
-----------------------------------------------------------------------------
                                 15.92   slack (MET)


Startpoint: rst_n (input port clocked by clk)
Endpoint: _280_ (recovery check against rising-edge clock clk)
Path Group: asynchronous
Path Type: max

Fanout     Cap    Slew   Delay    Time   Description
-----------------------------------------------------------------------------
                          0.00    0.00   clock clk (rise edge)
                          0.00    0.00   clock network delay (propagated)
                          4.00    4.00 ^ input external delay
                  0.02    0.01    4.01 ^ rst_n (in)
     1    0.00                           rst_n (net)
                  0.02    0.00    4.01 ^ input1/A (sky130_fd_sc_hd__clkbuf_2)
                  0.06    0.11    4.12 ^ input1/X (sky130_fd_sc_hd__clkbuf_2)
     4    0.01                           net1 (net)
                  0.06    0.00    4.12 ^ fanout18/A (sky130_fd_sc_hd__clkbuf_4)
                  0.11    0.20    4.32 ^ fanout18/X (sky130_fd_sc_hd__clkbuf_4)
     9    0.03                           net18 (net)
                  0.11    0.00    4.32 ^ _280_/RESET_B (sky130_fd_sc_hd__dfrtp_1)
                                  4.32   data arrival time

                         20.00   20.00   clock clk (rise edge)
                          0.00   20.00   clock source latency
                  0.04    0.03   20.03 ^ clk (in)
     1    0.01                           clk (net)
                  0.04    0.00   20.03 ^ clkbuf_0_clk/A (sky130_fd_sc_hd__clkbuf_16)
                  0.05    0.13   20.15 ^ clkbuf_0_clk/X (sky130_fd_sc_hd__clkbuf_16)
     4    0.03                           clknet_0_clk (net)
                  0.05    0.00   20.15 ^ clkbuf_2_3__f_clk/A (sky130_fd_sc_hd__clkbuf_16)
                  0.04    0.12   20.27 ^ clkbuf_2_3__f_clk/X (sky130_fd_sc_hd__clkbuf_16)
     9    0.02                           clknet_2_3__leaf_clk (net)
                  0.04    0.00   20.27 ^ _280_/CLK (sky130_fd_sc_hd__dfrtp_1)
                         -0.25   20.02   clock uncertainty
                          0.00   20.02   clock reconvergence pessimism
                          0.21   20.24   library recovery time
                                 20.24   data required time
-----------------------------------------------------------------------------
                                 20.24   data required time
                                 -4.32   data arrival time
-----------------------------------------------------------------------------
                                 15.92   slack (MET)


Startpoint: rst_n (input port clocked by clk)
Endpoint: _281_ (recovery check against rising-edge clock clk)
Path Group: asynchronous
Path Type: max

Fanout     Cap    Slew   Delay    Time   Description
-----------------------------------------------------------------------------
                          0.00    0.00   clock clk (rise edge)
                          0.00    0.00   clock network delay (propagated)
                          4.00    4.00 ^ input external delay
                  0.02    0.01    4.01 ^ rst_n (in)
     1    0.00                           rst_n (net)
                  0.02    0.00    4.01 ^ input1/A (sky130_fd_sc_hd__clkbuf_2)
                  0.06    0.11    4.12 ^ input1/X (sky130_fd_sc_hd__clkbuf_2)
     4    0.01                           net1 (net)
                  0.06    0.00    4.12 ^ fanout18/A (sky130_fd_sc_hd__clkbuf_4)
                  0.11    0.20    4.32 ^ fanout18/X (sky130_fd_sc_hd__clkbuf_4)
     9    0.03                           net18 (net)
                  0.11    0.00    4.32 ^ _281_/RESET_B (sky130_fd_sc_hd__dfrtp_1)
                                  4.32   data arrival time

                         20.00   20.00   clock clk (rise edge)
                          0.00   20.00   clock source latency
                  0.04    0.03   20.03 ^ clk (in)
     1    0.01                           clk (net)
                  0.04    0.00   20.03 ^ clkbuf_0_clk/A (sky130_fd_sc_hd__clkbuf_16)
                  0.05    0.13   20.15 ^ clkbuf_0_clk/X (sky130_fd_sc_hd__clkbuf_16)
     4    0.03                           clknet_0_clk (net)
                  0.05    0.00   20.15 ^ clkbuf_2_3__f_clk/A (sky130_fd_sc_hd__clkbuf_16)
                  0.04    0.12   20.27 ^ clkbuf_2_3__f_clk/X (sky130_fd_sc_hd__clkbuf_16)
     9    0.02                           clknet_2_3__leaf_clk (net)
                  0.04    0.00   20.27 ^ _281_/CLK (sky130_fd_sc_hd__dfrtp_1)
                         -0.25   20.02   clock uncertainty
                          0.00   20.02   clock reconvergence pessimism
                          0.21   20.24   library recovery time
                                 20.24   data required time
-----------------------------------------------------------------------------
                                 20.24   data required time
                                 -4.32   data arrival time
-----------------------------------------------------------------------------
                                 15.92   slack (MET)


Startpoint: rst_n (input port clocked by clk)
Endpoint: _277_ (recovery check against rising-edge clock clk)
Path Group: asynchronous
Path Type: max

Fanout     Cap    Slew   Delay    Time   Description
-----------------------------------------------------------------------------
                          0.00    0.00   clock clk (rise edge)
                          0.00    0.00   clock network delay (propagated)
                          4.00    4.00 ^ input external delay
                  0.02    0.01    4.01 ^ rst_n (in)
     1    0.00                           rst_n (net)
                  0.02    0.00    4.01 ^ input1/A (sky130_fd_sc_hd__clkbuf_2)
                  0.06    0.11    4.12 ^ input1/X (sky130_fd_sc_hd__clkbuf_2)
     4    0.01                           net1 (net)
                  0.06    0.00    4.12 ^ fanout16/A (sky130_fd_sc_hd__clkbuf_4)
                  0.10    0.19    4.31 ^ fanout16/X (sky130_fd_sc_hd__clkbuf_4)
     8    0.03                           net16 (net)
                  0.10    0.00    4.31 ^ _277_/RESET_B (sky130_fd_sc_hd__dfrtp_1)
                                  4.31   data arrival time

                         20.00   20.00   clock clk (rise edge)
                          0.00   20.00   clock source latency
                  0.04    0.03   20.03 ^ clk (in)
     1    0.01                           clk (net)
                  0.04    0.00   20.03 ^ clkbuf_0_clk/A (sky130_fd_sc_hd__clkbuf_16)
                  0.05    0.13   20.15 ^ clkbuf_0_clk/X (sky130_fd_sc_hd__clkbuf_16)
     4    0.03                           clknet_0_clk (net)
                  0.05    0.00   20.15 ^ clkbuf_2_2__f_clk/A (sky130_fd_sc_hd__clkbuf_16)
                  0.04    0.12   20.27 ^ clkbuf_2_2__f_clk/X (sky130_fd_sc_hd__clkbuf_16)
     8    0.01                           clknet_2_2__leaf_clk (net)
                  0.04    0.00   20.27 ^ _277_/CLK (sky130_fd_sc_hd__dfrtp_1)
                         -0.25   20.02   clock uncertainty
                          0.00   20.02   clock reconvergence pessimism
                          0.21   20.24   library recovery time
                                 20.24   data required time
-----------------------------------------------------------------------------
                                 20.24   data required time
                                 -4.31   data arrival time
-----------------------------------------------------------------------------
                                 15.93   slack (MET)


Startpoint: rst_n (input port clocked by clk)
Endpoint: _282_ (recovery check against rising-edge clock clk)
Path Group: asynchronous
Path Type: max

Fanout     Cap    Slew   Delay    Time   Description
-----------------------------------------------------------------------------
                          0.00    0.00   clock clk (rise edge)
                          0.00    0.00   clock network delay (propagated)
                          4.00    4.00 ^ input external delay
                  0.02    0.01    4.01 ^ rst_n (in)
     1    0.00                           rst_n (net)
                  0.02    0.00    4.01 ^ input1/A (sky130_fd_sc_hd__clkbuf_2)
                  0.06    0.11    4.12 ^ input1/X (sky130_fd_sc_hd__clkbuf_2)
     4    0.01                           net1 (net)
                  0.06    0.00    4.12 ^ fanout16/A (sky130_fd_sc_hd__clkbuf_4)
                  0.10    0.19    4.31 ^ fanout16/X (sky130_fd_sc_hd__clkbuf_4)
     8    0.03                           net16 (net)
                  0.10    0.00    4.31 ^ _282_/RESET_B (sky130_fd_sc_hd__dfrtp_1)
                                  4.31   data arrival time

                         20.00   20.00   clock clk (rise edge)
                          0.00   20.00   clock source latency
                  0.04    0.03   20.03 ^ clk (in)
     1    0.01                           clk (net)
                  0.04    0.00   20.03 ^ clkbuf_0_clk/A (sky130_fd_sc_hd__clkbuf_16)
                  0.05    0.13   20.15 ^ clkbuf_0_clk/X (sky130_fd_sc_hd__clkbuf_16)
     4    0.03                           clknet_0_clk (net)
                  0.05    0.00   20.15 ^ clkbuf_2_2__f_clk/A (sky130_fd_sc_hd__clkbuf_16)
                  0.04    0.12   20.27 ^ clkbuf_2_2__f_clk/X (sky130_fd_sc_hd__clkbuf_16)
     8    0.01                           clknet_2_2__leaf_clk (net)
                  0.04    0.00   20.27 ^ _282_/CLK (sky130_fd_sc_hd__dfrtp_1)
                         -0.25   20.02   clock uncertainty
                          0.00   20.02   clock reconvergence pessimism
                          0.21   20.24   library recovery time
                                 20.24   data required time
-----------------------------------------------------------------------------
                                 20.24   data required time
                                 -4.31   data arrival time
-----------------------------------------------------------------------------
                                 15.93   slack (MET)


Startpoint: rst_n (input port clocked by clk)
Endpoint: _283_ (recovery check against rising-edge clock clk)
Path Group: asynchronous
Path Type: max

Fanout     Cap    Slew   Delay    Time   Description
-----------------------------------------------------------------------------
                          0.00    0.00   clock clk (rise edge)
                          0.00    0.00   clock network delay (propagated)
                          4.00    4.00 ^ input external delay
                  0.02    0.01    4.01 ^ rst_n (in)
     1    0.00                           rst_n (net)
                  0.02    0.00    4.01 ^ input1/A (sky130_fd_sc_hd__clkbuf_2)
                  0.06    0.11    4.12 ^ input1/X (sky130_fd_sc_hd__clkbuf_2)
     4    0.01                           net1 (net)
                  0.06    0.00    4.12 ^ fanout16/A (sky130_fd_sc_hd__clkbuf_4)
                  0.10    0.19    4.31 ^ fanout16/X (sky130_fd_sc_hd__clkbuf_4)
     8    0.03                           net16 (net)
                  0.10    0.00    4.31 ^ _283_/RESET_B (sky130_fd_sc_hd__dfrtp_1)
                                  4.31   data arrival time

                         20.00   20.00   clock clk (rise edge)
                          0.00   20.00   clock source latency
                  0.04    0.03   20.03 ^ clk (in)
     1    0.01                           clk (net)
                  0.04    0.00   20.03 ^ clkbuf_0_clk/A (sky130_fd_sc_hd__clkbuf_16)
                  0.05    0.13   20.15 ^ clkbuf_0_clk/X (sky130_fd_sc_hd__clkbuf_16)
     4    0.03                           clknet_0_clk (net)
                  0.05    0.00   20.15 ^ clkbuf_2_2__f_clk/A (sky130_fd_sc_hd__clkbuf_16)
                  0.04    0.12   20.27 ^ clkbuf_2_2__f_clk/X (sky130_fd_sc_hd__clkbuf_16)
     8    0.01                           clknet_2_2__leaf_clk (net)
                  0.04    0.00   20.27 ^ _283_/CLK (sky130_fd_sc_hd__dfrtp_1)
                         -0.25   20.02   clock uncertainty
                          0.00   20.02   clock reconvergence pessimism
                          0.21   20.24   library recovery time
                                 20.24   data required time
-----------------------------------------------------------------------------
                                 20.24   data required time
                                 -4.31   data arrival time
-----------------------------------------------------------------------------
                                 15.93   slack (MET)


Startpoint: rst_n (input port clocked by clk)
Endpoint: _278_ (recovery check against rising-edge clock clk)
Path Group: asynchronous
Path Type: max

Fanout     Cap    Slew   Delay    Time   Description
-----------------------------------------------------------------------------
                          0.00    0.00   clock clk (rise edge)
                          0.00    0.00   clock network delay (propagated)
                          4.00    4.00 ^ input external delay
                  0.02    0.01    4.01 ^ rst_n (in)
     1    0.00                           rst_n (net)
                  0.02    0.00    4.01 ^ input1/A (sky130_fd_sc_hd__clkbuf_2)
                  0.06    0.11    4.12 ^ input1/X (sky130_fd_sc_hd__clkbuf_2)
     4    0.01                           net1 (net)
                  0.06    0.00    4.12 ^ fanout16/A (sky130_fd_sc_hd__clkbuf_4)
                  0.10    0.19    4.31 ^ fanout16/X (sky130_fd_sc_hd__clkbuf_4)
     8    0.03                           net16 (net)
                  0.10    0.00    4.31 ^ _278_/RESET_B (sky130_fd_sc_hd__dfrtp_1)
                                  4.31   data arrival time

                         20.00   20.00   clock clk (rise edge)
                          0.00   20.00   clock source latency
                  0.04    0.03   20.03 ^ clk (in)
     1    0.01                           clk (net)
                  0.04    0.00   20.03 ^ clkbuf_0_clk/A (sky130_fd_sc_hd__clkbuf_16)
                  0.05    0.13   20.15 ^ clkbuf_0_clk/X (sky130_fd_sc_hd__clkbuf_16)
     4    0.03                           clknet_0_clk (net)
                  0.05    0.00   20.15 ^ clkbuf_2_3__f_clk/A (sky130_fd_sc_hd__clkbuf_16)
                  0.04    0.12   20.27 ^ clkbuf_2_3__f_clk/X (sky130_fd_sc_hd__clkbuf_16)
     9    0.02                           clknet_2_3__leaf_clk (net)
                  0.04    0.00   20.27 ^ _278_/CLK (sky130_fd_sc_hd__dfrtp_1)
                         -0.25   20.02   clock uncertainty
                          0.00   20.02   clock reconvergence pessimism
                          0.21   20.24   library recovery time
                                 20.24   data required time
-----------------------------------------------------------------------------
                                 20.24   data required time
                                 -4.31   data arrival time
-----------------------------------------------------------------------------
                                 15.93   slack (MET)


Startpoint: _263_ (rising edge-triggered flip-flop clocked by clk)
Endpoint: _266_ (rising edge-triggered flip-flop clocked by clk)
Path Group: clk
Path Type: max

Fanout     Cap    Slew   Delay    Time   Description
-----------------------------------------------------------------------------
                          0.00    0.00   clock clk (rise edge)
                          0.00    0.00   clock source latency
                  0.04    0.03    0.03 ^ clk (in)
     1    0.01                           clk (net)
                  0.04    0.00    0.03 ^ clkbuf_0_clk/A (sky130_fd_sc_hd__clkbuf_16)
                  0.05    0.14    0.17 ^ clkbuf_0_clk/X (sky130_fd_sc_hd__clkbuf_16)
     4    0.03                           clknet_0_clk (net)
                  0.05    0.00    0.17 ^ clkbuf_2_3__f_clk/A (sky130_fd_sc_hd__clkbuf_16)
                  0.04    0.13    0.30 ^ clkbuf_2_3__f_clk/X (sky130_fd_sc_hd__clkbuf_16)
     9    0.02                           clknet_2_3__leaf_clk (net)
                  0.04    0.00    0.30 ^ _263_/CLK (sky130_fd_sc_hd__dfrtp_1)
                  0.06    0.39    0.69 v _263_/Q (sky130_fd_sc_hd__dfrtp_1)
     4    0.01                           baud_counter[1] (net)
                  0.06    0.00    0.69 v _137_/A (sky130_fd_sc_hd__or4b_1)
                  0.07    0.52    1.21 v _137_/X (sky130_fd_sc_hd__or4b_1)
     1    0.00                           _126_ (net)
                  0.07    0.00    1.21 v _138_/D (sky130_fd_sc_hd__or4_1)
                  0.11    0.45    1.66 v _138_/X (sky130_fd_sc_hd__or4_1)
     3    0.01                           _127_ (net)
                  0.11    0.00    1.66 v _155_/B_N (sky130_fd_sc_hd__nor2b_1)
                  0.06    0.19    1.85 v _155_/Y (sky130_fd_sc_hd__nor2b_1)
     4    0.01                           _045_ (net)
                  0.06    0.00    1.85 v _157_/A2 (sky130_fd_sc_hd__a32o_1)
                  0.04    0.25    2.10 v _157_/X (sky130_fd_sc_hd__a32o_1)
     1    0.00                           _005_ (net)
                  0.04    0.00    2.10 v _266_/D (sky130_fd_sc_hd__dfrtp_1)
                                  2.10   data arrival time

                         20.00   20.00   clock clk (rise edge)
                          0.00   20.00   clock source latency
                  0.04    0.03   20.03 ^ clk (in)
     1    0.01                           clk (net)
                  0.04    0.00   20.03 ^ clkbuf_0_clk/A (sky130_fd_sc_hd__clkbuf_16)
                  0.05    0.13   20.15 ^ clkbuf_0_clk/X (sky130_fd_sc_hd__clkbuf_16)
     4    0.03                           clknet_0_clk (net)
                  0.05    0.00   20.15 ^ clkbuf_2_1__f_clk/A (sky130_fd_sc_hd__clkbuf_16)
                  0.04    0.12   20.28 ^ clkbuf_2_1__f_clk/X (sky130_fd_sc_hd__clkbuf_16)
    11    0.02                           clknet_2_1__leaf_clk (net)
                  0.04    0.00   20.28 ^ _266_/CLK (sky130_fd_sc_hd__dfrtp_1)
                         -0.25   20.03   clock uncertainty
                          0.02   20.04   clock reconvergence pessimism
                         -0.11   19.93   library setup time
                                 19.93   data required time
-----------------------------------------------------------------------------
                                 19.93   data required time
                                 -2.10   data arrival time
-----------------------------------------------------------------------------
                                 17.83   slack (MET)


Startpoint: _263_ (rising edge-triggered flip-flop clocked by clk)
Endpoint: _267_ (rising edge-triggered flip-flop clocked by clk)
Path Group: clk
Path Type: max

Fanout     Cap    Slew   Delay    Time   Description
-----------------------------------------------------------------------------
                          0.00    0.00   clock clk (rise edge)
                          0.00    0.00   clock source latency
                  0.04    0.03    0.03 ^ clk (in)
     1    0.01                           clk (net)
                  0.04    0.00    0.03 ^ clkbuf_0_clk/A (sky130_fd_sc_hd__clkbuf_16)
                  0.05    0.14    0.17 ^ clkbuf_0_clk/X (sky130_fd_sc_hd__clkbuf_16)
     4    0.03                           clknet_0_clk (net)
                  0.05    0.00    0.17 ^ clkbuf_2_3__f_clk/A (sky130_fd_sc_hd__clkbuf_16)
                  0.04    0.13    0.30 ^ clkbuf_2_3__f_clk/X (sky130_fd_sc_hd__clkbuf_16)
     9    0.02                           clknet_2_3__leaf_clk (net)
                  0.04    0.00    0.30 ^ _263_/CLK (sky130_fd_sc_hd__dfrtp_1)
                  0.06    0.39    0.69 v _263_/Q (sky130_fd_sc_hd__dfrtp_1)
     4    0.01                           baud_counter[1] (net)
                  0.06    0.00    0.69 v _137_/A (sky130_fd_sc_hd__or4b_1)
                  0.07    0.52    1.21 v _137_/X (sky130_fd_sc_hd__or4b_1)
     1    0.00                           _126_ (net)
                  0.07    0.00    1.21 v _138_/D (sky130_fd_sc_hd__or4_1)
                  0.11    0.45    1.66 v _138_/X (sky130_fd_sc_hd__or4_1)
     3    0.01                           _127_ (net)
                  0.11    0.00    1.66 v _155_/B_N (sky130_fd_sc_hd__nor2b_1)
                  0.06    0.19    1.85 v _155_/Y (sky130_fd_sc_hd__nor2b_1)
     4    0.01                           _045_ (net)
                  0.06    0.00    1.85 v _160_/A1 (sky130_fd_sc_hd__a32o_1)
                  0.04    0.22    2.07 v _160_/X (sky130_fd_sc_hd__a32o_1)
     1    0.00                           _006_ (net)
                  0.04    0.00    2.07 v _267_/D (sky130_fd_sc_hd__dfrtp_1)
                                  2.07   data arrival time

                         20.00   20.00   clock clk (rise edge)
                          0.00   20.00   clock source latency
                  0.04    0.03   20.03 ^ clk (in)
     1    0.01                           clk (net)
                  0.04    0.00   20.03 ^ clkbuf_0_clk/A (sky130_fd_sc_hd__clkbuf_16)
                  0.05    0.13   20.15 ^ clkbuf_0_clk/X (sky130_fd_sc_hd__clkbuf_16)
     4    0.03                           clknet_0_clk (net)
                  0.05    0.00   20.15 ^ clkbuf_2_1__f_clk/A (sky130_fd_sc_hd__clkbuf_16)
                  0.04    0.12   20.28 ^ clkbuf_2_1__f_clk/X (sky130_fd_sc_hd__clkbuf_16)
    11    0.02                           clknet_2_1__leaf_clk (net)
                  0.04    0.00   20.28 ^ _267_/CLK (sky130_fd_sc_hd__dfrtp_1)
                         -0.25   20.03   clock uncertainty
                          0.02   20.04   clock reconvergence pessimism
                         -0.11   19.93   library setup time
                                 19.93   data required time
-----------------------------------------------------------------------------
                                 19.93   data required time
                                 -2.07   data arrival time
-----------------------------------------------------------------------------
                                 17.86   slack (MET)


Startpoint: _263_ (rising edge-triggered flip-flop clocked by clk)
Endpoint: _270_ (rising edge-triggered flip-flop clocked by clk)
Path Group: clk
Path Type: max

Fanout     Cap    Slew   Delay    Time   Description
-----------------------------------------------------------------------------
                          0.00    0.00   clock clk (rise edge)
                          0.00    0.00   clock source latency
                  0.04    0.03    0.03 ^ clk (in)
     1    0.01                           clk (net)
                  0.04    0.00    0.03 ^ clkbuf_0_clk/A (sky130_fd_sc_hd__clkbuf_16)
                  0.05    0.14    0.17 ^ clkbuf_0_clk/X (sky130_fd_sc_hd__clkbuf_16)
     4    0.03                           clknet_0_clk (net)
                  0.05    0.00    0.17 ^ clkbuf_2_3__f_clk/A (sky130_fd_sc_hd__clkbuf_16)
                  0.04    0.13    0.30 ^ clkbuf_2_3__f_clk/X (sky130_fd_sc_hd__clkbuf_16)
     9    0.02                           clknet_2_3__leaf_clk (net)
                  0.04    0.00    0.30 ^ _263_/CLK (sky130_fd_sc_hd__dfrtp_1)
                  0.06    0.39    0.69 v _263_/Q (sky130_fd_sc_hd__dfrtp_1)
     4    0.01                           baud_counter[1] (net)
                  0.06    0.00    0.69 v _137_/A (sky130_fd_sc_hd__or4b_1)
                  0.07    0.52    1.21 v _137_/X (sky130_fd_sc_hd__or4b_1)
     1    0.00                           _126_ (net)
                  0.07    0.00    1.21 v _138_/D (sky130_fd_sc_hd__or4_1)
                  0.11    0.45    1.66 v _138_/X (sky130_fd_sc_hd__or4_1)
     3    0.01                           _127_ (net)
                  0.11    0.00    1.66 v _155_/B_N (sky130_fd_sc_hd__nor2b_1)
                  0.06    0.19    1.85 v _155_/Y (sky130_fd_sc_hd__nor2b_1)
     4    0.01                           _045_ (net)
                  0.06    0.00    1.85 v _169_/A1 (sky130_fd_sc_hd__a32o_1)
                  0.04    0.22    2.07 v _169_/X (sky130_fd_sc_hd__a32o_1)
     1    0.00                           _009_ (net)
                  0.04    0.00    2.07 v _270_/D (sky130_fd_sc_hd__dfrtp_1)
                                  2.07   data arrival time

                         20.00   20.00   clock clk (rise edge)
                          0.00   20.00   clock source latency
                  0.04    0.03   20.03 ^ clk (in)
     1    0.01                           clk (net)
                  0.04    0.00   20.03 ^ clkbuf_0_clk/A (sky130_fd_sc_hd__clkbuf_16)
                  0.05    0.13   20.15 ^ clkbuf_0_clk/X (sky130_fd_sc_hd__clkbuf_16)
     4    0.03                           clknet_0_clk (net)
                  0.05    0.00   20.15 ^ clkbuf_2_1__f_clk/A (sky130_fd_sc_hd__clkbuf_16)
                  0.04    0.12   20.28 ^ clkbuf_2_1__f_clk/X (sky130_fd_sc_hd__clkbuf_16)
    11    0.02                           clknet_2_1__leaf_clk (net)
                  0.04    0.00   20.28 ^ _270_/CLK (sky130_fd_sc_hd__dfrtp_1)
                         -0.25   20.03   clock uncertainty
                          0.02   20.04   clock reconvergence pessimism
                         -0.11   19.93   library setup time
                                 19.93   data required time
-----------------------------------------------------------------------------
                                 19.93   data required time
                                 -2.07   data arrival time
-----------------------------------------------------------------------------
                                 17.86   slack (MET)


Startpoint: _263_ (rising edge-triggered flip-flop clocked by clk)
Endpoint: _269_ (rising edge-triggered flip-flop clocked by clk)
Path Group: clk
Path Type: max

Fanout     Cap    Slew   Delay    Time   Description
-----------------------------------------------------------------------------
                          0.00    0.00   clock clk (rise edge)
                          0.00    0.00   clock source latency
                  0.04    0.03    0.03 ^ clk (in)
     1    0.01                           clk (net)
                  0.04    0.00    0.03 ^ clkbuf_0_clk/A (sky130_fd_sc_hd__clkbuf_16)
                  0.05    0.14    0.17 ^ clkbuf_0_clk/X (sky130_fd_sc_hd__clkbuf_16)
     4    0.03                           clknet_0_clk (net)
                  0.05    0.00    0.17 ^ clkbuf_2_3__f_clk/A (sky130_fd_sc_hd__clkbuf_16)
                  0.04    0.13    0.30 ^ clkbuf_2_3__f_clk/X (sky130_fd_sc_hd__clkbuf_16)
     9    0.02                           clknet_2_3__leaf_clk (net)
                  0.04    0.00    0.30 ^ _263_/CLK (sky130_fd_sc_hd__dfrtp_1)
                  0.06    0.39    0.69 v _263_/Q (sky130_fd_sc_hd__dfrtp_1)
     4    0.01                           baud_counter[1] (net)
                  0.06    0.00    0.69 v _137_/A (sky130_fd_sc_hd__or4b_1)
                  0.07    0.52    1.21 v _137_/X (sky130_fd_sc_hd__or4b_1)
     1    0.00                           _126_ (net)
                  0.07    0.00    1.21 v _138_/D (sky130_fd_sc_hd__or4_1)
                  0.11    0.45    1.66 v _138_/X (sky130_fd_sc_hd__or4_1)
     3    0.01                           _127_ (net)
                  0.11    0.00    1.66 v _155_/B_N (sky130_fd_sc_hd__nor2b_1)
                  0.06    0.19    1.85 v _155_/Y (sky130_fd_sc_hd__nor2b_1)
     4    0.01                           _045_ (net)
                  0.06    0.00    1.85 v _165_/B1 (sky130_fd_sc_hd__a22o_1)
                  0.04    0.18    2.03 v _165_/X (sky130_fd_sc_hd__a22o_1)
     1    0.00                           _008_ (net)
                  0.04    0.00    2.03 v _269_/D (sky130_fd_sc_hd__dfrtp_2)
                                  2.03   data arrival time

                         20.00   20.00   clock clk (rise edge)
                          0.00   20.00   clock source latency
                  0.04    0.03   20.03 ^ clk (in)
     1    0.01                           clk (net)
                  0.04    0.00   20.03 ^ clkbuf_0_clk/A (sky130_fd_sc_hd__clkbuf_16)
                  0.05    0.13   20.15 ^ clkbuf_0_clk/X (sky130_fd_sc_hd__clkbuf_16)
     4    0.03                           clknet_0_clk (net)
                  0.05    0.00   20.15 ^ clkbuf_2_1__f_clk/A (sky130_fd_sc_hd__clkbuf_16)
                  0.04    0.12   20.28 ^ clkbuf_2_1__f_clk/X (sky130_fd_sc_hd__clkbuf_16)
    11    0.02                           clknet_2_1__leaf_clk (net)
                  0.04    0.00   20.28 ^ _269_/CLK (sky130_fd_sc_hd__dfrtp_2)
                         -0.25   20.03   clock uncertainty
                          0.02   20.04   clock reconvergence pessimism
                         -0.11   19.93   library setup time
                                 19.93   data required time
-----------------------------------------------------------------------------
                                 19.93   data required time
                                 -2.03   data arrival time
-----------------------------------------------------------------------------
                                 17.90   slack (MET)


Startpoint: _297_ (rising edge-triggered flip-flop clocked by clk)
Endpoint: _276_ (rising edge-triggered flip-flop clocked by clk)
Path Group: clk
Path Type: max

Fanout     Cap    Slew   Delay    Time   Description
-----------------------------------------------------------------------------
                          0.00    0.00   clock clk (rise edge)
                          0.00    0.00   clock source latency
                  0.04    0.03    0.03 ^ clk (in)
     1    0.01                           clk (net)
                  0.04    0.00    0.03 ^ clkbuf_0_clk/A (sky130_fd_sc_hd__clkbuf_16)
                  0.05    0.14    0.17 ^ clkbuf_0_clk/X (sky130_fd_sc_hd__clkbuf_16)
     4    0.03                           clknet_0_clk (net)
                  0.05    0.00    0.17 ^ clkbuf_2_1__f_clk/A (sky130_fd_sc_hd__clkbuf_16)
                  0.04    0.14    0.31 ^ clkbuf_2_1__f_clk/X (sky130_fd_sc_hd__clkbuf_16)
    11    0.02                           clknet_2_1__leaf_clk (net)
                  0.04    0.00    0.31 ^ _297_/CLK (sky130_fd_sc_hd__dfrtp_4)
                  0.08    0.52    0.82 v _297_/Q (sky130_fd_sc_hd__dfrtp_4)
     8    0.02                           state[1] (net)
                  0.08    0.00    0.82 v _181_/A (sky130_fd_sc_hd__or4b_2)
                  0.13    0.76    1.58 v _181_/X (sky130_fd_sc_hd__or4b_2)
     3    0.01                           _063_ (net)
                  0.13    0.00    1.58 v _190_/B (sky130_fd_sc_hd__nor2_2)
                  0.18    0.20    1.79 ^ _190_/Y (sky130_fd_sc_hd__nor2_2)
     6    0.01                           _070_ (net)
                  0.18    0.00    1.79 ^ _193_/A2 (sky130_fd_sc_hd__a32o_1)
                  0.05    0.19    1.98 ^ _193_/X (sky130_fd_sc_hd__a32o_1)
     1    0.00                           _015_ (net)
                  0.05    0.00    1.98 ^ _276_/D (sky130_fd_sc_hd__dfrtp_2)
                                  1.98   data arrival time

                         20.00   20.00   clock clk (rise edge)
                          0.00   20.00   clock source latency
                  0.04    0.03   20.03 ^ clk (in)
     1    0.01                           clk (net)
                  0.04    0.00   20.03 ^ clkbuf_0_clk/A (sky130_fd_sc_hd__clkbuf_16)
                  0.05    0.13   20.15 ^ clkbuf_0_clk/X (sky130_fd_sc_hd__clkbuf_16)
     4    0.03                           clknet_0_clk (net)
                  0.05    0.00   20.15 ^ clkbuf_2_2__f_clk/A (sky130_fd_sc_hd__clkbuf_16)
                  0.04    0.12   20.27 ^ clkbuf_2_2__f_clk/X (sky130_fd_sc_hd__clkbuf_16)
     8    0.01                           clknet_2_2__leaf_clk (net)
                  0.04    0.00   20.27 ^ _276_/CLK (sky130_fd_sc_hd__dfrtp_2)
                         -0.25   20.02   clock uncertainty
                          0.02   20.04   clock reconvergence pessimism
                         -0.07   19.97   library setup time
                                 19.97   data required time
-----------------------------------------------------------------------------
                                 19.97   data required time
                                 -1.98   data arrival time
-----------------------------------------------------------------------------
                                 18.00   slack (MET)


Startpoint: _297_ (rising edge-triggered flip-flop clocked by clk)
Endpoint: _277_ (rising edge-triggered flip-flop clocked by clk)
Path Group: clk
Path Type: max

Fanout     Cap    Slew   Delay    Time   Description
-----------------------------------------------------------------------------
                          0.00    0.00   clock clk (rise edge)
                          0.00    0.00   clock source latency
                  0.04    0.03    0.03 ^ clk (in)
     1    0.01                           clk (net)
                  0.04    0.00    0.03 ^ clkbuf_0_clk/A (sky130_fd_sc_hd__clkbuf_16)
                  0.05    0.14    0.17 ^ clkbuf_0_clk/X (sky130_fd_sc_hd__clkbuf_16)
     4    0.03                           clknet_0_clk (net)
                  0.05    0.00    0.17 ^ clkbuf_2_1__f_clk/A (sky130_fd_sc_hd__clkbuf_16)
                  0.04    0.14    0.31 ^ clkbuf_2_1__f_clk/X (sky130_fd_sc_hd__clkbuf_16)
    11    0.02                           clknet_2_1__leaf_clk (net)
                  0.04    0.00    0.31 ^ _297_/CLK (sky130_fd_sc_hd__dfrtp_4)
                  0.08    0.52    0.82 v _297_/Q (sky130_fd_sc_hd__dfrtp_4)
     8    0.02                           state[1] (net)
                  0.08    0.00    0.82 v _181_/A (sky130_fd_sc_hd__or4b_2)
                  0.13    0.76    1.58 v _181_/X (sky130_fd_sc_hd__or4b_2)
     3    0.01                           _063_ (net)
                  0.13    0.00    1.58 v _190_/B (sky130_fd_sc_hd__nor2_2)
                  0.18    0.20    1.79 ^ _190_/Y (sky130_fd_sc_hd__nor2_2)
     6    0.01                           _070_ (net)
                  0.18    0.00    1.79 ^ _197_/A1 (sky130_fd_sc_hd__a32o_1)
                  0.05    0.18    1.97 ^ _197_/X (sky130_fd_sc_hd__a32o_1)
     1    0.00                           _016_ (net)
                  0.05    0.00    1.97 ^ _277_/D (sky130_fd_sc_hd__dfrtp_1)
                                  1.97   data arrival time

                         20.00   20.00   clock clk (rise edge)
                          0.00   20.00   clock source latency
                  0.04    0.03   20.03 ^ clk (in)
     1    0.01                           clk (net)
                  0.04    0.00   20.03 ^ clkbuf_0_clk/A (sky130_fd_sc_hd__clkbuf_16)
                  0.05    0.13   20.15 ^ clkbuf_0_clk/X (sky130_fd_sc_hd__clkbuf_16)
     4    0.03                           clknet_0_clk (net)
                  0.05    0.00   20.15 ^ clkbuf_2_2__f_clk/A (sky130_fd_sc_hd__clkbuf_16)
                  0.04    0.12   20.27 ^ clkbuf_2_2__f_clk/X (sky130_fd_sc_hd__clkbuf_16)
     8    0.01                           clknet_2_2__leaf_clk (net)
                  0.04    0.00   20.27 ^ _277_/CLK (sky130_fd_sc_hd__dfrtp_1)
                         -0.25   20.02   clock uncertainty
                          0.02   20.04   clock reconvergence pessimism
                         -0.06   19.98   library setup time
                                 19.98   data required time
-----------------------------------------------------------------------------
                                 19.98   data required time
                                 -1.97   data arrival time
-----------------------------------------------------------------------------
                                 18.01   slack (MET)


Startpoint: _297_ (rising edge-triggered flip-flop clocked by clk)
Endpoint: _278_ (rising edge-triggered flip-flop clocked by clk)
Path Group: clk
Path Type: max

Fanout     Cap    Slew   Delay    Time   Description
-----------------------------------------------------------------------------
                          0.00    0.00   clock clk (rise edge)
                          0.00    0.00   clock source latency
                  0.04    0.03    0.03 ^ clk (in)
     1    0.01                           clk (net)
                  0.04    0.00    0.03 ^ clkbuf_0_clk/A (sky130_fd_sc_hd__clkbuf_16)
                  0.05    0.14    0.17 ^ clkbuf_0_clk/X (sky130_fd_sc_hd__clkbuf_16)
     4    0.03                           clknet_0_clk (net)
                  0.05    0.00    0.17 ^ clkbuf_2_1__f_clk/A (sky130_fd_sc_hd__clkbuf_16)
                  0.04    0.14    0.31 ^ clkbuf_2_1__f_clk/X (sky130_fd_sc_hd__clkbuf_16)
    11    0.02                           clknet_2_1__leaf_clk (net)
                  0.04    0.00    0.31 ^ _297_/CLK (sky130_fd_sc_hd__dfrtp_4)
                  0.08    0.52    0.82 v _297_/Q (sky130_fd_sc_hd__dfrtp_4)
     8    0.02                           state[1] (net)
                  0.08    0.00    0.82 v _181_/A (sky130_fd_sc_hd__or4b_2)
                  0.13    0.76    1.58 v _181_/X (sky130_fd_sc_hd__or4b_2)
     3    0.01                           _063_ (net)
                  0.13    0.00    1.58 v _190_/B (sky130_fd_sc_hd__nor2_2)
                  0.18    0.20    1.79 ^ _190_/Y (sky130_fd_sc_hd__nor2_2)
     6    0.01                           _070_ (net)
                  0.18    0.00    1.79 ^ _200_/A1 (sky130_fd_sc_hd__a32o_1)
                  0.05    0.18    1.97 ^ _200_/X (sky130_fd_sc_hd__a32o_1)
     1    0.00                           _017_ (net)
                  0.05    0.00    1.97 ^ _278_/D (sky130_fd_sc_hd__dfrtp_1)
                                  1.97   data arrival time

                         20.00   20.00   clock clk (rise edge)
                          0.00   20.00   clock source latency
                  0.04    0.03   20.03 ^ clk (in)
     1    0.01                           clk (net)
                  0.04    0.00   20.03 ^ clkbuf_0_clk/A (sky130_fd_sc_hd__clkbuf_16)
                  0.05    0.13   20.15 ^ clkbuf_0_clk/X (sky130_fd_sc_hd__clkbuf_16)
     4    0.03                           clknet_0_clk (net)
                  0.05    0.00   20.15 ^ clkbuf_2_3__f_clk/A (sky130_fd_sc_hd__clkbuf_16)
                  0.04    0.12   20.27 ^ clkbuf_2_3__f_clk/X (sky130_fd_sc_hd__clkbuf_16)
     9    0.02                           clknet_2_3__leaf_clk (net)
                  0.04    0.00   20.27 ^ _278_/CLK (sky130_fd_sc_hd__dfrtp_1)
                         -0.25   20.02   clock uncertainty
                          0.02   20.04   clock reconvergence pessimism
                         -0.06   19.98   library setup time
                                 19.98   data required time
-----------------------------------------------------------------------------
                                 19.98   data required time
                                 -1.97   data arrival time
-----------------------------------------------------------------------------
                                 18.01   slack (MET)


Startpoint: _297_ (rising edge-triggered flip-flop clocked by clk)
Endpoint: _280_ (rising edge-triggered flip-flop clocked by clk)
Path Group: clk
Path Type: max

Fanout     Cap    Slew   Delay    Time   Description
-----------------------------------------------------------------------------
                          0.00    0.00   clock clk (rise edge)
                          0.00    0.00   clock source latency
                  0.04    0.03    0.03 ^ clk (in)
     1    0.01                           clk (net)
                  0.04    0.00    0.03 ^ clkbuf_0_clk/A (sky130_fd_sc_hd__clkbuf_16)
                  0.05    0.14    0.17 ^ clkbuf_0_clk/X (sky130_fd_sc_hd__clkbuf_16)
     4    0.03                           clknet_0_clk (net)
                  0.05    0.00    0.17 ^ clkbuf_2_1__f_clk/A (sky130_fd_sc_hd__clkbuf_16)
                  0.04    0.14    0.31 ^ clkbuf_2_1__f_clk/X (sky130_fd_sc_hd__clkbuf_16)
    11    0.02                           clknet_2_1__leaf_clk (net)
                  0.04    0.00    0.31 ^ _297_/CLK (sky130_fd_sc_hd__dfrtp_4)
                  0.08    0.52    0.82 v _297_/Q (sky130_fd_sc_hd__dfrtp_4)
     8    0.02                           state[1] (net)
                  0.08    0.00    0.82 v _181_/A (sky130_fd_sc_hd__or4b_2)
                  0.13    0.76    1.58 v _181_/X (sky130_fd_sc_hd__or4b_2)
     3    0.01                           _063_ (net)
                  0.13    0.00    1.58 v _190_/B (sky130_fd_sc_hd__nor2_2)
                  0.18    0.20    1.79 ^ _190_/Y (sky130_fd_sc_hd__nor2_2)
     6    0.01                           _070_ (net)
                  0.18    0.00    1.79 ^ _207_/A1 (sky130_fd_sc_hd__a32o_1)
                  0.05    0.18    1.97 ^ _207_/X (sky130_fd_sc_hd__a32o_1)
     1    0.00                           _019_ (net)
                  0.05    0.00    1.97 ^ _280_/D (sky130_fd_sc_hd__dfrtp_1)
                                  1.97   data arrival time

                         20.00   20.00   clock clk (rise edge)
                          0.00   20.00   clock source latency
                  0.04    0.03   20.03 ^ clk (in)
     1    0.01                           clk (net)
                  0.04    0.00   20.03 ^ clkbuf_0_clk/A (sky130_fd_sc_hd__clkbuf_16)
                  0.05    0.13   20.15 ^ clkbuf_0_clk/X (sky130_fd_sc_hd__clkbuf_16)
     4    0.03                           clknet_0_clk (net)
                  0.05    0.00   20.15 ^ clkbuf_2_3__f_clk/A (sky130_fd_sc_hd__clkbuf_16)
                  0.04    0.12   20.27 ^ clkbuf_2_3__f_clk/X (sky130_fd_sc_hd__clkbuf_16)
     9    0.02                           clknet_2_3__leaf_clk (net)
                  0.04    0.00   20.27 ^ _280_/CLK (sky130_fd_sc_hd__dfrtp_1)
                         -0.25   20.02   clock uncertainty
                          0.02   20.04   clock reconvergence pessimism
                         -0.06   19.98   library setup time
                                 19.98   data required time
-----------------------------------------------------------------------------
                                 19.98   data required time
                                 -1.97   data arrival time
-----------------------------------------------------------------------------
                                 18.01   slack (MET)


Startpoint: _297_ (rising edge-triggered flip-flop clocked by clk)
Endpoint: _281_ (rising edge-triggered flip-flop clocked by clk)
Path Group: clk
Path Type: max

Fanout     Cap    Slew   Delay    Time   Description
-----------------------------------------------------------------------------
                          0.00    0.00   clock clk (rise edge)
                          0.00    0.00   clock source latency
                  0.04    0.03    0.03 ^ clk (in)
     1    0.01                           clk (net)
                  0.04    0.00    0.03 ^ clkbuf_0_clk/A (sky130_fd_sc_hd__clkbuf_16)
                  0.05    0.14    0.17 ^ clkbuf_0_clk/X (sky130_fd_sc_hd__clkbuf_16)
     4    0.03                           clknet_0_clk (net)
                  0.05    0.00    0.17 ^ clkbuf_2_1__f_clk/A (sky130_fd_sc_hd__clkbuf_16)
                  0.04    0.14    0.31 ^ clkbuf_2_1__f_clk/X (sky130_fd_sc_hd__clkbuf_16)
    11    0.02                           clknet_2_1__leaf_clk (net)
                  0.04    0.00    0.31 ^ _297_/CLK (sky130_fd_sc_hd__dfrtp_4)
                  0.08    0.52    0.82 v _297_/Q (sky130_fd_sc_hd__dfrtp_4)
     8    0.02                           state[1] (net)
                  0.08    0.00    0.82 v _181_/A (sky130_fd_sc_hd__or4b_2)
                  0.13    0.76    1.58 v _181_/X (sky130_fd_sc_hd__or4b_2)
     3    0.01                           _063_ (net)
                  0.13    0.00    1.58 v _190_/B (sky130_fd_sc_hd__nor2_2)
                  0.18    0.20    1.79 ^ _190_/Y (sky130_fd_sc_hd__nor2_2)
     6    0.01                           _070_ (net)
                  0.18    0.00    1.79 ^ _210_/A1 (sky130_fd_sc_hd__a32o_1)
                  0.05    0.18    1.97 ^ _210_/X (sky130_fd_sc_hd__a32o_1)
     1    0.00                           _020_ (net)
                  0.05    0.00    1.97 ^ _281_/D (sky130_fd_sc_hd__dfrtp_1)
                                  1.97   data arrival time

                         20.00   20.00   clock clk (rise edge)
                          0.00   20.00   clock source latency
                  0.04    0.03   20.03 ^ clk (in)
     1    0.01                           clk (net)
                  0.04    0.00   20.03 ^ clkbuf_0_clk/A (sky130_fd_sc_hd__clkbuf_16)
                  0.05    0.13   20.15 ^ clkbuf_0_clk/X (sky130_fd_sc_hd__clkbuf_16)
     4    0.03                           clknet_0_clk (net)
                  0.05    0.00   20.15 ^ clkbuf_2_3__f_clk/A (sky130_fd_sc_hd__clkbuf_16)
                  0.04    0.12   20.27 ^ clkbuf_2_3__f_clk/X (sky130_fd_sc_hd__clkbuf_16)
     9    0.02                           clknet_2_3__leaf_clk (net)
                  0.04    0.00   20.27 ^ _281_/CLK (sky130_fd_sc_hd__dfrtp_1)
                         -0.25   20.02   clock uncertainty
                          0.02   20.04   clock reconvergence pessimism
                         -0.06   19.98   library setup time
                                 19.98   data required time
-----------------------------------------------------------------------------
                                 19.98   data required time
                                 -1.97   data arrival time
-----------------------------------------------------------------------------
                                 18.01   slack (MET)


Startpoint: _297_ (rising edge-triggered flip-flop clocked by clk)
Endpoint: _279_ (rising edge-triggered flip-flop clocked by clk)
Path Group: clk
Path Type: max

Fanout     Cap    Slew   Delay    Time   Description
-----------------------------------------------------------------------------
                          0.00    0.00   clock clk (rise edge)
                          0.00    0.00   clock source latency
                  0.04    0.03    0.03 ^ clk (in)
     1    0.01                           clk (net)
                  0.04    0.00    0.03 ^ clkbuf_0_clk/A (sky130_fd_sc_hd__clkbuf_16)
                  0.05    0.14    0.17 ^ clkbuf_0_clk/X (sky130_fd_sc_hd__clkbuf_16)
     4    0.03                           clknet_0_clk (net)
                  0.05    0.00    0.17 ^ clkbuf_2_1__f_clk/A (sky130_fd_sc_hd__clkbuf_16)
                  0.04    0.14    0.31 ^ clkbuf_2_1__f_clk/X (sky130_fd_sc_hd__clkbuf_16)
    11    0.02                           clknet_2_1__leaf_clk (net)
                  0.04    0.00    0.31 ^ _297_/CLK (sky130_fd_sc_hd__dfrtp_4)
                  0.08    0.52    0.82 v _297_/Q (sky130_fd_sc_hd__dfrtp_4)
     8    0.02                           state[1] (net)
                  0.08    0.00    0.82 v _181_/A (sky130_fd_sc_hd__or4b_2)
                  0.13    0.76    1.58 v _181_/X (sky130_fd_sc_hd__or4b_2)
     3    0.01                           _063_ (net)
                  0.13    0.00    1.58 v _192_/B (sky130_fd_sc_hd__nor2_2)
                  0.19    0.21    1.79 ^ _192_/Y (sky130_fd_sc_hd__nor2_2)
     6    0.02                           _072_ (net)
                  0.19    0.00    1.79 ^ _204_/A2 (sky130_fd_sc_hd__a22o_1)
                  0.04    0.17    1.96 ^ _204_/X (sky130_fd_sc_hd__a22o_1)
     1    0.00                           _018_ (net)
                  0.04    0.00    1.96 ^ _279_/D (sky130_fd_sc_hd__dfrtp_1)
                                  1.96   data arrival time

                         20.00   20.00   clock clk (rise edge)
                          0.00   20.00   clock source latency
                  0.04    0.03   20.03 ^ clk (in)
     1    0.01                           clk (net)
                  0.04    0.00   20.03 ^ clkbuf_0_clk/A (sky130_fd_sc_hd__clkbuf_16)
                  0.05    0.13   20.15 ^ clkbuf_0_clk/X (sky130_fd_sc_hd__clkbuf_16)
     4    0.03                           clknet_0_clk (net)
                  0.05    0.00   20.15 ^ clkbuf_2_3__f_clk/A (sky130_fd_sc_hd__clkbuf_16)
                  0.04    0.12   20.27 ^ clkbuf_2_3__f_clk/X (sky130_fd_sc_hd__clkbuf_16)
     9    0.02                           clknet_2_3__leaf_clk (net)
                  0.04    0.00   20.27 ^ _279_/CLK (sky130_fd_sc_hd__dfrtp_1)
                         -0.25   20.02   clock uncertainty
                          0.02   20.04   clock reconvergence pessimism
                         -0.06   19.98   library setup time
                                 19.98   data required time
-----------------------------------------------------------------------------
                                 19.98   data required time
                                 -1.96   data arrival time
-----------------------------------------------------------------------------
                                 18.02   slack (MET)


Startpoint: _263_ (rising edge-triggered flip-flop clocked by clk)
Endpoint: _263_ (rising edge-triggered flip-flop clocked by clk)
Path Group: clk
Path Type: max

Fanout     Cap    Slew   Delay    Time   Description
-----------------------------------------------------------------------------
                          0.00    0.00   clock clk (rise edge)
                          0.00    0.00   clock source latency
                  0.04    0.03    0.03 ^ clk (in)
     1    0.01                           clk (net)
                  0.04    0.00    0.03 ^ clkbuf_0_clk/A (sky130_fd_sc_hd__clkbuf_16)
                  0.05    0.14    0.17 ^ clkbuf_0_clk/X (sky130_fd_sc_hd__clkbuf_16)
     4    0.03                           clknet_0_clk (net)
                  0.05    0.00    0.17 ^ clkbuf_2_3__f_clk/A (sky130_fd_sc_hd__clkbuf_16)
                  0.04    0.13    0.30 ^ clkbuf_2_3__f_clk/X (sky130_fd_sc_hd__clkbuf_16)
     9    0.02                           clknet_2_3__leaf_clk (net)
                  0.04    0.00    0.30 ^ _263_/CLK (sky130_fd_sc_hd__dfrtp_1)
                  0.06    0.39    0.69 v _263_/Q (sky130_fd_sc_hd__dfrtp_1)
     4    0.01                           baud_counter[1] (net)
                  0.06    0.00    0.69 v _137_/A (sky130_fd_sc_hd__or4b_1)
                  0.07    0.52    1.21 v _137_/X (sky130_fd_sc_hd__or4b_1)
     1    0.00                           _126_ (net)
                  0.07    0.00    1.21 v _138_/D (sky130_fd_sc_hd__or4_1)
                  0.11    0.45    1.66 v _138_/X (sky130_fd_sc_hd__or4_1)
     3    0.01                           _127_ (net)
                  0.11    0.00    1.66 v _148_/A2 (sky130_fd_sc_hd__o211a_1)
                  0.04    0.23    1.89 v _148_/X (sky130_fd_sc_hd__o211a_1)
     1    0.00                           _002_ (net)
                  0.04    0.00    1.89 v _263_/D (sky130_fd_sc_hd__dfrtp_1)
                                  1.89   data arrival time

                         20.00   20.00   clock clk (rise edge)
                          0.00   20.00   clock source latency
                  0.04    0.03   20.03 ^ clk (in)
     1    0.01                           clk (net)
                  0.04    0.00   20.03 ^ clkbuf_0_clk/A (sky130_fd_sc_hd__clkbuf_16)
                  0.05    0.13   20.15 ^ clkbuf_0_clk/X (sky130_fd_sc_hd__clkbuf_16)
     4    0.03                           clknet_0_clk (net)
                  0.05    0.00   20.15 ^ clkbuf_2_3__f_clk/A (sky130_fd_sc_hd__clkbuf_16)
                  0.04    0.12   20.27 ^ clkbuf_2_3__f_clk/X (sky130_fd_sc_hd__clkbuf_16)
     9    0.02                           clknet_2_3__leaf_clk (net)
                  0.04    0.00   20.27 ^ _263_/CLK (sky130_fd_sc_hd__dfrtp_1)
                         -0.25   20.02   clock uncertainty
                          0.03   20.05   clock reconvergence pessimism
                         -0.11   19.94   library setup time
                                 19.94   data required time
-----------------------------------------------------------------------------
                                 19.94   data required time
                                 -1.89   data arrival time
-----------------------------------------------------------------------------
                                 18.05   slack (MET)


Startpoint: _264_ (rising edge-triggered flip-flop clocked by clk)
Endpoint: _271_ (rising edge-triggered flip-flop clocked by clk)
Path Group: clk
Path Type: max

Fanout     Cap    Slew   Delay    Time   Description
-----------------------------------------------------------------------------
                          0.00    0.00   clock clk (rise edge)
                          0.00    0.00   clock source latency
                  0.04    0.03    0.03 ^ clk (in)
     1    0.01                           clk (net)
                  0.04    0.00    0.03 ^ clkbuf_0_clk/A (sky130_fd_sc_hd__clkbuf_16)
                  0.05    0.14    0.17 ^ clkbuf_0_clk/X (sky130_fd_sc_hd__clkbuf_16)
     4    0.03                           clknet_0_clk (net)
                  0.05    0.00    0.17 ^ clkbuf_2_3__f_clk/A (sky130_fd_sc_hd__clkbuf_16)
                  0.04    0.13    0.30 ^ clkbuf_2_3__f_clk/X (sky130_fd_sc_hd__clkbuf_16)
     9    0.02                           clknet_2_3__leaf_clk (net)
                  0.04    0.00    0.30 ^ _264_/CLK (sky130_fd_sc_hd__dfrtp_1)
                  0.12    0.39    0.69 ^ _264_/Q (sky130_fd_sc_hd__dfrtp_1)
     5    0.01                           baud_counter[2] (net)
                  0.12    0.00    0.69 ^ _153_/D (sky130_fd_sc_hd__and4_1)
                  0.13    0.28    0.97 ^ _153_/X (sky130_fd_sc_hd__and4_1)
     6    0.01                           _043_ (net)
                  0.13    0.00    0.97 ^ _168_/C_N (sky130_fd_sc_hd__or4bb_1)
                  0.09    0.52    1.49 v _168_/X (sky130_fd_sc_hd__or4bb_1)
     2    0.00                           _054_ (net)
                  0.09    0.00    1.49 v _170_/B (sky130_fd_sc_hd__or2_1)
                  0.06    0.24    1.73 v _170_/X (sky130_fd_sc_hd__or2_1)
     1    0.00                           _055_ (net)
                  0.06    0.00    1.73 v _171_/B (sky130_fd_sc_hd__xnor2_1)
                  0.04    0.12    1.85 v _171_/Y (sky130_fd_sc_hd__xnor2_1)
     1    0.00                           _010_ (net)
                  0.04    0.00    1.85 v _271_/D (sky130_fd_sc_hd__dfrtp_1)
                                  1.85   data arrival time

                         20.00   20.00   clock clk (rise edge)
                          0.00   20.00   clock source latency
                  0.04    0.03   20.03 ^ clk (in)
     1    0.01                           clk (net)
                  0.04    0.00   20.03 ^ clkbuf_0_clk/A (sky130_fd_sc_hd__clkbuf_16)
                  0.05    0.13   20.15 ^ clkbuf_0_clk/X (sky130_fd_sc_hd__clkbuf_16)
     4    0.03                           clknet_0_clk (net)
                  0.05    0.00   20.15 ^ clkbuf_2_3__f_clk/A (sky130_fd_sc_hd__clkbuf_16)
                  0.04    0.12   20.27 ^ clkbuf_2_3__f_clk/X (sky130_fd_sc_hd__clkbuf_16)
     9    0.02                           clknet_2_3__leaf_clk (net)
                  0.04    0.00   20.27 ^ _271_/CLK (sky130_fd_sc_hd__dfrtp_1)
                         -0.25   20.02   clock uncertainty
                          0.03   20.05   clock reconvergence pessimism
                         -0.11   19.94   library setup time
                                 19.94   data required time
-----------------------------------------------------------------------------
                                 19.94   data required time
                                 -1.85   data arrival time
-----------------------------------------------------------------------------
                                 18.09   slack (MET)


Startpoint: _297_ (rising edge-triggered flip-flop clocked by clk)
Endpoint: _274_ (rising edge-triggered flip-flop clocked by clk)
Path Group: clk
Path Type: max

Fanout     Cap    Slew   Delay    Time   Description
-----------------------------------------------------------------------------
                          0.00    0.00   clock clk (rise edge)
                          0.00    0.00   clock source latency
                  0.04    0.03    0.03 ^ clk (in)
     1    0.01                           clk (net)
                  0.04    0.00    0.03 ^ clkbuf_0_clk/A (sky130_fd_sc_hd__clkbuf_16)
                  0.05    0.14    0.17 ^ clkbuf_0_clk/X (sky130_fd_sc_hd__clkbuf_16)
     4    0.03                           clknet_0_clk (net)
                  0.05    0.00    0.17 ^ clkbuf_2_1__f_clk/A (sky130_fd_sc_hd__clkbuf_16)
                  0.04    0.14    0.31 ^ clkbuf_2_1__f_clk/X (sky130_fd_sc_hd__clkbuf_16)
    11    0.02                           clknet_2_1__leaf_clk (net)
                  0.04    0.00    0.31 ^ _297_/CLK (sky130_fd_sc_hd__dfrtp_4)
                  0.08    0.52    0.82 v _297_/Q (sky130_fd_sc_hd__dfrtp_4)
     8    0.02                           state[1] (net)
                  0.08    0.00    0.82 v _181_/A (sky130_fd_sc_hd__or4b_2)
                  0.13    0.76    1.58 v _181_/X (sky130_fd_sc_hd__or4b_2)
     3    0.01                           _063_ (net)
                  0.13    0.00    1.58 v _182_/B1 (sky130_fd_sc_hd__a21oi_1)
                  0.10    0.15    1.73 ^ _182_/Y (sky130_fd_sc_hd__a21oi_1)
     1    0.00                           _064_ (net)
                  0.10    0.00    1.73 ^ _183_/B1 (sky130_fd_sc_hd__o21a_1)
                  0.04    0.13    1.85 ^ _183_/X (sky130_fd_sc_hd__o21a_1)
     1    0.00                           _013_ (net)
                  0.04    0.00    1.85 ^ _274_/D (sky130_fd_sc_hd__dfrtp_4)
                                  1.85   data arrival time

                         20.00   20.00   clock clk (rise edge)
                          0.00   20.00   clock source latency
                  0.04    0.03   20.03 ^ clk (in)
     1    0.01                           clk (net)
                  0.04    0.00   20.03 ^ clkbuf_0_clk/A (sky130_fd_sc_hd__clkbuf_16)
                  0.05    0.13   20.15 ^ clkbuf_0_clk/X (sky130_fd_sc_hd__clkbuf_16)
     4    0.03                           clknet_0_clk (net)
                  0.05    0.00   20.15 ^ clkbuf_2_2__f_clk/A (sky130_fd_sc_hd__clkbuf_16)
                  0.04    0.12   20.27 ^ clkbuf_2_2__f_clk/X (sky130_fd_sc_hd__clkbuf_16)
     8    0.01                           clknet_2_2__leaf_clk (net)
                  0.04    0.00   20.27 ^ _274_/CLK (sky130_fd_sc_hd__dfrtp_4)
                         -0.25   20.02   clock uncertainty
                          0.02   20.04   clock reconvergence pessimism
                         -0.06   19.98   library setup time
                                 19.98   data required time
-----------------------------------------------------------------------------
                                 19.98   data required time
                                 -1.85   data arrival time
-----------------------------------------------------------------------------
                                 18.12   slack (MET)


Startpoint: _263_ (rising edge-triggered flip-flop clocked by clk)
Endpoint: _298_ (rising edge-triggered flip-flop clocked by clk)
Path Group: clk
Path Type: max

Fanout     Cap    Slew   Delay    Time   Description
-----------------------------------------------------------------------------
                          0.00    0.00   clock clk (rise edge)
                          0.00    0.00   clock source latency
                  0.04    0.03    0.03 ^ clk (in)
     1    0.01                           clk (net)
                  0.04    0.00    0.03 ^ clkbuf_0_clk/A (sky130_fd_sc_hd__clkbuf_16)
                  0.05    0.14    0.17 ^ clkbuf_0_clk/X (sky130_fd_sc_hd__clkbuf_16)
     4    0.03                           clknet_0_clk (net)
                  0.05    0.00    0.17 ^ clkbuf_2_3__f_clk/A (sky130_fd_sc_hd__clkbuf_16)
                  0.04    0.13    0.30 ^ clkbuf_2_3__f_clk/X (sky130_fd_sc_hd__clkbuf_16)
     9    0.02                           clknet_2_3__leaf_clk (net)
                  0.04    0.00    0.30 ^ _263_/CLK (sky130_fd_sc_hd__dfrtp_1)
                  0.06    0.39    0.69 v _263_/Q (sky130_fd_sc_hd__dfrtp_1)
     4    0.01                           baud_counter[1] (net)
                  0.06    0.00    0.69 v _137_/A (sky130_fd_sc_hd__or4b_1)
                  0.07    0.52    1.21 v _137_/X (sky130_fd_sc_hd__or4b_1)
     1    0.00                           _126_ (net)
                  0.07    0.00    1.21 v _138_/D (sky130_fd_sc_hd__or4_1)
                  0.11    0.45    1.66 v _138_/X (sky130_fd_sc_hd__or4_1)
     3    0.01                           _127_ (net)
                  0.11    0.00    1.66 v _139_/B (sky130_fd_sc_hd__nor2_1)
                  0.07    0.10    1.76 ^ _139_/Y (sky130_fd_sc_hd__nor2_1)
     1    0.00                           _000_ (net)
                  0.07    0.00    1.76 ^ _298_/D (sky130_fd_sc_hd__dfrtp_1)
                                  1.76   data arrival time

                         20.00   20.00   clock clk (rise edge)
                          0.00   20.00   clock source latency
                  0.04    0.03   20.03 ^ clk (in)
     1    0.01                           clk (net)
                  0.04    0.00   20.03 ^ clkbuf_0_clk/A (sky130_fd_sc_hd__clkbuf_16)
                  0.05    0.13   20.15 ^ clkbuf_0_clk/X (sky130_fd_sc_hd__clkbuf_16)
     4    0.03                           clknet_0_clk (net)
                  0.05    0.00   20.15 ^ clkbuf_2_1__f_clk/A (sky130_fd_sc_hd__clkbuf_16)
                  0.04    0.12   20.28 ^ clkbuf_2_1__f_clk/X (sky130_fd_sc_hd__clkbuf_16)
    11    0.02                           clknet_2_1__leaf_clk (net)
                  0.04    0.00   20.28 ^ _298_/CLK (sky130_fd_sc_hd__dfrtp_1)
                         -0.25   20.03   clock uncertainty
                          0.02   20.04   clock reconvergence pessimism
                         -0.07   19.98   library setup time
                                 19.98   data required time
-----------------------------------------------------------------------------
                                 19.98   data required time
                                 -1.76   data arrival time
-----------------------------------------------------------------------------
                                 18.22   slack (MET)


Startpoint: _264_ (rising edge-triggered flip-flop clocked by clk)
Endpoint: _268_ (rising edge-triggered flip-flop clocked by clk)
Path Group: clk
Path Type: max

Fanout     Cap    Slew   Delay    Time   Description
-----------------------------------------------------------------------------
                          0.00    0.00   clock clk (rise edge)
                          0.00    0.00   clock source latency
                  0.04    0.03    0.03 ^ clk (in)
     1    0.01                           clk (net)
                  0.04    0.00    0.03 ^ clkbuf_0_clk/A (sky130_fd_sc_hd__clkbuf_16)
                  0.05    0.14    0.17 ^ clkbuf_0_clk/X (sky130_fd_sc_hd__clkbuf_16)
     4    0.03                           clknet_0_clk (net)
                  0.05    0.00    0.17 ^ clkbuf_2_3__f_clk/A (sky130_fd_sc_hd__clkbuf_16)
                  0.04    0.13    0.30 ^ clkbuf_2_3__f_clk/X (sky130_fd_sc_hd__clkbuf_16)
     9    0.02                           clknet_2_3__leaf_clk (net)
                  0.04    0.00    0.30 ^ _264_/CLK (sky130_fd_sc_hd__dfrtp_1)
                  0.12    0.39    0.69 ^ _264_/Q (sky130_fd_sc_hd__dfrtp_1)
     5    0.01                           baud_counter[2] (net)
                  0.12    0.00    0.69 ^ _153_/D (sky130_fd_sc_hd__and4_1)
                  0.13    0.28    0.97 ^ _153_/X (sky130_fd_sc_hd__and4_1)
     6    0.01                           _043_ (net)
                  0.13    0.00    0.97 ^ _159_/B_N (sky130_fd_sc_hd__or2b_1)
                  0.05    0.26    1.22 v _159_/X (sky130_fd_sc_hd__or2b_1)
     2    0.00                           _048_ (net)
                  0.05    0.00    1.22 v _161_/B (sky130_fd_sc_hd__or2_1)
                  0.06    0.23    1.45 v _161_/X (sky130_fd_sc_hd__or2_1)
     1    0.00                           _049_ (net)
                  0.06    0.00    1.45 v _162_/B (sky130_fd_sc_hd__xnor2_1)
                  0.04    0.12    1.57 v _162_/Y (sky130_fd_sc_hd__xnor2_1)
     1    0.00                           _007_ (net)
                  0.04    0.00    1.57 v _268_/D (sky130_fd_sc_hd__dfrtp_1)
                                  1.57   data arrival time

                         20.00   20.00   clock clk (rise edge)
                          0.00   20.00   clock source latency
                  0.04    0.03   20.03 ^ clk (in)
     1    0.01                           clk (net)
                  0.04    0.00   20.03 ^ clkbuf_0_clk/A (sky130_fd_sc_hd__clkbuf_16)
                  0.05    0.13   20.15 ^ clkbuf_0_clk/X (sky130_fd_sc_hd__clkbuf_16)
     4    0.03                           clknet_0_clk (net)
                  0.05    0.00   20.15 ^ clkbuf_2_1__f_clk/A (sky130_fd_sc_hd__clkbuf_16)
                  0.04    0.12   20.28 ^ clkbuf_2_1__f_clk/X (sky130_fd_sc_hd__clkbuf_16)
    11    0.02                           clknet_2_1__leaf_clk (net)
                  0.04    0.00   20.28 ^ _268_/CLK (sky130_fd_sc_hd__dfrtp_1)
                         -0.25   20.03   clock uncertainty
                          0.02   20.04   clock reconvergence pessimism
                         -0.11   19.93   library setup time
                                 19.93   data required time
-----------------------------------------------------------------------------
                                 19.93   data required time
                                 -1.57   data arrival time
-----------------------------------------------------------------------------
                                 18.36   slack (MET)


Startpoint: _278_ (rising edge-triggered flip-flop clocked by clk)
Endpoint: _275_ (rising edge-triggered flip-flop clocked by clk)
Path Group: clk
Path Type: max

Fanout     Cap    Slew   Delay    Time   Description
-----------------------------------------------------------------------------
                          0.00    0.00   clock clk (rise edge)
                          0.00    0.00   clock source latency
                  0.04    0.03    0.03 ^ clk (in)
     1    0.01                           clk (net)
                  0.04    0.00    0.03 ^ clkbuf_0_clk/A (sky130_fd_sc_hd__clkbuf_16)
                  0.05    0.14    0.17 ^ clkbuf_0_clk/X (sky130_fd_sc_hd__clkbuf_16)
     4    0.03                           clknet_0_clk (net)
                  0.05    0.00    0.17 ^ clkbuf_2_3__f_clk/A (sky130_fd_sc_hd__clkbuf_16)
                  0.04    0.13    0.30 ^ clkbuf_2_3__f_clk/X (sky130_fd_sc_hd__clkbuf_16)
     9    0.02                           clknet_2_3__leaf_clk (net)
                  0.04    0.00    0.30 ^ _278_/CLK (sky130_fd_sc_hd__dfrtp_1)
                  0.07    0.40    0.70 v _278_/Q (sky130_fd_sc_hd__dfrtp_1)
     5    0.01                           idle_counter[4] (net)
                  0.07    0.00    0.70 v _172_/D (sky130_fd_sc_hd__and4_1)
                  0.07    0.24    0.95 v _172_/X (sky130_fd_sc_hd__and4_1)
     3    0.01                           _056_ (net)
                  0.07    0.00    0.95 v _180_/A1 (sky130_fd_sc_hd__a21oi_2)
                  0.20    0.22    1.17 ^ _180_/Y (sky130_fd_sc_hd__a21oi_2)
     5    0.01                           _062_ (net)
                  0.20    0.00    1.17 ^ _185_/C (sky130_fd_sc_hd__nand3_1)
                  0.05    0.09    1.26 v _185_/Y (sky130_fd_sc_hd__nand3_1)
     1    0.00                           _066_ (net)
                  0.05    0.00    1.26 v _187_/B (sky130_fd_sc_hd__and3_1)
                  0.03    0.16    1.43 v _187_/X (sky130_fd_sc_hd__and3_1)
     1    0.00                           _068_ (net)
                  0.03    0.00    1.43 v _188_/A (sky130_fd_sc_hd__clkbuf_1)
                  0.02    0.08    1.51 v _188_/X (sky130_fd_sc_hd__clkbuf_1)
     1    0.00                           _014_ (net)
                  0.02    0.00    1.51 v _275_/D (sky130_fd_sc_hd__dfrtp_2)
                                  1.51   data arrival time

                         20.00   20.00   clock clk (rise edge)
                          0.00   20.00   clock source latency
                  0.04    0.03   20.03 ^ clk (in)
     1    0.01                           clk (net)
                  0.04    0.00   20.03 ^ clkbuf_0_clk/A (sky130_fd_sc_hd__clkbuf_16)
                  0.05    0.13   20.15 ^ clkbuf_0_clk/X (sky130_fd_sc_hd__clkbuf_16)
     4    0.03                           clknet_0_clk (net)
                  0.05    0.00   20.15 ^ clkbuf_2_2__f_clk/A (sky130_fd_sc_hd__clkbuf_16)
                  0.04    0.12   20.27 ^ clkbuf_2_2__f_clk/X (sky130_fd_sc_hd__clkbuf_16)
     8    0.01                           clknet_2_2__leaf_clk (net)
                  0.04    0.00   20.27 ^ _275_/CLK (sky130_fd_sc_hd__dfrtp_2)
                         -0.25   20.02   clock uncertainty
                          0.02   20.04   clock reconvergence pessimism
                         -0.11   19.93   library setup time
                                 19.93   data required time
-----------------------------------------------------------------------------
                                 19.93   data required time
                                 -1.51   data arrival time
-----------------------------------------------------------------------------
                                 18.42   slack (MET)


Startpoint: _264_ (rising edge-triggered flip-flop clocked by clk)
Endpoint: _264_ (rising edge-triggered flip-flop clocked by clk)
Path Group: clk
Path Type: max

Fanout     Cap    Slew   Delay    Time   Description
-----------------------------------------------------------------------------
                          0.00    0.00   clock clk (rise edge)
                          0.00    0.00   clock source latency
                  0.04    0.03    0.03 ^ clk (in)
     1    0.01                           clk (net)
                  0.04    0.00    0.03 ^ clkbuf_0_clk/A (sky130_fd_sc_hd__clkbuf_16)
                  0.05    0.14    0.17 ^ clkbuf_0_clk/X (sky130_fd_sc_hd__clkbuf_16)
     4    0.03                           clknet_0_clk (net)
                  0.05    0.00    0.17 ^ clkbuf_2_3__f_clk/A (sky130_fd_sc_hd__clkbuf_16)
                  0.04    0.13    0.30 ^ clkbuf_2_3__f_clk/X (sky130_fd_sc_hd__clkbuf_16)
     9    0.02                           clknet_2_3__leaf_clk (net)
                  0.04    0.00    0.30 ^ _264_/CLK (sky130_fd_sc_hd__dfrtp_1)
                  0.08    0.41    0.72 v _264_/Q (sky130_fd_sc_hd__dfrtp_1)
     5    0.01                           baud_counter[2] (net)
                  0.08    0.00    0.72 v hold12/A (sky130_fd_sc_hd__dlygate4sd3_1)
                  0.06    0.60    1.32 v hold12/X (sky130_fd_sc_hd__dlygate4sd3_1)
     1    0.00                           net30 (net)
                  0.06    0.00    1.32 v _149_/A (sky130_fd_sc_hd__xnor2_1)
                  0.04    0.13    1.45 v _149_/Y (sky130_fd_sc_hd__xnor2_1)
     1    0.00                           _003_ (net)
                  0.04    0.00    1.45 v _264_/D (sky130_fd_sc_hd__dfrtp_1)
                                  1.45   data arrival time

                         20.00   20.00   clock clk (rise edge)
                          0.00   20.00   clock source latency
                  0.04    0.03   20.03 ^ clk (in)
     1    0.01                           clk (net)
                  0.04    0.00   20.03 ^ clkbuf_0_clk/A (sky130_fd_sc_hd__clkbuf_16)
                  0.05    0.13   20.15 ^ clkbuf_0_clk/X (sky130_fd_sc_hd__clkbuf_16)
     4    0.03                           clknet_0_clk (net)
                  0.05    0.00   20.15 ^ clkbuf_2_3__f_clk/A (sky130_fd_sc_hd__clkbuf_16)
                  0.04    0.12   20.27 ^ clkbuf_2_3__f_clk/X (sky130_fd_sc_hd__clkbuf_16)
     9    0.02                           clknet_2_3__leaf_clk (net)
                  0.04    0.00   20.27 ^ _264_/CLK (sky130_fd_sc_hd__dfrtp_1)
                         -0.25   20.02   clock uncertainty
                          0.03   20.05   clock reconvergence pessimism
                         -0.11   19.94   library setup time
                                 19.94   data required time
-----------------------------------------------------------------------------
                                 19.94   data required time
                                 -1.45   data arrival time
-----------------------------------------------------------------------------
                                 18.49   slack (MET)


Startpoint: _282_ (rising edge-triggered flip-flop clocked by clk)
Endpoint: _282_ (rising edge-triggered flip-flop clocked by clk)
Path Group: clk
Path Type: max

Fanout     Cap    Slew   Delay    Time   Description
-----------------------------------------------------------------------------
                          0.00    0.00   clock clk (rise edge)
                          0.00    0.00   clock source latency
                  0.04    0.03    0.03 ^ clk (in)
     1    0.01                           clk (net)
                  0.04    0.00    0.03 ^ clkbuf_0_clk/A (sky130_fd_sc_hd__clkbuf_16)
                  0.05    0.14    0.17 ^ clkbuf_0_clk/X (sky130_fd_sc_hd__clkbuf_16)
     4    0.03                           clknet_0_clk (net)
                  0.05    0.00    0.17 ^ clkbuf_2_2__f_clk/A (sky130_fd_sc_hd__clkbuf_16)
                  0.04    0.13    0.30 ^ clkbuf_2_2__f_clk/X (sky130_fd_sc_hd__clkbuf_16)
     8    0.01                           clknet_2_2__leaf_clk (net)
                  0.04    0.00    0.30 ^ _282_/CLK (sky130_fd_sc_hd__dfrtp_1)
                  0.05    0.37    0.68 v _282_/Q (sky130_fd_sc_hd__dfrtp_1)
     2    0.00                           idle_counter[8] (net)
                  0.05    0.00    0.68 v hold3/A (sky130_fd_sc_hd__dlygate4sd3_1)
                  0.05    0.57    1.25 v hold3/X (sky130_fd_sc_hd__dlygate4sd3_1)
     1    0.00                           net21 (net)
                  0.05    0.00    1.25 v _212_/A1 (sky130_fd_sc_hd__o21a_1)
                  0.03    0.18    1.43 v _212_/X (sky130_fd_sc_hd__o21a_1)
     1    0.00                           _021_ (net)
                  0.03    0.00    1.43 v _282_/D (sky130_fd_sc_hd__dfrtp_1)
                                  1.43   data arrival time

                         20.00   20.00   clock clk (rise edge)
                          0.00   20.00   clock source latency
                  0.04    0.03   20.03 ^ clk (in)
     1    0.01                           clk (net)
                  0.04    0.00   20.03 ^ clkbuf_0_clk/A (sky130_fd_sc_hd__clkbuf_16)
                  0.05    0.13   20.15 ^ clkbuf_0_clk/X (sky130_fd_sc_hd__clkbuf_16)
     4    0.03                           clknet_0_clk (net)
                  0.05    0.00   20.15 ^ clkbuf_2_2__f_clk/A (sky130_fd_sc_hd__clkbuf_16)
                  0.04    0.12   20.27 ^ clkbuf_2_2__f_clk/X (sky130_fd_sc_hd__clkbuf_16)
     8    0.01                           clknet_2_2__leaf_clk (net)
                  0.04    0.00   20.27 ^ _282_/CLK (sky130_fd_sc_hd__dfrtp_1)
                         -0.25   20.02   clock uncertainty
                          0.03   20.05   clock reconvergence pessimism
                         -0.11   19.94   library setup time
                                 19.94   data required time
-----------------------------------------------------------------------------
                                 19.94   data required time
                                 -1.43   data arrival time
-----------------------------------------------------------------------------
                                 18.51   slack (MET)


Startpoint: _273_ (rising edge-triggered flip-flop clocked by clk)
Endpoint: _297_ (rising edge-triggered flip-flop clocked by clk)
Path Group: clk
Path Type: max

Fanout     Cap    Slew   Delay    Time   Description
-----------------------------------------------------------------------------
                          0.00    0.00   clock clk (rise edge)
                          0.00    0.00   clock source latency
                  0.04    0.03    0.03 ^ clk (in)
     1    0.01                           clk (net)
                  0.04    0.00    0.03 ^ clkbuf_0_clk/A (sky130_fd_sc_hd__clkbuf_16)
                  0.05    0.14    0.17 ^ clkbuf_0_clk/X (sky130_fd_sc_hd__clkbuf_16)
     4    0.03                           clknet_0_clk (net)
                  0.05    0.00    0.17 ^ clkbuf_2_2__f_clk/A (sky130_fd_sc_hd__clkbuf_16)
                  0.04    0.13    0.30 ^ clkbuf_2_2__f_clk/X (sky130_fd_sc_hd__clkbuf_16)
     8    0.01                           clknet_2_2__leaf_clk (net)
                  0.04    0.00    0.30 ^ _273_/CLK (sky130_fd_sc_hd__dfrtp_2)
                  0.06    0.43    0.73 v _273_/Q (sky130_fd_sc_hd__dfrtp_2)
     5    0.01                           net12 (net)
                  0.06    0.00    0.73 v _130_/A (sky130_fd_sc_hd__clkbuf_4)
                  0.06    0.18    0.91 v _130_/X (sky130_fd_sc_hd__clkbuf_4)
    10    0.02                           _120_ (net)
                  0.06    0.00    0.91 v _258_/A (sky130_fd_sc_hd__or2b_1)
                  0.06    0.24    1.16 v _258_/X (sky130_fd_sc_hd__or2b_1)
     2    0.00                           _118_ (net)
                  0.06    0.00    1.16 v _261_/B1 (sky130_fd_sc_hd__a32o_1)
                  0.04    0.20    1.36 v _261_/X (sky130_fd_sc_hd__a32o_1)
     1    0.00                           _036_ (net)
                  0.04    0.00    1.36 v _297_/D (sky130_fd_sc_hd__dfrtp_4)
                                  1.36   data arrival time

                         20.00   20.00   clock clk (rise edge)
                          0.00   20.00   clock source latency
                  0.04    0.03   20.03 ^ clk (in)
     1    0.01                           clk (net)
                  0.04    0.00   20.03 ^ clkbuf_0_clk/A (sky130_fd_sc_hd__clkbuf_16)
                  0.05    0.13   20.15 ^ clkbuf_0_clk/X (sky130_fd_sc_hd__clkbuf_16)
     4    0.03                           clknet_0_clk (net)
                  0.05    0.00   20.15 ^ clkbuf_2_1__f_clk/A (sky130_fd_sc_hd__clkbuf_16)
                  0.04    0.12   20.28 ^ clkbuf_2_1__f_clk/X (sky130_fd_sc_hd__clkbuf_16)
    11    0.02                           clknet_2_1__leaf_clk (net)
                  0.04    0.00   20.28 ^ _297_/CLK (sky130_fd_sc_hd__dfrtp_4)
                         -0.25   20.03   clock uncertainty
                          0.02   20.04   clock reconvergence pessimism
                         -0.11   19.93   library setup time
                                 19.93   data required time
-----------------------------------------------------------------------------
                                 19.93   data required time
                                 -1.36   data arrival time
-----------------------------------------------------------------------------
                                 18.57   slack (MET)


Startpoint: _297_ (rising edge-triggered flip-flop clocked by clk)
Endpoint: _283_ (rising edge-triggered flip-flop clocked by clk)
Path Group: clk
Path Type: max

Fanout     Cap    Slew   Delay    Time   Description
-----------------------------------------------------------------------------
                          0.00    0.00   clock clk (rise edge)
                          0.00    0.00   clock source latency
                  0.04    0.03    0.03 ^ clk (in)
     1    0.01                           clk (net)
                  0.04    0.00    0.03 ^ clkbuf_0_clk/A (sky130_fd_sc_hd__clkbuf_16)
                  0.05    0.14    0.17 ^ clkbuf_0_clk/X (sky130_fd_sc_hd__clkbuf_16)
     4    0.03                           clknet_0_clk (net)
                  0.05    0.00    0.17 ^ clkbuf_2_1__f_clk/A (sky130_fd_sc_hd__clkbuf_16)
                  0.04    0.14    0.31 ^ clkbuf_2_1__f_clk/X (sky130_fd_sc_hd__clkbuf_16)
    11    0.02                           clknet_2_1__leaf_clk (net)
                  0.04    0.00    0.31 ^ _297_/CLK (sky130_fd_sc_hd__dfrtp_4)
                  0.08    0.52    0.82 v _297_/Q (sky130_fd_sc_hd__dfrtp_4)
     8    0.02                           state[1] (net)
                  0.08    0.00    0.82 v _131_/A (sky130_fd_sc_hd__nor2_1)
                  0.14    0.16    0.99 ^ _131_/Y (sky130_fd_sc_hd__nor2_1)
     3    0.01                           _121_ (net)
                  0.14    0.00    0.99 ^ _184_/B (sky130_fd_sc_hd__and3b_1)
                  0.08    0.20    1.19 ^ _184_/X (sky130_fd_sc_hd__and3b_1)
     3    0.01                           _065_ (net)
                  0.08    0.00    1.19 ^ _213_/B (sky130_fd_sc_hd__and2_1)
                  0.04    0.12    1.31 ^ _213_/X (sky130_fd_sc_hd__and2_1)
     1    0.00                           _086_ (net)
                  0.04    0.00    1.31 ^ _214_/A (sky130_fd_sc_hd__clkbuf_1)
                  0.04    0.08    1.39 ^ _214_/X (sky130_fd_sc_hd__clkbuf_1)
     1    0.00                           _022_ (net)
                  0.04    0.00    1.39 ^ _283_/D (sky130_fd_sc_hd__dfrtp_1)
                                  1.39   data arrival time

                         20.00   20.00   clock clk (rise edge)
                          0.00   20.00   clock source latency
                  0.04    0.03   20.03 ^ clk (in)
     1    0.01                           clk (net)
                  0.04    0.00   20.03 ^ clkbuf_0_clk/A (sky130_fd_sc_hd__clkbuf_16)
                  0.05    0.13   20.15 ^ clkbuf_0_clk/X (sky130_fd_sc_hd__clkbuf_16)
     4    0.03                           clknet_0_clk (net)
                  0.05    0.00   20.15 ^ clkbuf_2_2__f_clk/A (sky130_fd_sc_hd__clkbuf_16)
                  0.04    0.12   20.27 ^ clkbuf_2_2__f_clk/X (sky130_fd_sc_hd__clkbuf_16)
     8    0.01                           clknet_2_2__leaf_clk (net)
                  0.04    0.00   20.27 ^ _283_/CLK (sky130_fd_sc_hd__dfrtp_1)
                         -0.25   20.02   clock uncertainty
                          0.02   20.04   clock reconvergence pessimism
                         -0.06   19.98   library setup time
                                 19.98   data required time
-----------------------------------------------------------------------------
                                 19.98   data required time
                                 -1.39   data arrival time
-----------------------------------------------------------------------------
                                 18.59   slack (MET)


Startpoint: _273_ (rising edge-triggered flip-flop clocked by clk)
Endpoint: _265_ (rising edge-triggered flip-flop clocked by clk)
Path Group: clk
Path Type: max

Fanout     Cap    Slew   Delay    Time   Description
-----------------------------------------------------------------------------
                          0.00    0.00   clock clk (rise edge)
                          0.00    0.00   clock source latency
                  0.04    0.03    0.03 ^ clk (in)
     1    0.01                           clk (net)
                  0.04    0.00    0.03 ^ clkbuf_0_clk/A (sky130_fd_sc_hd__clkbuf_16)
                  0.05    0.14    0.17 ^ clkbuf_0_clk/X (sky130_fd_sc_hd__clkbuf_16)
     4    0.03                           clknet_0_clk (net)
                  0.05    0.00    0.17 ^ clkbuf_2_2__f_clk/A (sky130_fd_sc_hd__clkbuf_16)
                  0.04    0.13    0.30 ^ clkbuf_2_2__f_clk/X (sky130_fd_sc_hd__clkbuf_16)
     8    0.01                           clknet_2_2__leaf_clk (net)
                  0.04    0.00    0.30 ^ _273_/CLK (sky130_fd_sc_hd__dfrtp_2)
                  0.06    0.43    0.73 v _273_/Q (sky130_fd_sc_hd__dfrtp_2)
     5    0.01                           net12 (net)
                  0.06    0.00    0.73 v _143_/A_N (sky130_fd_sc_hd__and2b_1)
                  0.07    0.22    0.95 ^ _143_/X (sky130_fd_sc_hd__and2b_1)
     3    0.01                           _037_ (net)
                  0.07    0.00    0.95 ^ _146_/B (sky130_fd_sc_hd__nand2_1)
                  0.07    0.09    1.05 v _146_/Y (sky130_fd_sc_hd__nand2_1)
     3    0.01                           _039_ (net)
                  0.07    0.00    1.05 v _150_/B (sky130_fd_sc_hd__nand2_1)
                  0.06    0.09    1.14 ^ _150_/Y (sky130_fd_sc_hd__nand2_1)
     1    0.00                           _041_ (net)
                  0.06    0.00    1.14 ^ _152_/A (sky130_fd_sc_hd__xnor2_1)
                  0.10    0.11    1.25 ^ _152_/Y (sky130_fd_sc_hd__xnor2_1)
     1    0.00                           _004_ (net)
                  0.10    0.00    1.25 ^ _265_/D (sky130_fd_sc_hd__dfrtp_1)
                                  1.25   data arrival time

                         20.00   20.00   clock clk (rise edge)
                          0.00   20.00   clock source latency
                  0.04    0.03   20.03 ^ clk (in)
     1    0.01                           clk (net)
                  0.04    0.00   20.03 ^ clkbuf_0_clk/A (sky130_fd_sc_hd__clkbuf_16)
                  0.05    0.13   20.15 ^ clkbuf_0_clk/X (sky130_fd_sc_hd__clkbuf_16)
     4    0.03                           clknet_0_clk (net)
                  0.05    0.00   20.15 ^ clkbuf_2_3__f_clk/A (sky130_fd_sc_hd__clkbuf_16)
                  0.04    0.12   20.27 ^ clkbuf_2_3__f_clk/X (sky130_fd_sc_hd__clkbuf_16)
     9    0.02                           clknet_2_3__leaf_clk (net)
                  0.04    0.00   20.27 ^ _265_/CLK (sky130_fd_sc_hd__dfrtp_1)
                         -0.25   20.02   clock uncertainty
                          0.02   20.04   clock reconvergence pessimism
                         -0.07   19.97   library setup time
                                 19.97   data required time
-----------------------------------------------------------------------------
                                 19.97   data required time
                                 -1.25   data arrival time
-----------------------------------------------------------------------------
                                 18.72   slack (MET)


Startpoint: _273_ (rising edge-triggered flip-flop clocked by clk)
Endpoint: _262_ (rising edge-triggered flip-flop clocked by clk)
Path Group: clk
Path Type: max

Fanout     Cap    Slew   Delay    Time   Description
-----------------------------------------------------------------------------
                          0.00    0.00   clock clk (rise edge)
                          0.00    0.00   clock source latency
                  0.04    0.03    0.03 ^ clk (in)
     1    0.01                           clk (net)
                  0.04    0.00    0.03 ^ clkbuf_0_clk/A (sky130_fd_sc_hd__clkbuf_16)
                  0.05    0.14    0.17 ^ clkbuf_0_clk/X (sky130_fd_sc_hd__clkbuf_16)
     4    0.03                           clknet_0_clk (net)
                  0.05    0.00    0.17 ^ clkbuf_2_2__f_clk/A (sky130_fd_sc_hd__clkbuf_16)
                  0.04    0.13    0.30 ^ clkbuf_2_2__f_clk/X (sky130_fd_sc_hd__clkbuf_16)
     8    0.01                           clknet_2_2__leaf_clk (net)
                  0.04    0.00    0.30 ^ _273_/CLK (sky130_fd_sc_hd__dfrtp_2)
                  0.06    0.43    0.73 v _273_/Q (sky130_fd_sc_hd__dfrtp_2)
     5    0.01                           net12 (net)
                  0.06    0.00    0.73 v _130_/A (sky130_fd_sc_hd__clkbuf_4)
                  0.06    0.18    0.91 v _130_/X (sky130_fd_sc_hd__clkbuf_4)
    10    0.02                           _120_ (net)
                  0.06    0.00    0.91 v _144_/B (sky130_fd_sc_hd__and2b_1)
                  0.03    0.16    1.07 v _144_/X (sky130_fd_sc_hd__and2b_1)
     1    0.00                           _038_ (net)
                  0.03    0.00    1.07 v _145_/B (sky130_fd_sc_hd__nor2_1)
                  0.07    0.07    1.15 ^ _145_/Y (sky130_fd_sc_hd__nor2_1)
     1    0.00                           _001_ (net)
                  0.07    0.00    1.15 ^ _262_/D (sky130_fd_sc_hd__dfrtp_1)
                                  1.15   data arrival time

                         20.00   20.00   clock clk (rise edge)
                          0.00   20.00   clock source latency
                  0.04    0.03   20.03 ^ clk (in)
     1    0.01                           clk (net)
                  0.04    0.00   20.03 ^ clkbuf_0_clk/A (sky130_fd_sc_hd__clkbuf_16)
                  0.05    0.13   20.15 ^ clkbuf_0_clk/X (sky130_fd_sc_hd__clkbuf_16)
     4    0.03                           clknet_0_clk (net)
                  0.05    0.00   20.15 ^ clkbuf_2_3__f_clk/A (sky130_fd_sc_hd__clkbuf_16)
                  0.04    0.12   20.27 ^ clkbuf_2_3__f_clk/X (sky130_fd_sc_hd__clkbuf_16)
     9    0.02                           clknet_2_3__leaf_clk (net)
                  0.04    0.00   20.27 ^ _262_/CLK (sky130_fd_sc_hd__dfrtp_1)
                         -0.25   20.02   clock uncertainty
                          0.02   20.04   clock reconvergence pessimism
                         -0.07   19.97   library setup time
                                 19.97   data required time
-----------------------------------------------------------------------------
                                 19.97   data required time
                                 -1.15   data arrival time
-----------------------------------------------------------------------------
                                 18.83   slack (MET)



