
===========================================================================
report_checks -path_delay min (Hold)
============================================================================
======================= Fastest Corner ===================================

Startpoint: _276_ (rising edge-triggered flip-flop clocked by clk)
Endpoint: _276_ (rising edge-triggered flip-flop clocked by clk)
Path Group: clk
Path Type: min
Corner: Fastest

Fanout     Cap    Slew   Delay    Time   Description
-----------------------------------------------------------------------------
                          0.00    0.00   clock clk (rise edge)
                          0.00    0.00   clock source latency
                  0.05    0.03    0.03 ^ clk (in)
     1    0.01                           clk (net)
                  0.05    0.00    0.03 ^ clkbuf_0_clk/A (sky130_fd_sc_hd__clkbuf_16)
                  0.05    0.10    0.13 ^ clkbuf_0_clk/X (sky130_fd_sc_hd__clkbuf_16)
     4    0.04                           clknet_0_clk (net)
                  0.05    0.00    0.13 ^ clkbuf_2_2__f_clk/A (sky130_fd_sc_hd__clkbuf_16)
                  0.04    0.09    0.22 ^ clkbuf_2_2__f_clk/X (sky130_fd_sc_hd__clkbuf_16)
     8    0.02                           clknet_2_2__leaf_clk (net)
                  0.04    0.00    0.22 ^ _276_/CLK (sky130_fd_sc_hd__dfrtp_2)
                  0.08    0.26    0.48 ^ _276_/Q (sky130_fd_sc_hd__dfrtp_2)
     6    0.02                           idle_counter[2] (net)
                  0.08    0.00    0.48 ^ _193_/B2 (sky130_fd_sc_hd__a32o_1)
                  0.03    0.07    0.55 ^ _193_/X (sky130_fd_sc_hd__a32o_1)
     1    0.00                           _015_ (net)
                  0.03    0.00    0.55 ^ _276_/D (sky130_fd_sc_hd__dfrtp_2)
                                  0.55   data arrival time

                          0.00    0.00   clock clk (rise edge)
                          0.00    0.00   clock source latency
                  0.05    0.03    0.03 ^ clk (in)
     1    0.01                           clk (net)
                  0.05    0.00    0.03 ^ clkbuf_0_clk/A (sky130_fd_sc_hd__clkbuf_16)
                  0.05    0.11    0.15 ^ clkbuf_0_clk/X (sky130_fd_sc_hd__clkbuf_16)
     4    0.04                           clknet_0_clk (net)
                  0.05    0.00    0.15 ^ clkbuf_2_2__f_clk/A (sky130_fd_sc_hd__clkbuf_16)
                  0.04    0.10    0.25 ^ clkbuf_2_2__f_clk/X (sky130_fd_sc_hd__clkbuf_16)
     8    0.02                           clknet_2_2__leaf_clk (net)
                  0.04    0.00    0.25 ^ _276_/CLK (sky130_fd_sc_hd__dfrtp_2)
                          0.25    0.50   clock uncertainty
                         -0.02    0.47   clock reconvergence pessimism
                         -0.02    0.45   library hold time
                                  0.45   data required time
-----------------------------------------------------------------------------
                                  0.45   data required time
                                 -0.55   data arrival time
-----------------------------------------------------------------------------
                                  0.10   slack (MET)


Startpoint: _291_ (rising edge-triggered flip-flop clocked by clk)
Endpoint: _291_ (rising edge-triggered flip-flop clocked by clk)
Path Group: clk
Path Type: min
Corner: Fastest

Fanout     Cap    Slew   Delay    Time   Description
-----------------------------------------------------------------------------
                          0.00    0.00   clock clk (rise edge)
                          0.00    0.00   clock source latency
                  0.05    0.03    0.03 ^ clk (in)
     1    0.01                           clk (net)
                  0.05    0.00    0.03 ^ clkbuf_0_clk/A (sky130_fd_sc_hd__clkbuf_16)
                  0.05    0.10    0.13 ^ clkbuf_0_clk/X (sky130_fd_sc_hd__clkbuf_16)
     4    0.04                           clknet_0_clk (net)
                  0.05    0.00    0.13 ^ clkbuf_2_0__f_clk/A (sky130_fd_sc_hd__clkbuf_16)
                  0.04    0.09    0.23 ^ clkbuf_2_0__f_clk/X (sky130_fd_sc_hd__clkbuf_16)
     9    0.03                           clknet_2_0__leaf_clk (net)
                  0.04    0.00    0.23 ^ _291_/CLK (sky130_fd_sc_hd__dfrtp_1)
                  0.05    0.21    0.44 ^ _291_/Q (sky130_fd_sc_hd__dfrtp_1)
     2    0.01                           shift_reg[3] (net)
                  0.05    0.00    0.44 ^ _244_/A0 (sky130_fd_sc_hd__mux2_1)
                  0.03    0.08    0.51 ^ _244_/X (sky130_fd_sc_hd__mux2_1)
     1    0.00                           _109_ (net)
                  0.03    0.00    0.51 ^ _245_/A (sky130_fd_sc_hd__clkbuf_1)
                  0.03    0.05    0.56 ^ _245_/X (sky130_fd_sc_hd__clkbuf_1)
     1    0.00                           _030_ (net)
                  0.03    0.00    0.56 ^ _291_/D (sky130_fd_sc_hd__dfrtp_1)
                                  0.56   data arrival time

                          0.00    0.00   clock clk (rise edge)
                          0.00    0.00   clock source latency
                  0.05    0.03    0.03 ^ clk (in)
     1    0.01                           clk (net)
                  0.05    0.00    0.03 ^ clkbuf_0_clk/A (sky130_fd_sc_hd__clkbuf_16)
                  0.05    0.11    0.15 ^ clkbuf_0_clk/X (sky130_fd_sc_hd__clkbuf_16)
     4    0.04                           clknet_0_clk (net)
                  0.05    0.00    0.15 ^ clkbuf_2_0__f_clk/A (sky130_fd_sc_hd__clkbuf_16)
                  0.04    0.10    0.25 ^ clkbuf_2_0__f_clk/X (sky130_fd_sc_hd__clkbuf_16)
     9    0.03                           clknet_2_0__leaf_clk (net)
                  0.04    0.00    0.25 ^ _291_/CLK (sky130_fd_sc_hd__dfrtp_1)
                          0.25    0.50   clock uncertainty
                         -0.02    0.48   clock reconvergence pessimism
                         -0.02    0.45   library hold time
                                  0.45   data required time
-----------------------------------------------------------------------------
                                  0.45   data required time
                                 -0.56   data arrival time
-----------------------------------------------------------------------------
                                  0.11   slack (MET)


Startpoint: _269_ (rising edge-triggered flip-flop clocked by clk)
Endpoint: _269_ (rising edge-triggered flip-flop clocked by clk)
Path Group: clk
Path Type: min
Corner: Fastest

Fanout     Cap    Slew   Delay    Time   Description
-----------------------------------------------------------------------------
                          0.00    0.00   clock clk (rise edge)
                          0.00    0.00   clock source latency
                  0.05    0.03    0.03 ^ clk (in)
     1    0.01                           clk (net)
                  0.05    0.00    0.03 ^ clkbuf_0_clk/A (sky130_fd_sc_hd__clkbuf_16)
                  0.05    0.10    0.13 ^ clkbuf_0_clk/X (sky130_fd_sc_hd__clkbuf_16)
     4    0.04                           clknet_0_clk (net)
                  0.05    0.00    0.13 ^ clkbuf_2_1__f_clk/A (sky130_fd_sc_hd__clkbuf_16)
                  0.04    0.10    0.23 ^ clkbuf_2_1__f_clk/X (sky130_fd_sc_hd__clkbuf_16)
    11    0.03                           clknet_2_1__leaf_clk (net)
                  0.04    0.00    0.23 ^ _269_/CLK (sky130_fd_sc_hd__dfrtp_2)
                  0.08    0.25    0.48 ^ _269_/Q (sky130_fd_sc_hd__dfrtp_2)
     5    0.02                           baud_counter[7] (net)
                  0.08    0.00    0.48 ^ _165_/A2 (sky130_fd_sc_hd__a22o_1)
                  0.03    0.08    0.57 ^ _165_/X (sky130_fd_sc_hd__a22o_1)
     1    0.00                           _008_ (net)
                  0.03    0.00    0.57 ^ _269_/D (sky130_fd_sc_hd__dfrtp_2)
                                  0.57   data arrival time

                          0.00    0.00   clock clk (rise edge)
                          0.00    0.00   clock source latency
                  0.05    0.03    0.03 ^ clk (in)
     1    0.01                           clk (net)
                  0.05    0.00    0.03 ^ clkbuf_0_clk/A (sky130_fd_sc_hd__clkbuf_16)
                  0.05    0.11    0.15 ^ clkbuf_0_clk/X (sky130_fd_sc_hd__clkbuf_16)
     4    0.04                           clknet_0_clk (net)
                  0.05    0.00    0.15 ^ clkbuf_2_1__f_clk/A (sky130_fd_sc_hd__clkbuf_16)
                  0.04    0.11    0.25 ^ clkbuf_2_1__f_clk/X (sky130_fd_sc_hd__clkbuf_16)
    11    0.03                           clknet_2_1__leaf_clk (net)
                  0.04    0.00    0.25 ^ _269_/CLK (sky130_fd_sc_hd__dfrtp_2)
                          0.25    0.50   clock uncertainty
                         -0.02    0.48   clock reconvergence pessimism
                         -0.02    0.46   library hold time
                                  0.46   data required time
-----------------------------------------------------------------------------
                                  0.46   data required time
                                 -0.57   data arrival time
-----------------------------------------------------------------------------
                                  0.11   slack (MET)


Startpoint: _290_ (rising edge-triggered flip-flop clocked by clk)
Endpoint: _290_ (rising edge-triggered flip-flop clocked by clk)
Path Group: clk
Path Type: min
Corner: Fastest

Fanout     Cap    Slew   Delay    Time   Description
-----------------------------------------------------------------------------
                          0.00    0.00   clock clk (rise edge)
                          0.00    0.00   clock source latency
                  0.05    0.03    0.03 ^ clk (in)
     1    0.01                           clk (net)
                  0.05    0.00    0.03 ^ clkbuf_0_clk/A (sky130_fd_sc_hd__clkbuf_16)
                  0.05    0.10    0.13 ^ clkbuf_0_clk/X (sky130_fd_sc_hd__clkbuf_16)
     4    0.04                           clknet_0_clk (net)
                  0.05    0.00    0.13 ^ clkbuf_2_0__f_clk/A (sky130_fd_sc_hd__clkbuf_16)
                  0.04    0.09    0.23 ^ clkbuf_2_0__f_clk/X (sky130_fd_sc_hd__clkbuf_16)
     9    0.03                           clknet_2_0__leaf_clk (net)
                  0.04    0.00    0.23 ^ _290_/CLK (sky130_fd_sc_hd__dfrtp_1)
                  0.05    0.21    0.44 ^ _290_/Q (sky130_fd_sc_hd__dfrtp_1)
     2    0.01                           shift_reg[2] (net)
                  0.05    0.00    0.44 ^ _241_/A0 (sky130_fd_sc_hd__mux2_1)
                  0.03    0.08    0.52 ^ _241_/X (sky130_fd_sc_hd__mux2_1)
     1    0.00                           _107_ (net)
                  0.03    0.00    0.52 ^ _242_/A (sky130_fd_sc_hd__clkbuf_1)
                  0.03    0.05    0.56 ^ _242_/X (sky130_fd_sc_hd__clkbuf_1)
     1    0.00                           _029_ (net)
                  0.03    0.00    0.56 ^ _290_/D (sky130_fd_sc_hd__dfrtp_1)
                                  0.56   data arrival time

                          0.00    0.00   clock clk (rise edge)
                          0.00    0.00   clock source latency
                  0.05    0.03    0.03 ^ clk (in)
     1    0.01                           clk (net)
                  0.05    0.00    0.03 ^ clkbuf_0_clk/A (sky130_fd_sc_hd__clkbuf_16)
                  0.05    0.11    0.15 ^ clkbuf_0_clk/X (sky130_fd_sc_hd__clkbuf_16)
     4    0.04                           clknet_0_clk (net)
                  0.05    0.00    0.15 ^ clkbuf_2_0__f_clk/A (sky130_fd_sc_hd__clkbuf_16)
                  0.04    0.10    0.25 ^ clkbuf_2_0__f_clk/X (sky130_fd_sc_hd__clkbuf_16)
     9    0.03                           clknet_2_0__leaf_clk (net)
                  0.04    0.00    0.25 ^ _290_/CLK (sky130_fd_sc_hd__dfrtp_1)
                          0.25    0.50   clock uncertainty
                         -0.02    0.48   clock reconvergence pessimism
                         -0.02    0.46   library hold time
                                  0.46   data required time
-----------------------------------------------------------------------------
                                  0.46   data required time
                                 -0.56   data arrival time
-----------------------------------------------------------------------------
                                  0.11   slack (MET)


Startpoint: _292_ (rising edge-triggered flip-flop clocked by clk)
Endpoint: _292_ (rising edge-triggered flip-flop clocked by clk)
Path Group: clk
Path Type: min
Corner: Fastest

Fanout     Cap    Slew   Delay    Time   Description
-----------------------------------------------------------------------------
                          0.00    0.00   clock clk (rise edge)
                          0.00    0.00   clock source latency
                  0.05    0.03    0.03 ^ clk (in)
     1    0.01                           clk (net)
                  0.05    0.00    0.03 ^ clkbuf_0_clk/A (sky130_fd_sc_hd__clkbuf_16)
                  0.05    0.10    0.13 ^ clkbuf_0_clk/X (sky130_fd_sc_hd__clkbuf_16)
     4    0.04                           clknet_0_clk (net)
                  0.05    0.00    0.13 ^ clkbuf_2_0__f_clk/A (sky130_fd_sc_hd__clkbuf_16)
                  0.04    0.09    0.23 ^ clkbuf_2_0__f_clk/X (sky130_fd_sc_hd__clkbuf_16)
     9    0.03                           clknet_2_0__leaf_clk (net)
                  0.04    0.00    0.23 ^ _292_/CLK (sky130_fd_sc_hd__dfrtp_1)
                  0.05    0.21    0.44 ^ _292_/Q (sky130_fd_sc_hd__dfrtp_1)
     2    0.01                           shift_reg[4] (net)
                  0.05    0.00    0.44 ^ _247_/A0 (sky130_fd_sc_hd__mux2_1)
                  0.03    0.08    0.52 ^ _247_/X (sky130_fd_sc_hd__mux2_1)
     1    0.00                           _111_ (net)
                  0.03    0.00    0.52 ^ _248_/A (sky130_fd_sc_hd__clkbuf_1)
                  0.03    0.05    0.57 ^ _248_/X (sky130_fd_sc_hd__clkbuf_1)
     1    0.00                           _031_ (net)
                  0.03    0.00    0.57 ^ _292_/D (sky130_fd_sc_hd__dfrtp_1)
                                  0.57   data arrival time

                          0.00    0.00   clock clk (rise edge)
                          0.00    0.00   clock source latency
                  0.05    0.03    0.03 ^ clk (in)
     1    0.01                           clk (net)
                  0.05    0.00    0.03 ^ clkbuf_0_clk/A (sky130_fd_sc_hd__clkbuf_16)
                  0.05    0.11    0.15 ^ clkbuf_0_clk/X (sky130_fd_sc_hd__clkbuf_16)
     4    0.04                           clknet_0_clk (net)
                  0.05    0.00    0.15 ^ clkbuf_2_0__f_clk/A (sky130_fd_sc_hd__clkbuf_16)
                  0.04    0.10    0.25 ^ clkbuf_2_0__f_clk/X (sky130_fd_sc_hd__clkbuf_16)
     9    0.03                           clknet_2_0__leaf_clk (net)
                  0.04    0.00    0.25 ^ _292_/CLK (sky130_fd_sc_hd__dfrtp_1)
                          0.25    0.50   clock uncertainty
                         -0.02    0.48   clock reconvergence pessimism
                         -0.02    0.45   library hold time
                                  0.45   data required time
-----------------------------------------------------------------------------
                                  0.45   data required time
                                 -0.57   data arrival time
-----------------------------------------------------------------------------
                                  0.11   slack (MET)


Startpoint: _284_ (rising edge-triggered flip-flop clocked by clk)
Endpoint: _284_ (rising edge-triggered flip-flop clocked by clk)
Path Group: clk
Path Type: min
Corner: Fastest

Fanout     Cap    Slew   Delay    Time   Description
-----------------------------------------------------------------------------
                          0.00    0.00   clock clk (rise edge)
                          0.00    0.00   clock source latency
                  0.05    0.03    0.03 ^ clk (in)
     1    0.01                           clk (net)
                  0.05    0.00    0.03 ^ clkbuf_0_clk/A (sky130_fd_sc_hd__clkbuf_16)
                  0.05    0.10    0.13 ^ clkbuf_0_clk/X (sky130_fd_sc_hd__clkbuf_16)
     4    0.04                           clknet_0_clk (net)
                  0.05    0.00    0.13 ^ clkbuf_2_1__f_clk/A (sky130_fd_sc_hd__clkbuf_16)
                  0.04    0.10    0.23 ^ clkbuf_2_1__f_clk/X (sky130_fd_sc_hd__clkbuf_16)
    11    0.03                           clknet_2_1__leaf_clk (net)
                  0.04    0.00    0.23 ^ _284_/CLK (sky130_fd_sc_hd__dfrtp_1)
                  0.10    0.25    0.48 ^ _284_/Q (sky130_fd_sc_hd__dfrtp_1)
     5    0.01                           bit_count[0] (net)
                  0.10    0.00    0.48 ^ _220_/A1 (sky130_fd_sc_hd__o21ba_1)
                  0.03    0.09    0.57 ^ _220_/X (sky130_fd_sc_hd__o21ba_1)
     1    0.00                           _023_ (net)
                  0.03    0.00    0.57 ^ _284_/D (sky130_fd_sc_hd__dfrtp_1)
                                  0.57   data arrival time

                          0.00    0.00   clock clk (rise edge)
                          0.00    0.00   clock source latency
                  0.05    0.03    0.03 ^ clk (in)
     1    0.01                           clk (net)
                  0.05    0.00    0.03 ^ clkbuf_0_clk/A (sky130_fd_sc_hd__clkbuf_16)
                  0.05    0.11    0.15 ^ clkbuf_0_clk/X (sky130_fd_sc_hd__clkbuf_16)
     4    0.04                           clknet_0_clk (net)
                  0.05    0.00    0.15 ^ clkbuf_2_1__f_clk/A (sky130_fd_sc_hd__clkbuf_16)
                  0.04    0.11    0.25 ^ clkbuf_2_1__f_clk/X (sky130_fd_sc_hd__clkbuf_16)
    11    0.03                           clknet_2_1__leaf_clk (net)
                  0.04    0.00    0.25 ^ _284_/CLK (sky130_fd_sc_hd__dfrtp_1)
                          0.25    0.50   clock uncertainty
                         -0.02    0.48   clock reconvergence pessimism
                         -0.02    0.46   library hold time
                                  0.46   data required time
-----------------------------------------------------------------------------
                                  0.46   data required time
                                 -0.57   data arrival time
-----------------------------------------------------------------------------
                                  0.11   slack (MET)


Startpoint: _294_ (rising edge-triggered flip-flop clocked by clk)
Endpoint: _294_ (rising edge-triggered flip-flop clocked by clk)
Path Group: clk
Path Type: min
Corner: Fastest

Fanout     Cap    Slew   Delay    Time   Description
-----------------------------------------------------------------------------
                          0.00    0.00   clock clk (rise edge)
                          0.00    0.00   clock source latency
                  0.05    0.03    0.03 ^ clk (in)
     1    0.01                           clk (net)
                  0.05    0.00    0.03 ^ clkbuf_0_clk/A (sky130_fd_sc_hd__clkbuf_16)
                  0.05    0.10    0.13 ^ clkbuf_0_clk/X (sky130_fd_sc_hd__clkbuf_16)
     4    0.04                           clknet_0_clk (net)
                  0.05    0.00    0.13 ^ clkbuf_2_0__f_clk/A (sky130_fd_sc_hd__clkbuf_16)
                  0.04    0.09    0.23 ^ clkbuf_2_0__f_clk/X (sky130_fd_sc_hd__clkbuf_16)
     9    0.03                           clknet_2_0__leaf_clk (net)
                  0.04    0.00    0.23 ^ _294_/CLK (sky130_fd_sc_hd__dfrtp_1)
                  0.05    0.21    0.44 ^ _294_/Q (sky130_fd_sc_hd__dfrtp_1)
     2    0.01                           shift_reg[6] (net)
                  0.05    0.00    0.44 ^ _253_/A0 (sky130_fd_sc_hd__mux2_1)
                  0.03    0.08    0.52 ^ _253_/X (sky130_fd_sc_hd__mux2_1)
     1    0.00                           _115_ (net)
                  0.03    0.00    0.52 ^ _254_/A (sky130_fd_sc_hd__clkbuf_1)
                  0.03    0.05    0.57 ^ _254_/X (sky130_fd_sc_hd__clkbuf_1)
     1    0.00                           _033_ (net)
                  0.03    0.00    0.57 ^ _294_/D (sky130_fd_sc_hd__dfrtp_1)
                                  0.57   data arrival time

                          0.00    0.00   clock clk (rise edge)
                          0.00    0.00   clock source latency
                  0.05    0.03    0.03 ^ clk (in)
     1    0.01                           clk (net)
                  0.05    0.00    0.03 ^ clkbuf_0_clk/A (sky130_fd_sc_hd__clkbuf_16)
                  0.05    0.11    0.15 ^ clkbuf_0_clk/X (sky130_fd_sc_hd__clkbuf_16)
     4    0.04                           clknet_0_clk (net)
                  0.05    0.00    0.15 ^ clkbuf_2_0__f_clk/A (sky130_fd_sc_hd__clkbuf_16)
                  0.04    0.10    0.25 ^ clkbuf_2_0__f_clk/X (sky130_fd_sc_hd__clkbuf_16)
     9    0.03                           clknet_2_0__leaf_clk (net)
                  0.04    0.00    0.25 ^ _294_/CLK (sky130_fd_sc_hd__dfrtp_1)
                          0.25    0.50   clock uncertainty
                         -0.02    0.48   clock reconvergence pessimism
                         -0.02    0.45   library hold time
                                  0.45   data required time
-----------------------------------------------------------------------------
                                  0.45   data required time
                                 -0.57   data arrival time
-----------------------------------------------------------------------------
                                  0.11   slack (MET)


Startpoint: _289_ (rising edge-triggered flip-flop clocked by clk)
Endpoint: _289_ (rising edge-triggered flip-flop clocked by clk)
Path Group: clk
Path Type: min
Corner: Fastest

Fanout     Cap    Slew   Delay    Time   Description
-----------------------------------------------------------------------------
                          0.00    0.00   clock clk (rise edge)
                          0.00    0.00   clock source latency
                  0.05    0.03    0.03 ^ clk (in)
     1    0.01                           clk (net)
                  0.05    0.00    0.03 ^ clkbuf_0_clk/A (sky130_fd_sc_hd__clkbuf_16)
                  0.05    0.10    0.13 ^ clkbuf_0_clk/X (sky130_fd_sc_hd__clkbuf_16)
     4    0.04                           clknet_0_clk (net)
                  0.05    0.00    0.13 ^ clkbuf_2_0__f_clk/A (sky130_fd_sc_hd__clkbuf_16)
                  0.04    0.09    0.23 ^ clkbuf_2_0__f_clk/X (sky130_fd_sc_hd__clkbuf_16)
     9    0.03                           clknet_2_0__leaf_clk (net)
                  0.04    0.00    0.23 ^ _289_/CLK (sky130_fd_sc_hd__dfrtp_1)
                  0.05    0.22    0.44 ^ _289_/Q (sky130_fd_sc_hd__dfrtp_1)
     2    0.01                           shift_reg[1] (net)
                  0.05    0.00    0.44 ^ _238_/A0 (sky130_fd_sc_hd__mux2_1)
                  0.03    0.08    0.52 ^ _238_/X (sky130_fd_sc_hd__mux2_1)
     1    0.00                           _105_ (net)
                  0.03    0.00    0.52 ^ _239_/A (sky130_fd_sc_hd__clkbuf_1)
                  0.03    0.05    0.57 ^ _239_/X (sky130_fd_sc_hd__clkbuf_1)
     1    0.00                           _028_ (net)
                  0.03    0.00    0.57 ^ _289_/D (sky130_fd_sc_hd__dfrtp_1)
                                  0.57   data arrival time

                          0.00    0.00   clock clk (rise edge)
                          0.00    0.00   clock source latency
                  0.05    0.03    0.03 ^ clk (in)
     1    0.01                           clk (net)
                  0.05    0.00    0.03 ^ clkbuf_0_clk/A (sky130_fd_sc_hd__clkbuf_16)
                  0.05    0.11    0.15 ^ clkbuf_0_clk/X (sky130_fd_sc_hd__clkbuf_16)
     4    0.04                           clknet_0_clk (net)
                  0.05    0.00    0.15 ^ clkbuf_2_0__f_clk/A (sky130_fd_sc_hd__clkbuf_16)
                  0.04    0.10    0.25 ^ clkbuf_2_0__f_clk/X (sky130_fd_sc_hd__clkbuf_16)
     9    0.03                           clknet_2_0__leaf_clk (net)
                  0.04    0.00    0.25 ^ _289_/CLK (sky130_fd_sc_hd__dfrtp_1)
                          0.25    0.50   clock uncertainty
                         -0.02    0.48   clock reconvergence pessimism
                         -0.02    0.46   library hold time
                                  0.46   data required time
-----------------------------------------------------------------------------
                                  0.46   data required time
                                 -0.57   data arrival time
-----------------------------------------------------------------------------
                                  0.11   slack (MET)


Startpoint: _293_ (rising edge-triggered flip-flop clocked by clk)
Endpoint: _293_ (rising edge-triggered flip-flop clocked by clk)
Path Group: clk
Path Type: min
Corner: Fastest

Fanout     Cap    Slew   Delay    Time   Description
-----------------------------------------------------------------------------
                          0.00    0.00   clock clk (rise edge)
                          0.00    0.00   clock source latency
                  0.05    0.03    0.03 ^ clk (in)
     1    0.01                           clk (net)
                  0.05    0.00    0.03 ^ clkbuf_0_clk/A (sky130_fd_sc_hd__clkbuf_16)
                  0.05    0.10    0.13 ^ clkbuf_0_clk/X (sky130_fd_sc_hd__clkbuf_16)
     4    0.04                           clknet_0_clk (net)
                  0.05    0.00    0.13 ^ clkbuf_2_0__f_clk/A (sky130_fd_sc_hd__clkbuf_16)
                  0.04    0.09    0.23 ^ clkbuf_2_0__f_clk/X (sky130_fd_sc_hd__clkbuf_16)
     9    0.03                           clknet_2_0__leaf_clk (net)
                  0.04    0.00    0.23 ^ _293_/CLK (sky130_fd_sc_hd__dfrtp_1)
                  0.05    0.22    0.44 ^ _293_/Q (sky130_fd_sc_hd__dfrtp_1)
     2    0.01                           shift_reg[5] (net)
                  0.05    0.00    0.44 ^ _250_/A0 (sky130_fd_sc_hd__mux2_1)
                  0.03    0.08    0.52 ^ _250_/X (sky130_fd_sc_hd__mux2_1)
     1    0.00                           _113_ (net)
                  0.03    0.00    0.52 ^ _251_/A (sky130_fd_sc_hd__clkbuf_1)
                  0.03    0.05    0.57 ^ _251_/X (sky130_fd_sc_hd__clkbuf_1)
     1    0.00                           _032_ (net)
                  0.03    0.00    0.57 ^ _293_/D (sky130_fd_sc_hd__dfrtp_1)
                                  0.57   data arrival time

                          0.00    0.00   clock clk (rise edge)
                          0.00    0.00   clock source latency
                  0.05    0.03    0.03 ^ clk (in)
     1    0.01                           clk (net)
                  0.05    0.00    0.03 ^ clkbuf_0_clk/A (sky130_fd_sc_hd__clkbuf_16)
                  0.05    0.11    0.15 ^ clkbuf_0_clk/X (sky130_fd_sc_hd__clkbuf_16)
     4    0.04                           clknet_0_clk (net)
                  0.05    0.00    0.15 ^ clkbuf_2_0__f_clk/A (sky130_fd_sc_hd__clkbuf_16)
                  0.04    0.10    0.25 ^ clkbuf_2_0__f_clk/X (sky130_fd_sc_hd__clkbuf_16)
     9    0.03                           clknet_2_0__leaf_clk (net)
                  0.04    0.00    0.25 ^ _293_/CLK (sky130_fd_sc_hd__dfrtp_1)
                          0.25    0.50   clock uncertainty
                         -0.02    0.48   clock reconvergence pessimism
                         -0.02    0.45   library hold time
                                  0.45   data required time
-----------------------------------------------------------------------------
                                  0.45   data required time
                                 -0.57   data arrival time
-----------------------------------------------------------------------------
                                  0.12   slack (MET)


Startpoint: _298_ (rising edge-triggered flip-flop clocked by clk)
Endpoint: _297_ (rising edge-triggered flip-flop clocked by clk)
Path Group: clk
Path Type: min
Corner: Fastest

Fanout     Cap    Slew   Delay    Time   Description
-----------------------------------------------------------------------------
                          0.00    0.00   clock clk (rise edge)
                          0.00    0.00   clock source latency
                  0.05    0.03    0.03 ^ clk (in)
     1    0.01                           clk (net)
                  0.05    0.00    0.03 ^ clkbuf_0_clk/A (sky130_fd_sc_hd__clkbuf_16)
                  0.05    0.10    0.13 ^ clkbuf_0_clk/X (sky130_fd_sc_hd__clkbuf_16)
     4    0.04                           clknet_0_clk (net)
                  0.05    0.00    0.13 ^ clkbuf_2_1__f_clk/A (sky130_fd_sc_hd__clkbuf_16)
                  0.04    0.10    0.23 ^ clkbuf_2_1__f_clk/X (sky130_fd_sc_hd__clkbuf_16)
    11    0.03                           clknet_2_1__leaf_clk (net)
                  0.04    0.00    0.23 ^ _298_/CLK (sky130_fd_sc_hd__dfrtp_1)
                  0.10    0.25    0.48 ^ _298_/Q (sky130_fd_sc_hd__dfrtp_1)
     4    0.01                           baud_tick (net)
                  0.10    0.00    0.48 ^ _261_/A1 (sky130_fd_sc_hd__a32o_1)
                  0.03    0.10    0.58 ^ _261_/X (sky130_fd_sc_hd__a32o_1)
     1    0.00                           _036_ (net)
                  0.03    0.00    0.58 ^ _297_/D (sky130_fd_sc_hd__dfrtp_4)
                                  0.58   data arrival time

                          0.00    0.00   clock clk (rise edge)
                          0.00    0.00   clock source latency
                  0.05    0.03    0.03 ^ clk (in)
     1    0.01                           clk (net)
                  0.05    0.00    0.03 ^ clkbuf_0_clk/A (sky130_fd_sc_hd__clkbuf_16)
                  0.05    0.11    0.15 ^ clkbuf_0_clk/X (sky130_fd_sc_hd__clkbuf_16)
     4    0.04                           clknet_0_clk (net)
                  0.05    0.00    0.15 ^ clkbuf_2_1__f_clk/A (sky130_fd_sc_hd__clkbuf_16)
                  0.04    0.11    0.25 ^ clkbuf_2_1__f_clk/X (sky130_fd_sc_hd__clkbuf_16)
    11    0.03                           clknet_2_1__leaf_clk (net)
                  0.04    0.00    0.25 ^ _297_/CLK (sky130_fd_sc_hd__dfrtp_4)
                          0.25    0.50   clock uncertainty
                         -0.02    0.48   clock reconvergence pessimism
                         -0.02    0.46   library hold time
                                  0.46   data required time
-----------------------------------------------------------------------------
                                  0.46   data required time
                                 -0.58   data arrival time
-----------------------------------------------------------------------------
                                  0.12   slack (MET)


Startpoint: _288_ (rising edge-triggered flip-flop clocked by clk)
Endpoint: _288_ (rising edge-triggered flip-flop clocked by clk)
Path Group: clk
Path Type: min
Corner: Fastest

Fanout     Cap    Slew   Delay    Time   Description
-----------------------------------------------------------------------------
                          0.00    0.00   clock clk (rise edge)
                          0.00    0.00   clock source latency
                  0.05    0.03    0.03 ^ clk (in)
     1    0.01                           clk (net)
                  0.05    0.00    0.03 ^ clkbuf_0_clk/A (sky130_fd_sc_hd__clkbuf_16)
                  0.05    0.10    0.13 ^ clkbuf_0_clk/X (sky130_fd_sc_hd__clkbuf_16)
     4    0.04                           clknet_0_clk (net)
                  0.05    0.00    0.13 ^ clkbuf_2_0__f_clk/A (sky130_fd_sc_hd__clkbuf_16)
                  0.04    0.09    0.23 ^ clkbuf_2_0__f_clk/X (sky130_fd_sc_hd__clkbuf_16)
     9    0.03                           clknet_2_0__leaf_clk (net)
                  0.04    0.00    0.23 ^ _288_/CLK (sky130_fd_sc_hd__dfrtp_1)
                  0.06    0.22    0.45 ^ _288_/Q (sky130_fd_sc_hd__dfrtp_1)
     2    0.01                           shift_reg[0] (net)
                  0.06    0.00    0.45 ^ _235_/A0 (sky130_fd_sc_hd__mux2_1)
                  0.03    0.08    0.53 ^ _235_/X (sky130_fd_sc_hd__mux2_1)
     1    0.00                           _103_ (net)
                  0.03    0.00    0.53 ^ _236_/A (sky130_fd_sc_hd__clkbuf_1)
                  0.03    0.05    0.58 ^ _236_/X (sky130_fd_sc_hd__clkbuf_1)
     1    0.00                           _027_ (net)
                  0.03    0.00    0.58 ^ _288_/D (sky130_fd_sc_hd__dfrtp_1)
                                  0.58   data arrival time

                          0.00    0.00   clock clk (rise edge)
                          0.00    0.00   clock source latency
                  0.05    0.03    0.03 ^ clk (in)
     1    0.01                           clk (net)
                  0.05    0.00    0.03 ^ clkbuf_0_clk/A (sky130_fd_sc_hd__clkbuf_16)
                  0.05    0.11    0.15 ^ clkbuf_0_clk/X (sky130_fd_sc_hd__clkbuf_16)
     4    0.04                           clknet_0_clk (net)
                  0.05    0.00    0.15 ^ clkbuf_2_0__f_clk/A (sky130_fd_sc_hd__clkbuf_16)
                  0.04    0.10    0.25 ^ clkbuf_2_0__f_clk/X (sky130_fd_sc_hd__clkbuf_16)
     9    0.03                           clknet_2_0__leaf_clk (net)
                  0.04    0.00    0.25 ^ _288_/CLK (sky130_fd_sc_hd__dfrtp_1)
                          0.25    0.50   clock uncertainty
                         -0.02    0.48   clock reconvergence pessimism
                         -0.02    0.45   library hold time
                                  0.45   data required time
-----------------------------------------------------------------------------
                                  0.45   data required time
                                 -0.58   data arrival time
-----------------------------------------------------------------------------
                                  0.12   slack (MET)


Startpoint: _262_ (rising edge-triggered flip-flop clocked by clk)
Endpoint: _262_ (rising edge-triggered flip-flop clocked by clk)
Path Group: clk
Path Type: min
Corner: Fastest

Fanout     Cap    Slew   Delay    Time   Description
-----------------------------------------------------------------------------
                          0.00    0.00   clock clk (rise edge)
                          0.00    0.00   clock source latency
                  0.05    0.03    0.03 ^ clk (in)
     1    0.01                           clk (net)
                  0.05    0.00    0.03 ^ clkbuf_0_clk/A (sky130_fd_sc_hd__clkbuf_16)
                  0.05    0.10    0.13 ^ clkbuf_0_clk/X (sky130_fd_sc_hd__clkbuf_16)
     4    0.04                           clknet_0_clk (net)
                  0.05    0.00    0.13 ^ clkbuf_2_3__f_clk/A (sky130_fd_sc_hd__clkbuf_16)
                  0.04    0.10    0.23 ^ clkbuf_2_3__f_clk/X (sky130_fd_sc_hd__clkbuf_16)
     9    0.03                           clknet_2_3__leaf_clk (net)
                  0.04    0.00    0.23 ^ _262_/CLK (sky130_fd_sc_hd__dfrtp_1)
                  0.07    0.23    0.46 ^ _262_/Q (sky130_fd_sc_hd__dfrtp_1)
     4    0.01                           baud_counter[0] (net)
                  0.07    0.00    0.46 ^ _143_/B (sky130_fd_sc_hd__and2b_1)
                  0.06    0.10    0.56 ^ _143_/X (sky130_fd_sc_hd__and2b_1)
     3    0.01                           _037_ (net)
                  0.06    0.00    0.56 ^ _145_/A (sky130_fd_sc_hd__nor2_1)
                  0.02    0.03    0.60 v _145_/Y (sky130_fd_sc_hd__nor2_1)
     1    0.00                           _001_ (net)
                  0.02    0.00    0.60 v _262_/D (sky130_fd_sc_hd__dfrtp_1)
                                  0.60   data arrival time

                          0.00    0.00   clock clk (rise edge)
                          0.00    0.00   clock source latency
                  0.05    0.03    0.03 ^ clk (in)
     1    0.01                           clk (net)
                  0.05    0.00    0.03 ^ clkbuf_0_clk/A (sky130_fd_sc_hd__clkbuf_16)
                  0.05    0.11    0.15 ^ clkbuf_0_clk/X (sky130_fd_sc_hd__clkbuf_16)
     4    0.04                           clknet_0_clk (net)
                  0.05    0.00    0.15 ^ clkbuf_2_3__f_clk/A (sky130_fd_sc_hd__clkbuf_16)
                  0.04    0.11    0.25 ^ clkbuf_2_3__f_clk/X (sky130_fd_sc_hd__clkbuf_16)
     9    0.03                           clknet_2_3__leaf_clk (net)
                  0.04    0.00    0.25 ^ _262_/CLK (sky130_fd_sc_hd__dfrtp_1)
                          0.25    0.50   clock uncertainty
                         -0.02    0.48   clock reconvergence pessimism
                         -0.02    0.46   library hold time
                                  0.46   data required time
-----------------------------------------------------------------------------
                                  0.46   data required time
                                 -0.60   data arrival time
-----------------------------------------------------------------------------
                                  0.14   slack (MET)


Startpoint: _274_ (rising edge-triggered flip-flop clocked by clk)
Endpoint: _274_ (rising edge-triggered flip-flop clocked by clk)
Path Group: clk
Path Type: min
Corner: Fastest

Fanout     Cap    Slew   Delay    Time   Description
-----------------------------------------------------------------------------
                          0.00    0.00   clock clk (rise edge)
                          0.00    0.00   clock source latency
                  0.05    0.03    0.03 ^ clk (in)
     1    0.01                           clk (net)
                  0.05    0.00    0.03 ^ clkbuf_0_clk/A (sky130_fd_sc_hd__clkbuf_16)
                  0.05    0.10    0.13 ^ clkbuf_0_clk/X (sky130_fd_sc_hd__clkbuf_16)
     4    0.04                           clknet_0_clk (net)
                  0.05    0.00    0.13 ^ clkbuf_2_2__f_clk/A (sky130_fd_sc_hd__clkbuf_16)
                  0.04    0.09    0.22 ^ clkbuf_2_2__f_clk/X (sky130_fd_sc_hd__clkbuf_16)
     8    0.02                           clknet_2_2__leaf_clk (net)
                  0.04    0.00    0.22 ^ _274_/CLK (sky130_fd_sc_hd__dfrtp_4)
                  0.07    0.29    0.51 ^ _274_/Q (sky130_fd_sc_hd__dfrtp_4)
     8    0.02                           idle_counter[0] (net)
                  0.07    0.00    0.51 ^ _183_/A1 (sky130_fd_sc_hd__o21a_1)
                  0.03    0.08    0.59 ^ _183_/X (sky130_fd_sc_hd__o21a_1)
     1    0.00                           _013_ (net)
                  0.03    0.00    0.59 ^ _274_/D (sky130_fd_sc_hd__dfrtp_4)
                                  0.59   data arrival time

                          0.00    0.00   clock clk (rise edge)
                          0.00    0.00   clock source latency
                  0.05    0.03    0.03 ^ clk (in)
     1    0.01                           clk (net)
                  0.05    0.00    0.03 ^ clkbuf_0_clk/A (sky130_fd_sc_hd__clkbuf_16)
                  0.05    0.11    0.15 ^ clkbuf_0_clk/X (sky130_fd_sc_hd__clkbuf_16)
     4    0.04                           clknet_0_clk (net)
                  0.05    0.00    0.15 ^ clkbuf_2_2__f_clk/A (sky130_fd_sc_hd__clkbuf_16)
                  0.04    0.10    0.25 ^ clkbuf_2_2__f_clk/X (sky130_fd_sc_hd__clkbuf_16)
     8    0.02                           clknet_2_2__leaf_clk (net)
                  0.04    0.00    0.25 ^ _274_/CLK (sky130_fd_sc_hd__dfrtp_4)
                          0.25    0.50   clock uncertainty
                         -0.02    0.47   clock reconvergence pessimism
                         -0.02    0.45   library hold time
                                  0.45   data required time
-----------------------------------------------------------------------------
                                  0.45   data required time
                                 -0.59   data arrival time
-----------------------------------------------------------------------------
                                  0.14   slack (MET)


Startpoint: _296_ (rising edge-triggered flip-flop clocked by clk)
Endpoint: _296_ (rising edge-triggered flip-flop clocked by clk)
Path Group: clk
Path Type: min
Corner: Fastest

Fanout     Cap    Slew   Delay    Time   Description
-----------------------------------------------------------------------------
                          0.00    0.00   clock clk (rise edge)
                          0.00    0.00   clock source latency
                  0.05    0.03    0.03 ^ clk (in)
     1    0.01                           clk (net)
                  0.05    0.00    0.03 ^ clkbuf_0_clk/A (sky130_fd_sc_hd__clkbuf_16)
                  0.05    0.10    0.13 ^ clkbuf_0_clk/X (sky130_fd_sc_hd__clkbuf_16)
     4    0.04                           clknet_0_clk (net)
                  0.05    0.00    0.13 ^ clkbuf_2_1__f_clk/A (sky130_fd_sc_hd__clkbuf_16)
                  0.04    0.10    0.23 ^ clkbuf_2_1__f_clk/X (sky130_fd_sc_hd__clkbuf_16)
    11    0.03                           clknet_2_1__leaf_clk (net)
                  0.04    0.00    0.23 ^ _296_/CLK (sky130_fd_sc_hd__dfrtp_4)
                  0.08    0.29    0.52 ^ _296_/Q (sky130_fd_sc_hd__dfrtp_4)
     8    0.03                           state[0] (net)
                  0.08    0.00    0.52 ^ _260_/A1 (sky130_fd_sc_hd__a21o_1)
                  0.03    0.08    0.60 ^ _260_/X (sky130_fd_sc_hd__a21o_1)
     1    0.00                           _035_ (net)
                  0.03    0.00    0.60 ^ _296_/D (sky130_fd_sc_hd__dfrtp_4)
                                  0.60   data arrival time

                          0.00    0.00   clock clk (rise edge)
                          0.00    0.00   clock source latency
                  0.05    0.03    0.03 ^ clk (in)
     1    0.01                           clk (net)
                  0.05    0.00    0.03 ^ clkbuf_0_clk/A (sky130_fd_sc_hd__clkbuf_16)
                  0.05    0.11    0.15 ^ clkbuf_0_clk/X (sky130_fd_sc_hd__clkbuf_16)
     4    0.04                           clknet_0_clk (net)
                  0.05    0.00    0.15 ^ clkbuf_2_1__f_clk/A (sky130_fd_sc_hd__clkbuf_16)
                  0.04    0.11    0.25 ^ clkbuf_2_1__f_clk/X (sky130_fd_sc_hd__clkbuf_16)
    11    0.03                           clknet_2_1__leaf_clk (net)
                  0.04    0.00    0.25 ^ _296_/CLK (sky130_fd_sc_hd__dfrtp_4)
                          0.25    0.50   clock uncertainty
                         -0.02    0.48   clock reconvergence pessimism
                         -0.02    0.46   library hold time
                                  0.46   data required time
-----------------------------------------------------------------------------
                                  0.46   data required time
                                 -0.60   data arrival time
-----------------------------------------------------------------------------
                                  0.14   slack (MET)


Startpoint: _263_ (rising edge-triggered flip-flop clocked by clk)
Endpoint: _263_ (rising edge-triggered flip-flop clocked by clk)
Path Group: clk
Path Type: min
Corner: Fastest

Fanout     Cap    Slew   Delay    Time   Description
-----------------------------------------------------------------------------
                          0.00    0.00   clock clk (rise edge)
                          0.00    0.00   clock source latency
                  0.05    0.03    0.03 ^ clk (in)
     1    0.01                           clk (net)
                  0.05    0.00    0.03 ^ clkbuf_0_clk/A (sky130_fd_sc_hd__clkbuf_16)
                  0.05    0.10    0.13 ^ clkbuf_0_clk/X (sky130_fd_sc_hd__clkbuf_16)
     4    0.04                           clknet_0_clk (net)
                  0.05    0.00    0.13 ^ clkbuf_2_3__f_clk/A (sky130_fd_sc_hd__clkbuf_16)
                  0.04    0.10    0.23 ^ clkbuf_2_3__f_clk/X (sky130_fd_sc_hd__clkbuf_16)
     9    0.03                           clknet_2_3__leaf_clk (net)
                  0.04    0.00    0.23 ^ _263_/CLK (sky130_fd_sc_hd__dfrtp_1)
                  0.08    0.24    0.47 ^ _263_/Q (sky130_fd_sc_hd__dfrtp_1)
     4    0.01                           baud_counter[1] (net)
                  0.08    0.00    0.47 ^ _147_/A (sky130_fd_sc_hd__or2_1)
                  0.03    0.07    0.53 ^ _147_/X (sky130_fd_sc_hd__or2_1)
     1    0.00                           _040_ (net)
                  0.03    0.00    0.53 ^ _148_/C1 (sky130_fd_sc_hd__o211a_1)
                  0.03    0.06    0.60 ^ _148_/X (sky130_fd_sc_hd__o211a_1)
     1    0.00                           _002_ (net)
                  0.03    0.00    0.60 ^ _263_/D (sky130_fd_sc_hd__dfrtp_1)
                                  0.60   data arrival time

                          0.00    0.00   clock clk (rise edge)
                          0.00    0.00   clock source latency
                  0.05    0.03    0.03 ^ clk (in)
     1    0.01                           clk (net)
                  0.05    0.00    0.03 ^ clkbuf_0_clk/A (sky130_fd_sc_hd__clkbuf_16)
                  0.05    0.11    0.15 ^ clkbuf_0_clk/X (sky130_fd_sc_hd__clkbuf_16)
     4    0.04                           clknet_0_clk (net)
                  0.05    0.00    0.15 ^ clkbuf_2_3__f_clk/A (sky130_fd_sc_hd__clkbuf_16)
                  0.04    0.11    0.25 ^ clkbuf_2_3__f_clk/X (sky130_fd_sc_hd__clkbuf_16)
     9    0.03                           clknet_2_3__leaf_clk (net)
                  0.04    0.00    0.25 ^ _263_/CLK (sky130_fd_sc_hd__dfrtp_1)
                          0.25    0.50   clock uncertainty
                         -0.02    0.48   clock reconvergence pessimism
                         -0.02    0.46   library hold time
                                  0.46   data required time
-----------------------------------------------------------------------------
                                  0.46   data required time
                                 -0.60   data arrival time
-----------------------------------------------------------------------------
                                  0.14   slack (MET)


Startpoint: _281_ (rising edge-triggered flip-flop clocked by clk)
Endpoint: _281_ (rising edge-triggered flip-flop clocked by clk)
Path Group: clk
Path Type: min
Corner: Fastest

Fanout     Cap    Slew   Delay    Time   Description
-----------------------------------------------------------------------------
                          0.00    0.00   clock clk (rise edge)
                          0.00    0.00   clock source latency
                  0.05    0.03    0.03 ^ clk (in)
     1    0.01                           clk (net)
                  0.05    0.00    0.03 ^ clkbuf_0_clk/A (sky130_fd_sc_hd__clkbuf_16)
                  0.05    0.10    0.13 ^ clkbuf_0_clk/X (sky130_fd_sc_hd__clkbuf_16)
     4    0.04                           clknet_0_clk (net)
                  0.05    0.00    0.13 ^ clkbuf_2_3__f_clk/A (sky130_fd_sc_hd__clkbuf_16)
                  0.04    0.10    0.23 ^ clkbuf_2_3__f_clk/X (sky130_fd_sc_hd__clkbuf_16)
     9    0.03                           clknet_2_3__leaf_clk (net)
                  0.04    0.00    0.23 ^ _281_/CLK (sky130_fd_sc_hd__dfrtp_1)
                  0.07    0.23    0.45 ^ _281_/Q (sky130_fd_sc_hd__dfrtp_1)
     3    0.01                           idle_counter[7] (net)
                  0.07    0.00    0.45 ^ _208_/B1 (sky130_fd_sc_hd__a21o_1)
                  0.03    0.05    0.51 ^ _208_/X (sky130_fd_sc_hd__a21o_1)
     1    0.00                           _083_ (net)
                  0.03    0.00    0.51 ^ _210_/A2 (sky130_fd_sc_hd__a32o_1)
                  0.03    0.09    0.60 ^ _210_/X (sky130_fd_sc_hd__a32o_1)
     1    0.00                           _020_ (net)
                  0.03    0.00    0.60 ^ _281_/D (sky130_fd_sc_hd__dfrtp_1)
                                  0.60   data arrival time

                          0.00    0.00   clock clk (rise edge)
                          0.00    0.00   clock source latency
                  0.05    0.03    0.03 ^ clk (in)
     1    0.01                           clk (net)
                  0.05    0.00    0.03 ^ clkbuf_0_clk/A (sky130_fd_sc_hd__clkbuf_16)
                  0.05    0.11    0.15 ^ clkbuf_0_clk/X (sky130_fd_sc_hd__clkbuf_16)
     4    0.04                           clknet_0_clk (net)
                  0.05    0.00    0.15 ^ clkbuf_2_3__f_clk/A (sky130_fd_sc_hd__clkbuf_16)
                  0.04    0.11    0.25 ^ clkbuf_2_3__f_clk/X (sky130_fd_sc_hd__clkbuf_16)
     9    0.03                           clknet_2_3__leaf_clk (net)
                  0.04    0.00    0.25 ^ _281_/CLK (sky130_fd_sc_hd__dfrtp_1)
                          0.25    0.50   clock uncertainty
                         -0.02    0.48   clock reconvergence pessimism
                         -0.02    0.46   library hold time
                                  0.46   data required time
-----------------------------------------------------------------------------
                                  0.46   data required time
                                 -0.60   data arrival time
-----------------------------------------------------------------------------
                                  0.14   slack (MET)


Startpoint: _283_ (rising edge-triggered flip-flop clocked by clk)
Endpoint: _283_ (rising edge-triggered flip-flop clocked by clk)
Path Group: clk
Path Type: min
Corner: Fastest

Fanout     Cap    Slew   Delay    Time   Description
-----------------------------------------------------------------------------
                          0.00    0.00   clock clk (rise edge)
                          0.00    0.00   clock source latency
                  0.05    0.03    0.03 ^ clk (in)
     1    0.01                           clk (net)
                  0.05    0.00    0.03 ^ clkbuf_0_clk/A (sky130_fd_sc_hd__clkbuf_16)
                  0.05    0.10    0.13 ^ clkbuf_0_clk/X (sky130_fd_sc_hd__clkbuf_16)
     4    0.04                           clknet_0_clk (net)
                  0.05    0.00    0.13 ^ clkbuf_2_2__f_clk/A (sky130_fd_sc_hd__clkbuf_16)
                  0.04    0.09    0.22 ^ clkbuf_2_2__f_clk/X (sky130_fd_sc_hd__clkbuf_16)
     8    0.02                           clknet_2_2__leaf_clk (net)
                  0.04    0.00    0.22 ^ _283_/CLK (sky130_fd_sc_hd__dfrtp_1)
                  0.09    0.25    0.47 ^ _283_/Q (sky130_fd_sc_hd__dfrtp_1)
     3    0.01                           idle_counter[9] (net)
                  0.09    0.00    0.47 ^ _213_/A (sky130_fd_sc_hd__and2_1)
                  0.03    0.08    0.55 ^ _213_/X (sky130_fd_sc_hd__and2_1)
     1    0.00                           _086_ (net)
                  0.03    0.00    0.55 ^ _214_/A (sky130_fd_sc_hd__clkbuf_1)
                  0.03    0.05    0.60 ^ _214_/X (sky130_fd_sc_hd__clkbuf_1)
     1    0.00                           _022_ (net)
                  0.03    0.00    0.60 ^ _283_/D (sky130_fd_sc_hd__dfrtp_1)
                                  0.60   data arrival time

                          0.00    0.00   clock clk (rise edge)
                          0.00    0.00   clock source latency
                  0.05    0.03    0.03 ^ clk (in)
     1    0.01                           clk (net)
                  0.05    0.00    0.03 ^ clkbuf_0_clk/A (sky130_fd_sc_hd__clkbuf_16)
                  0.05    0.11    0.15 ^ clkbuf_0_clk/X (sky130_fd_sc_hd__clkbuf_16)
     4    0.04                           clknet_0_clk (net)
                  0.05    0.00    0.15 ^ clkbuf_2_2__f_clk/A (sky130_fd_sc_hd__clkbuf_16)
                  0.04    0.10    0.25 ^ clkbuf_2_2__f_clk/X (sky130_fd_sc_hd__clkbuf_16)
     8    0.02                           clknet_2_2__leaf_clk (net)
                  0.04    0.00    0.25 ^ _283_/CLK (sky130_fd_sc_hd__dfrtp_1)
                          0.25    0.50   clock uncertainty
                         -0.02    0.47   clock reconvergence pessimism
                         -0.02    0.45   library hold time
                                  0.45   data required time
-----------------------------------------------------------------------------
                                  0.45   data required time
                                 -0.60   data arrival time
-----------------------------------------------------------------------------
                                  0.15   slack (MET)


Startpoint: _272_ (rising edge-triggered flip-flop clocked by clk)
Endpoint: _272_ (rising edge-triggered flip-flop clocked by clk)
Path Group: clk
Path Type: min
Corner: Fastest

Fanout     Cap    Slew   Delay    Time   Description
-----------------------------------------------------------------------------
                          0.00    0.00   clock clk (rise edge)
                          0.00    0.00   clock source latency
                  0.05    0.03    0.03 ^ clk (in)
     1    0.01                           clk (net)
                  0.05    0.00    0.03 ^ clkbuf_0_clk/A (sky130_fd_sc_hd__clkbuf_16)
                  0.05    0.10    0.13 ^ clkbuf_0_clk/X (sky130_fd_sc_hd__clkbuf_16)
     4    0.04                           clknet_0_clk (net)
                  0.05    0.00    0.13 ^ clkbuf_2_2__f_clk/A (sky130_fd_sc_hd__clkbuf_16)
                  0.04    0.09    0.22 ^ clkbuf_2_2__f_clk/X (sky130_fd_sc_hd__clkbuf_16)
     8    0.02                           clknet_2_2__leaf_clk (net)
                  0.04    0.00    0.22 ^ _272_/CLK (sky130_fd_sc_hd__dfrtp_1)
                  0.07    0.23    0.45 ^ _272_/Q (sky130_fd_sc_hd__dfrtp_1)
     4    0.01                           sleep_pending (net)
                  0.07    0.00    0.45 ^ _176_/A (sky130_fd_sc_hd__and2_1)
                  0.04    0.08    0.54 ^ _176_/X (sky130_fd_sc_hd__and2_1)
     1    0.00                           _060_ (net)
                  0.04    0.00    0.54 ^ _177_/A2 (sky130_fd_sc_hd__o21a_1)
                  0.03    0.06    0.60 ^ _177_/X (sky130_fd_sc_hd__o21a_1)
     1    0.00                           _011_ (net)
                  0.03    0.00    0.60 ^ _272_/D (sky130_fd_sc_hd__dfrtp_1)
                                  0.60   data arrival time

                          0.00    0.00   clock clk (rise edge)
                          0.00    0.00   clock source latency
                  0.05    0.03    0.03 ^ clk (in)
     1    0.01                           clk (net)
                  0.05    0.00    0.03 ^ clkbuf_0_clk/A (sky130_fd_sc_hd__clkbuf_16)
                  0.05    0.11    0.15 ^ clkbuf_0_clk/X (sky130_fd_sc_hd__clkbuf_16)
     4    0.04                           clknet_0_clk (net)
                  0.05    0.00    0.15 ^ clkbuf_2_2__f_clk/A (sky130_fd_sc_hd__clkbuf_16)
                  0.04    0.10    0.25 ^ clkbuf_2_2__f_clk/X (sky130_fd_sc_hd__clkbuf_16)
     8    0.02                           clknet_2_2__leaf_clk (net)
                  0.04    0.00    0.25 ^ _272_/CLK (sky130_fd_sc_hd__dfrtp_1)
                          0.25    0.50   clock uncertainty
                         -0.02    0.47   clock reconvergence pessimism
                         -0.02    0.45   library hold time
                                  0.45   data required time
-----------------------------------------------------------------------------
                                  0.45   data required time
                                 -0.60   data arrival time
-----------------------------------------------------------------------------
                                  0.15   slack (MET)


Startpoint: _263_ (rising edge-triggered flip-flop clocked by clk)
Endpoint: _264_ (rising edge-triggered flip-flop clocked by clk)
Path Group: clk
Path Type: min
Corner: Fastest

Fanout     Cap    Slew   Delay    Time   Description
-----------------------------------------------------------------------------
                          0.00    0.00   clock clk (rise edge)
                          0.00    0.00   clock source latency
                  0.05    0.03    0.03 ^ clk (in)
     1    0.01                           clk (net)
                  0.05    0.00    0.03 ^ clkbuf_0_clk/A (sky130_fd_sc_hd__clkbuf_16)
                  0.05    0.10    0.13 ^ clkbuf_0_clk/X (sky130_fd_sc_hd__clkbuf_16)
     4    0.04                           clknet_0_clk (net)
                  0.05    0.00    0.13 ^ clkbuf_2_3__f_clk/A (sky130_fd_sc_hd__clkbuf_16)
                  0.04    0.10    0.23 ^ clkbuf_2_3__f_clk/X (sky130_fd_sc_hd__clkbuf_16)
     9    0.03                           clknet_2_3__leaf_clk (net)
                  0.04    0.00    0.23 ^ _263_/CLK (sky130_fd_sc_hd__dfrtp_1)
                  0.06    0.25    0.48 v _263_/Q (sky130_fd_sc_hd__dfrtp_1)
     4    0.01                           baud_counter[1] (net)
                  0.06    0.00    0.48 v _146_/A (sky130_fd_sc_hd__nand2_1)
                  0.08    0.08    0.56 ^ _146_/Y (sky130_fd_sc_hd__nand2_1)
     3    0.01                           _039_ (net)
                  0.08    0.00    0.56 ^ _149_/B (sky130_fd_sc_hd__xnor2_1)
                  0.03    0.04    0.61 v _149_/Y (sky130_fd_sc_hd__xnor2_1)
     1    0.00                           _003_ (net)
                  0.03    0.00    0.61 v _264_/D (sky130_fd_sc_hd__dfrtp_1)
                                  0.61   data arrival time

                          0.00    0.00   clock clk (rise edge)
                          0.00    0.00   clock source latency
                  0.05    0.03    0.03 ^ clk (in)
     1    0.01                           clk (net)
                  0.05    0.00    0.03 ^ clkbuf_0_clk/A (sky130_fd_sc_hd__clkbuf_16)
                  0.05    0.11    0.15 ^ clkbuf_0_clk/X (sky130_fd_sc_hd__clkbuf_16)
     4    0.04                           clknet_0_clk (net)
                  0.05    0.00    0.15 ^ clkbuf_2_3__f_clk/A (sky130_fd_sc_hd__clkbuf_16)
                  0.04    0.11    0.25 ^ clkbuf_2_3__f_clk/X (sky130_fd_sc_hd__clkbuf_16)
     9    0.03                           clknet_2_3__leaf_clk (net)
                  0.04    0.00    0.25 ^ _264_/CLK (sky130_fd_sc_hd__dfrtp_1)
                          0.25    0.50   clock uncertainty
                         -0.02    0.48   clock reconvergence pessimism
                         -0.02    0.46   library hold time
                                  0.46   data required time
-----------------------------------------------------------------------------
                                  0.46   data required time
                                 -0.61   data arrival time
-----------------------------------------------------------------------------
                                  0.15   slack (MET)


Startpoint: _265_ (rising edge-triggered flip-flop clocked by clk)
Endpoint: _265_ (rising edge-triggered flip-flop clocked by clk)
Path Group: clk
Path Type: min
Corner: Fastest

Fanout     Cap    Slew   Delay    Time   Description
-----------------------------------------------------------------------------
                          0.00    0.00   clock clk (rise edge)
                          0.00    0.00   clock source latency
                  0.05    0.03    0.03 ^ clk (in)
     1    0.01                           clk (net)
                  0.05    0.00    0.03 ^ clkbuf_0_clk/A (sky130_fd_sc_hd__clkbuf_16)
                  0.05    0.10    0.13 ^ clkbuf_0_clk/X (sky130_fd_sc_hd__clkbuf_16)
     4    0.04                           clknet_0_clk (net)
                  0.05    0.00    0.13 ^ clkbuf_2_3__f_clk/A (sky130_fd_sc_hd__clkbuf_16)
                  0.04    0.10    0.23 ^ clkbuf_2_3__f_clk/X (sky130_fd_sc_hd__clkbuf_16)
     9    0.03                           clknet_2_3__leaf_clk (net)
                  0.04    0.00    0.23 ^ _265_/CLK (sky130_fd_sc_hd__dfrtp_1)
                  0.08    0.24    0.46 ^ _265_/Q (sky130_fd_sc_hd__dfrtp_1)
     3    0.01                           baud_counter[3] (net)
                  0.08    0.00    0.46 ^ _151_/A (sky130_fd_sc_hd__xor2_1)
                  0.04    0.06    0.52 v _151_/X (sky130_fd_sc_hd__xor2_1)
     1    0.01                           _042_ (net)
                  0.04    0.00    0.52 v _152_/B (sky130_fd_sc_hd__xnor2_1)
                  0.04    0.08    0.61 v _152_/Y (sky130_fd_sc_hd__xnor2_1)
     1    0.00                           _004_ (net)
                  0.04    0.00    0.61 v _265_/D (sky130_fd_sc_hd__dfrtp_1)
                                  0.61   data arrival time

                          0.00    0.00   clock clk (rise edge)
                          0.00    0.00   clock source latency
                  0.05    0.03    0.03 ^ clk (in)
     1    0.01                           clk (net)
                  0.05    0.00    0.03 ^ clkbuf_0_clk/A (sky130_fd_sc_hd__clkbuf_16)
                  0.05    0.11    0.15 ^ clkbuf_0_clk/X (sky130_fd_sc_hd__clkbuf_16)
     4    0.04                           clknet_0_clk (net)
                  0.05    0.00    0.15 ^ clkbuf_2_3__f_clk/A (sky130_fd_sc_hd__clkbuf_16)
                  0.04    0.11    0.25 ^ clkbuf_2_3__f_clk/X (sky130_fd_sc_hd__clkbuf_16)
     9    0.03                           clknet_2_3__leaf_clk (net)
                  0.04    0.00    0.25 ^ _265_/CLK (sky130_fd_sc_hd__dfrtp_1)
                          0.25    0.50   clock uncertainty
                         -0.02    0.48   clock reconvergence pessimism
                         -0.02    0.45   library hold time
                                  0.45   data required time
-----------------------------------------------------------------------------
                                  0.45   data required time
                                 -0.61   data arrival time
-----------------------------------------------------------------------------
                                  0.15   slack (MET)


Startpoint: _271_ (rising edge-triggered flip-flop clocked by clk)
Endpoint: _298_ (rising edge-triggered flip-flop clocked by clk)
Path Group: clk
Path Type: min
Corner: Fastest

Fanout     Cap    Slew   Delay    Time   Description
-----------------------------------------------------------------------------
                          0.00    0.00   clock clk (rise edge)
                          0.00    0.00   clock source latency
                  0.05    0.03    0.03 ^ clk (in)
     1    0.01                           clk (net)
                  0.05    0.00    0.03 ^ clkbuf_0_clk/A (sky130_fd_sc_hd__clkbuf_16)
                  0.05    0.10    0.13 ^ clkbuf_0_clk/X (sky130_fd_sc_hd__clkbuf_16)
     4    0.04                           clknet_0_clk (net)
                  0.05    0.00    0.13 ^ clkbuf_2_3__f_clk/A (sky130_fd_sc_hd__clkbuf_16)
                  0.04    0.10    0.23 ^ clkbuf_2_3__f_clk/X (sky130_fd_sc_hd__clkbuf_16)
     9    0.03                           clknet_2_3__leaf_clk (net)
                  0.04    0.00    0.23 ^ _271_/CLK (sky130_fd_sc_hd__dfrtp_1)
                  0.05    0.21    0.44 ^ _271_/Q (sky130_fd_sc_hd__dfrtp_1)
     2    0.00                           baud_counter[9] (net)
                  0.05    0.00    0.44 ^ _135_/B (sky130_fd_sc_hd__or3b_1)
                  0.03    0.06    0.50 ^ _135_/X (sky130_fd_sc_hd__or3b_1)
     1    0.00                           _124_ (net)
                  0.03    0.00    0.50 ^ _138_/B (sky130_fd_sc_hd__or4_1)
                  0.07    0.09    0.60 ^ _138_/X (sky130_fd_sc_hd__or4_1)
     3    0.01                           _127_ (net)
                  0.07    0.00    0.60 ^ _139_/B (sky130_fd_sc_hd__nor2_1)
                  0.03    0.03    0.62 v _139_/Y (sky130_fd_sc_hd__nor2_1)
     1    0.00                           _000_ (net)
                  0.03    0.00    0.62 v _298_/D (sky130_fd_sc_hd__dfrtp_1)
                                  0.62   data arrival time

                          0.00    0.00   clock clk (rise edge)
                          0.00    0.00   clock source latency
                  0.05    0.03    0.03 ^ clk (in)
     1    0.01                           clk (net)
                  0.05    0.00    0.03 ^ clkbuf_0_clk/A (sky130_fd_sc_hd__clkbuf_16)
                  0.05    0.11    0.15 ^ clkbuf_0_clk/X (sky130_fd_sc_hd__clkbuf_16)
     4    0.04                           clknet_0_clk (net)
                  0.05    0.00    0.15 ^ clkbuf_2_1__f_clk/A (sky130_fd_sc_hd__clkbuf_16)
                  0.04    0.11    0.25 ^ clkbuf_2_1__f_clk/X (sky130_fd_sc_hd__clkbuf_16)
    11    0.03                           clknet_2_1__leaf_clk (net)
                  0.04    0.00    0.25 ^ _298_/CLK (sky130_fd_sc_hd__dfrtp_1)
                          0.25    0.50   clock uncertainty
                         -0.01    0.49   clock reconvergence pessimism
                         -0.02    0.47   library hold time
                                  0.47   data required time
-----------------------------------------------------------------------------
                                  0.47   data required time
                                 -0.62   data arrival time
-----------------------------------------------------------------------------
                                  0.16   slack (MET)


Startpoint: _285_ (rising edge-triggered flip-flop clocked by clk)
Endpoint: _285_ (rising edge-triggered flip-flop clocked by clk)
Path Group: clk
Path Type: min
Corner: Fastest

Fanout     Cap    Slew   Delay    Time   Description
-----------------------------------------------------------------------------
                          0.00    0.00   clock clk (rise edge)
                          0.00    0.00   clock source latency
                  0.05    0.03    0.03 ^ clk (in)
     1    0.01                           clk (net)
                  0.05    0.00    0.03 ^ clkbuf_0_clk/A (sky130_fd_sc_hd__clkbuf_16)
                  0.05    0.10    0.13 ^ clkbuf_0_clk/X (sky130_fd_sc_hd__clkbuf_16)
     4    0.04                           clknet_0_clk (net)
                  0.05    0.00    0.13 ^ clkbuf_2_1__f_clk/A (sky130_fd_sc_hd__clkbuf_16)
                  0.04    0.10    0.23 ^ clkbuf_2_1__f_clk/X (sky130_fd_sc_hd__clkbuf_16)
    11    0.03                           clknet_2_1__leaf_clk (net)
                  0.04    0.00    0.23 ^ _285_/CLK (sky130_fd_sc_hd__dfrtp_1)
                  0.08    0.24    0.47 ^ _285_/Q (sky130_fd_sc_hd__dfrtp_1)
     4    0.01                           bit_count[1] (net)
                  0.08    0.00    0.47 ^ _222_/A2 (sky130_fd_sc_hd__a21oi_1)
                  0.03    0.05    0.52 v _222_/Y (sky130_fd_sc_hd__a21oi_1)
     1    0.00                           _093_ (net)
                  0.03    0.00    0.52 v _225_/B1 (sky130_fd_sc_hd__o22a_1)
                  0.03    0.10    0.61 v _225_/X (sky130_fd_sc_hd__o22a_1)
     1    0.00                           _024_ (net)
                  0.03    0.00    0.61 v _285_/D (sky130_fd_sc_hd__dfrtp_1)
                                  0.61   data arrival time

                          0.00    0.00   clock clk (rise edge)
                          0.00    0.00   clock source latency
                  0.05    0.03    0.03 ^ clk (in)
     1    0.01                           clk (net)
                  0.05    0.00    0.03 ^ clkbuf_0_clk/A (sky130_fd_sc_hd__clkbuf_16)
                  0.05    0.11    0.15 ^ clkbuf_0_clk/X (sky130_fd_sc_hd__clkbuf_16)
     4    0.04                           clknet_0_clk (net)
                  0.05    0.00    0.15 ^ clkbuf_2_1__f_clk/A (sky130_fd_sc_hd__clkbuf_16)
                  0.04    0.11    0.25 ^ clkbuf_2_1__f_clk/X (sky130_fd_sc_hd__clkbuf_16)
    11    0.03                           clknet_2_1__leaf_clk (net)
                  0.04    0.00    0.25 ^ _285_/CLK (sky130_fd_sc_hd__dfrtp_1)
                          0.25    0.50   clock uncertainty
                         -0.02    0.48   clock reconvergence pessimism
                         -0.02    0.46   library hold time
                                  0.46   data required time
-----------------------------------------------------------------------------
                                  0.46   data required time
                                 -0.61   data arrival time
-----------------------------------------------------------------------------
                                  0.16   slack (MET)


Startpoint: _277_ (rising edge-triggered flip-flop clocked by clk)
Endpoint: _277_ (rising edge-triggered flip-flop clocked by clk)
Path Group: clk
Path Type: min
Corner: Fastest

Fanout     Cap    Slew   Delay    Time   Description
-----------------------------------------------------------------------------
                          0.00    0.00   clock clk (rise edge)
                          0.00    0.00   clock source latency
                  0.05    0.03    0.03 ^ clk (in)
     1    0.01                           clk (net)
                  0.05    0.00    0.03 ^ clkbuf_0_clk/A (sky130_fd_sc_hd__clkbuf_16)
                  0.05    0.10    0.13 ^ clkbuf_0_clk/X (sky130_fd_sc_hd__clkbuf_16)
     4    0.04                           clknet_0_clk (net)
                  0.05    0.00    0.13 ^ clkbuf_2_2__f_clk/A (sky130_fd_sc_hd__clkbuf_16)
                  0.04    0.09    0.22 ^ clkbuf_2_2__f_clk/X (sky130_fd_sc_hd__clkbuf_16)
     8    0.02                           clknet_2_2__leaf_clk (net)
                  0.04    0.00    0.22 ^ _277_/CLK (sky130_fd_sc_hd__dfrtp_1)
                  0.08    0.24    0.46 ^ _277_/Q (sky130_fd_sc_hd__dfrtp_1)
     4    0.01                           idle_counter[3] (net)
                  0.08    0.00    0.46 ^ _194_/B1 (sky130_fd_sc_hd__a31o_1)
                  0.03    0.06    0.52 ^ _194_/X (sky130_fd_sc_hd__a31o_1)
     1    0.00                           _073_ (net)
                  0.03    0.00    0.52 ^ _197_/A2 (sky130_fd_sc_hd__a32o_1)
                  0.03    0.09    0.61 ^ _197_/X (sky130_fd_sc_hd__a32o_1)
     1    0.00                           _016_ (net)
                  0.03    0.00    0.61 ^ _277_/D (sky130_fd_sc_hd__dfrtp_1)
                                  0.61   data arrival time

                          0.00    0.00   clock clk (rise edge)
                          0.00    0.00   clock source latency
                  0.05    0.03    0.03 ^ clk (in)
     1    0.01                           clk (net)
                  0.05    0.00    0.03 ^ clkbuf_0_clk/A (sky130_fd_sc_hd__clkbuf_16)
                  0.05    0.11    0.15 ^ clkbuf_0_clk/X (sky130_fd_sc_hd__clkbuf_16)
     4    0.04                           clknet_0_clk (net)
                  0.05    0.00    0.15 ^ clkbuf_2_2__f_clk/A (sky130_fd_sc_hd__clkbuf_16)
                  0.04    0.10    0.25 ^ clkbuf_2_2__f_clk/X (sky130_fd_sc_hd__clkbuf_16)
     8    0.02                           clknet_2_2__leaf_clk (net)
                  0.04    0.00    0.25 ^ _277_/CLK (sky130_fd_sc_hd__dfrtp_1)
                          0.25    0.50   clock uncertainty
                         -0.02    0.47   clock reconvergence pessimism
                         -0.02    0.45   library hold time
                                  0.45   data required time
-----------------------------------------------------------------------------
                                  0.45   data required time
                                 -0.61   data arrival time
-----------------------------------------------------------------------------
                                  0.16   slack (MET)


Startpoint: _267_ (rising edge-triggered flip-flop clocked by clk)
Endpoint: _267_ (rising edge-triggered flip-flop clocked by clk)
Path Group: clk
Path Type: min
Corner: Fastest

Fanout     Cap    Slew   Delay    Time   Description
-----------------------------------------------------------------------------
                          0.00    0.00   clock clk (rise edge)
                          0.00    0.00   clock source latency
                  0.05    0.03    0.03 ^ clk (in)
     1    0.01                           clk (net)
                  0.05    0.00    0.03 ^ clkbuf_0_clk/A (sky130_fd_sc_hd__clkbuf_16)
                  0.05    0.10    0.13 ^ clkbuf_0_clk/X (sky130_fd_sc_hd__clkbuf_16)
     4    0.04                           clknet_0_clk (net)
                  0.05    0.00    0.13 ^ clkbuf_2_1__f_clk/A (sky130_fd_sc_hd__clkbuf_16)
                  0.04    0.10    0.23 ^ clkbuf_2_1__f_clk/X (sky130_fd_sc_hd__clkbuf_16)
    11    0.03                           clknet_2_1__leaf_clk (net)
                  0.04    0.00    0.23 ^ _267_/CLK (sky130_fd_sc_hd__dfrtp_1)
                  0.09    0.25    0.47 ^ _267_/Q (sky130_fd_sc_hd__dfrtp_1)
     4    0.01                           baud_counter[5] (net)
                  0.09    0.00    0.47 ^ _158_/B1 (sky130_fd_sc_hd__a21o_1)
                  0.03    0.05    0.53 ^ _158_/X (sky130_fd_sc_hd__a21o_1)
     1    0.00                           _047_ (net)
                  0.03    0.00    0.53 ^ _160_/A2 (sky130_fd_sc_hd__a32o_1)
                  0.03    0.09    0.62 ^ _160_/X (sky130_fd_sc_hd__a32o_1)
     1    0.00                           _006_ (net)
                  0.03    0.00    0.62 ^ _267_/D (sky130_fd_sc_hd__dfrtp_1)
                                  0.62   data arrival time

                          0.00    0.00   clock clk (rise edge)
                          0.00    0.00   clock source latency
                  0.05    0.03    0.03 ^ clk (in)
     1    0.01                           clk (net)
                  0.05    0.00    0.03 ^ clkbuf_0_clk/A (sky130_fd_sc_hd__clkbuf_16)
                  0.05    0.11    0.15 ^ clkbuf_0_clk/X (sky130_fd_sc_hd__clkbuf_16)
     4    0.04                           clknet_0_clk (net)
                  0.05    0.00    0.15 ^ clkbuf_2_1__f_clk/A (sky130_fd_sc_hd__clkbuf_16)
                  0.04    0.11    0.25 ^ clkbuf_2_1__f_clk/X (sky130_fd_sc_hd__clkbuf_16)
    11    0.03                           clknet_2_1__leaf_clk (net)
                  0.04    0.00    0.25 ^ _267_/CLK (sky130_fd_sc_hd__dfrtp_1)
                          0.25    0.50   clock uncertainty
                         -0.02    0.48   clock reconvergence pessimism
                         -0.02    0.46   library hold time
                                  0.46   data required time
-----------------------------------------------------------------------------
                                  0.46   data required time
                                 -0.62   data arrival time
-----------------------------------------------------------------------------
                                  0.16   slack (MET)


Startpoint: _270_ (rising edge-triggered flip-flop clocked by clk)
Endpoint: _270_ (rising edge-triggered flip-flop clocked by clk)
Path Group: clk
Path Type: min
Corner: Fastest

Fanout     Cap    Slew   Delay    Time   Description
-----------------------------------------------------------------------------
                          0.00    0.00   clock clk (rise edge)
                          0.00    0.00   clock source latency
                  0.05    0.03    0.03 ^ clk (in)
     1    0.01                           clk (net)
                  0.05    0.00    0.03 ^ clkbuf_0_clk/A (sky130_fd_sc_hd__clkbuf_16)
                  0.05    0.10    0.13 ^ clkbuf_0_clk/X (sky130_fd_sc_hd__clkbuf_16)
     4    0.04                           clknet_0_clk (net)
                  0.05    0.00    0.13 ^ clkbuf_2_1__f_clk/A (sky130_fd_sc_hd__clkbuf_16)
                  0.04    0.10    0.23 ^ clkbuf_2_1__f_clk/X (sky130_fd_sc_hd__clkbuf_16)
    11    0.03                           clknet_2_1__leaf_clk (net)
                  0.04    0.00    0.23 ^ _270_/CLK (sky130_fd_sc_hd__dfrtp_1)
                  0.09    0.24    0.47 ^ _270_/Q (sky130_fd_sc_hd__dfrtp_1)
     3    0.01                           baud_counter[8] (net)
                  0.09    0.00    0.47 ^ _166_/B1 (sky130_fd_sc_hd__a21o_1)
                  0.03    0.05    0.53 ^ _166_/X (sky130_fd_sc_hd__a21o_1)
     1    0.00                           _052_ (net)
                  0.03    0.00    0.53 ^ _169_/A2 (sky130_fd_sc_hd__a32o_1)
                  0.04    0.09    0.62 ^ _169_/X (sky130_fd_sc_hd__a32o_1)
     1    0.00                           _009_ (net)
                  0.04    0.00    0.62 ^ _270_/D (sky130_fd_sc_hd__dfrtp_1)
                                  0.62   data arrival time

                          0.00    0.00   clock clk (rise edge)
                          0.00    0.00   clock source latency
                  0.05    0.03    0.03 ^ clk (in)
     1    0.01                           clk (net)
                  0.05    0.00    0.03 ^ clkbuf_0_clk/A (sky130_fd_sc_hd__clkbuf_16)
                  0.05    0.11    0.15 ^ clkbuf_0_clk/X (sky130_fd_sc_hd__clkbuf_16)
     4    0.04                           clknet_0_clk (net)
                  0.05    0.00    0.15 ^ clkbuf_2_1__f_clk/A (sky130_fd_sc_hd__clkbuf_16)
                  0.04    0.11    0.25 ^ clkbuf_2_1__f_clk/X (sky130_fd_sc_hd__clkbuf_16)
    11    0.03                           clknet_2_1__leaf_clk (net)
                  0.04    0.00    0.25 ^ _270_/CLK (sky130_fd_sc_hd__dfrtp_1)
                          0.25    0.50   clock uncertainty
                         -0.02    0.48   clock reconvergence pessimism
                         -0.02    0.46   library hold time
                                  0.46   data required time
-----------------------------------------------------------------------------
                                  0.46   data required time
                                 -0.62   data arrival time
-----------------------------------------------------------------------------
                                  0.16   slack (MET)


Startpoint: _286_ (rising edge-triggered flip-flop clocked by clk)
Endpoint: _286_ (rising edge-triggered flip-flop clocked by clk)
Path Group: clk
Path Type: min
Corner: Fastest

Fanout     Cap    Slew   Delay    Time   Description
-----------------------------------------------------------------------------
                          0.00    0.00   clock clk (rise edge)
                          0.00    0.00   clock source latency
                  0.05    0.03    0.03 ^ clk (in)
     1    0.01                           clk (net)
                  0.05    0.00    0.03 ^ clkbuf_0_clk/A (sky130_fd_sc_hd__clkbuf_16)
                  0.05    0.10    0.13 ^ clkbuf_0_clk/X (sky130_fd_sc_hd__clkbuf_16)
     4    0.04                           clknet_0_clk (net)
                  0.05    0.00    0.13 ^ clkbuf_2_1__f_clk/A (sky130_fd_sc_hd__clkbuf_16)
                  0.04    0.10    0.23 ^ clkbuf_2_1__f_clk/X (sky130_fd_sc_hd__clkbuf_16)
    11    0.03                           clknet_2_1__leaf_clk (net)
                  0.04    0.00    0.23 ^ _286_/CLK (sky130_fd_sc_hd__dfrtp_1)
                  0.05    0.22    0.45 ^ _286_/Q (sky130_fd_sc_hd__dfrtp_1)
     2    0.01                           bit_count[2] (net)
                  0.05    0.00    0.45 ^ _228_/B1 (sky130_fd_sc_hd__a31o_1)
                  0.03    0.05    0.50 ^ _228_/X (sky130_fd_sc_hd__a31o_1)
     1    0.00                           _098_ (net)
                  0.03    0.00    0.50 ^ _229_/B (sky130_fd_sc_hd__and2_1)
                  0.04    0.07    0.57 ^ _229_/X (sky130_fd_sc_hd__and2_1)
     1    0.00                           _099_ (net)
                  0.04    0.00    0.57 ^ _230_/A (sky130_fd_sc_hd__clkbuf_1)
                  0.03    0.05    0.62 ^ _230_/X (sky130_fd_sc_hd__clkbuf_1)
     1    0.00                           _025_ (net)
                  0.03    0.00    0.62 ^ _286_/D (sky130_fd_sc_hd__dfrtp_1)
                                  0.62   data arrival time

                          0.00    0.00   clock clk (rise edge)
                          0.00    0.00   clock source latency
                  0.05    0.03    0.03 ^ clk (in)
     1    0.01                           clk (net)
                  0.05    0.00    0.03 ^ clkbuf_0_clk/A (sky130_fd_sc_hd__clkbuf_16)
                  0.05    0.11    0.15 ^ clkbuf_0_clk/X (sky130_fd_sc_hd__clkbuf_16)
     4    0.04                           clknet_0_clk (net)
                  0.05    0.00    0.15 ^ clkbuf_2_1__f_clk/A (sky130_fd_sc_hd__clkbuf_16)
                  0.04    0.11    0.25 ^ clkbuf_2_1__f_clk/X (sky130_fd_sc_hd__clkbuf_16)
    11    0.03                           clknet_2_1__leaf_clk (net)
                  0.04    0.00    0.25 ^ _286_/CLK (sky130_fd_sc_hd__dfrtp_1)
                          0.25    0.50   clock uncertainty
                         -0.02    0.48   clock reconvergence pessimism
                         -0.02    0.46   library hold time
                                  0.46   data required time
-----------------------------------------------------------------------------
                                  0.46   data required time
                                 -0.62   data arrival time
-----------------------------------------------------------------------------
                                  0.17   slack (MET)


Startpoint: _280_ (rising edge-triggered flip-flop clocked by clk)
Endpoint: _280_ (rising edge-triggered flip-flop clocked by clk)
Path Group: clk
Path Type: min
Corner: Fastest

Fanout     Cap    Slew   Delay    Time   Description
-----------------------------------------------------------------------------
                          0.00    0.00   clock clk (rise edge)
                          0.00    0.00   clock source latency
                  0.05    0.03    0.03 ^ clk (in)
     1    0.01                           clk (net)
                  0.05    0.00    0.03 ^ clkbuf_0_clk/A (sky130_fd_sc_hd__clkbuf_16)
                  0.05    0.10    0.13 ^ clkbuf_0_clk/X (sky130_fd_sc_hd__clkbuf_16)
     4    0.04                           clknet_0_clk (net)
                  0.05    0.00    0.13 ^ clkbuf_2_3__f_clk/A (sky130_fd_sc_hd__clkbuf_16)
                  0.04    0.10    0.23 ^ clkbuf_2_3__f_clk/X (sky130_fd_sc_hd__clkbuf_16)
     9    0.03                           clknet_2_3__leaf_clk (net)
                  0.04    0.00    0.23 ^ _280_/CLK (sky130_fd_sc_hd__dfrtp_1)
                  0.07    0.26    0.49 v _280_/Q (sky130_fd_sc_hd__dfrtp_1)
     5    0.01                           idle_counter[6] (net)
                  0.07    0.00    0.49 v _206_/A (sky130_fd_sc_hd__nand2_1)
                  0.03    0.04    0.53 ^ _206_/Y (sky130_fd_sc_hd__nand2_1)
     1    0.00                           _082_ (net)
                  0.03    0.00    0.53 ^ _207_/A3 (sky130_fd_sc_hd__a32o_1)
                  0.03    0.09    0.62 ^ _207_/X (sky130_fd_sc_hd__a32o_1)
     1    0.00                           _019_ (net)
                  0.03    0.00    0.62 ^ _280_/D (sky130_fd_sc_hd__dfrtp_1)
                                  0.62   data arrival time

                          0.00    0.00   clock clk (rise edge)
                          0.00    0.00   clock source latency
                  0.05    0.03    0.03 ^ clk (in)
     1    0.01                           clk (net)
                  0.05    0.00    0.03 ^ clkbuf_0_clk/A (sky130_fd_sc_hd__clkbuf_16)
                  0.05    0.11    0.15 ^ clkbuf_0_clk/X (sky130_fd_sc_hd__clkbuf_16)
     4    0.04                           clknet_0_clk (net)
                  0.05    0.00    0.15 ^ clkbuf_2_3__f_clk/A (sky130_fd_sc_hd__clkbuf_16)
                  0.04    0.11    0.25 ^ clkbuf_2_3__f_clk/X (sky130_fd_sc_hd__clkbuf_16)
     9    0.03                           clknet_2_3__leaf_clk (net)
                  0.04    0.00    0.25 ^ _280_/CLK (sky130_fd_sc_hd__dfrtp_1)
                          0.25    0.50   clock uncertainty
                         -0.02    0.48   clock reconvergence pessimism
                         -0.02    0.46   library hold time
                                  0.46   data required time
-----------------------------------------------------------------------------
                                  0.46   data required time
                                 -0.62   data arrival time
-----------------------------------------------------------------------------
                                  0.17   slack (MET)


Startpoint: _279_ (rising edge-triggered flip-flop clocked by clk)
Endpoint: _279_ (rising edge-triggered flip-flop clocked by clk)
Path Group: clk
Path Type: min
Corner: Fastest

Fanout     Cap    Slew   Delay    Time   Description
-----------------------------------------------------------------------------
                          0.00    0.00   clock clk (rise edge)
                          0.00    0.00   clock source latency
                  0.05    0.03    0.03 ^ clk (in)
     1    0.01                           clk (net)
                  0.05    0.00    0.03 ^ clkbuf_0_clk/A (sky130_fd_sc_hd__clkbuf_16)
                  0.05    0.10    0.13 ^ clkbuf_0_clk/X (sky130_fd_sc_hd__clkbuf_16)
     4    0.04                           clknet_0_clk (net)
                  0.05    0.00    0.13 ^ clkbuf_2_3__f_clk/A (sky130_fd_sc_hd__clkbuf_16)
                  0.04    0.10    0.23 ^ clkbuf_2_3__f_clk/X (sky130_fd_sc_hd__clkbuf_16)
     9    0.03                           clknet_2_3__leaf_clk (net)
                  0.04    0.00    0.23 ^ _279_/CLK (sky130_fd_sc_hd__dfrtp_1)
                  0.09    0.24    0.47 ^ _279_/Q (sky130_fd_sc_hd__dfrtp_1)
     4    0.01                           idle_counter[5] (net)
                  0.09    0.00    0.47 ^ _201_/A (sky130_fd_sc_hd__inv_2)
                  0.02    0.02    0.49 v _201_/Y (sky130_fd_sc_hd__inv_2)
     1    0.00                           _078_ (net)
                  0.02    0.00    0.49 v _203_/A1 (sky130_fd_sc_hd__a21oi_1)
                  0.05    0.07    0.56 ^ _203_/Y (sky130_fd_sc_hd__a21oi_1)
     1    0.00                           _080_ (net)
                  0.05    0.00    0.56 ^ _204_/B2 (sky130_fd_sc_hd__a22o_1)
                  0.03    0.07    0.63 ^ _204_/X (sky130_fd_sc_hd__a22o_1)
     1    0.00                           _018_ (net)
                  0.03    0.00    0.63 ^ _279_/D (sky130_fd_sc_hd__dfrtp_1)
                                  0.63   data arrival time

                          0.00    0.00   clock clk (rise edge)
                          0.00    0.00   clock source latency
                  0.05    0.03    0.03 ^ clk (in)
     1    0.01                           clk (net)
                  0.05    0.00    0.03 ^ clkbuf_0_clk/A (sky130_fd_sc_hd__clkbuf_16)
                  0.05    0.11    0.15 ^ clkbuf_0_clk/X (sky130_fd_sc_hd__clkbuf_16)
     4    0.04                           clknet_0_clk (net)
                  0.05    0.00    0.15 ^ clkbuf_2_3__f_clk/A (sky130_fd_sc_hd__clkbuf_16)
                  0.04    0.11    0.25 ^ clkbuf_2_3__f_clk/X (sky130_fd_sc_hd__clkbuf_16)
     9    0.03                           clknet_2_3__leaf_clk (net)
                  0.04    0.00    0.25 ^ _279_/CLK (sky130_fd_sc_hd__dfrtp_1)
                          0.25    0.50   clock uncertainty
                         -0.02    0.48   clock reconvergence pessimism
                         -0.02    0.46   library hold time
                                  0.46   data required time
-----------------------------------------------------------------------------
                                  0.46   data required time
                                 -0.63   data arrival time
-----------------------------------------------------------------------------
                                  0.17   slack (MET)


Startpoint: _287_ (rising edge-triggered flip-flop clocked by clk)
Endpoint: _287_ (rising edge-triggered flip-flop clocked by clk)
Path Group: clk
Path Type: min
Corner: Fastest

Fanout     Cap    Slew   Delay    Time   Description
-----------------------------------------------------------------------------
                          0.00    0.00   clock clk (rise edge)
                          0.00    0.00   clock source latency
                  0.05    0.03    0.03 ^ clk (in)
     1    0.01                           clk (net)
                  0.05    0.00    0.03 ^ clkbuf_0_clk/A (sky130_fd_sc_hd__clkbuf_16)
                  0.05    0.10    0.13 ^ clkbuf_0_clk/X (sky130_fd_sc_hd__clkbuf_16)
     4    0.04                           clknet_0_clk (net)
                  0.05    0.00    0.13 ^ clkbuf_2_0__f_clk/A (sky130_fd_sc_hd__clkbuf_16)
                  0.04    0.09    0.23 ^ clkbuf_2_0__f_clk/X (sky130_fd_sc_hd__clkbuf_16)
     9    0.03                           clknet_2_0__leaf_clk (net)
                  0.04    0.00    0.23 ^ _287_/CLK (sky130_fd_sc_hd__dfrtp_1)
                  0.05    0.21    0.44 ^ _287_/Q (sky130_fd_sc_hd__dfrtp_1)
     2    0.01                           bit_count[3] (net)
                  0.05    0.00    0.44 ^ _231_/A (sky130_fd_sc_hd__or3b_1)
                  0.05    0.08    0.52 ^ _231_/X (sky130_fd_sc_hd__or3b_1)
     2    0.01                           _100_ (net)
                  0.05    0.00    0.52 ^ _232_/A2_N (sky130_fd_sc_hd__a2bb2o_1)
                  0.03    0.12    0.63 v _232_/X (sky130_fd_sc_hd__a2bb2o_1)
     1    0.00                           _026_ (net)
                  0.03    0.00    0.63 v _287_/D (sky130_fd_sc_hd__dfrtp_1)
                                  0.63   data arrival time

                          0.00    0.00   clock clk (rise edge)
                          0.00    0.00   clock source latency
                  0.05    0.03    0.03 ^ clk (in)
     1    0.01                           clk (net)
                  0.05    0.00    0.03 ^ clkbuf_0_clk/A (sky130_fd_sc_hd__clkbuf_16)
                  0.05    0.11    0.15 ^ clkbuf_0_clk/X (sky130_fd_sc_hd__clkbuf_16)
     4    0.04                           clknet_0_clk (net)
                  0.05    0.00    0.15 ^ clkbuf_2_0__f_clk/A (sky130_fd_sc_hd__clkbuf_16)
                  0.04    0.10    0.25 ^ clkbuf_2_0__f_clk/X (sky130_fd_sc_hd__clkbuf_16)
     9    0.03                           clknet_2_0__leaf_clk (net)
                  0.04    0.00    0.25 ^ _287_/CLK (sky130_fd_sc_hd__dfrtp_1)
                          0.25    0.50   clock uncertainty
                         -0.02    0.48   clock reconvergence pessimism
                         -0.02    0.45   library hold time
                                  0.45   data required time
-----------------------------------------------------------------------------
                                  0.45   data required time
                                 -0.63   data arrival time
-----------------------------------------------------------------------------
                                  0.18   slack (MET)


Startpoint: _278_ (rising edge-triggered flip-flop clocked by clk)
Endpoint: _278_ (rising edge-triggered flip-flop clocked by clk)
Path Group: clk
Path Type: min
Corner: Fastest

Fanout     Cap    Slew   Delay    Time   Description
-----------------------------------------------------------------------------
                          0.00    0.00   clock clk (rise edge)
                          0.00    0.00   clock source latency
                  0.05    0.03    0.03 ^ clk (in)
     1    0.01                           clk (net)
                  0.05    0.00    0.03 ^ clkbuf_0_clk/A (sky130_fd_sc_hd__clkbuf_16)
                  0.05    0.10    0.13 ^ clkbuf_0_clk/X (sky130_fd_sc_hd__clkbuf_16)
     4    0.04                           clknet_0_clk (net)
                  0.05    0.00    0.13 ^ clkbuf_2_3__f_clk/A (sky130_fd_sc_hd__clkbuf_16)
                  0.04    0.10    0.23 ^ clkbuf_2_3__f_clk/X (sky130_fd_sc_hd__clkbuf_16)
     9    0.03                           clknet_2_3__leaf_clk (net)
                  0.04    0.00    0.23 ^ _278_/CLK (sky130_fd_sc_hd__dfrtp_1)
                  0.09    0.25    0.47 ^ _278_/Q (sky130_fd_sc_hd__dfrtp_1)
     5    0.01                           idle_counter[4] (net)
                  0.09    0.00    0.47 ^ _198_/A (sky130_fd_sc_hd__or2_1)
                  0.03    0.07    0.55 ^ _198_/X (sky130_fd_sc_hd__or2_1)
     1    0.00                           _076_ (net)
                  0.03    0.00    0.55 ^ _200_/A2 (sky130_fd_sc_hd__a32o_1)
                  0.03    0.09    0.64 ^ _200_/X (sky130_fd_sc_hd__a32o_1)
     1    0.00                           _017_ (net)
                  0.03    0.00    0.64 ^ _278_/D (sky130_fd_sc_hd__dfrtp_1)
                                  0.64   data arrival time

                          0.00    0.00   clock clk (rise edge)
                          0.00    0.00   clock source latency
                  0.05    0.03    0.03 ^ clk (in)
     1    0.01                           clk (net)
                  0.05    0.00    0.03 ^ clkbuf_0_clk/A (sky130_fd_sc_hd__clkbuf_16)
                  0.05    0.11    0.15 ^ clkbuf_0_clk/X (sky130_fd_sc_hd__clkbuf_16)
     4    0.04                           clknet_0_clk (net)
                  0.05    0.00    0.15 ^ clkbuf_2_3__f_clk/A (sky130_fd_sc_hd__clkbuf_16)
                  0.04    0.11    0.25 ^ clkbuf_2_3__f_clk/X (sky130_fd_sc_hd__clkbuf_16)
     9    0.03                           clknet_2_3__leaf_clk (net)
                  0.04    0.00    0.25 ^ _278_/CLK (sky130_fd_sc_hd__dfrtp_1)
                          0.25    0.50   clock uncertainty
                         -0.02    0.48   clock reconvergence pessimism
                         -0.02    0.46   library hold time
                                  0.46   data required time
-----------------------------------------------------------------------------
                                  0.46   data required time
                                 -0.64   data arrival time
-----------------------------------------------------------------------------
                                  0.18   slack (MET)


Startpoint: _266_ (rising edge-triggered flip-flop clocked by clk)
Endpoint: _266_ (rising edge-triggered flip-flop clocked by clk)
Path Group: clk
Path Type: min
Corner: Fastest

Fanout     Cap    Slew   Delay    Time   Description
-----------------------------------------------------------------------------
                          0.00    0.00   clock clk (rise edge)
                          0.00    0.00   clock source latency
                  0.05    0.03    0.03 ^ clk (in)
     1    0.01                           clk (net)
                  0.05    0.00    0.03 ^ clkbuf_0_clk/A (sky130_fd_sc_hd__clkbuf_16)
                  0.05    0.10    0.13 ^ clkbuf_0_clk/X (sky130_fd_sc_hd__clkbuf_16)
     4    0.04                           clknet_0_clk (net)
                  0.05    0.00    0.13 ^ clkbuf_2_1__f_clk/A (sky130_fd_sc_hd__clkbuf_16)
                  0.04    0.10    0.23 ^ clkbuf_2_1__f_clk/X (sky130_fd_sc_hd__clkbuf_16)
    11    0.03                           clknet_2_1__leaf_clk (net)
                  0.04    0.00    0.23 ^ _266_/CLK (sky130_fd_sc_hd__dfrtp_1)
                  0.08    0.27    0.50 v _266_/Q (sky130_fd_sc_hd__dfrtp_1)
     6    0.02                           baud_counter[4] (net)
                  0.08    0.00    0.50 v _156_/A (sky130_fd_sc_hd__nand2_1)
                  0.04    0.05    0.55 ^ _156_/Y (sky130_fd_sc_hd__nand2_1)
     1    0.00                           _046_ (net)
                  0.04    0.00    0.55 ^ _157_/A3 (sky130_fd_sc_hd__a32o_1)
                  0.04    0.10    0.65 ^ _157_/X (sky130_fd_sc_hd__a32o_1)
     1    0.00                           _005_ (net)
                  0.04    0.00    0.65 ^ _266_/D (sky130_fd_sc_hd__dfrtp_1)
                                  0.65   data arrival time

                          0.00    0.00   clock clk (rise edge)
                          0.00    0.00   clock source latency
                  0.05    0.03    0.03 ^ clk (in)
     1    0.01                           clk (net)
                  0.05    0.00    0.03 ^ clkbuf_0_clk/A (sky130_fd_sc_hd__clkbuf_16)
                  0.05    0.11    0.15 ^ clkbuf_0_clk/X (sky130_fd_sc_hd__clkbuf_16)
     4    0.04                           clknet_0_clk (net)
                  0.05    0.00    0.15 ^ clkbuf_2_1__f_clk/A (sky130_fd_sc_hd__clkbuf_16)
                  0.04    0.11    0.25 ^ clkbuf_2_1__f_clk/X (sky130_fd_sc_hd__clkbuf_16)
    11    0.03                           clknet_2_1__leaf_clk (net)
                  0.04    0.00    0.25 ^ _266_/CLK (sky130_fd_sc_hd__dfrtp_1)
                          0.25    0.50   clock uncertainty
                         -0.02    0.48   clock reconvergence pessimism
                         -0.02    0.46   library hold time
                                  0.46   data required time
-----------------------------------------------------------------------------
                                  0.46   data required time
                                 -0.65   data arrival time
-----------------------------------------------------------------------------
                                  0.20   slack (MET)


Startpoint: _272_ (rising edge-triggered flip-flop clocked by clk)
Endpoint: _282_ (rising edge-triggered flip-flop clocked by clk)
Path Group: clk
Path Type: min
Corner: Fastest

Fanout     Cap    Slew   Delay    Time   Description
-----------------------------------------------------------------------------
                          0.00    0.00   clock clk (rise edge)
                          0.00    0.00   clock source latency
                  0.05    0.03    0.03 ^ clk (in)
     1    0.01                           clk (net)
                  0.05    0.00    0.03 ^ clkbuf_0_clk/A (sky130_fd_sc_hd__clkbuf_16)
                  0.05    0.10    0.13 ^ clkbuf_0_clk/X (sky130_fd_sc_hd__clkbuf_16)
     4    0.04                           clknet_0_clk (net)
                  0.05    0.00    0.13 ^ clkbuf_2_2__f_clk/A (sky130_fd_sc_hd__clkbuf_16)
                  0.04    0.09    0.22 ^ clkbuf_2_2__f_clk/X (sky130_fd_sc_hd__clkbuf_16)
     8    0.02                           clknet_2_2__leaf_clk (net)
                  0.04    0.00    0.22 ^ _272_/CLK (sky130_fd_sc_hd__dfrtp_1)
                  0.07    0.23    0.45 ^ _272_/Q (sky130_fd_sc_hd__dfrtp_1)
     4    0.01                           sleep_pending (net)
                  0.07    0.00    0.45 ^ _184_/C (sky130_fd_sc_hd__and3b_1)
                  0.08    0.14    0.59 ^ _184_/X (sky130_fd_sc_hd__and3b_1)
     3    0.01                           _065_ (net)
                  0.08    0.00    0.59 ^ _212_/B1 (sky130_fd_sc_hd__o21a_1)
                  0.03    0.06    0.65 ^ _212_/X (sky130_fd_sc_hd__o21a_1)
     1    0.00                           _021_ (net)
                  0.03    0.00    0.65 ^ _282_/D (sky130_fd_sc_hd__dfrtp_1)
                                  0.65   data arrival time

                          0.00    0.00   clock clk (rise edge)
                          0.00    0.00   clock source latency
                  0.05    0.03    0.03 ^ clk (in)
     1    0.01                           clk (net)
                  0.05    0.00    0.03 ^ clkbuf_0_clk/A (sky130_fd_sc_hd__clkbuf_16)
                  0.05    0.11    0.15 ^ clkbuf_0_clk/X (sky130_fd_sc_hd__clkbuf_16)
     4    0.04                           clknet_0_clk (net)
                  0.05    0.00    0.15 ^ clkbuf_2_2__f_clk/A (sky130_fd_sc_hd__clkbuf_16)
                  0.04    0.10    0.25 ^ clkbuf_2_2__f_clk/X (sky130_fd_sc_hd__clkbuf_16)
     8    0.02                           clknet_2_2__leaf_clk (net)
                  0.04    0.00    0.25 ^ _282_/CLK (sky130_fd_sc_hd__dfrtp_1)
                          0.25    0.50   clock uncertainty
                         -0.02    0.47   clock reconvergence pessimism
                         -0.02    0.45   library hold time
                                  0.45   data required time
-----------------------------------------------------------------------------
                                  0.45   data required time
                                 -0.65   data arrival time
-----------------------------------------------------------------------------
                                  0.20   slack (MET)


Startpoint: _275_ (rising edge-triggered flip-flop clocked by clk)
Endpoint: _275_ (rising edge-triggered flip-flop clocked by clk)
Path Group: clk
Path Type: min
Corner: Fastest

Fanout     Cap    Slew   Delay    Time   Description
-----------------------------------------------------------------------------
                          0.00    0.00   clock clk (rise edge)
                          0.00    0.00   clock source latency
                  0.05    0.03    0.03 ^ clk (in)
     1    0.01                           clk (net)
                  0.05    0.00    0.03 ^ clkbuf_0_clk/A (sky130_fd_sc_hd__clkbuf_16)
                  0.05    0.10    0.13 ^ clkbuf_0_clk/X (sky130_fd_sc_hd__clkbuf_16)
     4    0.04                           clknet_0_clk (net)
                  0.05    0.00    0.13 ^ clkbuf_2_2__f_clk/A (sky130_fd_sc_hd__clkbuf_16)
                  0.04    0.09    0.22 ^ clkbuf_2_2__f_clk/X (sky130_fd_sc_hd__clkbuf_16)
     8    0.02                           clknet_2_2__leaf_clk (net)
                  0.04    0.00    0.22 ^ _275_/CLK (sky130_fd_sc_hd__dfrtp_2)
                  0.08    0.25    0.48 ^ _275_/Q (sky130_fd_sc_hd__dfrtp_2)
     6    0.02                           idle_counter[1] (net)
                  0.08    0.00    0.48 ^ _185_/A (sky130_fd_sc_hd__nand3_1)
                  0.04    0.05    0.52 v _185_/Y (sky130_fd_sc_hd__nand3_1)
     1    0.00                           _066_ (net)
                  0.04    0.00    0.52 v _187_/B (sky130_fd_sc_hd__and3_1)
                  0.02    0.09    0.62 v _187_/X (sky130_fd_sc_hd__and3_1)
     1    0.00                           _068_ (net)
                  0.02    0.00    0.62 v _188_/A (sky130_fd_sc_hd__clkbuf_1)
                  0.02    0.05    0.67 v _188_/X (sky130_fd_sc_hd__clkbuf_1)
     1    0.00                           _014_ (net)
                  0.02    0.00    0.67 v _275_/D (sky130_fd_sc_hd__dfrtp_2)
                                  0.67   data arrival time

                          0.00    0.00   clock clk (rise edge)
                          0.00    0.00   clock source latency
                  0.05    0.03    0.03 ^ clk (in)
     1    0.01                           clk (net)
                  0.05    0.00    0.03 ^ clkbuf_0_clk/A (sky130_fd_sc_hd__clkbuf_16)
                  0.05    0.11    0.15 ^ clkbuf_0_clk/X (sky130_fd_sc_hd__clkbuf_16)
     4    0.04                           clknet_0_clk (net)
                  0.05    0.00    0.15 ^ clkbuf_2_2__f_clk/A (sky130_fd_sc_hd__clkbuf_16)
                  0.04    0.10    0.25 ^ clkbuf_2_2__f_clk/X (sky130_fd_sc_hd__clkbuf_16)
     8    0.02                           clknet_2_2__leaf_clk (net)
                  0.04    0.00    0.25 ^ _275_/CLK (sky130_fd_sc_hd__dfrtp_2)
                          0.25    0.50   clock uncertainty
                         -0.02    0.47   clock reconvergence pessimism
                         -0.02    0.46   library hold time
                                  0.46   data required time
-----------------------------------------------------------------------------
                                  0.46   data required time
                                 -0.67   data arrival time
-----------------------------------------------------------------------------
                                  0.21   slack (MET)


Startpoint: _270_ (rising edge-triggered flip-flop clocked by clk)
Endpoint: _271_ (rising edge-triggered flip-flop clocked by clk)
Path Group: clk
Path Type: min
Corner: Fastest

Fanout     Cap    Slew   Delay    Time   Description
-----------------------------------------------------------------------------
                          0.00    0.00   clock clk (rise edge)
                          0.00    0.00   clock source latency
                  0.05    0.03    0.03 ^ clk (in)
     1    0.01                           clk (net)
                  0.05    0.00    0.03 ^ clkbuf_0_clk/A (sky130_fd_sc_hd__clkbuf_16)
                  0.05    0.10    0.13 ^ clkbuf_0_clk/X (sky130_fd_sc_hd__clkbuf_16)
     4    0.04                           clknet_0_clk (net)
                  0.05    0.00    0.13 ^ clkbuf_2_1__f_clk/A (sky130_fd_sc_hd__clkbuf_16)
                  0.04    0.10    0.23 ^ clkbuf_2_1__f_clk/X (sky130_fd_sc_hd__clkbuf_16)
    11    0.03                           clknet_2_1__leaf_clk (net)
                  0.04    0.00    0.23 ^ _270_/CLK (sky130_fd_sc_hd__dfrtp_1)
                  0.06    0.26    0.49 v _270_/Q (sky130_fd_sc_hd__dfrtp_1)
     3    0.01                           baud_counter[8] (net)
                  0.06    0.00    0.49 v _134_/A (sky130_fd_sc_hd__inv_2)
                  0.03    0.04    0.52 ^ _134_/Y (sky130_fd_sc_hd__inv_2)
     2    0.01                           _123_ (net)
                  0.03    0.00    0.52 ^ _168_/A (sky130_fd_sc_hd__or4bb_1)
                  0.05    0.08    0.61 ^ _168_/X (sky130_fd_sc_hd__or4bb_1)
     2    0.01                           _054_ (net)
                  0.05    0.00    0.61 ^ _170_/B (sky130_fd_sc_hd__or2_1)
                  0.04    0.07    0.68 ^ _170_/X (sky130_fd_sc_hd__or2_1)
     1    0.01                           _055_ (net)
                  0.04    0.00    0.68 ^ _171_/B (sky130_fd_sc_hd__xnor2_1)
                  0.03    0.04    0.72 v _171_/Y (sky130_fd_sc_hd__xnor2_1)
     1    0.00                           _010_ (net)
                  0.03    0.00    0.72 v _271_/D (sky130_fd_sc_hd__dfrtp_1)
                                  0.72   data arrival time

                          0.00    0.00   clock clk (rise edge)
                          0.00    0.00   clock source latency
                  0.05    0.03    0.03 ^ clk (in)
     1    0.01                           clk (net)
                  0.05    0.00    0.03 ^ clkbuf_0_clk/A (sky130_fd_sc_hd__clkbuf_16)
                  0.05    0.11    0.15 ^ clkbuf_0_clk/X (sky130_fd_sc_hd__clkbuf_16)
     4    0.04                           clknet_0_clk (net)
                  0.05    0.00    0.15 ^ clkbuf_2_3__f_clk/A (sky130_fd_sc_hd__clkbuf_16)
                  0.04    0.11    0.25 ^ clkbuf_2_3__f_clk/X (sky130_fd_sc_hd__clkbuf_16)
     9    0.03                           clknet_2_3__leaf_clk (net)
                  0.04    0.00    0.25 ^ _271_/CLK (sky130_fd_sc_hd__dfrtp_1)
                          0.25    0.50   clock uncertainty
                         -0.01    0.49   clock reconvergence pessimism
                         -0.02    0.47   library hold time
                                  0.47   data required time
-----------------------------------------------------------------------------
                                  0.47   data required time
                                 -0.72   data arrival time
-----------------------------------------------------------------------------
                                  0.26   slack (MET)


Startpoint: _273_ (rising edge-triggered flip-flop clocked by clk)
Endpoint: _268_ (rising edge-triggered flip-flop clocked by clk)
Path Group: clk
Path Type: min
Corner: Fastest

Fanout     Cap    Slew   Delay    Time   Description
-----------------------------------------------------------------------------
                          0.00    0.00   clock clk (rise edge)
                          0.00    0.00   clock source latency
                  0.05    0.03    0.03 ^ clk (in)
     1    0.01                           clk (net)
                  0.05    0.00    0.03 ^ clkbuf_0_clk/A (sky130_fd_sc_hd__clkbuf_16)
                  0.05    0.10    0.13 ^ clkbuf_0_clk/X (sky130_fd_sc_hd__clkbuf_16)
     4    0.04                           clknet_0_clk (net)
                  0.05    0.00    0.13 ^ clkbuf_2_2__f_clk/A (sky130_fd_sc_hd__clkbuf_16)
                  0.04    0.09    0.22 ^ clkbuf_2_2__f_clk/X (sky130_fd_sc_hd__clkbuf_16)
     8    0.02                           clknet_2_2__leaf_clk (net)
                  0.04    0.00    0.22 ^ _273_/CLK (sky130_fd_sc_hd__dfrtp_2)
                  0.09    0.26    0.48 ^ _273_/Q (sky130_fd_sc_hd__dfrtp_2)
     5    0.02                           net12 (net)
                  0.09    0.00    0.48 ^ _130_/A (sky130_fd_sc_hd__clkbuf_4)
                  0.09    0.14    0.63 ^ _130_/X (sky130_fd_sc_hd__clkbuf_4)
    10    0.04                           _120_ (net)
                  0.09    0.00    0.63 ^ _161_/A (sky130_fd_sc_hd__or2_1)
                  0.04    0.08    0.71 ^ _161_/X (sky130_fd_sc_hd__or2_1)
     1    0.00                           _049_ (net)
                  0.04    0.00    0.71 ^ _162_/B (sky130_fd_sc_hd__xnor2_1)
                  0.03    0.04    0.75 v _162_/Y (sky130_fd_sc_hd__xnor2_1)
     1    0.00                           _007_ (net)
                  0.03    0.00    0.75 v _268_/D (sky130_fd_sc_hd__dfrtp_1)
                                  0.75   data arrival time

                          0.00    0.00   clock clk (rise edge)
                          0.00    0.00   clock source latency
                  0.05    0.03    0.03 ^ clk (in)
     1    0.01                           clk (net)
                  0.05    0.00    0.03 ^ clkbuf_0_clk/A (sky130_fd_sc_hd__clkbuf_16)
                  0.05    0.11    0.15 ^ clkbuf_0_clk/X (sky130_fd_sc_hd__clkbuf_16)
     4    0.04                           clknet_0_clk (net)
                  0.05    0.00    0.15 ^ clkbuf_2_1__f_clk/A (sky130_fd_sc_hd__clkbuf_16)
                  0.04    0.11    0.25 ^ clkbuf_2_1__f_clk/X (sky130_fd_sc_hd__clkbuf_16)
    11    0.03                           clknet_2_1__leaf_clk (net)
                  0.04    0.00    0.25 ^ _268_/CLK (sky130_fd_sc_hd__dfrtp_1)
                          0.25    0.50   clock uncertainty
                         -0.01    0.49   clock reconvergence pessimism
                         -0.02    0.47   library hold time
                                  0.47   data required time
-----------------------------------------------------------------------------
                                  0.47   data required time
                                 -0.75   data arrival time
-----------------------------------------------------------------------------
                                  0.28   slack (MET)


Startpoint: _298_ (rising edge-triggered flip-flop clocked by clk)
Endpoint: _295_ (rising edge-triggered flip-flop clocked by clk)
Path Group: clk
Path Type: min
Corner: Fastest

Fanout     Cap    Slew   Delay    Time   Description
-----------------------------------------------------------------------------
                          0.00    0.00   clock clk (rise edge)
                          0.00    0.00   clock source latency
                  0.05    0.03    0.03 ^ clk (in)
     1    0.01                           clk (net)
                  0.05    0.00    0.03 ^ clkbuf_0_clk/A (sky130_fd_sc_hd__clkbuf_16)
                  0.05    0.10    0.13 ^ clkbuf_0_clk/X (sky130_fd_sc_hd__clkbuf_16)
     4    0.04                           clknet_0_clk (net)
                  0.05    0.00    0.13 ^ clkbuf_2_1__f_clk/A (sky130_fd_sc_hd__clkbuf_16)
                  0.04    0.10    0.23 ^ clkbuf_2_1__f_clk/X (sky130_fd_sc_hd__clkbuf_16)
    11    0.03                           clknet_2_1__leaf_clk (net)
                  0.04    0.00    0.23 ^ _298_/CLK (sky130_fd_sc_hd__dfrtp_1)
                  0.07    0.26    0.49 v _298_/Q (sky130_fd_sc_hd__dfrtp_1)
     4    0.01                           baud_tick (net)
                  0.07    0.00    0.49 v _221_/B (sky130_fd_sc_hd__nand3b_2)
                  0.09    0.10    0.59 ^ _221_/Y (sky130_fd_sc_hd__nand3b_2)
     4    0.02                           _092_ (net)
                  0.09    0.00    0.59 ^ _234_/A2 (sky130_fd_sc_hd__a21oi_4)
                  0.05    0.08    0.67 v _234_/Y (sky130_fd_sc_hd__a21oi_4)
     8    0.04                           _102_ (net)
                  0.05    0.00    0.67 v _255_/A (sky130_fd_sc_hd__inv_2)
                  0.02    0.03    0.70 ^ _255_/Y (sky130_fd_sc_hd__inv_2)
     1    0.00                           _116_ (net)
                  0.02    0.00    0.70 ^ _257_/A2 (sky130_fd_sc_hd__a22o_1)
                  0.03    0.08    0.77 ^ _257_/X (sky130_fd_sc_hd__a22o_1)
     1    0.00                           _034_ (net)
                  0.03    0.00    0.77 ^ _295_/D (sky130_fd_sc_hd__dfrtp_1)
                                  0.77   data arrival time

                          0.00    0.00   clock clk (rise edge)
                          0.00    0.00   clock source latency
                  0.05    0.03    0.03 ^ clk (in)
     1    0.01                           clk (net)
                  0.05    0.00    0.03 ^ clkbuf_0_clk/A (sky130_fd_sc_hd__clkbuf_16)
                  0.05    0.11    0.15 ^ clkbuf_0_clk/X (sky130_fd_sc_hd__clkbuf_16)
     4    0.04                           clknet_0_clk (net)
                  0.05    0.00    0.15 ^ clkbuf_2_0__f_clk/A (sky130_fd_sc_hd__clkbuf_16)
                  0.04    0.10    0.25 ^ clkbuf_2_0__f_clk/X (sky130_fd_sc_hd__clkbuf_16)
     9    0.03                           clknet_2_0__leaf_clk (net)
                  0.04    0.00    0.25 ^ _295_/CLK (sky130_fd_sc_hd__dfrtp_1)
                          0.25    0.50   clock uncertainty
                         -0.01    0.49   clock reconvergence pessimism
                         -0.02    0.46   library hold time
                                  0.46   data required time
-----------------------------------------------------------------------------
                                  0.46   data required time
                                 -0.77   data arrival time
-----------------------------------------------------------------------------
                                  0.31   slack (MET)


Startpoint: _283_ (rising edge-triggered flip-flop clocked by clk)
Endpoint: _273_ (rising edge-triggered flip-flop clocked by clk)
Path Group: clk
Path Type: min
Corner: Fastest

Fanout     Cap    Slew   Delay    Time   Description
-----------------------------------------------------------------------------
                          0.00    0.00   clock clk (rise edge)
                          0.00    0.00   clock source latency
                  0.05    0.03    0.03 ^ clk (in)
     1    0.01                           clk (net)
                  0.05    0.00    0.03 ^ clkbuf_0_clk/A (sky130_fd_sc_hd__clkbuf_16)
                  0.05    0.10    0.13 ^ clkbuf_0_clk/X (sky130_fd_sc_hd__clkbuf_16)
     4    0.04                           clknet_0_clk (net)
                  0.05    0.00    0.13 ^ clkbuf_2_2__f_clk/A (sky130_fd_sc_hd__clkbuf_16)
                  0.04    0.09    0.22 ^ clkbuf_2_2__f_clk/X (sky130_fd_sc_hd__clkbuf_16)
     8    0.02                           clknet_2_2__leaf_clk (net)
                  0.04    0.00    0.22 ^ _283_/CLK (sky130_fd_sc_hd__dfrtp_1)
                  0.09    0.25    0.47 ^ _283_/Q (sky130_fd_sc_hd__dfrtp_1)
     3    0.01                           idle_counter[9] (net)
                  0.09    0.00    0.47 ^ _174_/B1 (sky130_fd_sc_hd__a21o_1)
                  0.08    0.09    0.56 ^ _174_/X (sky130_fd_sc_hd__a21o_1)
     3    0.01                           _058_ (net)
                  0.08    0.00    0.56 ^ _175_/A2 (sky130_fd_sc_hd__a21oi_1)
                  0.04    0.06    0.62 v _175_/Y (sky130_fd_sc_hd__a21oi_1)
     2    0.01                           _059_ (net)
                  0.04    0.00    0.62 v _178_/A_N (sky130_fd_sc_hd__and2b_1)
                  0.03    0.12    0.73 ^ _178_/X (sky130_fd_sc_hd__and2b_1)
     1    0.00                           _061_ (net)
                  0.03    0.00    0.73 ^ _179_/A (sky130_fd_sc_hd__clkbuf_1)
                  0.03    0.05    0.78 ^ _179_/X (sky130_fd_sc_hd__clkbuf_1)
     1    0.00                           _012_ (net)
                  0.03    0.00    0.78 ^ _273_/D (sky130_fd_sc_hd__dfrtp_2)
                                  0.78   data arrival time

                          0.00    0.00   clock clk (rise edge)
                          0.00    0.00   clock source latency
                  0.05    0.03    0.03 ^ clk (in)
     1    0.01                           clk (net)
                  0.05    0.00    0.03 ^ clkbuf_0_clk/A (sky130_fd_sc_hd__clkbuf_16)
                  0.05    0.11    0.15 ^ clkbuf_0_clk/X (sky130_fd_sc_hd__clkbuf_16)
     4    0.04                           clknet_0_clk (net)
                  0.05    0.00    0.15 ^ clkbuf_2_2__f_clk/A (sky130_fd_sc_hd__clkbuf_16)
                  0.04    0.10    0.25 ^ clkbuf_2_2__f_clk/X (sky130_fd_sc_hd__clkbuf_16)
     8    0.02                           clknet_2_2__leaf_clk (net)
                  0.04    0.00    0.25 ^ _273_/CLK (sky130_fd_sc_hd__dfrtp_2)
                          0.25    0.50   clock uncertainty
                         -0.02    0.47   clock reconvergence pessimism
                         -0.02    0.45   library hold time
                                  0.45   data required time
-----------------------------------------------------------------------------
                                  0.45   data required time
                                 -0.78   data arrival time
-----------------------------------------------------------------------------
                                  0.33   slack (MET)


Startpoint: rst_n (input port clocked by clk)
Endpoint: _269_ (removal check against rising-edge clock clk)
Path Group: asynchronous
Path Type: min
Corner: Fastest

Fanout     Cap    Slew   Delay    Time   Description
-----------------------------------------------------------------------------
                          0.00    0.00   clock clk (rise edge)
                          0.00    0.00   clock network delay (propagated)
                          4.00    4.00 ^ input external delay
                  0.01    0.01    4.01 ^ rst_n (in)
     1    0.00                           rst_n (net)
                  0.01    0.00    4.01 ^ input1/A (sky130_fd_sc_hd__clkbuf_2)
                  0.09    0.10    4.11 ^ input1/X (sky130_fd_sc_hd__clkbuf_2)
     4    0.02                           net1 (net)
                  0.09    0.00    4.11 ^ fanout18/A (sky130_fd_sc_hd__clkbuf_4)
                  0.10    0.15    4.26 ^ fanout18/X (sky130_fd_sc_hd__clkbuf_4)
     9    0.04                           net18 (net)
                  0.10    0.00    4.26 ^ _269_/RESET_B (sky130_fd_sc_hd__dfrtp_2)
                                  4.26   data arrival time

                          0.00    0.00   clock clk (rise edge)
                          0.00    0.00   clock source latency
                  0.05    0.03    0.03 ^ clk (in)
     1    0.01                           clk (net)
                  0.05    0.00    0.03 ^ clkbuf_0_clk/A (sky130_fd_sc_hd__clkbuf_16)
                  0.05    0.11    0.15 ^ clkbuf_0_clk/X (sky130_fd_sc_hd__clkbuf_16)
     4    0.04                           clknet_0_clk (net)
                  0.05    0.00    0.15 ^ clkbuf_2_1__f_clk/A (sky130_fd_sc_hd__clkbuf_16)
                  0.04    0.11    0.25 ^ clkbuf_2_1__f_clk/X (sky130_fd_sc_hd__clkbuf_16)
    11    0.03                           clknet_2_1__leaf_clk (net)
                  0.04    0.00    0.25 ^ _269_/CLK (sky130_fd_sc_hd__dfrtp_2)
                          0.25    0.50   clock uncertainty
                          0.00    0.50   clock reconvergence pessimism
                          0.22    0.72   library removal time
                                  0.72   data required time
-----------------------------------------------------------------------------
                                  0.72   data required time
                                 -4.26   data arrival time
-----------------------------------------------------------------------------
                                  3.54   slack (MET)


Startpoint: rst_n (input port clocked by clk)
Endpoint: _278_ (removal check against rising-edge clock clk)
Path Group: asynchronous
Path Type: min
Corner: Fastest

Fanout     Cap    Slew   Delay    Time   Description
-----------------------------------------------------------------------------
                          0.00    0.00   clock clk (rise edge)
                          0.00    0.00   clock network delay (propagated)
                          4.00    4.00 ^ input external delay
                  0.01    0.01    4.01 ^ rst_n (in)
     1    0.00                           rst_n (net)
                  0.01    0.00    4.01 ^ input1/A (sky130_fd_sc_hd__clkbuf_2)
                  0.09    0.10    4.11 ^ input1/X (sky130_fd_sc_hd__clkbuf_2)
     4    0.02                           net1 (net)
                  0.09    0.00    4.11 ^ fanout16/A (sky130_fd_sc_hd__clkbuf_4)
                  0.09    0.15    4.26 ^ fanout16/X (sky130_fd_sc_hd__clkbuf_4)
     8    0.04                           net16 (net)
                  0.09    0.00    4.26 ^ _278_/RESET_B (sky130_fd_sc_hd__dfrtp_1)
                                  4.26   data arrival time

                          0.00    0.00   clock clk (rise edge)
                          0.00    0.00   clock source latency
                  0.05    0.03    0.03 ^ clk (in)
     1    0.01                           clk (net)
                  0.05    0.00    0.03 ^ clkbuf_0_clk/A (sky130_fd_sc_hd__clkbuf_16)
                  0.05    0.11    0.15 ^ clkbuf_0_clk/X (sky130_fd_sc_hd__clkbuf_16)
     4    0.04                           clknet_0_clk (net)
                  0.05    0.00    0.15 ^ clkbuf_2_3__f_clk/A (sky130_fd_sc_hd__clkbuf_16)
                  0.04    0.11    0.25 ^ clkbuf_2_3__f_clk/X (sky130_fd_sc_hd__clkbuf_16)
     9    0.03                           clknet_2_3__leaf_clk (net)
                  0.04    0.00    0.25 ^ _278_/CLK (sky130_fd_sc_hd__dfrtp_1)
                          0.25    0.50   clock uncertainty
                          0.00    0.50   clock reconvergence pessimism
                          0.22    0.72   library removal time
                                  0.72   data required time
-----------------------------------------------------------------------------
                                  0.72   data required time
                                 -4.26   data arrival time
-----------------------------------------------------------------------------
                                  3.54   slack (MET)


Startpoint: rst_n (input port clocked by clk)
Endpoint: _271_ (removal check against rising-edge clock clk)
Path Group: asynchronous
Path Type: min
Corner: Fastest

Fanout     Cap    Slew   Delay    Time   Description
-----------------------------------------------------------------------------
                          0.00    0.00   clock clk (rise edge)
                          0.00    0.00   clock network delay (propagated)
                          4.00    4.00 ^ input external delay
                  0.01    0.01    4.01 ^ rst_n (in)
     1    0.00                           rst_n (net)
                  0.01    0.00    4.01 ^ input1/A (sky130_fd_sc_hd__clkbuf_2)
                  0.09    0.10    4.11 ^ input1/X (sky130_fd_sc_hd__clkbuf_2)
     4    0.02                           net1 (net)
                  0.09    0.00    4.11 ^ fanout18/A (sky130_fd_sc_hd__clkbuf_4)
                  0.10    0.15    4.26 ^ fanout18/X (sky130_fd_sc_hd__clkbuf_4)
     9    0.04                           net18 (net)
                  0.10    0.00    4.26 ^ _271_/RESET_B (sky130_fd_sc_hd__dfrtp_1)
                                  4.26   data arrival time

                          0.00    0.00   clock clk (rise edge)
                          0.00    0.00   clock source latency
                  0.05    0.03    0.03 ^ clk (in)
     1    0.01                           clk (net)
                  0.05    0.00    0.03 ^ clkbuf_0_clk/A (sky130_fd_sc_hd__clkbuf_16)
                  0.05    0.11    0.15 ^ clkbuf_0_clk/X (sky130_fd_sc_hd__clkbuf_16)
     4    0.04                           clknet_0_clk (net)
                  0.05    0.00    0.15 ^ clkbuf_2_3__f_clk/A (sky130_fd_sc_hd__clkbuf_16)
                  0.04    0.11    0.25 ^ clkbuf_2_3__f_clk/X (sky130_fd_sc_hd__clkbuf_16)
     9    0.03                           clknet_2_3__leaf_clk (net)
                  0.04    0.00    0.25 ^ _271_/CLK (sky130_fd_sc_hd__dfrtp_1)
                          0.25    0.50   clock uncertainty
                          0.00    0.50   clock reconvergence pessimism
                          0.22    0.72   library removal time
                                  0.72   data required time
-----------------------------------------------------------------------------
                                  0.72   data required time
                                 -4.26   data arrival time
-----------------------------------------------------------------------------
                                  3.55   slack (MET)


Startpoint: rst_n (input port clocked by clk)
Endpoint: _264_ (removal check against rising-edge clock clk)
Path Group: asynchronous
Path Type: min
Corner: Fastest

Fanout     Cap    Slew   Delay    Time   Description
-----------------------------------------------------------------------------
                          0.00    0.00   clock clk (rise edge)
                          0.00    0.00   clock network delay (propagated)
                          4.00    4.00 ^ input external delay
                  0.01    0.01    4.01 ^ rst_n (in)
     1    0.00                           rst_n (net)
                  0.01    0.00    4.01 ^ input1/A (sky130_fd_sc_hd__clkbuf_2)
                  0.09    0.10    4.11 ^ input1/X (sky130_fd_sc_hd__clkbuf_2)
     4    0.02                           net1 (net)
                  0.09    0.00    4.11 ^ fanout18/A (sky130_fd_sc_hd__clkbuf_4)
                  0.10    0.15    4.26 ^ fanout18/X (sky130_fd_sc_hd__clkbuf_4)
     9    0.04                           net18 (net)
                  0.10    0.00    4.26 ^ _264_/RESET_B (sky130_fd_sc_hd__dfrtp_1)
                                  4.26   data arrival time

                          0.00    0.00   clock clk (rise edge)
                          0.00    0.00   clock source latency
                  0.05    0.03    0.03 ^ clk (in)
     1    0.01                           clk (net)
                  0.05    0.00    0.03 ^ clkbuf_0_clk/A (sky130_fd_sc_hd__clkbuf_16)
                  0.05    0.11    0.15 ^ clkbuf_0_clk/X (sky130_fd_sc_hd__clkbuf_16)
     4    0.04                           clknet_0_clk (net)
                  0.05    0.00    0.15 ^ clkbuf_2_3__f_clk/A (sky130_fd_sc_hd__clkbuf_16)
                  0.04    0.11    0.25 ^ clkbuf_2_3__f_clk/X (sky130_fd_sc_hd__clkbuf_16)
     9    0.03                           clknet_2_3__leaf_clk (net)
                  0.04    0.00    0.25 ^ _264_/CLK (sky130_fd_sc_hd__dfrtp_1)
                          0.25    0.50   clock uncertainty
                          0.00    0.50   clock reconvergence pessimism
                          0.22    0.72   library removal time
                                  0.72   data required time
-----------------------------------------------------------------------------
                                  0.72   data required time
                                 -4.26   data arrival time
-----------------------------------------------------------------------------
                                  3.55   slack (MET)


Startpoint: rst_n (input port clocked by clk)
Endpoint: _265_ (removal check against rising-edge clock clk)
Path Group: asynchronous
Path Type: min
Corner: Fastest

Fanout     Cap    Slew   Delay    Time   Description
-----------------------------------------------------------------------------
                          0.00    0.00   clock clk (rise edge)
                          0.00    0.00   clock network delay (propagated)
                          4.00    4.00 ^ input external delay
                  0.01    0.01    4.01 ^ rst_n (in)
     1    0.00                           rst_n (net)
                  0.01    0.00    4.01 ^ input1/A (sky130_fd_sc_hd__clkbuf_2)
                  0.09    0.10    4.11 ^ input1/X (sky130_fd_sc_hd__clkbuf_2)
     4    0.02                           net1 (net)
                  0.09    0.00    4.11 ^ fanout18/A (sky130_fd_sc_hd__clkbuf_4)
                  0.10    0.15    4.26 ^ fanout18/X (sky130_fd_sc_hd__clkbuf_4)
     9    0.04                           net18 (net)
                  0.10    0.00    4.26 ^ _265_/RESET_B (sky130_fd_sc_hd__dfrtp_1)
                                  4.26   data arrival time

                          0.00    0.00   clock clk (rise edge)
                          0.00    0.00   clock source latency
                  0.05    0.03    0.03 ^ clk (in)
     1    0.01                           clk (net)
                  0.05    0.00    0.03 ^ clkbuf_0_clk/A (sky130_fd_sc_hd__clkbuf_16)
                  0.05    0.11    0.15 ^ clkbuf_0_clk/X (sky130_fd_sc_hd__clkbuf_16)
     4    0.04                           clknet_0_clk (net)
                  0.05    0.00    0.15 ^ clkbuf_2_3__f_clk/A (sky130_fd_sc_hd__clkbuf_16)
                  0.04    0.11    0.25 ^ clkbuf_2_3__f_clk/X (sky130_fd_sc_hd__clkbuf_16)
     9    0.03                           clknet_2_3__leaf_clk (net)
                  0.04    0.00    0.25 ^ _265_/CLK (sky130_fd_sc_hd__dfrtp_1)
                          0.25    0.50   clock uncertainty
                          0.00    0.50   clock reconvergence pessimism
                          0.22    0.72   library removal time
                                  0.72   data required time
-----------------------------------------------------------------------------
                                  0.72   data required time
                                 -4.26   data arrival time
-----------------------------------------------------------------------------
                                  3.55   slack (MET)


Startpoint: rst_n (input port clocked by clk)
Endpoint: _280_ (removal check against rising-edge clock clk)
Path Group: asynchronous
Path Type: min
Corner: Fastest

Fanout     Cap    Slew   Delay    Time   Description
-----------------------------------------------------------------------------
                          0.00    0.00   clock clk (rise edge)
                          0.00    0.00   clock network delay (propagated)
                          4.00    4.00 ^ input external delay
                  0.01    0.01    4.01 ^ rst_n (in)
     1    0.00                           rst_n (net)
                  0.01    0.00    4.01 ^ input1/A (sky130_fd_sc_hd__clkbuf_2)
                  0.09    0.10    4.11 ^ input1/X (sky130_fd_sc_hd__clkbuf_2)
     4    0.02                           net1 (net)
                  0.09    0.00    4.11 ^ fanout18/A (sky130_fd_sc_hd__clkbuf_4)
                  0.10    0.15    4.26 ^ fanout18/X (sky130_fd_sc_hd__clkbuf_4)
     9    0.04                           net18 (net)
                  0.10    0.00    4.26 ^ _280_/RESET_B (sky130_fd_sc_hd__dfrtp_1)
                                  4.26   data arrival time

                          0.00    0.00   clock clk (rise edge)
                          0.00    0.00   clock source latency
                  0.05    0.03    0.03 ^ clk (in)
     1    0.01                           clk (net)
                  0.05    0.00    0.03 ^ clkbuf_0_clk/A (sky130_fd_sc_hd__clkbuf_16)
                  0.05    0.11    0.15 ^ clkbuf_0_clk/X (sky130_fd_sc_hd__clkbuf_16)
     4    0.04                           clknet_0_clk (net)
                  0.05    0.00    0.15 ^ clkbuf_2_3__f_clk/A (sky130_fd_sc_hd__clkbuf_16)
                  0.04    0.11    0.25 ^ clkbuf_2_3__f_clk/X (sky130_fd_sc_hd__clkbuf_16)
     9    0.03                           clknet_2_3__leaf_clk (net)
                  0.04    0.00    0.25 ^ _280_/CLK (sky130_fd_sc_hd__dfrtp_1)
                          0.25    0.50   clock uncertainty
                          0.00    0.50   clock reconvergence pessimism
                          0.22    0.72   library removal time
                                  0.72   data required time
-----------------------------------------------------------------------------
                                  0.72   data required time
                                 -4.26   data arrival time
-----------------------------------------------------------------------------
                                  3.55   slack (MET)


Startpoint: rst_n (input port clocked by clk)
Endpoint: _262_ (removal check against rising-edge clock clk)
Path Group: asynchronous
Path Type: min
Corner: Fastest

Fanout     Cap    Slew   Delay    Time   Description
-----------------------------------------------------------------------------
                          0.00    0.00   clock clk (rise edge)
                          0.00    0.00   clock network delay (propagated)
                          4.00    4.00 ^ input external delay
                  0.01    0.01    4.01 ^ rst_n (in)
     1    0.00                           rst_n (net)
                  0.01    0.00    4.01 ^ input1/A (sky130_fd_sc_hd__clkbuf_2)
                  0.09    0.10    4.11 ^ input1/X (sky130_fd_sc_hd__clkbuf_2)
     4    0.02                           net1 (net)
                  0.09    0.00    4.11 ^ fanout18/A (sky130_fd_sc_hd__clkbuf_4)
                  0.10    0.15    4.26 ^ fanout18/X (sky130_fd_sc_hd__clkbuf_4)
     9    0.04                           net18 (net)
                  0.10    0.00    4.26 ^ _262_/RESET_B (sky130_fd_sc_hd__dfrtp_1)
                                  4.26   data arrival time

                          0.00    0.00   clock clk (rise edge)
                          0.00    0.00   clock source latency
                  0.05    0.03    0.03 ^ clk (in)
     1    0.01                           clk (net)
                  0.05    0.00    0.03 ^ clkbuf_0_clk/A (sky130_fd_sc_hd__clkbuf_16)
                  0.05    0.11    0.15 ^ clkbuf_0_clk/X (sky130_fd_sc_hd__clkbuf_16)
     4    0.04                           clknet_0_clk (net)
                  0.05    0.00    0.15 ^ clkbuf_2_3__f_clk/A (sky130_fd_sc_hd__clkbuf_16)
                  0.04    0.11    0.25 ^ clkbuf_2_3__f_clk/X (sky130_fd_sc_hd__clkbuf_16)
     9    0.03                           clknet_2_3__leaf_clk (net)
                  0.04    0.00    0.25 ^ _262_/CLK (sky130_fd_sc_hd__dfrtp_1)
                          0.25    0.50   clock uncertainty
                          0.00    0.50   clock reconvergence pessimism
                          0.22    0.72   library removal time
                                  0.72   data required time
-----------------------------------------------------------------------------
                                  0.72   data required time
                                 -4.26   data arrival time
-----------------------------------------------------------------------------
                                  3.55   slack (MET)


Startpoint: rst_n (input port clocked by clk)
Endpoint: _263_ (removal check against rising-edge clock clk)
Path Group: asynchronous
Path Type: min
Corner: Fastest

Fanout     Cap    Slew   Delay    Time   Description
-----------------------------------------------------------------------------
                          0.00    0.00   clock clk (rise edge)
                          0.00    0.00   clock network delay (propagated)
                          4.00    4.00 ^ input external delay
                  0.01    0.01    4.01 ^ rst_n (in)
     1    0.00                           rst_n (net)
                  0.01    0.00    4.01 ^ input1/A (sky130_fd_sc_hd__clkbuf_2)
                  0.09    0.10    4.11 ^ input1/X (sky130_fd_sc_hd__clkbuf_2)
     4    0.02                           net1 (net)
                  0.09    0.00    4.11 ^ fanout18/A (sky130_fd_sc_hd__clkbuf_4)
                  0.10    0.15    4.26 ^ fanout18/X (sky130_fd_sc_hd__clkbuf_4)
     9    0.04                           net18 (net)
                  0.10    0.00    4.26 ^ _263_/RESET_B (sky130_fd_sc_hd__dfrtp_1)
                                  4.26   data arrival time

                          0.00    0.00   clock clk (rise edge)
                          0.00    0.00   clock source latency
                  0.05    0.03    0.03 ^ clk (in)
     1    0.01                           clk (net)
                  0.05    0.00    0.03 ^ clkbuf_0_clk/A (sky130_fd_sc_hd__clkbuf_16)
                  0.05    0.11    0.15 ^ clkbuf_0_clk/X (sky130_fd_sc_hd__clkbuf_16)
     4    0.04                           clknet_0_clk (net)
                  0.05    0.00    0.15 ^ clkbuf_2_3__f_clk/A (sky130_fd_sc_hd__clkbuf_16)
                  0.04    0.11    0.25 ^ clkbuf_2_3__f_clk/X (sky130_fd_sc_hd__clkbuf_16)
     9    0.03                           clknet_2_3__leaf_clk (net)
                  0.04    0.00    0.25 ^ _263_/CLK (sky130_fd_sc_hd__dfrtp_1)
                          0.25    0.50   clock uncertainty
                          0.00    0.50   clock reconvergence pessimism
                          0.22    0.72   library removal time
                                  0.72   data required time
-----------------------------------------------------------------------------
                                  0.72   data required time
                                 -4.26   data arrival time
-----------------------------------------------------------------------------
                                  3.55   slack (MET)


Startpoint: rst_n (input port clocked by clk)
Endpoint: _279_ (removal check against rising-edge clock clk)
Path Group: asynchronous
Path Type: min
Corner: Fastest

Fanout     Cap    Slew   Delay    Time   Description
-----------------------------------------------------------------------------
                          0.00    0.00   clock clk (rise edge)
                          0.00    0.00   clock network delay (propagated)
                          4.00    4.00 ^ input external delay
                  0.01    0.01    4.01 ^ rst_n (in)
     1    0.00                           rst_n (net)
                  0.01    0.00    4.01 ^ input1/A (sky130_fd_sc_hd__clkbuf_2)
                  0.09    0.10    4.11 ^ input1/X (sky130_fd_sc_hd__clkbuf_2)
     4    0.02                           net1 (net)
                  0.09    0.00    4.11 ^ fanout18/A (sky130_fd_sc_hd__clkbuf_4)
                  0.10    0.15    4.26 ^ fanout18/X (sky130_fd_sc_hd__clkbuf_4)
     9    0.04                           net18 (net)
                  0.10    0.00    4.26 ^ _279_/RESET_B (sky130_fd_sc_hd__dfrtp_1)
                                  4.26   data arrival time

                          0.00    0.00   clock clk (rise edge)
                          0.00    0.00   clock source latency
                  0.05    0.03    0.03 ^ clk (in)
     1    0.01                           clk (net)
                  0.05    0.00    0.03 ^ clkbuf_0_clk/A (sky130_fd_sc_hd__clkbuf_16)
                  0.05    0.11    0.15 ^ clkbuf_0_clk/X (sky130_fd_sc_hd__clkbuf_16)
     4    0.04                           clknet_0_clk (net)
                  0.05    0.00    0.15 ^ clkbuf_2_3__f_clk/A (sky130_fd_sc_hd__clkbuf_16)
                  0.04    0.11    0.25 ^ clkbuf_2_3__f_clk/X (sky130_fd_sc_hd__clkbuf_16)
     9    0.03                           clknet_2_3__leaf_clk (net)
                  0.04    0.00    0.25 ^ _279_/CLK (sky130_fd_sc_hd__dfrtp_1)
                          0.25    0.50   clock uncertainty
                          0.00    0.50   clock reconvergence pessimism
                          0.22    0.72   library removal time
                                  0.72   data required time
-----------------------------------------------------------------------------
                                  0.72   data required time
                                 -4.26   data arrival time
-----------------------------------------------------------------------------
                                  3.55   slack (MET)


Startpoint: rst_n (input port clocked by clk)
Endpoint: _281_ (removal check against rising-edge clock clk)
Path Group: asynchronous
Path Type: min
Corner: Fastest

Fanout     Cap    Slew   Delay    Time   Description
-----------------------------------------------------------------------------
                          0.00    0.00   clock clk (rise edge)
                          0.00    0.00   clock network delay (propagated)
                          4.00    4.00 ^ input external delay
                  0.01    0.01    4.01 ^ rst_n (in)
     1    0.00                           rst_n (net)
                  0.01    0.00    4.01 ^ input1/A (sky130_fd_sc_hd__clkbuf_2)
                  0.09    0.10    4.11 ^ input1/X (sky130_fd_sc_hd__clkbuf_2)
     4    0.02                           net1 (net)
                  0.09    0.00    4.11 ^ fanout18/A (sky130_fd_sc_hd__clkbuf_4)
                  0.10    0.15    4.26 ^ fanout18/X (sky130_fd_sc_hd__clkbuf_4)
     9    0.04                           net18 (net)
                  0.10    0.00    4.26 ^ _281_/RESET_B (sky130_fd_sc_hd__dfrtp_1)
                                  4.26   data arrival time

                          0.00    0.00   clock clk (rise edge)
                          0.00    0.00   clock source latency
                  0.05    0.03    0.03 ^ clk (in)
     1    0.01                           clk (net)
                  0.05    0.00    0.03 ^ clkbuf_0_clk/A (sky130_fd_sc_hd__clkbuf_16)
                  0.05    0.11    0.15 ^ clkbuf_0_clk/X (sky130_fd_sc_hd__clkbuf_16)
     4    0.04                           clknet_0_clk (net)
                  0.05    0.00    0.15 ^ clkbuf_2_3__f_clk/A (sky130_fd_sc_hd__clkbuf_16)
                  0.04    0.11    0.25 ^ clkbuf_2_3__f_clk/X (sky130_fd_sc_hd__clkbuf_16)
     9    0.03                           clknet_2_3__leaf_clk (net)
                  0.04    0.00    0.25 ^ _281_/CLK (sky130_fd_sc_hd__dfrtp_1)
                          0.25    0.50   clock uncertainty
                          0.00    0.50   clock reconvergence pessimism
                          0.22    0.72   library removal time
                                  0.72   data required time
-----------------------------------------------------------------------------
                                  0.72   data required time
                                 -4.26   data arrival time
-----------------------------------------------------------------------------
                                  3.55   slack (MET)


Startpoint: rst_n (input port clocked by clk)
Endpoint: _266_ (removal check against rising-edge clock clk)
Path Group: asynchronous
Path Type: min
Corner: Fastest

Fanout     Cap    Slew   Delay    Time   Description
-----------------------------------------------------------------------------
                          0.00    0.00   clock clk (rise edge)
                          0.00    0.00   clock network delay (propagated)
                          4.00    4.00 ^ input external delay
                  0.01    0.01    4.01 ^ rst_n (in)
     1    0.00                           rst_n (net)
                  0.01    0.00    4.01 ^ input1/A (sky130_fd_sc_hd__clkbuf_2)
                  0.09    0.10    4.11 ^ input1/X (sky130_fd_sc_hd__clkbuf_2)
     4    0.02                           net1 (net)
                  0.09    0.00    4.11 ^ fanout17/A (sky130_fd_sc_hd__clkbuf_4)
                  0.11    0.16    4.27 ^ fanout17/X (sky130_fd_sc_hd__clkbuf_4)
    10    0.05                           net17 (net)
                  0.11    0.00    4.27 ^ _266_/RESET_B (sky130_fd_sc_hd__dfrtp_1)
                                  4.27   data arrival time

                          0.00    0.00   clock clk (rise edge)
                          0.00    0.00   clock source latency
                  0.05    0.03    0.03 ^ clk (in)
     1    0.01                           clk (net)
                  0.05    0.00    0.03 ^ clkbuf_0_clk/A (sky130_fd_sc_hd__clkbuf_16)
                  0.05    0.11    0.15 ^ clkbuf_0_clk/X (sky130_fd_sc_hd__clkbuf_16)
     4    0.04                           clknet_0_clk (net)
                  0.05    0.00    0.15 ^ clkbuf_2_1__f_clk/A (sky130_fd_sc_hd__clkbuf_16)
                  0.04    0.11    0.25 ^ clkbuf_2_1__f_clk/X (sky130_fd_sc_hd__clkbuf_16)
    11    0.03                           clknet_2_1__leaf_clk (net)
                  0.04    0.00    0.25 ^ _266_/CLK (sky130_fd_sc_hd__dfrtp_1)
                          0.25    0.50   clock uncertainty
                          0.00    0.50   clock reconvergence pessimism
                          0.22    0.72   library removal time
                                  0.72   data required time
-----------------------------------------------------------------------------
                                  0.72   data required time
                                 -4.27   data arrival time
-----------------------------------------------------------------------------
                                  3.55   slack (MET)


Startpoint: rst_n (input port clocked by clk)
Endpoint: _285_ (removal check against rising-edge clock clk)
Path Group: asynchronous
Path Type: min
Corner: Fastest

Fanout     Cap    Slew   Delay    Time   Description
-----------------------------------------------------------------------------
                          0.00    0.00   clock clk (rise edge)
                          0.00    0.00   clock network delay (propagated)
                          4.00    4.00 ^ input external delay
                  0.01    0.01    4.01 ^ rst_n (in)
     1    0.00                           rst_n (net)
                  0.01    0.00    4.01 ^ input1/A (sky130_fd_sc_hd__clkbuf_2)
                  0.09    0.10    4.11 ^ input1/X (sky130_fd_sc_hd__clkbuf_2)
     4    0.02                           net1 (net)
                  0.09    0.00    4.11 ^ fanout17/A (sky130_fd_sc_hd__clkbuf_4)
                  0.11    0.16    4.27 ^ fanout17/X (sky130_fd_sc_hd__clkbuf_4)
    10    0.05                           net17 (net)
                  0.11    0.00    4.27 ^ _285_/RESET_B (sky130_fd_sc_hd__dfrtp_1)
                                  4.27   data arrival time

                          0.00    0.00   clock clk (rise edge)
                          0.00    0.00   clock source latency
                  0.05    0.03    0.03 ^ clk (in)
     1    0.01                           clk (net)
                  0.05    0.00    0.03 ^ clkbuf_0_clk/A (sky130_fd_sc_hd__clkbuf_16)
                  0.05    0.11    0.15 ^ clkbuf_0_clk/X (sky130_fd_sc_hd__clkbuf_16)
     4    0.04                           clknet_0_clk (net)
                  0.05    0.00    0.15 ^ clkbuf_2_1__f_clk/A (sky130_fd_sc_hd__clkbuf_16)
                  0.04    0.11    0.25 ^ clkbuf_2_1__f_clk/X (sky130_fd_sc_hd__clkbuf_16)
    11    0.03                           clknet_2_1__leaf_clk (net)
                  0.04    0.00    0.25 ^ _285_/CLK (sky130_fd_sc_hd__dfrtp_1)
                          0.25    0.50   clock uncertainty
                          0.00    0.50   clock reconvergence pessimism
                          0.22    0.72   library removal time
                                  0.72   data required time
-----------------------------------------------------------------------------
                                  0.72   data required time
                                 -4.27   data arrival time
-----------------------------------------------------------------------------
                                  3.55   slack (MET)


Startpoint: rst_n (input port clocked by clk)
Endpoint: _284_ (removal check against rising-edge clock clk)
Path Group: asynchronous
Path Type: min
Corner: Fastest

Fanout     Cap    Slew   Delay    Time   Description
-----------------------------------------------------------------------------
                          0.00    0.00   clock clk (rise edge)
                          0.00    0.00   clock network delay (propagated)
                          4.00    4.00 ^ input external delay
                  0.01    0.01    4.01 ^ rst_n (in)
     1    0.00                           rst_n (net)
                  0.01    0.00    4.01 ^ input1/A (sky130_fd_sc_hd__clkbuf_2)
                  0.09    0.10    4.11 ^ input1/X (sky130_fd_sc_hd__clkbuf_2)
     4    0.02                           net1 (net)
                  0.09    0.00    4.11 ^ fanout17/A (sky130_fd_sc_hd__clkbuf_4)
                  0.11    0.16    4.27 ^ fanout17/X (sky130_fd_sc_hd__clkbuf_4)
    10    0.05                           net17 (net)
                  0.11    0.00    4.27 ^ _284_/RESET_B (sky130_fd_sc_hd__dfrtp_1)
                                  4.27   data arrival time

                          0.00    0.00   clock clk (rise edge)
                          0.00    0.00   clock source latency
                  0.05    0.03    0.03 ^ clk (in)
     1    0.01                           clk (net)
                  0.05    0.00    0.03 ^ clkbuf_0_clk/A (sky130_fd_sc_hd__clkbuf_16)
                  0.05    0.11    0.15 ^ clkbuf_0_clk/X (sky130_fd_sc_hd__clkbuf_16)
     4    0.04                           clknet_0_clk (net)
                  0.05    0.00    0.15 ^ clkbuf_2_1__f_clk/A (sky130_fd_sc_hd__clkbuf_16)
                  0.04    0.11    0.25 ^ clkbuf_2_1__f_clk/X (sky130_fd_sc_hd__clkbuf_16)
    11    0.03                           clknet_2_1__leaf_clk (net)
                  0.04    0.00    0.25 ^ _284_/CLK (sky130_fd_sc_hd__dfrtp_1)
                          0.25    0.50   clock uncertainty
                          0.00    0.50   clock reconvergence pessimism
                          0.22    0.72   library removal time
                                  0.72   data required time
-----------------------------------------------------------------------------
                                  0.72   data required time
                                 -4.27   data arrival time
-----------------------------------------------------------------------------
                                  3.55   slack (MET)


Startpoint: rst_n (input port clocked by clk)
Endpoint: _286_ (removal check against rising-edge clock clk)
Path Group: asynchronous
Path Type: min
Corner: Fastest

Fanout     Cap    Slew   Delay    Time   Description
-----------------------------------------------------------------------------
                          0.00    0.00   clock clk (rise edge)
                          0.00    0.00   clock network delay (propagated)
                          4.00    4.00 ^ input external delay
                  0.01    0.01    4.01 ^ rst_n (in)
     1    0.00                           rst_n (net)
                  0.01    0.00    4.01 ^ input1/A (sky130_fd_sc_hd__clkbuf_2)
                  0.09    0.10    4.11 ^ input1/X (sky130_fd_sc_hd__clkbuf_2)
     4    0.02                           net1 (net)
                  0.09    0.00    4.11 ^ fanout17/A (sky130_fd_sc_hd__clkbuf_4)
                  0.11    0.16    4.27 ^ fanout17/X (sky130_fd_sc_hd__clkbuf_4)
    10    0.05                           net17 (net)
                  0.11    0.00    4.27 ^ _286_/RESET_B (sky130_fd_sc_hd__dfrtp_1)
                                  4.27   data arrival time

                          0.00    0.00   clock clk (rise edge)
                          0.00    0.00   clock source latency
                  0.05    0.03    0.03 ^ clk (in)
     1    0.01                           clk (net)
                  0.05    0.00    0.03 ^ clkbuf_0_clk/A (sky130_fd_sc_hd__clkbuf_16)
                  0.05    0.11    0.15 ^ clkbuf_0_clk/X (sky130_fd_sc_hd__clkbuf_16)
     4    0.04                           clknet_0_clk (net)
                  0.05    0.00    0.15 ^ clkbuf_2_1__f_clk/A (sky130_fd_sc_hd__clkbuf_16)
                  0.04    0.11    0.25 ^ clkbuf_2_1__f_clk/X (sky130_fd_sc_hd__clkbuf_16)
    11    0.03                           clknet_2_1__leaf_clk (net)
                  0.04    0.00    0.25 ^ _286_/CLK (sky130_fd_sc_hd__dfrtp_1)
                          0.25    0.50   clock uncertainty
                          0.00    0.50   clock reconvergence pessimism
                          0.22    0.72   library removal time
                                  0.72   data required time
-----------------------------------------------------------------------------
                                  0.72   data required time
                                 -4.27   data arrival time
-----------------------------------------------------------------------------
                                  3.55   slack (MET)


Startpoint: rst_n (input port clocked by clk)
Endpoint: _270_ (removal check against rising-edge clock clk)
Path Group: asynchronous
Path Type: min
Corner: Fastest

Fanout     Cap    Slew   Delay    Time   Description
-----------------------------------------------------------------------------
                          0.00    0.00   clock clk (rise edge)
                          0.00    0.00   clock network delay (propagated)
                          4.00    4.00 ^ input external delay
                  0.01    0.01    4.01 ^ rst_n (in)
     1    0.00                           rst_n (net)
                  0.01    0.00    4.01 ^ input1/A (sky130_fd_sc_hd__clkbuf_2)
                  0.09    0.10    4.11 ^ input1/X (sky130_fd_sc_hd__clkbuf_2)
     4    0.02                           net1 (net)
                  0.09    0.00    4.11 ^ fanout17/A (sky130_fd_sc_hd__clkbuf_4)
                  0.11    0.16    4.27 ^ fanout17/X (sky130_fd_sc_hd__clkbuf_4)
    10    0.05                           net17 (net)
                  0.11    0.00    4.27 ^ _270_/RESET_B (sky130_fd_sc_hd__dfrtp_1)
                                  4.27   data arrival time

                          0.00    0.00   clock clk (rise edge)
                          0.00    0.00   clock source latency
                  0.05    0.03    0.03 ^ clk (in)
     1    0.01                           clk (net)
                  0.05    0.00    0.03 ^ clkbuf_0_clk/A (sky130_fd_sc_hd__clkbuf_16)
                  0.05    0.11    0.15 ^ clkbuf_0_clk/X (sky130_fd_sc_hd__clkbuf_16)
     4    0.04                           clknet_0_clk (net)
                  0.05    0.00    0.15 ^ clkbuf_2_1__f_clk/A (sky130_fd_sc_hd__clkbuf_16)
                  0.04    0.11    0.25 ^ clkbuf_2_1__f_clk/X (sky130_fd_sc_hd__clkbuf_16)
    11    0.03                           clknet_2_1__leaf_clk (net)
                  0.04    0.00    0.25 ^ _270_/CLK (sky130_fd_sc_hd__dfrtp_1)
                          0.25    0.50   clock uncertainty
                          0.00    0.50   clock reconvergence pessimism
                          0.22    0.72   library removal time
                                  0.72   data required time
-----------------------------------------------------------------------------
                                  0.72   data required time
                                 -4.27   data arrival time
-----------------------------------------------------------------------------
                                  3.55   slack (MET)


Startpoint: rst_n (input port clocked by clk)
Endpoint: _267_ (removal check against rising-edge clock clk)
Path Group: asynchronous
Path Type: min
Corner: Fastest

Fanout     Cap    Slew   Delay    Time   Description
-----------------------------------------------------------------------------
                          0.00    0.00   clock clk (rise edge)
                          0.00    0.00   clock network delay (propagated)
                          4.00    4.00 ^ input external delay
                  0.01    0.01    4.01 ^ rst_n (in)
     1    0.00                           rst_n (net)
                  0.01    0.00    4.01 ^ input1/A (sky130_fd_sc_hd__clkbuf_2)
                  0.09    0.10    4.11 ^ input1/X (sky130_fd_sc_hd__clkbuf_2)
     4    0.02                           net1 (net)
                  0.09    0.00    4.11 ^ fanout17/A (sky130_fd_sc_hd__clkbuf_4)
                  0.11    0.16    4.27 ^ fanout17/X (sky130_fd_sc_hd__clkbuf_4)
    10    0.05                           net17 (net)
                  0.11    0.00    4.27 ^ _267_/RESET_B (sky130_fd_sc_hd__dfrtp_1)
                                  4.27   data arrival time

                          0.00    0.00   clock clk (rise edge)
                          0.00    0.00   clock source latency
                  0.05    0.03    0.03 ^ clk (in)
     1    0.01                           clk (net)
                  0.05    0.00    0.03 ^ clkbuf_0_clk/A (sky130_fd_sc_hd__clkbuf_16)
                  0.05    0.11    0.15 ^ clkbuf_0_clk/X (sky130_fd_sc_hd__clkbuf_16)
     4    0.04                           clknet_0_clk (net)
                  0.05    0.00    0.15 ^ clkbuf_2_1__f_clk/A (sky130_fd_sc_hd__clkbuf_16)
                  0.04    0.11    0.25 ^ clkbuf_2_1__f_clk/X (sky130_fd_sc_hd__clkbuf_16)
    11    0.03                           clknet_2_1__leaf_clk (net)
                  0.04    0.00    0.25 ^ _267_/CLK (sky130_fd_sc_hd__dfrtp_1)
                          0.25    0.50   clock uncertainty
                          0.00    0.50   clock reconvergence pessimism
                          0.22    0.72   library removal time
                                  0.72   data required time
-----------------------------------------------------------------------------
                                  0.72   data required time
                                 -4.27   data arrival time
-----------------------------------------------------------------------------
                                  3.55   slack (MET)


Startpoint: rst_n (input port clocked by clk)
Endpoint: _268_ (removal check against rising-edge clock clk)
Path Group: asynchronous
Path Type: min
Corner: Fastest

Fanout     Cap    Slew   Delay    Time   Description
-----------------------------------------------------------------------------
                          0.00    0.00   clock clk (rise edge)
                          0.00    0.00   clock network delay (propagated)
                          4.00    4.00 ^ input external delay
                  0.01    0.01    4.01 ^ rst_n (in)
     1    0.00                           rst_n (net)
                  0.01    0.00    4.01 ^ input1/A (sky130_fd_sc_hd__clkbuf_2)
                  0.09    0.10    4.11 ^ input1/X (sky130_fd_sc_hd__clkbuf_2)
     4    0.02                           net1 (net)
                  0.09    0.00    4.11 ^ fanout17/A (sky130_fd_sc_hd__clkbuf_4)
                  0.11    0.16    4.27 ^ fanout17/X (sky130_fd_sc_hd__clkbuf_4)
    10    0.05                           net17 (net)
                  0.11    0.00    4.27 ^ _268_/RESET_B (sky130_fd_sc_hd__dfrtp_1)
                                  4.27   data arrival time

                          0.00    0.00   clock clk (rise edge)
                          0.00    0.00   clock source latency
                  0.05    0.03    0.03 ^ clk (in)
     1    0.01                           clk (net)
                  0.05    0.00    0.03 ^ clkbuf_0_clk/A (sky130_fd_sc_hd__clkbuf_16)
                  0.05    0.11    0.15 ^ clkbuf_0_clk/X (sky130_fd_sc_hd__clkbuf_16)
     4    0.04                           clknet_0_clk (net)
                  0.05    0.00    0.15 ^ clkbuf_2_1__f_clk/A (sky130_fd_sc_hd__clkbuf_16)
                  0.04    0.11    0.25 ^ clkbuf_2_1__f_clk/X (sky130_fd_sc_hd__clkbuf_16)
    11    0.03                           clknet_2_1__leaf_clk (net)
                  0.04    0.00    0.25 ^ _268_/CLK (sky130_fd_sc_hd__dfrtp_1)
                          0.25    0.50   clock uncertainty
                          0.00    0.50   clock reconvergence pessimism
                          0.22    0.72   library removal time
                                  0.72   data required time
-----------------------------------------------------------------------------
                                  0.72   data required time
                                 -4.27   data arrival time
-----------------------------------------------------------------------------
                                  3.55   slack (MET)


Startpoint: rst_n (input port clocked by clk)
Endpoint: _273_ (removal check against rising-edge clock clk)
Path Group: asynchronous
Path Type: min
Corner: Fastest

Fanout     Cap    Slew   Delay    Time   Description
-----------------------------------------------------------------------------
                          0.00    0.00   clock clk (rise edge)
                          0.00    0.00   clock network delay (propagated)
                          4.00    4.00 ^ input external delay
                  0.01    0.01    4.01 ^ rst_n (in)
     1    0.00                           rst_n (net)
                  0.01    0.00    4.01 ^ input1/A (sky130_fd_sc_hd__clkbuf_2)
                  0.09    0.10    4.11 ^ input1/X (sky130_fd_sc_hd__clkbuf_2)
     4    0.02                           net1 (net)
                  0.09    0.00    4.11 ^ fanout16/A (sky130_fd_sc_hd__clkbuf_4)
                  0.09    0.15    4.26 ^ fanout16/X (sky130_fd_sc_hd__clkbuf_4)
     8    0.04                           net16 (net)
                  0.09    0.00    4.26 ^ _273_/RESET_B (sky130_fd_sc_hd__dfrtp_2)
                                  4.26   data arrival time

                          0.00    0.00   clock clk (rise edge)
                          0.00    0.00   clock source latency
                  0.05    0.03    0.03 ^ clk (in)
     1    0.01                           clk (net)
                  0.05    0.00    0.03 ^ clkbuf_0_clk/A (sky130_fd_sc_hd__clkbuf_16)
                  0.05    0.11    0.15 ^ clkbuf_0_clk/X (sky130_fd_sc_hd__clkbuf_16)
     4    0.04                           clknet_0_clk (net)
                  0.05    0.00    0.15 ^ clkbuf_2_2__f_clk/A (sky130_fd_sc_hd__clkbuf_16)
                  0.04    0.10    0.25 ^ clkbuf_2_2__f_clk/X (sky130_fd_sc_hd__clkbuf_16)
     8    0.02                           clknet_2_2__leaf_clk (net)
                  0.04    0.00    0.25 ^ _273_/CLK (sky130_fd_sc_hd__dfrtp_2)
                          0.25    0.50   clock uncertainty
                          0.00    0.50   clock reconvergence pessimism
                          0.21    0.71   library removal time
                                  0.71   data required time
-----------------------------------------------------------------------------
                                  0.71   data required time
                                 -4.26   data arrival time
-----------------------------------------------------------------------------
                                  3.55   slack (MET)


Startpoint: rst_n (input port clocked by clk)
Endpoint: _296_ (removal check against rising-edge clock clk)
Path Group: asynchronous
Path Type: min
Corner: Fastest

Fanout     Cap    Slew   Delay    Time   Description
-----------------------------------------------------------------------------
                          0.00    0.00   clock clk (rise edge)
                          0.00    0.00   clock network delay (propagated)
                          4.00    4.00 ^ input external delay
                  0.01    0.01    4.01 ^ rst_n (in)
     1    0.00                           rst_n (net)
                  0.01    0.00    4.01 ^ input1/A (sky130_fd_sc_hd__clkbuf_2)
                  0.09    0.10    4.11 ^ input1/X (sky130_fd_sc_hd__clkbuf_2)
     4    0.02                           net1 (net)
                  0.09    0.00    4.11 ^ fanout17/A (sky130_fd_sc_hd__clkbuf_4)
                  0.11    0.16    4.27 ^ fanout17/X (sky130_fd_sc_hd__clkbuf_4)
    10    0.05                           net17 (net)
                  0.11    0.00    4.27 ^ _296_/RESET_B (sky130_fd_sc_hd__dfrtp_4)
                                  4.27   data arrival time

                          0.00    0.00   clock clk (rise edge)
                          0.00    0.00   clock source latency
                  0.05    0.03    0.03 ^ clk (in)
     1    0.01                           clk (net)
                  0.05    0.00    0.03 ^ clkbuf_0_clk/A (sky130_fd_sc_hd__clkbuf_16)
                  0.05    0.11    0.15 ^ clkbuf_0_clk/X (sky130_fd_sc_hd__clkbuf_16)
     4    0.04                           clknet_0_clk (net)
                  0.05    0.00    0.15 ^ clkbuf_2_1__f_clk/A (sky130_fd_sc_hd__clkbuf_16)
                  0.04    0.11    0.25 ^ clkbuf_2_1__f_clk/X (sky130_fd_sc_hd__clkbuf_16)
    11    0.03                           clknet_2_1__leaf_clk (net)
                  0.04    0.00    0.25 ^ _296_/CLK (sky130_fd_sc_hd__dfrtp_4)
                          0.25    0.50   clock uncertainty
                          0.00    0.50   clock reconvergence pessimism
                          0.22    0.72   library removal time
                                  0.72   data required time
-----------------------------------------------------------------------------
                                  0.72   data required time
                                 -4.27   data arrival time
-----------------------------------------------------------------------------
                                  3.55   slack (MET)


Startpoint: rst_n (input port clocked by clk)
Endpoint: _298_ (removal check against rising-edge clock clk)
Path Group: asynchronous
Path Type: min
Corner: Fastest

Fanout     Cap    Slew   Delay    Time   Description
-----------------------------------------------------------------------------
                          0.00    0.00   clock clk (rise edge)
                          0.00    0.00   clock network delay (propagated)
                          4.00    4.00 ^ input external delay
                  0.01    0.01    4.01 ^ rst_n (in)
     1    0.00                           rst_n (net)
                  0.01    0.00    4.01 ^ input1/A (sky130_fd_sc_hd__clkbuf_2)
                  0.09    0.10    4.11 ^ input1/X (sky130_fd_sc_hd__clkbuf_2)
     4    0.02                           net1 (net)
                  0.09    0.00    4.11 ^ fanout17/A (sky130_fd_sc_hd__clkbuf_4)
                  0.11    0.16    4.27 ^ fanout17/X (sky130_fd_sc_hd__clkbuf_4)
    10    0.05                           net17 (net)
                  0.11    0.00    4.27 ^ _298_/RESET_B (sky130_fd_sc_hd__dfrtp_1)
                                  4.27   data arrival time

                          0.00    0.00   clock clk (rise edge)
                          0.00    0.00   clock source latency
                  0.05    0.03    0.03 ^ clk (in)
     1    0.01                           clk (net)
                  0.05    0.00    0.03 ^ clkbuf_0_clk/A (sky130_fd_sc_hd__clkbuf_16)
                  0.05    0.11    0.15 ^ clkbuf_0_clk/X (sky130_fd_sc_hd__clkbuf_16)
     4    0.04                           clknet_0_clk (net)
                  0.05    0.00    0.15 ^ clkbuf_2_1__f_clk/A (sky130_fd_sc_hd__clkbuf_16)
                  0.04    0.11    0.25 ^ clkbuf_2_1__f_clk/X (sky130_fd_sc_hd__clkbuf_16)
    11    0.03                           clknet_2_1__leaf_clk (net)
                  0.04    0.00    0.25 ^ _298_/CLK (sky130_fd_sc_hd__dfrtp_1)
                          0.25    0.50   clock uncertainty
                          0.00    0.50   clock reconvergence pessimism
                          0.22    0.72   library removal time
                                  0.72   data required time
-----------------------------------------------------------------------------
                                  0.72   data required time
                                 -4.27   data arrival time
-----------------------------------------------------------------------------
                                  3.55   slack (MET)


Startpoint: rst_n (input port clocked by clk)
Endpoint: _297_ (removal check against rising-edge clock clk)
Path Group: asynchronous
Path Type: min
Corner: Fastest

Fanout     Cap    Slew   Delay    Time   Description
-----------------------------------------------------------------------------
                          0.00    0.00   clock clk (rise edge)
                          0.00    0.00   clock network delay (propagated)
                          4.00    4.00 ^ input external delay
                  0.01    0.01    4.01 ^ rst_n (in)
     1    0.00                           rst_n (net)
                  0.01    0.00    4.01 ^ input1/A (sky130_fd_sc_hd__clkbuf_2)
                  0.09    0.10    4.11 ^ input1/X (sky130_fd_sc_hd__clkbuf_2)
     4    0.02                           net1 (net)
                  0.09    0.00    4.11 ^ fanout17/A (sky130_fd_sc_hd__clkbuf_4)
                  0.11    0.16    4.27 ^ fanout17/X (sky130_fd_sc_hd__clkbuf_4)
    10    0.05                           net17 (net)
                  0.11    0.00    4.27 ^ _297_/RESET_B (sky130_fd_sc_hd__dfrtp_4)
                                  4.27   data arrival time

                          0.00    0.00   clock clk (rise edge)
                          0.00    0.00   clock source latency
                  0.05    0.03    0.03 ^ clk (in)
     1    0.01                           clk (net)
                  0.05    0.00    0.03 ^ clkbuf_0_clk/A (sky130_fd_sc_hd__clkbuf_16)
                  0.05    0.11    0.15 ^ clkbuf_0_clk/X (sky130_fd_sc_hd__clkbuf_16)
     4    0.04                           clknet_0_clk (net)
                  0.05    0.00    0.15 ^ clkbuf_2_1__f_clk/A (sky130_fd_sc_hd__clkbuf_16)
                  0.04    0.11    0.25 ^ clkbuf_2_1__f_clk/X (sky130_fd_sc_hd__clkbuf_16)
    11    0.03                           clknet_2_1__leaf_clk (net)
                  0.04    0.00    0.25 ^ _297_/CLK (sky130_fd_sc_hd__dfrtp_4)
                          0.25    0.50   clock uncertainty
                          0.00    0.50   clock reconvergence pessimism
                          0.22    0.72   library removal time
                                  0.72   data required time
-----------------------------------------------------------------------------
                                  0.72   data required time
                                 -4.27   data arrival time
-----------------------------------------------------------------------------
                                  3.55   slack (MET)


Startpoint: rst_n (input port clocked by clk)
Endpoint: _282_ (removal check against rising-edge clock clk)
Path Group: asynchronous
Path Type: min
Corner: Fastest

Fanout     Cap    Slew   Delay    Time   Description
-----------------------------------------------------------------------------
                          0.00    0.00   clock clk (rise edge)
                          0.00    0.00   clock network delay (propagated)
                          4.00    4.00 ^ input external delay
                  0.01    0.01    4.01 ^ rst_n (in)
     1    0.00                           rst_n (net)
                  0.01    0.00    4.01 ^ input1/A (sky130_fd_sc_hd__clkbuf_2)
                  0.09    0.10    4.11 ^ input1/X (sky130_fd_sc_hd__clkbuf_2)
     4    0.02                           net1 (net)
                  0.09    0.00    4.11 ^ fanout16/A (sky130_fd_sc_hd__clkbuf_4)
                  0.09    0.15    4.26 ^ fanout16/X (sky130_fd_sc_hd__clkbuf_4)
     8    0.04                           net16 (net)
                  0.09    0.00    4.26 ^ _282_/RESET_B (sky130_fd_sc_hd__dfrtp_1)
                                  4.26   data arrival time

                          0.00    0.00   clock clk (rise edge)
                          0.00    0.00   clock source latency
                  0.05    0.03    0.03 ^ clk (in)
     1    0.01                           clk (net)
                  0.05    0.00    0.03 ^ clkbuf_0_clk/A (sky130_fd_sc_hd__clkbuf_16)
                  0.05    0.11    0.15 ^ clkbuf_0_clk/X (sky130_fd_sc_hd__clkbuf_16)
     4    0.04                           clknet_0_clk (net)
                  0.05    0.00    0.15 ^ clkbuf_2_2__f_clk/A (sky130_fd_sc_hd__clkbuf_16)
                  0.04    0.10    0.25 ^ clkbuf_2_2__f_clk/X (sky130_fd_sc_hd__clkbuf_16)
     8    0.02                           clknet_2_2__leaf_clk (net)
                  0.04    0.00    0.25 ^ _282_/CLK (sky130_fd_sc_hd__dfrtp_1)
                          0.25    0.50   clock uncertainty
                          0.00    0.50   clock reconvergence pessimism
                          0.21    0.71   library removal time
                                  0.71   data required time
-----------------------------------------------------------------------------
                                  0.71   data required time
                                 -4.26   data arrival time
-----------------------------------------------------------------------------
                                  3.55   slack (MET)


Startpoint: rst_n (input port clocked by clk)
Endpoint: _283_ (removal check against rising-edge clock clk)
Path Group: asynchronous
Path Type: min
Corner: Fastest

Fanout     Cap    Slew   Delay    Time   Description
-----------------------------------------------------------------------------
                          0.00    0.00   clock clk (rise edge)
                          0.00    0.00   clock network delay (propagated)
                          4.00    4.00 ^ input external delay
                  0.01    0.01    4.01 ^ rst_n (in)
     1    0.00                           rst_n (net)
                  0.01    0.00    4.01 ^ input1/A (sky130_fd_sc_hd__clkbuf_2)
                  0.09    0.10    4.11 ^ input1/X (sky130_fd_sc_hd__clkbuf_2)
     4    0.02                           net1 (net)
                  0.09    0.00    4.11 ^ fanout16/A (sky130_fd_sc_hd__clkbuf_4)
                  0.09    0.15    4.26 ^ fanout16/X (sky130_fd_sc_hd__clkbuf_4)
     8    0.04                           net16 (net)
                  0.09    0.00    4.26 ^ _283_/RESET_B (sky130_fd_sc_hd__dfrtp_1)
                                  4.26   data arrival time

                          0.00    0.00   clock clk (rise edge)
                          0.00    0.00   clock source latency
                  0.05    0.03    0.03 ^ clk (in)
     1    0.01                           clk (net)
                  0.05    0.00    0.03 ^ clkbuf_0_clk/A (sky130_fd_sc_hd__clkbuf_16)
                  0.05    0.11    0.15 ^ clkbuf_0_clk/X (sky130_fd_sc_hd__clkbuf_16)
     4    0.04                           clknet_0_clk (net)
                  0.05    0.00    0.15 ^ clkbuf_2_2__f_clk/A (sky130_fd_sc_hd__clkbuf_16)
                  0.04    0.10    0.25 ^ clkbuf_2_2__f_clk/X (sky130_fd_sc_hd__clkbuf_16)
     8    0.02                           clknet_2_2__leaf_clk (net)
                  0.04    0.00    0.25 ^ _283_/CLK (sky130_fd_sc_hd__dfrtp_1)
                          0.25    0.50   clock uncertainty
                          0.00    0.50   clock reconvergence pessimism
                          0.21    0.71   library removal time
                                  0.71   data required time
-----------------------------------------------------------------------------
                                  0.71   data required time
                                 -4.26   data arrival time
-----------------------------------------------------------------------------
                                  3.55   slack (MET)


Startpoint: rst_n (input port clocked by clk)
Endpoint: _274_ (removal check against rising-edge clock clk)
Path Group: asynchronous
Path Type: min
Corner: Fastest

Fanout     Cap    Slew   Delay    Time   Description
-----------------------------------------------------------------------------
                          0.00    0.00   clock clk (rise edge)
                          0.00    0.00   clock network delay (propagated)
                          4.00    4.00 ^ input external delay
                  0.01    0.01    4.01 ^ rst_n (in)
     1    0.00                           rst_n (net)
                  0.01    0.00    4.01 ^ input1/A (sky130_fd_sc_hd__clkbuf_2)
                  0.09    0.10    4.11 ^ input1/X (sky130_fd_sc_hd__clkbuf_2)
     4    0.02                           net1 (net)
                  0.09    0.00    4.11 ^ fanout16/A (sky130_fd_sc_hd__clkbuf_4)
                  0.09    0.15    4.26 ^ fanout16/X (sky130_fd_sc_hd__clkbuf_4)
     8    0.04                           net16 (net)
                  0.09    0.00    4.26 ^ _274_/RESET_B (sky130_fd_sc_hd__dfrtp_4)
                                  4.26   data arrival time

                          0.00    0.00   clock clk (rise edge)
                          0.00    0.00   clock source latency
                  0.05    0.03    0.03 ^ clk (in)
     1    0.01                           clk (net)
                  0.05    0.00    0.03 ^ clkbuf_0_clk/A (sky130_fd_sc_hd__clkbuf_16)
                  0.05    0.11    0.15 ^ clkbuf_0_clk/X (sky130_fd_sc_hd__clkbuf_16)
     4    0.04                           clknet_0_clk (net)
                  0.05    0.00    0.15 ^ clkbuf_2_2__f_clk/A (sky130_fd_sc_hd__clkbuf_16)
                  0.04    0.10    0.25 ^ clkbuf_2_2__f_clk/X (sky130_fd_sc_hd__clkbuf_16)
     8    0.02                           clknet_2_2__leaf_clk (net)
                  0.04    0.00    0.25 ^ _274_/CLK (sky130_fd_sc_hd__dfrtp_4)
                          0.25    0.50   clock uncertainty
                          0.00    0.50   clock reconvergence pessimism
                          0.21    0.71   library removal time
                                  0.71   data required time
-----------------------------------------------------------------------------
                                  0.71   data required time
                                 -4.26   data arrival time
-----------------------------------------------------------------------------
                                  3.55   slack (MET)


Startpoint: rst_n (input port clocked by clk)
Endpoint: _275_ (removal check against rising-edge clock clk)
Path Group: asynchronous
Path Type: min
Corner: Fastest

Fanout     Cap    Slew   Delay    Time   Description
-----------------------------------------------------------------------------
                          0.00    0.00   clock clk (rise edge)
                          0.00    0.00   clock network delay (propagated)
                          4.00    4.00 ^ input external delay
                  0.01    0.01    4.01 ^ rst_n (in)
     1    0.00                           rst_n (net)
                  0.01    0.00    4.01 ^ input1/A (sky130_fd_sc_hd__clkbuf_2)
                  0.09    0.10    4.11 ^ input1/X (sky130_fd_sc_hd__clkbuf_2)
     4    0.02                           net1 (net)
                  0.09    0.00    4.11 ^ fanout16/A (sky130_fd_sc_hd__clkbuf_4)
                  0.09    0.15    4.26 ^ fanout16/X (sky130_fd_sc_hd__clkbuf_4)
     8    0.04                           net16 (net)
                  0.09    0.00    4.26 ^ _275_/RESET_B (sky130_fd_sc_hd__dfrtp_2)
                                  4.26   data arrival time

                          0.00    0.00   clock clk (rise edge)
                          0.00    0.00   clock source latency
                  0.05    0.03    0.03 ^ clk (in)
     1    0.01                           clk (net)
                  0.05    0.00    0.03 ^ clkbuf_0_clk/A (sky130_fd_sc_hd__clkbuf_16)
                  0.05    0.11    0.15 ^ clkbuf_0_clk/X (sky130_fd_sc_hd__clkbuf_16)
     4    0.04                           clknet_0_clk (net)
                  0.05    0.00    0.15 ^ clkbuf_2_2__f_clk/A (sky130_fd_sc_hd__clkbuf_16)
                  0.04    0.10    0.25 ^ clkbuf_2_2__f_clk/X (sky130_fd_sc_hd__clkbuf_16)
     8    0.02                           clknet_2_2__leaf_clk (net)
                  0.04    0.00    0.25 ^ _275_/CLK (sky130_fd_sc_hd__dfrtp_2)
                          0.25    0.50   clock uncertainty
                          0.00    0.50   clock reconvergence pessimism
                          0.21    0.71   library removal time
                                  0.71   data required time
-----------------------------------------------------------------------------
                                  0.71   data required time
                                 -4.26   data arrival time
-----------------------------------------------------------------------------
                                  3.55   slack (MET)


Startpoint: rst_n (input port clocked by clk)
Endpoint: _276_ (removal check against rising-edge clock clk)
Path Group: asynchronous
Path Type: min
Corner: Fastest

Fanout     Cap    Slew   Delay    Time   Description
-----------------------------------------------------------------------------
                          0.00    0.00   clock clk (rise edge)
                          0.00    0.00   clock network delay (propagated)
                          4.00    4.00 ^ input external delay
                  0.01    0.01    4.01 ^ rst_n (in)
     1    0.00                           rst_n (net)
                  0.01    0.00    4.01 ^ input1/A (sky130_fd_sc_hd__clkbuf_2)
                  0.09    0.10    4.11 ^ input1/X (sky130_fd_sc_hd__clkbuf_2)
     4    0.02                           net1 (net)
                  0.09    0.00    4.11 ^ fanout16/A (sky130_fd_sc_hd__clkbuf_4)
                  0.09    0.15    4.26 ^ fanout16/X (sky130_fd_sc_hd__clkbuf_4)
     8    0.04                           net16 (net)
                  0.09    0.00    4.26 ^ _276_/RESET_B (sky130_fd_sc_hd__dfrtp_2)
                                  4.26   data arrival time

                          0.00    0.00   clock clk (rise edge)
                          0.00    0.00   clock source latency
                  0.05    0.03    0.03 ^ clk (in)
     1    0.01                           clk (net)
                  0.05    0.00    0.03 ^ clkbuf_0_clk/A (sky130_fd_sc_hd__clkbuf_16)
                  0.05    0.11    0.15 ^ clkbuf_0_clk/X (sky130_fd_sc_hd__clkbuf_16)
     4    0.04                           clknet_0_clk (net)
                  0.05    0.00    0.15 ^ clkbuf_2_2__f_clk/A (sky130_fd_sc_hd__clkbuf_16)
                  0.04    0.10    0.25 ^ clkbuf_2_2__f_clk/X (sky130_fd_sc_hd__clkbuf_16)
     8    0.02                           clknet_2_2__leaf_clk (net)
                  0.04    0.00    0.25 ^ _276_/CLK (sky130_fd_sc_hd__dfrtp_2)
                          0.25    0.50   clock uncertainty
                          0.00    0.50   clock reconvergence pessimism
                          0.21    0.71   library removal time
                                  0.71   data required time
-----------------------------------------------------------------------------
                                  0.71   data required time
                                 -4.26   data arrival time
-----------------------------------------------------------------------------
                                  3.55   slack (MET)


Startpoint: rst_n (input port clocked by clk)
Endpoint: _277_ (removal check against rising-edge clock clk)
Path Group: asynchronous
Path Type: min
Corner: Fastest

Fanout     Cap    Slew   Delay    Time   Description
-----------------------------------------------------------------------------
                          0.00    0.00   clock clk (rise edge)
                          0.00    0.00   clock network delay (propagated)
                          4.00    4.00 ^ input external delay
                  0.01    0.01    4.01 ^ rst_n (in)
     1    0.00                           rst_n (net)
                  0.01    0.00    4.01 ^ input1/A (sky130_fd_sc_hd__clkbuf_2)
                  0.09    0.10    4.11 ^ input1/X (sky130_fd_sc_hd__clkbuf_2)
     4    0.02                           net1 (net)
                  0.09    0.00    4.11 ^ fanout16/A (sky130_fd_sc_hd__clkbuf_4)
                  0.09    0.15    4.26 ^ fanout16/X (sky130_fd_sc_hd__clkbuf_4)
     8    0.04                           net16 (net)
                  0.09    0.00    4.26 ^ _277_/RESET_B (sky130_fd_sc_hd__dfrtp_1)
                                  4.26   data arrival time

                          0.00    0.00   clock clk (rise edge)
                          0.00    0.00   clock source latency
                  0.05    0.03    0.03 ^ clk (in)
     1    0.01                           clk (net)
                  0.05    0.00    0.03 ^ clkbuf_0_clk/A (sky130_fd_sc_hd__clkbuf_16)
                  0.05    0.11    0.15 ^ clkbuf_0_clk/X (sky130_fd_sc_hd__clkbuf_16)
     4    0.04                           clknet_0_clk (net)
                  0.05    0.00    0.15 ^ clkbuf_2_2__f_clk/A (sky130_fd_sc_hd__clkbuf_16)
                  0.04    0.10    0.25 ^ clkbuf_2_2__f_clk/X (sky130_fd_sc_hd__clkbuf_16)
     8    0.02                           clknet_2_2__leaf_clk (net)
                  0.04    0.00    0.25 ^ _277_/CLK (sky130_fd_sc_hd__dfrtp_1)
                          0.25    0.50   clock uncertainty
                          0.00    0.50   clock reconvergence pessimism
                          0.21    0.71   library removal time
                                  0.71   data required time
-----------------------------------------------------------------------------
                                  0.71   data required time
                                 -4.26   data arrival time
-----------------------------------------------------------------------------
                                  3.55   slack (MET)


Startpoint: rst_n (input port clocked by clk)
Endpoint: _287_ (removal check against rising-edge clock clk)
Path Group: asynchronous
Path Type: min
Corner: Fastest

Fanout     Cap    Slew   Delay    Time   Description
-----------------------------------------------------------------------------
                          0.00    0.00   clock clk (rise edge)
                          0.00    0.00   clock network delay (propagated)
                          4.00    4.00 ^ input external delay
                  0.01    0.01    4.01 ^ rst_n (in)
     1    0.00                           rst_n (net)
                  0.01    0.00    4.01 ^ input1/A (sky130_fd_sc_hd__clkbuf_2)
                  0.09    0.10    4.11 ^ input1/X (sky130_fd_sc_hd__clkbuf_2)
     4    0.02                           net1 (net)
                  0.09    0.00    4.11 ^ fanout15/A (sky130_fd_sc_hd__clkbuf_4)
                  0.11    0.16    4.27 ^ fanout15/X (sky130_fd_sc_hd__clkbuf_4)
    10    0.05                           net15 (net)
                  0.11    0.00    4.27 ^ _287_/RESET_B (sky130_fd_sc_hd__dfrtp_1)
                                  4.27   data arrival time

                          0.00    0.00   clock clk (rise edge)
                          0.00    0.00   clock source latency
                  0.05    0.03    0.03 ^ clk (in)
     1    0.01                           clk (net)
                  0.05    0.00    0.03 ^ clkbuf_0_clk/A (sky130_fd_sc_hd__clkbuf_16)
                  0.05    0.11    0.15 ^ clkbuf_0_clk/X (sky130_fd_sc_hd__clkbuf_16)
     4    0.04                           clknet_0_clk (net)
                  0.05    0.00    0.15 ^ clkbuf_2_0__f_clk/A (sky130_fd_sc_hd__clkbuf_16)
                  0.04    0.10    0.25 ^ clkbuf_2_0__f_clk/X (sky130_fd_sc_hd__clkbuf_16)
     9    0.03                           clknet_2_0__leaf_clk (net)
                  0.04    0.00    0.25 ^ _287_/CLK (sky130_fd_sc_hd__dfrtp_1)
                          0.25    0.50   clock uncertainty
                          0.00    0.50   clock reconvergence pessimism
                          0.22    0.72   library removal time
                                  0.72   data required time
-----------------------------------------------------------------------------
                                  0.72   data required time
                                 -4.27   data arrival time
-----------------------------------------------------------------------------
                                  3.55   slack (MET)


Startpoint: rst_n (input port clocked by clk)
Endpoint: _295_ (removal check against rising-edge clock clk)
Path Group: asynchronous
Path Type: min
Corner: Fastest

Fanout     Cap    Slew   Delay    Time   Description
-----------------------------------------------------------------------------
                          0.00    0.00   clock clk (rise edge)
                          0.00    0.00   clock network delay (propagated)
                          4.00    4.00 ^ input external delay
                  0.01    0.01    4.01 ^ rst_n (in)
     1    0.00                           rst_n (net)
                  0.01    0.00    4.01 ^ input1/A (sky130_fd_sc_hd__clkbuf_2)
                  0.09    0.10    4.11 ^ input1/X (sky130_fd_sc_hd__clkbuf_2)
     4    0.02                           net1 (net)
                  0.09    0.00    4.11 ^ fanout15/A (sky130_fd_sc_hd__clkbuf_4)
                  0.11    0.16    4.27 ^ fanout15/X (sky130_fd_sc_hd__clkbuf_4)
    10    0.05                           net15 (net)
                  0.11    0.00    4.27 ^ _295_/RESET_B (sky130_fd_sc_hd__dfrtp_1)
                                  4.27   data arrival time

                          0.00    0.00   clock clk (rise edge)
                          0.00    0.00   clock source latency
                  0.05    0.03    0.03 ^ clk (in)
     1    0.01                           clk (net)
                  0.05    0.00    0.03 ^ clkbuf_0_clk/A (sky130_fd_sc_hd__clkbuf_16)
                  0.05    0.11    0.15 ^ clkbuf_0_clk/X (sky130_fd_sc_hd__clkbuf_16)
     4    0.04                           clknet_0_clk (net)
                  0.05    0.00    0.15 ^ clkbuf_2_0__f_clk/A (sky130_fd_sc_hd__clkbuf_16)
                  0.04    0.10    0.25 ^ clkbuf_2_0__f_clk/X (sky130_fd_sc_hd__clkbuf_16)
     9    0.03                           clknet_2_0__leaf_clk (net)
                  0.04    0.00    0.25 ^ _295_/CLK (sky130_fd_sc_hd__dfrtp_1)
                          0.25    0.50   clock uncertainty
                          0.00    0.50   clock reconvergence pessimism
                          0.22    0.72   library removal time
                                  0.72   data required time
-----------------------------------------------------------------------------
                                  0.72   data required time
                                 -4.27   data arrival time
-----------------------------------------------------------------------------
                                  3.55   slack (MET)


Startpoint: rst_n (input port clocked by clk)
Endpoint: _288_ (removal check against rising-edge clock clk)
Path Group: asynchronous
Path Type: min
Corner: Fastest

Fanout     Cap    Slew   Delay    Time   Description
-----------------------------------------------------------------------------
                          0.00    0.00   clock clk (rise edge)
                          0.00    0.00   clock network delay (propagated)
                          4.00    4.00 ^ input external delay
                  0.01    0.01    4.01 ^ rst_n (in)
     1    0.00                           rst_n (net)
                  0.01    0.00    4.01 ^ input1/A (sky130_fd_sc_hd__clkbuf_2)
                  0.09    0.10    4.11 ^ input1/X (sky130_fd_sc_hd__clkbuf_2)
     4    0.02                           net1 (net)
                  0.09    0.00    4.11 ^ fanout15/A (sky130_fd_sc_hd__clkbuf_4)
                  0.11    0.16    4.27 ^ fanout15/X (sky130_fd_sc_hd__clkbuf_4)
    10    0.05                           net15 (net)
                  0.11    0.00    4.27 ^ _288_/RESET_B (sky130_fd_sc_hd__dfrtp_1)
                                  4.27   data arrival time

                          0.00    0.00   clock clk (rise edge)
                          0.00    0.00   clock source latency
                  0.05    0.03    0.03 ^ clk (in)
     1    0.01                           clk (net)
                  0.05    0.00    0.03 ^ clkbuf_0_clk/A (sky130_fd_sc_hd__clkbuf_16)
                  0.05    0.11    0.15 ^ clkbuf_0_clk/X (sky130_fd_sc_hd__clkbuf_16)
     4    0.04                           clknet_0_clk (net)
                  0.05    0.00    0.15 ^ clkbuf_2_0__f_clk/A (sky130_fd_sc_hd__clkbuf_16)
                  0.04    0.10    0.25 ^ clkbuf_2_0__f_clk/X (sky130_fd_sc_hd__clkbuf_16)
     9    0.03                           clknet_2_0__leaf_clk (net)
                  0.04    0.00    0.25 ^ _288_/CLK (sky130_fd_sc_hd__dfrtp_1)
                          0.25    0.50   clock uncertainty
                          0.00    0.50   clock reconvergence pessimism
                          0.22    0.72   library removal time
                                  0.72   data required time
-----------------------------------------------------------------------------
                                  0.72   data required time
                                 -4.27   data arrival time
-----------------------------------------------------------------------------
                                  3.55   slack (MET)


Startpoint: rst_n (input port clocked by clk)
Endpoint: _290_ (removal check against rising-edge clock clk)
Path Group: asynchronous
Path Type: min
Corner: Fastest

Fanout     Cap    Slew   Delay    Time   Description
-----------------------------------------------------------------------------
                          0.00    0.00   clock clk (rise edge)
                          0.00    0.00   clock network delay (propagated)
                          4.00    4.00 ^ input external delay
                  0.01    0.01    4.01 ^ rst_n (in)
     1    0.00                           rst_n (net)
                  0.01    0.00    4.01 ^ input1/A (sky130_fd_sc_hd__clkbuf_2)
                  0.09    0.10    4.11 ^ input1/X (sky130_fd_sc_hd__clkbuf_2)
     4    0.02                           net1 (net)
                  0.09    0.00    4.11 ^ fanout15/A (sky130_fd_sc_hd__clkbuf_4)
                  0.11    0.16    4.27 ^ fanout15/X (sky130_fd_sc_hd__clkbuf_4)
    10    0.05                           net15 (net)
                  0.11    0.00    4.27 ^ _290_/RESET_B (sky130_fd_sc_hd__dfrtp_1)
                                  4.27   data arrival time

                          0.00    0.00   clock clk (rise edge)
                          0.00    0.00   clock source latency
                  0.05    0.03    0.03 ^ clk (in)
     1    0.01                           clk (net)
                  0.05    0.00    0.03 ^ clkbuf_0_clk/A (sky130_fd_sc_hd__clkbuf_16)
                  0.05    0.11    0.15 ^ clkbuf_0_clk/X (sky130_fd_sc_hd__clkbuf_16)
     4    0.04                           clknet_0_clk (net)
                  0.05    0.00    0.15 ^ clkbuf_2_0__f_clk/A (sky130_fd_sc_hd__clkbuf_16)
                  0.04    0.10    0.25 ^ clkbuf_2_0__f_clk/X (sky130_fd_sc_hd__clkbuf_16)
     9    0.03                           clknet_2_0__leaf_clk (net)
                  0.04    0.00    0.25 ^ _290_/CLK (sky130_fd_sc_hd__dfrtp_1)
                          0.25    0.50   clock uncertainty
                          0.00    0.50   clock reconvergence pessimism
                          0.22    0.72   library removal time
                                  0.72   data required time
-----------------------------------------------------------------------------
                                  0.72   data required time
                                 -4.27   data arrival time
-----------------------------------------------------------------------------
                                  3.55   slack (MET)


Startpoint: rst_n (input port clocked by clk)
Endpoint: _289_ (removal check against rising-edge clock clk)
Path Group: asynchronous
Path Type: min
Corner: Fastest

Fanout     Cap    Slew   Delay    Time   Description
-----------------------------------------------------------------------------
                          0.00    0.00   clock clk (rise edge)
                          0.00    0.00   clock network delay (propagated)
                          4.00    4.00 ^ input external delay
                  0.01    0.01    4.01 ^ rst_n (in)
     1    0.00                           rst_n (net)
                  0.01    0.00    4.01 ^ input1/A (sky130_fd_sc_hd__clkbuf_2)
                  0.09    0.10    4.11 ^ input1/X (sky130_fd_sc_hd__clkbuf_2)
     4    0.02                           net1 (net)
                  0.09    0.00    4.11 ^ fanout15/A (sky130_fd_sc_hd__clkbuf_4)
                  0.11    0.16    4.27 ^ fanout15/X (sky130_fd_sc_hd__clkbuf_4)
    10    0.05                           net15 (net)
                  0.11    0.00    4.27 ^ _289_/RESET_B (sky130_fd_sc_hd__dfrtp_1)
                                  4.27   data arrival time

                          0.00    0.00   clock clk (rise edge)
                          0.00    0.00   clock source latency
                  0.05    0.03    0.03 ^ clk (in)
     1    0.01                           clk (net)
                  0.05    0.00    0.03 ^ clkbuf_0_clk/A (sky130_fd_sc_hd__clkbuf_16)
                  0.05    0.11    0.15 ^ clkbuf_0_clk/X (sky130_fd_sc_hd__clkbuf_16)
     4    0.04                           clknet_0_clk (net)
                  0.05    0.00    0.15 ^ clkbuf_2_0__f_clk/A (sky130_fd_sc_hd__clkbuf_16)
                  0.04    0.10    0.25 ^ clkbuf_2_0__f_clk/X (sky130_fd_sc_hd__clkbuf_16)
     9    0.03                           clknet_2_0__leaf_clk (net)
                  0.04    0.00    0.25 ^ _289_/CLK (sky130_fd_sc_hd__dfrtp_1)
                          0.25    0.50   clock uncertainty
                          0.00    0.50   clock reconvergence pessimism
                          0.22    0.72   library removal time
                                  0.72   data required time
-----------------------------------------------------------------------------
                                  0.72   data required time
                                 -4.27   data arrival time
-----------------------------------------------------------------------------
                                  3.55   slack (MET)


Startpoint: rst_n (input port clocked by clk)
Endpoint: _292_ (removal check against rising-edge clock clk)
Path Group: asynchronous
Path Type: min
Corner: Fastest

Fanout     Cap    Slew   Delay    Time   Description
-----------------------------------------------------------------------------
                          0.00    0.00   clock clk (rise edge)
                          0.00    0.00   clock network delay (propagated)
                          4.00    4.00 ^ input external delay
                  0.01    0.01    4.01 ^ rst_n (in)
     1    0.00                           rst_n (net)
                  0.01    0.00    4.01 ^ input1/A (sky130_fd_sc_hd__clkbuf_2)
                  0.09    0.10    4.11 ^ input1/X (sky130_fd_sc_hd__clkbuf_2)
     4    0.02                           net1 (net)
                  0.09    0.00    4.11 ^ fanout15/A (sky130_fd_sc_hd__clkbuf_4)
                  0.11    0.16    4.27 ^ fanout15/X (sky130_fd_sc_hd__clkbuf_4)
    10    0.05                           net15 (net)
                  0.11    0.00    4.27 ^ _292_/RESET_B (sky130_fd_sc_hd__dfrtp_1)
                                  4.27   data arrival time

                          0.00    0.00   clock clk (rise edge)
                          0.00    0.00   clock source latency
                  0.05    0.03    0.03 ^ clk (in)
     1    0.01                           clk (net)
                  0.05    0.00    0.03 ^ clkbuf_0_clk/A (sky130_fd_sc_hd__clkbuf_16)
                  0.05    0.11    0.15 ^ clkbuf_0_clk/X (sky130_fd_sc_hd__clkbuf_16)
     4    0.04                           clknet_0_clk (net)
                  0.05    0.00    0.15 ^ clkbuf_2_0__f_clk/A (sky130_fd_sc_hd__clkbuf_16)
                  0.04    0.10    0.25 ^ clkbuf_2_0__f_clk/X (sky130_fd_sc_hd__clkbuf_16)
     9    0.03                           clknet_2_0__leaf_clk (net)
                  0.04    0.00    0.25 ^ _292_/CLK (sky130_fd_sc_hd__dfrtp_1)
                          0.25    0.50   clock uncertainty
                          0.00    0.50   clock reconvergence pessimism
                          0.22    0.72   library removal time
                                  0.72   data required time
-----------------------------------------------------------------------------
                                  0.72   data required time
                                 -4.27   data arrival time
-----------------------------------------------------------------------------
                                  3.55   slack (MET)


Startpoint: rst_n (input port clocked by clk)
Endpoint: _294_ (removal check against rising-edge clock clk)
Path Group: asynchronous
Path Type: min
Corner: Fastest

Fanout     Cap    Slew   Delay    Time   Description
-----------------------------------------------------------------------------
                          0.00    0.00   clock clk (rise edge)
                          0.00    0.00   clock network delay (propagated)
                          4.00    4.00 ^ input external delay
                  0.01    0.01    4.01 ^ rst_n (in)
     1    0.00                           rst_n (net)
                  0.01    0.00    4.01 ^ input1/A (sky130_fd_sc_hd__clkbuf_2)
                  0.09    0.10    4.11 ^ input1/X (sky130_fd_sc_hd__clkbuf_2)
     4    0.02                           net1 (net)
                  0.09    0.00    4.11 ^ fanout15/A (sky130_fd_sc_hd__clkbuf_4)
                  0.11    0.16    4.27 ^ fanout15/X (sky130_fd_sc_hd__clkbuf_4)
    10    0.05                           net15 (net)
                  0.11    0.00    4.27 ^ _294_/RESET_B (sky130_fd_sc_hd__dfrtp_1)
                                  4.27   data arrival time

                          0.00    0.00   clock clk (rise edge)
                          0.00    0.00   clock source latency
                  0.05    0.03    0.03 ^ clk (in)
     1    0.01                           clk (net)
                  0.05    0.00    0.03 ^ clkbuf_0_clk/A (sky130_fd_sc_hd__clkbuf_16)
                  0.05    0.11    0.15 ^ clkbuf_0_clk/X (sky130_fd_sc_hd__clkbuf_16)
     4    0.04                           clknet_0_clk (net)
                  0.05    0.00    0.15 ^ clkbuf_2_0__f_clk/A (sky130_fd_sc_hd__clkbuf_16)
                  0.04    0.10    0.25 ^ clkbuf_2_0__f_clk/X (sky130_fd_sc_hd__clkbuf_16)
     9    0.03                           clknet_2_0__leaf_clk (net)
                  0.04    0.00    0.25 ^ _294_/CLK (sky130_fd_sc_hd__dfrtp_1)
                          0.25    0.50   clock uncertainty
                          0.00    0.50   clock reconvergence pessimism
                          0.22    0.72   library removal time
                                  0.72   data required time
-----------------------------------------------------------------------------
                                  0.72   data required time
                                 -4.27   data arrival time
-----------------------------------------------------------------------------
                                  3.55   slack (MET)


Startpoint: rst_n (input port clocked by clk)
Endpoint: _293_ (removal check against rising-edge clock clk)
Path Group: asynchronous
Path Type: min
Corner: Fastest

Fanout     Cap    Slew   Delay    Time   Description
-----------------------------------------------------------------------------
                          0.00    0.00   clock clk (rise edge)
                          0.00    0.00   clock network delay (propagated)
                          4.00    4.00 ^ input external delay
                  0.01    0.01    4.01 ^ rst_n (in)
     1    0.00                           rst_n (net)
                  0.01    0.00    4.01 ^ input1/A (sky130_fd_sc_hd__clkbuf_2)
                  0.09    0.10    4.11 ^ input1/X (sky130_fd_sc_hd__clkbuf_2)
     4    0.02                           net1 (net)
                  0.09    0.00    4.11 ^ fanout15/A (sky130_fd_sc_hd__clkbuf_4)
                  0.11    0.16    4.27 ^ fanout15/X (sky130_fd_sc_hd__clkbuf_4)
    10    0.05                           net15 (net)
                  0.11    0.00    4.27 ^ _293_/RESET_B (sky130_fd_sc_hd__dfrtp_1)
                                  4.27   data arrival time

                          0.00    0.00   clock clk (rise edge)
                          0.00    0.00   clock source latency
                  0.05    0.03    0.03 ^ clk (in)
     1    0.01                           clk (net)
                  0.05    0.00    0.03 ^ clkbuf_0_clk/A (sky130_fd_sc_hd__clkbuf_16)
                  0.05    0.11    0.15 ^ clkbuf_0_clk/X (sky130_fd_sc_hd__clkbuf_16)
     4    0.04                           clknet_0_clk (net)
                  0.05    0.00    0.15 ^ clkbuf_2_0__f_clk/A (sky130_fd_sc_hd__clkbuf_16)
                  0.04    0.10    0.25 ^ clkbuf_2_0__f_clk/X (sky130_fd_sc_hd__clkbuf_16)
     9    0.03                           clknet_2_0__leaf_clk (net)
                  0.04    0.00    0.25 ^ _293_/CLK (sky130_fd_sc_hd__dfrtp_1)
                          0.25    0.50   clock uncertainty
                          0.00    0.50   clock reconvergence pessimism
                          0.22    0.72   library removal time
                                  0.72   data required time
-----------------------------------------------------------------------------
                                  0.72   data required time
                                 -4.27   data arrival time
-----------------------------------------------------------------------------
                                  3.55   slack (MET)


Startpoint: rst_n (input port clocked by clk)
Endpoint: _291_ (removal check against rising-edge clock clk)
Path Group: asynchronous
Path Type: min
Corner: Fastest

Fanout     Cap    Slew   Delay    Time   Description
-----------------------------------------------------------------------------
                          0.00    0.00   clock clk (rise edge)
                          0.00    0.00   clock network delay (propagated)
                          4.00    4.00 ^ input external delay
                  0.01    0.01    4.01 ^ rst_n (in)
     1    0.00                           rst_n (net)
                  0.01    0.00    4.01 ^ input1/A (sky130_fd_sc_hd__clkbuf_2)
                  0.09    0.10    4.11 ^ input1/X (sky130_fd_sc_hd__clkbuf_2)
     4    0.02                           net1 (net)
                  0.09    0.00    4.11 ^ fanout15/A (sky130_fd_sc_hd__clkbuf_4)
                  0.11    0.16    4.27 ^ fanout15/X (sky130_fd_sc_hd__clkbuf_4)
    10    0.05                           net15 (net)
                  0.11    0.00    4.27 ^ _291_/RESET_B (sky130_fd_sc_hd__dfrtp_1)
                                  4.27   data arrival time

                          0.00    0.00   clock clk (rise edge)
                          0.00    0.00   clock source latency
                  0.05    0.03    0.03 ^ clk (in)
     1    0.01                           clk (net)
                  0.05    0.00    0.03 ^ clkbuf_0_clk/A (sky130_fd_sc_hd__clkbuf_16)
                  0.05    0.11    0.15 ^ clkbuf_0_clk/X (sky130_fd_sc_hd__clkbuf_16)
     4    0.04                           clknet_0_clk (net)
                  0.05    0.00    0.15 ^ clkbuf_2_0__f_clk/A (sky130_fd_sc_hd__clkbuf_16)
                  0.04    0.10    0.25 ^ clkbuf_2_0__f_clk/X (sky130_fd_sc_hd__clkbuf_16)
     9    0.03                           clknet_2_0__leaf_clk (net)
                  0.04    0.00    0.25 ^ _291_/CLK (sky130_fd_sc_hd__dfrtp_1)
                          0.25    0.50   clock uncertainty
                          0.00    0.50   clock reconvergence pessimism
                          0.22    0.72   library removal time
                                  0.72   data required time
-----------------------------------------------------------------------------
                                  0.72   data required time
                                 -4.27   data arrival time
-----------------------------------------------------------------------------
                                  3.55   slack (MET)


Startpoint: rst_n (input port clocked by clk)
Endpoint: _272_ (removal check against rising-edge clock clk)
Path Group: asynchronous
Path Type: min
Corner: Fastest

Fanout     Cap    Slew   Delay    Time   Description
-----------------------------------------------------------------------------
                          0.00    0.00   clock clk (rise edge)
                          0.00    0.00   clock network delay (propagated)
                          4.00    4.00 ^ input external delay
                  0.01    0.01    4.01 ^ rst_n (in)
     1    0.00                           rst_n (net)
                  0.01    0.00    4.01 ^ input1/A (sky130_fd_sc_hd__clkbuf_2)
                  0.09    0.10    4.11 ^ input1/X (sky130_fd_sc_hd__clkbuf_2)
     4    0.02                           net1 (net)
                  0.09    0.00    4.11 ^ fanout15/A (sky130_fd_sc_hd__clkbuf_4)
                  0.11    0.16    4.27 ^ fanout15/X (sky130_fd_sc_hd__clkbuf_4)
    10    0.05                           net15 (net)
                  0.11    0.00    4.27 ^ _272_/RESET_B (sky130_fd_sc_hd__dfrtp_1)
                                  4.27   data arrival time

                          0.00    0.00   clock clk (rise edge)
                          0.00    0.00   clock source latency
                  0.05    0.03    0.03 ^ clk (in)
     1    0.01                           clk (net)
                  0.05    0.00    0.03 ^ clkbuf_0_clk/A (sky130_fd_sc_hd__clkbuf_16)
                  0.05    0.11    0.15 ^ clkbuf_0_clk/X (sky130_fd_sc_hd__clkbuf_16)
     4    0.04                           clknet_0_clk (net)
                  0.05    0.00    0.15 ^ clkbuf_2_2__f_clk/A (sky130_fd_sc_hd__clkbuf_16)
                  0.04    0.10    0.25 ^ clkbuf_2_2__f_clk/X (sky130_fd_sc_hd__clkbuf_16)
     8    0.02                           clknet_2_2__leaf_clk (net)
                  0.04    0.00    0.25 ^ _272_/CLK (sky130_fd_sc_hd__dfrtp_1)
                          0.25    0.50   clock uncertainty
                          0.00    0.50   clock reconvergence pessimism
                          0.22    0.71   library removal time
                                  0.71   data required time
-----------------------------------------------------------------------------
                                  0.71   data required time
                                 -4.27   data arrival time
-----------------------------------------------------------------------------
                                  3.56   slack (MET)


Startpoint: _273_ (rising edge-triggered flip-flop clocked by clk)
Endpoint: sleep_ack (output port clocked by clk)
Path Group: clk
Path Type: min
Corner: Fastest

Fanout     Cap    Slew   Delay    Time   Description
-----------------------------------------------------------------------------
                          0.00    0.00   clock clk (rise edge)
                          0.00    0.00   clock source latency
                  0.05    0.03    0.03 ^ clk (in)
     1    0.01                           clk (net)
                  0.05    0.00    0.03 ^ clkbuf_0_clk/A (sky130_fd_sc_hd__clkbuf_16)
                  0.05    0.10    0.13 ^ clkbuf_0_clk/X (sky130_fd_sc_hd__clkbuf_16)
     4    0.04                           clknet_0_clk (net)
                  0.05    0.00    0.13 ^ clkbuf_2_2__f_clk/A (sky130_fd_sc_hd__clkbuf_16)
                  0.04    0.09    0.22 ^ clkbuf_2_2__f_clk/X (sky130_fd_sc_hd__clkbuf_16)
     8    0.02                           clknet_2_2__leaf_clk (net)
                  0.04    0.00    0.22 ^ _273_/CLK (sky130_fd_sc_hd__dfrtp_2)
                  0.09    0.26    0.48 ^ _273_/Q (sky130_fd_sc_hd__dfrtp_2)
     5    0.02                           net12 (net)
                  0.09    0.00    0.48 ^ output12/A (sky130_fd_sc_hd__clkbuf_4)
                  0.08    0.14    0.62 ^ output12/X (sky130_fd_sc_hd__clkbuf_4)
     1    0.03                           sleep_ack (net)
                  0.08    0.00    0.62 ^ sleep_ack (out)
                                  0.62   data arrival time

                          0.00    0.00   clock clk (rise edge)
                          0.00    0.00   clock network delay (propagated)
                          0.25    0.25   clock uncertainty
                          0.00    0.25   clock reconvergence pessimism
                         -4.00   -3.75   output external delay
                                 -3.75   data required time
-----------------------------------------------------------------------------
                                 -3.75   data required time
                                 -0.62   data arrival time
-----------------------------------------------------------------------------
                                  4.37   slack (MET)


Startpoint: _288_ (rising edge-triggered flip-flop clocked by clk)
Endpoint: tx (output port clocked by clk)
Path Group: clk
Path Type: min
Corner: Fastest

Fanout     Cap    Slew   Delay    Time   Description
-----------------------------------------------------------------------------
                          0.00    0.00   clock clk (rise edge)
                          0.00    0.00   clock source latency
                  0.05    0.03    0.03 ^ clk (in)
     1    0.01                           clk (net)
                  0.05    0.00    0.03 ^ clkbuf_0_clk/A (sky130_fd_sc_hd__clkbuf_16)
                  0.05    0.10    0.13 ^ clkbuf_0_clk/X (sky130_fd_sc_hd__clkbuf_16)
     4    0.04                           clknet_0_clk (net)
                  0.05    0.00    0.13 ^ clkbuf_2_0__f_clk/A (sky130_fd_sc_hd__clkbuf_16)
                  0.04    0.09    0.23 ^ clkbuf_2_0__f_clk/X (sky130_fd_sc_hd__clkbuf_16)
     9    0.03                           clknet_2_0__leaf_clk (net)
                  0.04    0.00    0.23 ^ _288_/CLK (sky130_fd_sc_hd__dfrtp_1)
                  0.05    0.24    0.46 v _288_/Q (sky130_fd_sc_hd__dfrtp_1)
     2    0.01                           shift_reg[0] (net)
                  0.05    0.00    0.46 v _140_/A (sky130_fd_sc_hd__inv_2)
                  0.02    0.03    0.49 ^ _140_/Y (sky130_fd_sc_hd__inv_2)
     1    0.00                           _128_ (net)
                  0.02    0.00    0.49 ^ _142_/A2 (sky130_fd_sc_hd__o211ai_1)
                  0.06    0.07    0.56 v _142_/Y (sky130_fd_sc_hd__o211ai_1)
     1    0.01                           net13 (net)
                  0.06    0.00    0.56 v output13/A (sky130_fd_sc_hd__clkbuf_4)
                  0.07    0.13    0.69 v output13/X (sky130_fd_sc_hd__clkbuf_4)
     1    0.03                           tx (net)
                  0.07    0.00    0.69 v tx (out)
                                  0.69   data arrival time

                          0.00    0.00   clock clk (rise edge)
                          0.00    0.00   clock network delay (propagated)
                          0.25    0.25   clock uncertainty
                          0.00    0.25   clock reconvergence pessimism
                         -4.00   -3.75   output external delay
                                 -3.75   data required time
-----------------------------------------------------------------------------
                                 -3.75   data required time
                                 -0.69   data arrival time
-----------------------------------------------------------------------------
                                  4.44   slack (MET)


Startpoint: _273_ (rising edge-triggered flip-flop clocked by clk)
Endpoint: tx_busy (output port clocked by clk)
Path Group: clk
Path Type: min
Corner: Fastest

Fanout     Cap    Slew   Delay    Time   Description
-----------------------------------------------------------------------------
                          0.00    0.00   clock clk (rise edge)
                          0.00    0.00   clock source latency
                  0.05    0.03    0.03 ^ clk (in)
     1    0.01                           clk (net)
                  0.05    0.00    0.03 ^ clkbuf_0_clk/A (sky130_fd_sc_hd__clkbuf_16)
                  0.05    0.10    0.13 ^ clkbuf_0_clk/X (sky130_fd_sc_hd__clkbuf_16)
     4    0.04                           clknet_0_clk (net)
                  0.05    0.00    0.13 ^ clkbuf_2_2__f_clk/A (sky130_fd_sc_hd__clkbuf_16)
                  0.04    0.09    0.22 ^ clkbuf_2_2__f_clk/X (sky130_fd_sc_hd__clkbuf_16)
     8    0.02                           clknet_2_2__leaf_clk (net)
                  0.04    0.00    0.22 ^ _273_/CLK (sky130_fd_sc_hd__dfrtp_2)
                  0.09    0.26    0.48 ^ _273_/Q (sky130_fd_sc_hd__dfrtp_2)
     5    0.02                           net12 (net)
                  0.09    0.00    0.48 ^ _130_/A (sky130_fd_sc_hd__clkbuf_4)
                  0.09    0.14    0.63 ^ _130_/X (sky130_fd_sc_hd__clkbuf_4)
    10    0.04                           _120_ (net)
                  0.09    0.00    0.63 ^ _132_/A (sky130_fd_sc_hd__nor2_1)
                  0.07    0.07    0.70 v _132_/Y (sky130_fd_sc_hd__nor2_1)
     3    0.01                           net14 (net)
                  0.07    0.00    0.70 v output14/A (sky130_fd_sc_hd__clkbuf_4)
                  0.07    0.13    0.83 v output14/X (sky130_fd_sc_hd__clkbuf_4)
     1    0.03                           tx_busy (net)
                  0.07    0.00    0.83 v tx_busy (out)
                                  0.83   data arrival time

                          0.00    0.00   clock clk (rise edge)
                          0.00    0.00   clock network delay (propagated)
                          0.25    0.25   clock uncertainty
                          0.00    0.25   clock reconvergence pessimism
                         -4.00   -3.75   output external delay
                                 -3.75   data required time
-----------------------------------------------------------------------------
                                 -3.75   data required time
                                 -0.83   data arrival time
-----------------------------------------------------------------------------
                                  4.58   slack (MET)



======================= Slowest Corner ===================================

Startpoint: _291_ (rising edge-triggered flip-flop clocked by clk)
Endpoint: _291_ (rising edge-triggered flip-flop clocked by clk)
Path Group: clk
Path Type: min
Corner: Slowest

Fanout     Cap    Slew   Delay    Time   Description
-----------------------------------------------------------------------------
                          0.00    0.00   clock clk (rise edge)
                          0.00    0.00   clock source latency
                  0.11    0.07    0.07 ^ clk (in)
     1    0.01                           clk (net)
                  0.11    0.00    0.07 ^ clkbuf_0_clk/A (sky130_fd_sc_hd__clkbuf_16)
                  0.10    0.26    0.32 ^ clkbuf_0_clk/X (sky130_fd_sc_hd__clkbuf_16)
     4    0.04                           clknet_0_clk (net)
                  0.10    0.00    0.32 ^ clkbuf_2_0__f_clk/A (sky130_fd_sc_hd__clkbuf_16)
                  0.07    0.23    0.55 ^ clkbuf_2_0__f_clk/X (sky130_fd_sc_hd__clkbuf_16)
     9    0.03                           clknet_2_0__leaf_clk (net)
                  0.07    0.00    0.55 ^ _291_/CLK (sky130_fd_sc_hd__dfrtp_1)
                  0.10    0.63    1.19 ^ _291_/Q (sky130_fd_sc_hd__dfrtp_1)
     2    0.00                           shift_reg[3] (net)
                  0.10    0.00    1.19 ^ _244_/A0 (sky130_fd_sc_hd__mux2_1)
                  0.07    0.22    1.40 ^ _244_/X (sky130_fd_sc_hd__mux2_1)
     1    0.00                           _109_ (net)
                  0.07    0.00    1.41 ^ _245_/A (sky130_fd_sc_hd__clkbuf_1)
                  0.06    0.14    1.54 ^ _245_/X (sky130_fd_sc_hd__clkbuf_1)
     1    0.00                           _030_ (net)
                  0.06    0.00    1.54 ^ _291_/D (sky130_fd_sc_hd__dfrtp_1)
                                  1.54   data arrival time

                          0.00    0.00   clock clk (rise edge)
                          0.00    0.00   clock source latency
                  0.11    0.07    0.07 ^ clk (in)
     1    0.01                           clk (net)
                  0.11    0.00    0.07 ^ clkbuf_0_clk/A (sky130_fd_sc_hd__clkbuf_16)
                  0.10    0.28    0.36 ^ clkbuf_0_clk/X (sky130_fd_sc_hd__clkbuf_16)
     4    0.04                           clknet_0_clk (net)
                  0.10    0.00    0.36 ^ clkbuf_2_0__f_clk/A (sky130_fd_sc_hd__clkbuf_16)
                  0.07    0.25    0.61 ^ clkbuf_2_0__f_clk/X (sky130_fd_sc_hd__clkbuf_16)
     9    0.03                           clknet_2_0__leaf_clk (net)
                  0.07    0.00    0.61 ^ _291_/CLK (sky130_fd_sc_hd__dfrtp_1)
                          0.25    0.86   clock uncertainty
                         -0.06    0.80   clock reconvergence pessimism
                         -0.07    0.73   library hold time
                                  0.73   data required time
-----------------------------------------------------------------------------
                                  0.73   data required time
                                 -1.54   data arrival time
-----------------------------------------------------------------------------
                                  0.81   slack (MET)


Startpoint: _290_ (rising edge-triggered flip-flop clocked by clk)
Endpoint: _290_ (rising edge-triggered flip-flop clocked by clk)
Path Group: clk
Path Type: min
Corner: Slowest

Fanout     Cap    Slew   Delay    Time   Description
-----------------------------------------------------------------------------
                          0.00    0.00   clock clk (rise edge)
                          0.00    0.00   clock source latency
                  0.11    0.07    0.07 ^ clk (in)
     1    0.01                           clk (net)
                  0.11    0.00    0.07 ^ clkbuf_0_clk/A (sky130_fd_sc_hd__clkbuf_16)
                  0.10    0.26    0.32 ^ clkbuf_0_clk/X (sky130_fd_sc_hd__clkbuf_16)
     4    0.04                           clknet_0_clk (net)
                  0.10    0.00    0.32 ^ clkbuf_2_0__f_clk/A (sky130_fd_sc_hd__clkbuf_16)
                  0.07    0.23    0.55 ^ clkbuf_2_0__f_clk/X (sky130_fd_sc_hd__clkbuf_16)
     9    0.03                           clknet_2_0__leaf_clk (net)
                  0.07    0.00    0.56 ^ _290_/CLK (sky130_fd_sc_hd__dfrtp_1)
                  0.11    0.63    1.19 ^ _290_/Q (sky130_fd_sc_hd__dfrtp_1)
     2    0.01                           shift_reg[2] (net)
                  0.11    0.00    1.19 ^ _241_/A0 (sky130_fd_sc_hd__mux2_1)
                  0.07    0.22    1.41 ^ _241_/X (sky130_fd_sc_hd__mux2_1)
     1    0.00                           _107_ (net)
                  0.07    0.00    1.41 ^ _242_/A (sky130_fd_sc_hd__clkbuf_1)
                  0.06    0.13    1.55 ^ _242_/X (sky130_fd_sc_hd__clkbuf_1)
     1    0.00                           _029_ (net)
                  0.06    0.00    1.55 ^ _290_/D (sky130_fd_sc_hd__dfrtp_1)
                                  1.55   data arrival time

                          0.00    0.00   clock clk (rise edge)
                          0.00    0.00   clock source latency
                  0.11    0.07    0.07 ^ clk (in)
     1    0.01                           clk (net)
                  0.11    0.00    0.07 ^ clkbuf_0_clk/A (sky130_fd_sc_hd__clkbuf_16)
                  0.10    0.28    0.36 ^ clkbuf_0_clk/X (sky130_fd_sc_hd__clkbuf_16)
     4    0.04                           clknet_0_clk (net)
                  0.10    0.00    0.36 ^ clkbuf_2_0__f_clk/A (sky130_fd_sc_hd__clkbuf_16)
                  0.07    0.25    0.61 ^ clkbuf_2_0__f_clk/X (sky130_fd_sc_hd__clkbuf_16)
     9    0.03                           clknet_2_0__leaf_clk (net)
                  0.07    0.00    0.61 ^ _290_/CLK (sky130_fd_sc_hd__dfrtp_1)
                          0.25    0.86   clock uncertainty
                         -0.06    0.81   clock reconvergence pessimism
                         -0.07    0.73   library hold time
                                  0.73   data required time
-----------------------------------------------------------------------------
                                  0.73   data required time
                                 -1.55   data arrival time
-----------------------------------------------------------------------------
                                  0.82   slack (MET)


Startpoint: _292_ (rising edge-triggered flip-flop clocked by clk)
Endpoint: _292_ (rising edge-triggered flip-flop clocked by clk)
Path Group: clk
Path Type: min
Corner: Slowest

Fanout     Cap    Slew   Delay    Time   Description
-----------------------------------------------------------------------------
                          0.00    0.00   clock clk (rise edge)
                          0.00    0.00   clock source latency
                  0.11    0.07    0.07 ^ clk (in)
     1    0.01                           clk (net)
                  0.11    0.00    0.07 ^ clkbuf_0_clk/A (sky130_fd_sc_hd__clkbuf_16)
                  0.10    0.26    0.32 ^ clkbuf_0_clk/X (sky130_fd_sc_hd__clkbuf_16)
     4    0.04                           clknet_0_clk (net)
                  0.10    0.00    0.32 ^ clkbuf_2_0__f_clk/A (sky130_fd_sc_hd__clkbuf_16)
                  0.07    0.23    0.55 ^ clkbuf_2_0__f_clk/X (sky130_fd_sc_hd__clkbuf_16)
     9    0.03                           clknet_2_0__leaf_clk (net)
                  0.07    0.00    0.55 ^ _292_/CLK (sky130_fd_sc_hd__dfrtp_1)
                  0.10    0.63    1.19 ^ _292_/Q (sky130_fd_sc_hd__dfrtp_1)
     2    0.00                           shift_reg[4] (net)
                  0.10    0.00    1.19 ^ _247_/A0 (sky130_fd_sc_hd__mux2_1)
                  0.08    0.23    1.42 ^ _247_/X (sky130_fd_sc_hd__mux2_1)
     1    0.00                           _111_ (net)
                  0.08    0.00    1.42 ^ _248_/A (sky130_fd_sc_hd__clkbuf_1)
                  0.06    0.14    1.55 ^ _248_/X (sky130_fd_sc_hd__clkbuf_1)
     1    0.00                           _031_ (net)
                  0.06    0.00    1.55 ^ _292_/D (sky130_fd_sc_hd__dfrtp_1)
                                  1.55   data arrival time

                          0.00    0.00   clock clk (rise edge)
                          0.00    0.00   clock source latency
                  0.11    0.07    0.07 ^ clk (in)
     1    0.01                           clk (net)
                  0.11    0.00    0.07 ^ clkbuf_0_clk/A (sky130_fd_sc_hd__clkbuf_16)
                  0.10    0.28    0.36 ^ clkbuf_0_clk/X (sky130_fd_sc_hd__clkbuf_16)
     4    0.04                           clknet_0_clk (net)
                  0.10    0.00    0.36 ^ clkbuf_2_0__f_clk/A (sky130_fd_sc_hd__clkbuf_16)
                  0.07    0.25    0.61 ^ clkbuf_2_0__f_clk/X (sky130_fd_sc_hd__clkbuf_16)
     9    0.03                           clknet_2_0__leaf_clk (net)
                  0.07    0.00    0.61 ^ _292_/CLK (sky130_fd_sc_hd__dfrtp_1)
                          0.25    0.86   clock uncertainty
                         -0.06    0.80   clock reconvergence pessimism
                         -0.07    0.73   library hold time
                                  0.73   data required time
-----------------------------------------------------------------------------
                                  0.73   data required time
                                 -1.55   data arrival time
-----------------------------------------------------------------------------
                                  0.82   slack (MET)


Startpoint: _294_ (rising edge-triggered flip-flop clocked by clk)
Endpoint: _294_ (rising edge-triggered flip-flop clocked by clk)
Path Group: clk
Path Type: min
Corner: Slowest

Fanout     Cap    Slew   Delay    Time   Description
-----------------------------------------------------------------------------
                          0.00    0.00   clock clk (rise edge)
                          0.00    0.00   clock source latency
                  0.11    0.07    0.07 ^ clk (in)
     1    0.01                           clk (net)
                  0.11    0.00    0.07 ^ clkbuf_0_clk/A (sky130_fd_sc_hd__clkbuf_16)
                  0.10    0.26    0.32 ^ clkbuf_0_clk/X (sky130_fd_sc_hd__clkbuf_16)
     4    0.04                           clknet_0_clk (net)
                  0.10    0.00    0.32 ^ clkbuf_2_0__f_clk/A (sky130_fd_sc_hd__clkbuf_16)
                  0.07    0.23    0.55 ^ clkbuf_2_0__f_clk/X (sky130_fd_sc_hd__clkbuf_16)
     9    0.03                           clknet_2_0__leaf_clk (net)
                  0.07    0.00    0.55 ^ _294_/CLK (sky130_fd_sc_hd__dfrtp_1)
                  0.11    0.63    1.19 ^ _294_/Q (sky130_fd_sc_hd__dfrtp_1)
     2    0.01                           shift_reg[6] (net)
                  0.11    0.00    1.19 ^ _253_/A0 (sky130_fd_sc_hd__mux2_1)
                  0.07    0.22    1.41 ^ _253_/X (sky130_fd_sc_hd__mux2_1)
     1    0.00                           _115_ (net)
                  0.07    0.00    1.41 ^ _254_/A (sky130_fd_sc_hd__clkbuf_1)
                  0.07    0.14    1.56 ^ _254_/X (sky130_fd_sc_hd__clkbuf_1)
     1    0.00                           _033_ (net)
                  0.07    0.00    1.56 ^ _294_/D (sky130_fd_sc_hd__dfrtp_1)
                                  1.56   data arrival time

                          0.00    0.00   clock clk (rise edge)
                          0.00    0.00   clock source latency
                  0.11    0.07    0.07 ^ clk (in)
     1    0.01                           clk (net)
                  0.11    0.00    0.07 ^ clkbuf_0_clk/A (sky130_fd_sc_hd__clkbuf_16)
                  0.10    0.28    0.36 ^ clkbuf_0_clk/X (sky130_fd_sc_hd__clkbuf_16)
     4    0.04                           clknet_0_clk (net)
                  0.10    0.00    0.36 ^ clkbuf_2_0__f_clk/A (sky130_fd_sc_hd__clkbuf_16)
                  0.07    0.25    0.61 ^ clkbuf_2_0__f_clk/X (sky130_fd_sc_hd__clkbuf_16)
     9    0.03                           clknet_2_0__leaf_clk (net)
                  0.07    0.00    0.61 ^ _294_/CLK (sky130_fd_sc_hd__dfrtp_1)
                          0.25    0.86   clock uncertainty
                         -0.06    0.80   clock reconvergence pessimism
                         -0.08    0.73   library hold time
                                  0.73   data required time
-----------------------------------------------------------------------------
                                  0.73   data required time
                                 -1.56   data arrival time
-----------------------------------------------------------------------------
                                  0.83   slack (MET)


Startpoint: _289_ (rising edge-triggered flip-flop clocked by clk)
Endpoint: _289_ (rising edge-triggered flip-flop clocked by clk)
Path Group: clk
Path Type: min
Corner: Slowest

Fanout     Cap    Slew   Delay    Time   Description
-----------------------------------------------------------------------------
                          0.00    0.00   clock clk (rise edge)
                          0.00    0.00   clock source latency
                  0.11    0.07    0.07 ^ clk (in)
     1    0.01                           clk (net)
                  0.11    0.00    0.07 ^ clkbuf_0_clk/A (sky130_fd_sc_hd__clkbuf_16)
                  0.10    0.26    0.32 ^ clkbuf_0_clk/X (sky130_fd_sc_hd__clkbuf_16)
     4    0.04                           clknet_0_clk (net)
                  0.10    0.00    0.32 ^ clkbuf_2_0__f_clk/A (sky130_fd_sc_hd__clkbuf_16)
                  0.07    0.23    0.55 ^ clkbuf_2_0__f_clk/X (sky130_fd_sc_hd__clkbuf_16)
     9    0.03                           clknet_2_0__leaf_clk (net)
                  0.07    0.00    0.56 ^ _289_/CLK (sky130_fd_sc_hd__dfrtp_1)
                  0.12    0.64    1.19 ^ _289_/Q (sky130_fd_sc_hd__dfrtp_1)
     2    0.01                           shift_reg[1] (net)
                  0.12    0.00    1.19 ^ _238_/A0 (sky130_fd_sc_hd__mux2_1)
                  0.07    0.23    1.43 ^ _238_/X (sky130_fd_sc_hd__mux2_1)
     1    0.00                           _105_ (net)
                  0.07    0.00    1.43 ^ _239_/A (sky130_fd_sc_hd__clkbuf_1)
                  0.06    0.14    1.56 ^ _239_/X (sky130_fd_sc_hd__clkbuf_1)
     1    0.00                           _028_ (net)
                  0.06    0.00    1.56 ^ _289_/D (sky130_fd_sc_hd__dfrtp_1)
                                  1.56   data arrival time

                          0.00    0.00   clock clk (rise edge)
                          0.00    0.00   clock source latency
                  0.11    0.07    0.07 ^ clk (in)
     1    0.01                           clk (net)
                  0.11    0.00    0.07 ^ clkbuf_0_clk/A (sky130_fd_sc_hd__clkbuf_16)
                  0.10    0.28    0.36 ^ clkbuf_0_clk/X (sky130_fd_sc_hd__clkbuf_16)
     4    0.04                           clknet_0_clk (net)
                  0.10    0.00    0.36 ^ clkbuf_2_0__f_clk/A (sky130_fd_sc_hd__clkbuf_16)
                  0.07    0.25    0.61 ^ clkbuf_2_0__f_clk/X (sky130_fd_sc_hd__clkbuf_16)
     9    0.03                           clknet_2_0__leaf_clk (net)
                  0.07    0.00    0.61 ^ _289_/CLK (sky130_fd_sc_hd__dfrtp_1)
                          0.25    0.86   clock uncertainty
                         -0.06    0.81   clock reconvergence pessimism
                         -0.07    0.73   library hold time
                                  0.73   data required time
-----------------------------------------------------------------------------
                                  0.73   data required time
                                 -1.56   data arrival time
-----------------------------------------------------------------------------
                                  0.83   slack (MET)


Startpoint: _276_ (rising edge-triggered flip-flop clocked by clk)
Endpoint: _276_ (rising edge-triggered flip-flop clocked by clk)
Path Group: clk
Path Type: min
Corner: Slowest

Fanout     Cap    Slew   Delay    Time   Description
-----------------------------------------------------------------------------
                          0.00    0.00   clock clk (rise edge)
                          0.00    0.00   clock source latency
                  0.11    0.07    0.07 ^ clk (in)
     1    0.01                           clk (net)
                  0.11    0.00    0.07 ^ clkbuf_0_clk/A (sky130_fd_sc_hd__clkbuf_16)
                  0.10    0.26    0.32 ^ clkbuf_0_clk/X (sky130_fd_sc_hd__clkbuf_16)
     4    0.04                           clknet_0_clk (net)
                  0.10    0.00    0.32 ^ clkbuf_2_2__f_clk/A (sky130_fd_sc_hd__clkbuf_16)
                  0.07    0.23    0.55 ^ clkbuf_2_2__f_clk/X (sky130_fd_sc_hd__clkbuf_16)
     8    0.02                           clknet_2_2__leaf_clk (net)
                  0.07    0.00    0.55 ^ _276_/CLK (sky130_fd_sc_hd__dfrtp_2)
                  0.17    0.75    1.30 ^ _276_/Q (sky130_fd_sc_hd__dfrtp_2)
     6    0.02                           idle_counter[2] (net)
                  0.17    0.00    1.30 ^ _193_/B2 (sky130_fd_sc_hd__a32o_1)
                  0.09    0.25    1.55 ^ _193_/X (sky130_fd_sc_hd__a32o_1)
     1    0.00                           _015_ (net)
                  0.09    0.00    1.55 ^ _276_/D (sky130_fd_sc_hd__dfrtp_2)
                                  1.55   data arrival time

                          0.00    0.00   clock clk (rise edge)
                          0.00    0.00   clock source latency
                  0.11    0.07    0.07 ^ clk (in)
     1    0.01                           clk (net)
                  0.11    0.00    0.07 ^ clkbuf_0_clk/A (sky130_fd_sc_hd__clkbuf_16)
                  0.10    0.28    0.36 ^ clkbuf_0_clk/X (sky130_fd_sc_hd__clkbuf_16)
     4    0.04                           clknet_0_clk (net)
                  0.10    0.00    0.36 ^ clkbuf_2_2__f_clk/A (sky130_fd_sc_hd__clkbuf_16)
                  0.07    0.25    0.61 ^ clkbuf_2_2__f_clk/X (sky130_fd_sc_hd__clkbuf_16)
     8    0.02                           clknet_2_2__leaf_clk (net)
                  0.07    0.00    0.61 ^ _276_/CLK (sky130_fd_sc_hd__dfrtp_2)
                          0.25    0.86   clock uncertainty
                         -0.06    0.80   clock reconvergence pessimism
                         -0.08    0.72   library hold time
                                  0.72   data required time
-----------------------------------------------------------------------------
                                  0.72   data required time
                                 -1.55   data arrival time
-----------------------------------------------------------------------------
                                  0.83   slack (MET)


Startpoint: _293_ (rising edge-triggered flip-flop clocked by clk)
Endpoint: _293_ (rising edge-triggered flip-flop clocked by clk)
Path Group: clk
Path Type: min
Corner: Slowest

Fanout     Cap    Slew   Delay    Time   Description
-----------------------------------------------------------------------------
                          0.00    0.00   clock clk (rise edge)
                          0.00    0.00   clock source latency
                  0.11    0.07    0.07 ^ clk (in)
     1    0.01                           clk (net)
                  0.11    0.00    0.07 ^ clkbuf_0_clk/A (sky130_fd_sc_hd__clkbuf_16)
                  0.10    0.26    0.32 ^ clkbuf_0_clk/X (sky130_fd_sc_hd__clkbuf_16)
     4    0.04                           clknet_0_clk (net)
                  0.10    0.00    0.32 ^ clkbuf_2_0__f_clk/A (sky130_fd_sc_hd__clkbuf_16)
                  0.07    0.23    0.55 ^ clkbuf_2_0__f_clk/X (sky130_fd_sc_hd__clkbuf_16)
     9    0.03                           clknet_2_0__leaf_clk (net)
                  0.07    0.00    0.55 ^ _293_/CLK (sky130_fd_sc_hd__dfrtp_1)
                  0.12    0.64    1.20 ^ _293_/Q (sky130_fd_sc_hd__dfrtp_1)
     2    0.01                           shift_reg[5] (net)
                  0.12    0.00    1.20 ^ _250_/A0 (sky130_fd_sc_hd__mux2_1)
                  0.07    0.23    1.43 ^ _250_/X (sky130_fd_sc_hd__mux2_1)
     1    0.00                           _113_ (net)
                  0.07    0.00    1.43 ^ _251_/A (sky130_fd_sc_hd__clkbuf_1)
                  0.06    0.14    1.56 ^ _251_/X (sky130_fd_sc_hd__clkbuf_1)
     1    0.00                           _032_ (net)
                  0.06    0.00    1.56 ^ _293_/D (sky130_fd_sc_hd__dfrtp_1)
                                  1.56   data arrival time

                          0.00    0.00   clock clk (rise edge)
                          0.00    0.00   clock source latency
                  0.11    0.07    0.07 ^ clk (in)
     1    0.01                           clk (net)
                  0.11    0.00    0.07 ^ clkbuf_0_clk/A (sky130_fd_sc_hd__clkbuf_16)
                  0.10    0.28    0.36 ^ clkbuf_0_clk/X (sky130_fd_sc_hd__clkbuf_16)
     4    0.04                           clknet_0_clk (net)
                  0.10    0.00    0.36 ^ clkbuf_2_0__f_clk/A (sky130_fd_sc_hd__clkbuf_16)
                  0.07    0.25    0.61 ^ clkbuf_2_0__f_clk/X (sky130_fd_sc_hd__clkbuf_16)
     9    0.03                           clknet_2_0__leaf_clk (net)
                  0.07    0.00    0.61 ^ _293_/CLK (sky130_fd_sc_hd__dfrtp_1)
                          0.25    0.86   clock uncertainty
                         -0.06    0.81   clock reconvergence pessimism
                         -0.07    0.73   library hold time
                                  0.73   data required time
-----------------------------------------------------------------------------
                                  0.73   data required time
                                 -1.56   data arrival time
-----------------------------------------------------------------------------
                                  0.83   slack (MET)


Startpoint: _284_ (rising edge-triggered flip-flop clocked by clk)
Endpoint: _284_ (rising edge-triggered flip-flop clocked by clk)
Path Group: clk
Path Type: min
Corner: Slowest

Fanout     Cap    Slew   Delay    Time   Description
-----------------------------------------------------------------------------
                          0.00    0.00   clock clk (rise edge)
                          0.00    0.00   clock source latency
                  0.11    0.07    0.07 ^ clk (in)
     1    0.01                           clk (net)
                  0.11    0.00    0.07 ^ clkbuf_0_clk/A (sky130_fd_sc_hd__clkbuf_16)
                  0.10    0.26    0.32 ^ clkbuf_0_clk/X (sky130_fd_sc_hd__clkbuf_16)
     4    0.04                           clknet_0_clk (net)
                  0.10    0.00    0.32 ^ clkbuf_2_1__f_clk/A (sky130_fd_sc_hd__clkbuf_16)
                  0.08    0.24    0.56 ^ clkbuf_2_1__f_clk/X (sky130_fd_sc_hd__clkbuf_16)
    11    0.03                           clknet_2_1__leaf_clk (net)
                  0.08    0.00    0.56 ^ _284_/CLK (sky130_fd_sc_hd__dfrtp_1)
                  0.21    0.72    1.28 ^ _284_/Q (sky130_fd_sc_hd__dfrtp_1)
     5    0.01                           bit_count[0] (net)
                  0.21    0.00    1.28 ^ _220_/A1 (sky130_fd_sc_hd__o21ba_1)
                  0.08    0.29    1.57 ^ _220_/X (sky130_fd_sc_hd__o21ba_1)
     1    0.00                           _023_ (net)
                  0.08    0.00    1.57 ^ _284_/D (sky130_fd_sc_hd__dfrtp_1)
                                  1.57   data arrival time

                          0.00    0.00   clock clk (rise edge)
                          0.00    0.00   clock source latency
                  0.11    0.07    0.07 ^ clk (in)
     1    0.01                           clk (net)
                  0.11    0.00    0.07 ^ clkbuf_0_clk/A (sky130_fd_sc_hd__clkbuf_16)
                  0.10    0.28    0.36 ^ clkbuf_0_clk/X (sky130_fd_sc_hd__clkbuf_16)
     4    0.04                           clknet_0_clk (net)
                  0.10    0.00    0.36 ^ clkbuf_2_1__f_clk/A (sky130_fd_sc_hd__clkbuf_16)
                  0.08    0.26    0.62 ^ clkbuf_2_1__f_clk/X (sky130_fd_sc_hd__clkbuf_16)
    11    0.03                           clknet_2_1__leaf_clk (net)
                  0.08    0.00    0.62 ^ _284_/CLK (sky130_fd_sc_hd__dfrtp_1)
                          0.25    0.87   clock uncertainty
                         -0.06    0.81   clock reconvergence pessimism
                         -0.08    0.73   library hold time
                                  0.73   data required time
-----------------------------------------------------------------------------
                                  0.73   data required time
                                 -1.57   data arrival time
-----------------------------------------------------------------------------
                                  0.84   slack (MET)


Startpoint: _288_ (rising edge-triggered flip-flop clocked by clk)
Endpoint: _288_ (rising edge-triggered flip-flop clocked by clk)
Path Group: clk
Path Type: min
Corner: Slowest

Fanout     Cap    Slew   Delay    Time   Description
-----------------------------------------------------------------------------
                          0.00    0.00   clock clk (rise edge)
                          0.00    0.00   clock source latency
                  0.11    0.07    0.07 ^ clk (in)
     1    0.01                           clk (net)
                  0.11    0.00    0.07 ^ clkbuf_0_clk/A (sky130_fd_sc_hd__clkbuf_16)
                  0.10    0.26    0.32 ^ clkbuf_0_clk/X (sky130_fd_sc_hd__clkbuf_16)
     4    0.04                           clknet_0_clk (net)
                  0.10    0.00    0.32 ^ clkbuf_2_0__f_clk/A (sky130_fd_sc_hd__clkbuf_16)
                  0.07    0.23    0.55 ^ clkbuf_2_0__f_clk/X (sky130_fd_sc_hd__clkbuf_16)
     9    0.03                           clknet_2_0__leaf_clk (net)
                  0.07    0.00    0.55 ^ _288_/CLK (sky130_fd_sc_hd__dfrtp_1)
                  0.13    0.65    1.21 ^ _288_/Q (sky130_fd_sc_hd__dfrtp_1)
     2    0.01                           shift_reg[0] (net)
                  0.13    0.00    1.21 ^ _235_/A0 (sky130_fd_sc_hd__mux2_1)
                  0.08    0.24    1.44 ^ _235_/X (sky130_fd_sc_hd__mux2_1)
     1    0.00                           _103_ (net)
                  0.08    0.00    1.44 ^ _236_/A (sky130_fd_sc_hd__clkbuf_1)
                  0.06    0.14    1.58 ^ _236_/X (sky130_fd_sc_hd__clkbuf_1)
     1    0.00                           _027_ (net)
                  0.06    0.00    1.58 ^ _288_/D (sky130_fd_sc_hd__dfrtp_1)
                                  1.58   data arrival time

                          0.00    0.00   clock clk (rise edge)
                          0.00    0.00   clock source latency
                  0.11    0.07    0.07 ^ clk (in)
     1    0.01                           clk (net)
                  0.11    0.00    0.07 ^ clkbuf_0_clk/A (sky130_fd_sc_hd__clkbuf_16)
                  0.10    0.28    0.36 ^ clkbuf_0_clk/X (sky130_fd_sc_hd__clkbuf_16)
     4    0.04                           clknet_0_clk (net)
                  0.10    0.00    0.36 ^ clkbuf_2_0__f_clk/A (sky130_fd_sc_hd__clkbuf_16)
                  0.07    0.25    0.61 ^ clkbuf_2_0__f_clk/X (sky130_fd_sc_hd__clkbuf_16)
     9    0.03                           clknet_2_0__leaf_clk (net)
                  0.07    0.00    0.61 ^ _288_/CLK (sky130_fd_sc_hd__dfrtp_1)
                          0.25    0.86   clock uncertainty
                         -0.06    0.80   clock reconvergence pessimism
                         -0.07    0.73   library hold time
                                  0.73   data required time
-----------------------------------------------------------------------------
                                  0.73   data required time
                                 -1.58   data arrival time
-----------------------------------------------------------------------------
                                  0.85   slack (MET)


Startpoint: _269_ (rising edge-triggered flip-flop clocked by clk)
Endpoint: _269_ (rising edge-triggered flip-flop clocked by clk)
Path Group: clk
Path Type: min
Corner: Slowest

Fanout     Cap    Slew   Delay    Time   Description
-----------------------------------------------------------------------------
                          0.00    0.00   clock clk (rise edge)
                          0.00    0.00   clock source latency
                  0.11    0.07    0.07 ^ clk (in)
     1    0.01                           clk (net)
                  0.11    0.00    0.07 ^ clkbuf_0_clk/A (sky130_fd_sc_hd__clkbuf_16)
                  0.10    0.26    0.32 ^ clkbuf_0_clk/X (sky130_fd_sc_hd__clkbuf_16)
     4    0.04                           clknet_0_clk (net)
                  0.10    0.00    0.32 ^ clkbuf_2_1__f_clk/A (sky130_fd_sc_hd__clkbuf_16)
                  0.08    0.24    0.56 ^ clkbuf_2_1__f_clk/X (sky130_fd_sc_hd__clkbuf_16)
    11    0.03                           clknet_2_1__leaf_clk (net)
                  0.08    0.00    0.56 ^ _269_/CLK (sky130_fd_sc_hd__dfrtp_2)
                  0.17    0.75    1.31 ^ _269_/Q (sky130_fd_sc_hd__dfrtp_2)
     5    0.02                           baud_counter[7] (net)
                  0.17    0.00    1.31 ^ _165_/A2 (sky130_fd_sc_hd__a22o_1)
                  0.07    0.28    1.59 ^ _165_/X (sky130_fd_sc_hd__a22o_1)
     1    0.00                           _008_ (net)
                  0.07    0.00    1.59 ^ _269_/D (sky130_fd_sc_hd__dfrtp_2)
                                  1.59   data arrival time

                          0.00    0.00   clock clk (rise edge)
                          0.00    0.00   clock source latency
                  0.11    0.07    0.07 ^ clk (in)
     1    0.01                           clk (net)
                  0.11    0.00    0.07 ^ clkbuf_0_clk/A (sky130_fd_sc_hd__clkbuf_16)
                  0.10    0.28    0.36 ^ clkbuf_0_clk/X (sky130_fd_sc_hd__clkbuf_16)
     4    0.04                           clknet_0_clk (net)
                  0.10    0.00    0.36 ^ clkbuf_2_1__f_clk/A (sky130_fd_sc_hd__clkbuf_16)
                  0.08    0.26    0.62 ^ clkbuf_2_1__f_clk/X (sky130_fd_sc_hd__clkbuf_16)
    11    0.03                           clknet_2_1__leaf_clk (net)
                  0.08    0.00    0.62 ^ _269_/CLK (sky130_fd_sc_hd__dfrtp_2)
                          0.25    0.87   clock uncertainty
                         -0.06    0.81   clock reconvergence pessimism
                         -0.08    0.74   library hold time
                                  0.74   data required time
-----------------------------------------------------------------------------
                                  0.74   data required time
                                 -1.59   data arrival time
-----------------------------------------------------------------------------
                                  0.85   slack (MET)


Startpoint: _298_ (rising edge-triggered flip-flop clocked by clk)
Endpoint: _297_ (rising edge-triggered flip-flop clocked by clk)
Path Group: clk
Path Type: min
Corner: Slowest

Fanout     Cap    Slew   Delay    Time   Description
-----------------------------------------------------------------------------
                          0.00    0.00   clock clk (rise edge)
                          0.00    0.00   clock source latency
                  0.11    0.07    0.07 ^ clk (in)
     1    0.01                           clk (net)
                  0.11    0.00    0.07 ^ clkbuf_0_clk/A (sky130_fd_sc_hd__clkbuf_16)
                  0.10    0.26    0.32 ^ clkbuf_0_clk/X (sky130_fd_sc_hd__clkbuf_16)
     4    0.04                           clknet_0_clk (net)
                  0.10    0.00    0.32 ^ clkbuf_2_1__f_clk/A (sky130_fd_sc_hd__clkbuf_16)
                  0.08    0.24    0.56 ^ clkbuf_2_1__f_clk/X (sky130_fd_sc_hd__clkbuf_16)
    11    0.03                           clknet_2_1__leaf_clk (net)
                  0.08    0.00    0.56 ^ _298_/CLK (sky130_fd_sc_hd__dfrtp_1)
                  0.21    0.72    1.28 ^ _298_/Q (sky130_fd_sc_hd__dfrtp_1)
     4    0.01                           baud_tick (net)
                  0.21    0.00    1.28 ^ _261_/A1 (sky130_fd_sc_hd__a32o_1)
                  0.09    0.33    1.62 ^ _261_/X (sky130_fd_sc_hd__a32o_1)
     1    0.00                           _036_ (net)
                  0.09    0.00    1.62 ^ _297_/D (sky130_fd_sc_hd__dfrtp_4)
                                  1.62   data arrival time

                          0.00    0.00   clock clk (rise edge)
                          0.00    0.00   clock source latency
                  0.11    0.07    0.07 ^ clk (in)
     1    0.01                           clk (net)
                  0.11    0.00    0.07 ^ clkbuf_0_clk/A (sky130_fd_sc_hd__clkbuf_16)
                  0.10    0.28    0.36 ^ clkbuf_0_clk/X (sky130_fd_sc_hd__clkbuf_16)
     4    0.04                           clknet_0_clk (net)
                  0.10    0.00    0.36 ^ clkbuf_2_1__f_clk/A (sky130_fd_sc_hd__clkbuf_16)
                  0.08    0.26    0.62 ^ clkbuf_2_1__f_clk/X (sky130_fd_sc_hd__clkbuf_16)
    11    0.03                           clknet_2_1__leaf_clk (net)
                  0.08    0.00    0.62 ^ _297_/CLK (sky130_fd_sc_hd__dfrtp_4)
                          0.25    0.87   clock uncertainty
                         -0.06    0.81   clock reconvergence pessimism
                         -0.08    0.73   library hold time
                                  0.73   data required time
-----------------------------------------------------------------------------
                                  0.73   data required time
                                 -1.62   data arrival time
-----------------------------------------------------------------------------
                                  0.89   slack (MET)


Startpoint: _262_ (rising edge-triggered flip-flop clocked by clk)
Endpoint: _262_ (rising edge-triggered flip-flop clocked by clk)
Path Group: clk
Path Type: min
Corner: Slowest

Fanout     Cap    Slew   Delay    Time   Description
-----------------------------------------------------------------------------
                          0.00    0.00   clock clk (rise edge)
                          0.00    0.00   clock source latency
                  0.11    0.07    0.07 ^ clk (in)
     1    0.01                           clk (net)
                  0.11    0.00    0.07 ^ clkbuf_0_clk/A (sky130_fd_sc_hd__clkbuf_16)
                  0.10    0.26    0.32 ^ clkbuf_0_clk/X (sky130_fd_sc_hd__clkbuf_16)
     4    0.04                           clknet_0_clk (net)
                  0.10    0.00    0.32 ^ clkbuf_2_3__f_clk/A (sky130_fd_sc_hd__clkbuf_16)
                  0.08    0.23    0.56 ^ clkbuf_2_3__f_clk/X (sky130_fd_sc_hd__clkbuf_16)
     9    0.03                           clknet_2_3__leaf_clk (net)
                  0.08    0.00    0.56 ^ _262_/CLK (sky130_fd_sc_hd__dfrtp_1)
                  0.15    0.67    1.23 ^ _262_/Q (sky130_fd_sc_hd__dfrtp_1)
     4    0.01                           baud_counter[0] (net)
                  0.15    0.00    1.23 ^ _143_/B (sky130_fd_sc_hd__and2b_1)
                  0.14    0.30    1.53 ^ _143_/X (sky130_fd_sc_hd__and2b_1)
     3    0.01                           _037_ (net)
                  0.14    0.00    1.53 ^ _145_/A (sky130_fd_sc_hd__nor2_1)
                  0.03    0.10    1.63 v _145_/Y (sky130_fd_sc_hd__nor2_1)
     1    0.00                           _001_ (net)
                  0.03    0.00    1.63 v _262_/D (sky130_fd_sc_hd__dfrtp_1)
                                  1.63   data arrival time

                          0.00    0.00   clock clk (rise edge)
                          0.00    0.00   clock source latency
                  0.11    0.07    0.07 ^ clk (in)
     1    0.01                           clk (net)
                  0.11    0.00    0.07 ^ clkbuf_0_clk/A (sky130_fd_sc_hd__clkbuf_16)
                  0.10    0.28    0.36 ^ clkbuf_0_clk/X (sky130_fd_sc_hd__clkbuf_16)
     4    0.04                           clknet_0_clk (net)
                  0.10    0.00    0.36 ^ clkbuf_2_3__f_clk/A (sky130_fd_sc_hd__clkbuf_16)
                  0.08    0.26    0.62 ^ clkbuf_2_3__f_clk/X (sky130_fd_sc_hd__clkbuf_16)
     9    0.03                           clknet_2_3__leaf_clk (net)
                  0.08    0.00    0.62 ^ _262_/CLK (sky130_fd_sc_hd__dfrtp_1)
                          0.25    0.87   clock uncertainty
                         -0.06    0.81   clock reconvergence pessimism
                         -0.08    0.73   library hold time
                                  0.73   data required time
-----------------------------------------------------------------------------
                                  0.73   data required time
                                 -1.63   data arrival time
-----------------------------------------------------------------------------
                                  0.90   slack (MET)


Startpoint: _271_ (rising edge-triggered flip-flop clocked by clk)
Endpoint: _298_ (rising edge-triggered flip-flop clocked by clk)
Path Group: clk
Path Type: min
Corner: Slowest

Fanout     Cap    Slew   Delay    Time   Description
-----------------------------------------------------------------------------
                          0.00    0.00   clock clk (rise edge)
                          0.00    0.00   clock source latency
                  0.11    0.07    0.07 ^ clk (in)
     1    0.01                           clk (net)
                  0.11    0.00    0.07 ^ clkbuf_0_clk/A (sky130_fd_sc_hd__clkbuf_16)
                  0.10    0.26    0.32 ^ clkbuf_0_clk/X (sky130_fd_sc_hd__clkbuf_16)
     4    0.04                           clknet_0_clk (net)
                  0.10    0.00    0.32 ^ clkbuf_2_3__f_clk/A (sky130_fd_sc_hd__clkbuf_16)
                  0.08    0.23    0.56 ^ clkbuf_2_3__f_clk/X (sky130_fd_sc_hd__clkbuf_16)
     9    0.03                           clknet_2_3__leaf_clk (net)
                  0.08    0.00    0.56 ^ _271_/CLK (sky130_fd_sc_hd__dfrtp_1)
                  0.10    0.63    1.19 ^ _271_/Q (sky130_fd_sc_hd__dfrtp_1)
     2    0.00                           baud_counter[9] (net)
                  0.10    0.00    1.19 ^ _135_/B (sky130_fd_sc_hd__or3b_1)
                  0.06    0.17    1.35 ^ _135_/X (sky130_fd_sc_hd__or3b_1)
     1    0.00                           _124_ (net)
                  0.06    0.00    1.35 ^ _138_/B (sky130_fd_sc_hd__or4_1)
                  0.15    0.22    1.58 ^ _138_/X (sky130_fd_sc_hd__or4_1)
     3    0.01                           _127_ (net)
                  0.15    0.00    1.58 ^ _139_/B (sky130_fd_sc_hd__nor2_1)
                  0.05    0.09    1.67 v _139_/Y (sky130_fd_sc_hd__nor2_1)
     1    0.00                           _000_ (net)
                  0.05    0.00    1.67 v _298_/D (sky130_fd_sc_hd__dfrtp_1)
                                  1.67   data arrival time

                          0.00    0.00   clock clk (rise edge)
                          0.00    0.00   clock source latency
                  0.11    0.07    0.07 ^ clk (in)
     1    0.01                           clk (net)
                  0.11    0.00    0.07 ^ clkbuf_0_clk/A (sky130_fd_sc_hd__clkbuf_16)
                  0.10    0.28    0.36 ^ clkbuf_0_clk/X (sky130_fd_sc_hd__clkbuf_16)
     4    0.04                           clknet_0_clk (net)
                  0.10    0.00    0.36 ^ clkbuf_2_1__f_clk/A (sky130_fd_sc_hd__clkbuf_16)
                  0.08    0.26    0.62 ^ clkbuf_2_1__f_clk/X (sky130_fd_sc_hd__clkbuf_16)
    11    0.03                           clknet_2_1__leaf_clk (net)
                  0.08    0.00    0.62 ^ _298_/CLK (sky130_fd_sc_hd__dfrtp_1)
                          0.25    0.87   clock uncertainty
                         -0.03    0.84   clock reconvergence pessimism
                         -0.09    0.75   library hold time
                                  0.75   data required time
-----------------------------------------------------------------------------
                                  0.75   data required time
                                 -1.67   data arrival time
-----------------------------------------------------------------------------
                                  0.92   slack (MET)


Startpoint: _296_ (rising edge-triggered flip-flop clocked by clk)
Endpoint: _296_ (rising edge-triggered flip-flop clocked by clk)
Path Group: clk
Path Type: min
Corner: Slowest

Fanout     Cap    Slew   Delay    Time   Description
-----------------------------------------------------------------------------
                          0.00    0.00   clock clk (rise edge)
                          0.00    0.00   clock source latency
                  0.11    0.07    0.07 ^ clk (in)
     1    0.01                           clk (net)
                  0.11    0.00    0.07 ^ clkbuf_0_clk/A (sky130_fd_sc_hd__clkbuf_16)
                  0.10    0.26    0.32 ^ clkbuf_0_clk/X (sky130_fd_sc_hd__clkbuf_16)
     4    0.04                           clknet_0_clk (net)
                  0.10    0.00    0.32 ^ clkbuf_2_1__f_clk/A (sky130_fd_sc_hd__clkbuf_16)
                  0.08    0.24    0.56 ^ clkbuf_2_1__f_clk/X (sky130_fd_sc_hd__clkbuf_16)
    11    0.03                           clknet_2_1__leaf_clk (net)
                  0.08    0.00    0.56 ^ _296_/CLK (sky130_fd_sc_hd__dfrtp_4)
                  0.18    0.86    1.42 ^ _296_/Q (sky130_fd_sc_hd__dfrtp_4)
     8    0.02                           state[0] (net)
                  0.18    0.00    1.42 ^ _260_/A1 (sky130_fd_sc_hd__a21o_1)
                  0.07    0.24    1.66 ^ _260_/X (sky130_fd_sc_hd__a21o_1)
     1    0.00                           _035_ (net)
                  0.07    0.00    1.66 ^ _296_/D (sky130_fd_sc_hd__dfrtp_4)
                                  1.66   data arrival time

                          0.00    0.00   clock clk (rise edge)
                          0.00    0.00   clock source latency
                  0.11    0.07    0.07 ^ clk (in)
     1    0.01                           clk (net)
                  0.11    0.00    0.07 ^ clkbuf_0_clk/A (sky130_fd_sc_hd__clkbuf_16)
                  0.10    0.28    0.36 ^ clkbuf_0_clk/X (sky130_fd_sc_hd__clkbuf_16)
     4    0.04                           clknet_0_clk (net)
                  0.10    0.00    0.36 ^ clkbuf_2_1__f_clk/A (sky130_fd_sc_hd__clkbuf_16)
                  0.08    0.26    0.62 ^ clkbuf_2_1__f_clk/X (sky130_fd_sc_hd__clkbuf_16)
    11    0.03                           clknet_2_1__leaf_clk (net)
                  0.08    0.00    0.62 ^ _296_/CLK (sky130_fd_sc_hd__dfrtp_4)
                          0.25    0.87   clock uncertainty
                         -0.06    0.81   clock reconvergence pessimism
                         -0.08    0.73   library hold time
                                  0.73   data required time
-----------------------------------------------------------------------------
                                  0.73   data required time
                                 -1.66   data arrival time
-----------------------------------------------------------------------------
                                  0.92   slack (MET)


Startpoint: _283_ (rising edge-triggered flip-flop clocked by clk)
Endpoint: _283_ (rising edge-triggered flip-flop clocked by clk)
Path Group: clk
Path Type: min
Corner: Slowest

Fanout     Cap    Slew   Delay    Time   Description
-----------------------------------------------------------------------------
                          0.00    0.00   clock clk (rise edge)
                          0.00    0.00   clock source latency
                  0.11    0.07    0.07 ^ clk (in)
     1    0.01                           clk (net)
                  0.11    0.00    0.07 ^ clkbuf_0_clk/A (sky130_fd_sc_hd__clkbuf_16)
                  0.10    0.26    0.32 ^ clkbuf_0_clk/X (sky130_fd_sc_hd__clkbuf_16)
     4    0.04                           clknet_0_clk (net)
                  0.10    0.00    0.32 ^ clkbuf_2_2__f_clk/A (sky130_fd_sc_hd__clkbuf_16)
                  0.07    0.23    0.55 ^ clkbuf_2_2__f_clk/X (sky130_fd_sc_hd__clkbuf_16)
     8    0.02                           clknet_2_2__leaf_clk (net)
                  0.07    0.00    0.55 ^ _283_/CLK (sky130_fd_sc_hd__dfrtp_1)
                  0.20    0.71    1.26 ^ _283_/Q (sky130_fd_sc_hd__dfrtp_1)
     3    0.01                           idle_counter[9] (net)
                  0.20    0.00    1.26 ^ _213_/A (sky130_fd_sc_hd__and2_1)
                  0.08    0.25    1.51 ^ _213_/X (sky130_fd_sc_hd__and2_1)
     1    0.00                           _086_ (net)
                  0.08    0.00    1.51 ^ _214_/A (sky130_fd_sc_hd__clkbuf_1)
                  0.07    0.14    1.65 ^ _214_/X (sky130_fd_sc_hd__clkbuf_1)
     1    0.00                           _022_ (net)
                  0.07    0.00    1.65 ^ _283_/D (sky130_fd_sc_hd__dfrtp_1)
                                  1.65   data arrival time

                          0.00    0.00   clock clk (rise edge)
                          0.00    0.00   clock source latency
                  0.11    0.07    0.07 ^ clk (in)
     1    0.01                           clk (net)
                  0.11    0.00    0.07 ^ clkbuf_0_clk/A (sky130_fd_sc_hd__clkbuf_16)
                  0.10    0.28    0.36 ^ clkbuf_0_clk/X (sky130_fd_sc_hd__clkbuf_16)
     4    0.04                           clknet_0_clk (net)
                  0.10    0.00    0.36 ^ clkbuf_2_2__f_clk/A (sky130_fd_sc_hd__clkbuf_16)
                  0.07    0.25    0.61 ^ clkbuf_2_2__f_clk/X (sky130_fd_sc_hd__clkbuf_16)
     8    0.02                           clknet_2_2__leaf_clk (net)
                  0.07    0.00    0.61 ^ _283_/CLK (sky130_fd_sc_hd__dfrtp_1)
                          0.25    0.86   clock uncertainty
                         -0.06    0.80   clock reconvergence pessimism
                         -0.08    0.72   library hold time
                                  0.72   data required time
-----------------------------------------------------------------------------
                                  0.72   data required time
                                 -1.65   data arrival time
-----------------------------------------------------------------------------
                                  0.93   slack (MET)


Startpoint: _274_ (rising edge-triggered flip-flop clocked by clk)
Endpoint: _274_ (rising edge-triggered flip-flop clocked by clk)
Path Group: clk
Path Type: min
Corner: Slowest

Fanout     Cap    Slew   Delay    Time   Description
-----------------------------------------------------------------------------
                          0.00    0.00   clock clk (rise edge)
                          0.00    0.00   clock source latency
                  0.11    0.07    0.07 ^ clk (in)
     1    0.01                           clk (net)
                  0.11    0.00    0.07 ^ clkbuf_0_clk/A (sky130_fd_sc_hd__clkbuf_16)
                  0.10    0.26    0.32 ^ clkbuf_0_clk/X (sky130_fd_sc_hd__clkbuf_16)
     4    0.04                           clknet_0_clk (net)
                  0.10    0.00    0.32 ^ clkbuf_2_2__f_clk/A (sky130_fd_sc_hd__clkbuf_16)
                  0.07    0.23    0.55 ^ clkbuf_2_2__f_clk/X (sky130_fd_sc_hd__clkbuf_16)
     8    0.02                           clknet_2_2__leaf_clk (net)
                  0.07    0.00    0.55 ^ _274_/CLK (sky130_fd_sc_hd__dfrtp_4)
                  0.17    0.85    1.40 ^ _274_/Q (sky130_fd_sc_hd__dfrtp_4)
     8    0.02                           idle_counter[0] (net)
                  0.17    0.00    1.40 ^ _183_/A1 (sky130_fd_sc_hd__o21a_1)
                  0.07    0.25    1.65 ^ _183_/X (sky130_fd_sc_hd__o21a_1)
     1    0.00                           _013_ (net)
                  0.07    0.00    1.65 ^ _274_/D (sky130_fd_sc_hd__dfrtp_4)
                                  1.65   data arrival time

                          0.00    0.00   clock clk (rise edge)
                          0.00    0.00   clock source latency
                  0.11    0.07    0.07 ^ clk (in)
     1    0.01                           clk (net)
                  0.11    0.00    0.07 ^ clkbuf_0_clk/A (sky130_fd_sc_hd__clkbuf_16)
                  0.10    0.28    0.36 ^ clkbuf_0_clk/X (sky130_fd_sc_hd__clkbuf_16)
     4    0.04                           clknet_0_clk (net)
                  0.10    0.00    0.36 ^ clkbuf_2_2__f_clk/A (sky130_fd_sc_hd__clkbuf_16)
                  0.07    0.25    0.61 ^ clkbuf_2_2__f_clk/X (sky130_fd_sc_hd__clkbuf_16)
     8    0.02                           clknet_2_2__leaf_clk (net)
                  0.07    0.00    0.61 ^ _274_/CLK (sky130_fd_sc_hd__dfrtp_4)
                          0.25    0.86   clock uncertainty
                         -0.06    0.80   clock reconvergence pessimism
                         -0.08    0.72   library hold time
                                  0.72   data required time
-----------------------------------------------------------------------------
                                  0.72   data required time
                                 -1.65   data arrival time
-----------------------------------------------------------------------------
                                  0.93   slack (MET)


Startpoint: _265_ (rising edge-triggered flip-flop clocked by clk)
Endpoint: _265_ (rising edge-triggered flip-flop clocked by clk)
Path Group: clk
Path Type: min
Corner: Slowest

Fanout     Cap    Slew   Delay    Time   Description
-----------------------------------------------------------------------------
                          0.00    0.00   clock clk (rise edge)
                          0.00    0.00   clock source latency
                  0.11    0.07    0.07 ^ clk (in)
     1    0.01                           clk (net)
                  0.11    0.00    0.07 ^ clkbuf_0_clk/A (sky130_fd_sc_hd__clkbuf_16)
                  0.10    0.26    0.32 ^ clkbuf_0_clk/X (sky130_fd_sc_hd__clkbuf_16)
     4    0.04                           clknet_0_clk (net)
                  0.10    0.00    0.32 ^ clkbuf_2_3__f_clk/A (sky130_fd_sc_hd__clkbuf_16)
                  0.08    0.23    0.56 ^ clkbuf_2_3__f_clk/X (sky130_fd_sc_hd__clkbuf_16)
     9    0.03                           clknet_2_3__leaf_clk (net)
                  0.08    0.00    0.56 ^ _265_/CLK (sky130_fd_sc_hd__dfrtp_1)
                  0.17    0.69    1.24 ^ _265_/Q (sky130_fd_sc_hd__dfrtp_1)
     3    0.01                           baud_counter[3] (net)
                  0.17    0.00    1.24 ^ _151_/A (sky130_fd_sc_hd__xor2_1)
                  0.09    0.19    1.43 v _151_/X (sky130_fd_sc_hd__xor2_1)
     1    0.01                           _042_ (net)
                  0.09    0.00    1.43 v _152_/B (sky130_fd_sc_hd__xnor2_1)
                  0.09    0.23    1.67 ^ _152_/Y (sky130_fd_sc_hd__xnor2_1)
     1    0.00                           _004_ (net)
                  0.09    0.00    1.67 ^ _265_/D (sky130_fd_sc_hd__dfrtp_1)
                                  1.67   data arrival time

                          0.00    0.00   clock clk (rise edge)
                          0.00    0.00   clock source latency
                  0.11    0.07    0.07 ^ clk (in)
     1    0.01                           clk (net)
                  0.11    0.00    0.07 ^ clkbuf_0_clk/A (sky130_fd_sc_hd__clkbuf_16)
                  0.10    0.28    0.36 ^ clkbuf_0_clk/X (sky130_fd_sc_hd__clkbuf_16)
     4    0.04                           clknet_0_clk (net)
                  0.10    0.00    0.36 ^ clkbuf_2_3__f_clk/A (sky130_fd_sc_hd__clkbuf_16)
                  0.08    0.26    0.62 ^ clkbuf_2_3__f_clk/X (sky130_fd_sc_hd__clkbuf_16)
     9    0.03                           clknet_2_3__leaf_clk (net)
                  0.08    0.00    0.62 ^ _265_/CLK (sky130_fd_sc_hd__dfrtp_1)
                          0.25    0.87   clock uncertainty
                         -0.06    0.81   clock reconvergence pessimism
                         -0.08    0.73   library hold time
                                  0.73   data required time
-----------------------------------------------------------------------------
                                  0.73   data required time
                                 -1.67   data arrival time
-----------------------------------------------------------------------------
                                  0.94   slack (MET)


Startpoint: _272_ (rising edge-triggered flip-flop clocked by clk)
Endpoint: _272_ (rising edge-triggered flip-flop clocked by clk)
Path Group: clk
Path Type: min
Corner: Slowest

Fanout     Cap    Slew   Delay    Time   Description
-----------------------------------------------------------------------------
                          0.00    0.00   clock clk (rise edge)
                          0.00    0.00   clock source latency
                  0.11    0.07    0.07 ^ clk (in)
     1    0.01                           clk (net)
                  0.11    0.00    0.07 ^ clkbuf_0_clk/A (sky130_fd_sc_hd__clkbuf_16)
                  0.10    0.26    0.32 ^ clkbuf_0_clk/X (sky130_fd_sc_hd__clkbuf_16)
     4    0.04                           clknet_0_clk (net)
                  0.10    0.00    0.32 ^ clkbuf_2_2__f_clk/A (sky130_fd_sc_hd__clkbuf_16)
                  0.07    0.23    0.55 ^ clkbuf_2_2__f_clk/X (sky130_fd_sc_hd__clkbuf_16)
     8    0.02                           clknet_2_2__leaf_clk (net)
                  0.07    0.00    0.55 ^ _272_/CLK (sky130_fd_sc_hd__dfrtp_1)
                  0.15    0.67    1.22 ^ _272_/Q (sky130_fd_sc_hd__dfrtp_1)
     4    0.01                           sleep_pending (net)
                  0.15    0.00    1.22 ^ _176_/A (sky130_fd_sc_hd__and2_1)
                  0.09    0.25    1.47 ^ _176_/X (sky130_fd_sc_hd__and2_1)
     1    0.00                           _060_ (net)
                  0.09    0.00    1.47 ^ _177_/A2 (sky130_fd_sc_hd__o21a_1)
                  0.07    0.20    1.66 ^ _177_/X (sky130_fd_sc_hd__o21a_1)
     1    0.00                           _011_ (net)
                  0.07    0.00    1.66 ^ _272_/D (sky130_fd_sc_hd__dfrtp_1)
                                  1.66   data arrival time

                          0.00    0.00   clock clk (rise edge)
                          0.00    0.00   clock source latency
                  0.11    0.07    0.07 ^ clk (in)
     1    0.01                           clk (net)
                  0.11    0.00    0.07 ^ clkbuf_0_clk/A (sky130_fd_sc_hd__clkbuf_16)
                  0.10    0.28    0.36 ^ clkbuf_0_clk/X (sky130_fd_sc_hd__clkbuf_16)
     4    0.04                           clknet_0_clk (net)
                  0.10    0.00    0.36 ^ clkbuf_2_2__f_clk/A (sky130_fd_sc_hd__clkbuf_16)
                  0.07    0.25    0.61 ^ clkbuf_2_2__f_clk/X (sky130_fd_sc_hd__clkbuf_16)
     8    0.02                           clknet_2_2__leaf_clk (net)
                  0.07    0.00    0.61 ^ _272_/CLK (sky130_fd_sc_hd__dfrtp_1)
                          0.25    0.86   clock uncertainty
                         -0.06    0.80   clock reconvergence pessimism
                         -0.08    0.72   library hold time
                                  0.72   data required time
-----------------------------------------------------------------------------
                                  0.72   data required time
                                 -1.66   data arrival time
-----------------------------------------------------------------------------
                                  0.94   slack (MET)


Startpoint: _263_ (rising edge-triggered flip-flop clocked by clk)
Endpoint: _263_ (rising edge-triggered flip-flop clocked by clk)
Path Group: clk
Path Type: min
Corner: Slowest

Fanout     Cap    Slew   Delay    Time   Description
-----------------------------------------------------------------------------
                          0.00    0.00   clock clk (rise edge)
                          0.00    0.00   clock source latency
                  0.11    0.07    0.07 ^ clk (in)
     1    0.01                           clk (net)
                  0.11    0.00    0.07 ^ clkbuf_0_clk/A (sky130_fd_sc_hd__clkbuf_16)
                  0.10    0.26    0.32 ^ clkbuf_0_clk/X (sky130_fd_sc_hd__clkbuf_16)
     4    0.04                           clknet_0_clk (net)
                  0.10    0.00    0.32 ^ clkbuf_2_3__f_clk/A (sky130_fd_sc_hd__clkbuf_16)
                  0.08    0.23    0.56 ^ clkbuf_2_3__f_clk/X (sky130_fd_sc_hd__clkbuf_16)
     9    0.03                           clknet_2_3__leaf_clk (net)
                  0.08    0.00    0.56 ^ _263_/CLK (sky130_fd_sc_hd__dfrtp_1)
                  0.17    0.69    1.24 ^ _263_/Q (sky130_fd_sc_hd__dfrtp_1)
     4    0.01                           baud_counter[1] (net)
                  0.17    0.00    1.24 ^ _147_/A (sky130_fd_sc_hd__or2_1)
                  0.06    0.20    1.44 ^ _147_/X (sky130_fd_sc_hd__or2_1)
     1    0.00                           _040_ (net)
                  0.06    0.00    1.44 ^ _148_/C1 (sky130_fd_sc_hd__o211a_1)
                  0.07    0.25    1.69 ^ _148_/X (sky130_fd_sc_hd__o211a_1)
     1    0.00                           _002_ (net)
                  0.07    0.00    1.69 ^ _263_/D (sky130_fd_sc_hd__dfrtp_1)
                                  1.69   data arrival time

                          0.00    0.00   clock clk (rise edge)
                          0.00    0.00   clock source latency
                  0.11    0.07    0.07 ^ clk (in)
     1    0.01                           clk (net)
                  0.11    0.00    0.07 ^ clkbuf_0_clk/A (sky130_fd_sc_hd__clkbuf_16)
                  0.10    0.28    0.36 ^ clkbuf_0_clk/X (sky130_fd_sc_hd__clkbuf_16)
     4    0.04                           clknet_0_clk (net)
                  0.10    0.00    0.36 ^ clkbuf_2_3__f_clk/A (sky130_fd_sc_hd__clkbuf_16)
                  0.08    0.26    0.62 ^ clkbuf_2_3__f_clk/X (sky130_fd_sc_hd__clkbuf_16)
     9    0.03                           clknet_2_3__leaf_clk (net)
                  0.08    0.00    0.62 ^ _263_/CLK (sky130_fd_sc_hd__dfrtp_1)
                          0.25    0.87   clock uncertainty
                         -0.06    0.81   clock reconvergence pessimism
                         -0.08    0.73   library hold time
                                  0.73   data required time
-----------------------------------------------------------------------------
                                  0.73   data required time
                                 -1.69   data arrival time
-----------------------------------------------------------------------------
                                  0.96   slack (MET)


Startpoint: _263_ (rising edge-triggered flip-flop clocked by clk)
Endpoint: _264_ (rising edge-triggered flip-flop clocked by clk)
Path Group: clk
Path Type: min
Corner: Slowest

Fanout     Cap    Slew   Delay    Time   Description
-----------------------------------------------------------------------------
                          0.00    0.00   clock clk (rise edge)
                          0.00    0.00   clock source latency
                  0.11    0.07    0.07 ^ clk (in)
     1    0.01                           clk (net)
                  0.11    0.00    0.07 ^ clkbuf_0_clk/A (sky130_fd_sc_hd__clkbuf_16)
                  0.10    0.26    0.32 ^ clkbuf_0_clk/X (sky130_fd_sc_hd__clkbuf_16)
     4    0.04                           clknet_0_clk (net)
                  0.10    0.00    0.32 ^ clkbuf_2_3__f_clk/A (sky130_fd_sc_hd__clkbuf_16)
                  0.08    0.23    0.56 ^ clkbuf_2_3__f_clk/X (sky130_fd_sc_hd__clkbuf_16)
     9    0.03                           clknet_2_3__leaf_clk (net)
                  0.08    0.00    0.56 ^ _263_/CLK (sky130_fd_sc_hd__dfrtp_1)
                  0.14    0.77    1.32 v _263_/Q (sky130_fd_sc_hd__dfrtp_1)
     4    0.01                           baud_counter[1] (net)
                  0.14    0.00    1.32 v _146_/A (sky130_fd_sc_hd__nand2_1)
                  0.19    0.20    1.53 ^ _146_/Y (sky130_fd_sc_hd__nand2_1)
     3    0.01                           _039_ (net)
                  0.19    0.00    1.53 ^ _149_/B (sky130_fd_sc_hd__xnor2_1)
                  0.08    0.15    1.68 v _149_/Y (sky130_fd_sc_hd__xnor2_1)
     1    0.00                           _003_ (net)
                  0.08    0.00    1.68 v _264_/D (sky130_fd_sc_hd__dfrtp_1)
                                  1.68   data arrival time

                          0.00    0.00   clock clk (rise edge)
                          0.00    0.00   clock source latency
                  0.11    0.07    0.07 ^ clk (in)
     1    0.01                           clk (net)
                  0.11    0.00    0.07 ^ clkbuf_0_clk/A (sky130_fd_sc_hd__clkbuf_16)
                  0.10    0.28    0.36 ^ clkbuf_0_clk/X (sky130_fd_sc_hd__clkbuf_16)
     4    0.04                           clknet_0_clk (net)
                  0.10    0.00    0.36 ^ clkbuf_2_3__f_clk/A (sky130_fd_sc_hd__clkbuf_16)
                  0.08    0.26    0.62 ^ clkbuf_2_3__f_clk/X (sky130_fd_sc_hd__clkbuf_16)
     9    0.03                           clknet_2_3__leaf_clk (net)
                  0.08    0.00    0.62 ^ _264_/CLK (sky130_fd_sc_hd__dfrtp_1)
                          0.25    0.87   clock uncertainty
                         -0.06    0.81   clock reconvergence pessimism
                         -0.10    0.71   library hold time
                                  0.71   data required time
-----------------------------------------------------------------------------
                                  0.71   data required time
                                 -1.68   data arrival time
-----------------------------------------------------------------------------
                                  0.97   slack (MET)


Startpoint: _281_ (rising edge-triggered flip-flop clocked by clk)
Endpoint: _281_ (rising edge-triggered flip-flop clocked by clk)
Path Group: clk
Path Type: min
Corner: Slowest

Fanout     Cap    Slew   Delay    Time   Description
-----------------------------------------------------------------------------
                          0.00    0.00   clock clk (rise edge)
                          0.00    0.00   clock source latency
                  0.11    0.07    0.07 ^ clk (in)
     1    0.01                           clk (net)
                  0.11    0.00    0.07 ^ clkbuf_0_clk/A (sky130_fd_sc_hd__clkbuf_16)
                  0.10    0.26    0.32 ^ clkbuf_0_clk/X (sky130_fd_sc_hd__clkbuf_16)
     4    0.04                           clknet_0_clk (net)
                  0.10    0.00    0.32 ^ clkbuf_2_3__f_clk/A (sky130_fd_sc_hd__clkbuf_16)
                  0.08    0.23    0.56 ^ clkbuf_2_3__f_clk/X (sky130_fd_sc_hd__clkbuf_16)
     9    0.03                           clknet_2_3__leaf_clk (net)
                  0.08    0.00    0.56 ^ _281_/CLK (sky130_fd_sc_hd__dfrtp_1)
                  0.14    0.66    1.22 ^ _281_/Q (sky130_fd_sc_hd__dfrtp_1)
     3    0.01                           idle_counter[7] (net)
                  0.14    0.00    1.22 ^ _208_/B1 (sky130_fd_sc_hd__a21o_1)
                  0.07    0.17    1.39 ^ _208_/X (sky130_fd_sc_hd__a21o_1)
     1    0.00                           _083_ (net)
                  0.07    0.00    1.39 ^ _210_/A2 (sky130_fd_sc_hd__a32o_1)
                  0.10    0.31    1.70 ^ _210_/X (sky130_fd_sc_hd__a32o_1)
     1    0.00                           _020_ (net)
                  0.10    0.00    1.70 ^ _281_/D (sky130_fd_sc_hd__dfrtp_1)
                                  1.70   data arrival time

                          0.00    0.00   clock clk (rise edge)
                          0.00    0.00   clock source latency
                  0.11    0.07    0.07 ^ clk (in)
     1    0.01                           clk (net)
                  0.11    0.00    0.07 ^ clkbuf_0_clk/A (sky130_fd_sc_hd__clkbuf_16)
                  0.10    0.28    0.36 ^ clkbuf_0_clk/X (sky130_fd_sc_hd__clkbuf_16)
     4    0.04                           clknet_0_clk (net)
                  0.10    0.00    0.36 ^ clkbuf_2_3__f_clk/A (sky130_fd_sc_hd__clkbuf_16)
                  0.08    0.26    0.62 ^ clkbuf_2_3__f_clk/X (sky130_fd_sc_hd__clkbuf_16)
     9    0.03                           clknet_2_3__leaf_clk (net)
                  0.08    0.00    0.62 ^ _281_/CLK (sky130_fd_sc_hd__dfrtp_1)
                          0.25    0.87   clock uncertainty
                         -0.06    0.81   clock reconvergence pessimism
                         -0.08    0.73   library hold time
                                  0.73   data required time
-----------------------------------------------------------------------------
                                  0.73   data required time
                                 -1.70   data arrival time
-----------------------------------------------------------------------------
                                  0.98   slack (MET)


Startpoint: _286_ (rising edge-triggered flip-flop clocked by clk)
Endpoint: _286_ (rising edge-triggered flip-flop clocked by clk)
Path Group: clk
Path Type: min
Corner: Slowest

Fanout     Cap    Slew   Delay    Time   Description
-----------------------------------------------------------------------------
                          0.00    0.00   clock clk (rise edge)
                          0.00    0.00   clock source latency
                  0.11    0.07    0.07 ^ clk (in)
     1    0.01                           clk (net)
                  0.11    0.00    0.07 ^ clkbuf_0_clk/A (sky130_fd_sc_hd__clkbuf_16)
                  0.10    0.26    0.32 ^ clkbuf_0_clk/X (sky130_fd_sc_hd__clkbuf_16)
     4    0.04                           clknet_0_clk (net)
                  0.10    0.00    0.32 ^ clkbuf_2_1__f_clk/A (sky130_fd_sc_hd__clkbuf_16)
                  0.08    0.24    0.56 ^ clkbuf_2_1__f_clk/X (sky130_fd_sc_hd__clkbuf_16)
    11    0.03                           clknet_2_1__leaf_clk (net)
                  0.08    0.00    0.56 ^ _286_/CLK (sky130_fd_sc_hd__dfrtp_1)
                  0.11    0.64    1.21 ^ _286_/Q (sky130_fd_sc_hd__dfrtp_1)
     2    0.01                           bit_count[2] (net)
                  0.11    0.00    1.21 ^ _228_/B1 (sky130_fd_sc_hd__a31o_1)
                  0.07    0.17    1.37 ^ _228_/X (sky130_fd_sc_hd__a31o_1)
     1    0.00                           _098_ (net)
                  0.07    0.00    1.37 ^ _229_/B (sky130_fd_sc_hd__and2_1)
                  0.08    0.22    1.59 ^ _229_/X (sky130_fd_sc_hd__and2_1)
     1    0.00                           _099_ (net)
                  0.08    0.00    1.59 ^ _230_/A (sky130_fd_sc_hd__clkbuf_1)
                  0.06    0.14    1.73 ^ _230_/X (sky130_fd_sc_hd__clkbuf_1)
     1    0.00                           _025_ (net)
                  0.06    0.00    1.73 ^ _286_/D (sky130_fd_sc_hd__dfrtp_1)
                                  1.73   data arrival time

                          0.00    0.00   clock clk (rise edge)
                          0.00    0.00   clock source latency
                  0.11    0.07    0.07 ^ clk (in)
     1    0.01                           clk (net)
                  0.11    0.00    0.07 ^ clkbuf_0_clk/A (sky130_fd_sc_hd__clkbuf_16)
                  0.10    0.28    0.36 ^ clkbuf_0_clk/X (sky130_fd_sc_hd__clkbuf_16)
     4    0.04                           clknet_0_clk (net)
                  0.10    0.00    0.36 ^ clkbuf_2_1__f_clk/A (sky130_fd_sc_hd__clkbuf_16)
                  0.08    0.26    0.62 ^ clkbuf_2_1__f_clk/X (sky130_fd_sc_hd__clkbuf_16)
    11    0.03                           clknet_2_1__leaf_clk (net)
                  0.08    0.00    0.62 ^ _286_/CLK (sky130_fd_sc_hd__dfrtp_1)
                          0.25    0.87   clock uncertainty
                         -0.06    0.81   clock reconvergence pessimism
                         -0.07    0.74   library hold time
                                  0.74   data required time
-----------------------------------------------------------------------------
                                  0.74   data required time
                                 -1.73   data arrival time
-----------------------------------------------------------------------------
                                  0.99   slack (MET)


Startpoint: _267_ (rising edge-triggered flip-flop clocked by clk)
Endpoint: _267_ (rising edge-triggered flip-flop clocked by clk)
Path Group: clk
Path Type: min
Corner: Slowest

Fanout     Cap    Slew   Delay    Time   Description
-----------------------------------------------------------------------------
                          0.00    0.00   clock clk (rise edge)
                          0.00    0.00   clock source latency
                  0.11    0.07    0.07 ^ clk (in)
     1    0.01                           clk (net)
                  0.11    0.00    0.07 ^ clkbuf_0_clk/A (sky130_fd_sc_hd__clkbuf_16)
                  0.10    0.26    0.32 ^ clkbuf_0_clk/X (sky130_fd_sc_hd__clkbuf_16)
     4    0.04                           clknet_0_clk (net)
                  0.10    0.00    0.32 ^ clkbuf_2_1__f_clk/A (sky130_fd_sc_hd__clkbuf_16)
                  0.08    0.24    0.56 ^ clkbuf_2_1__f_clk/X (sky130_fd_sc_hd__clkbuf_16)
    11    0.03                           clknet_2_1__leaf_clk (net)
                  0.08    0.00    0.56 ^ _267_/CLK (sky130_fd_sc_hd__dfrtp_1)
                  0.19    0.71    1.27 ^ _267_/Q (sky130_fd_sc_hd__dfrtp_1)
     4    0.01                           baud_counter[5] (net)
                  0.19    0.00    1.27 ^ _158_/B1 (sky130_fd_sc_hd__a21o_1)
                  0.07    0.18    1.45 ^ _158_/X (sky130_fd_sc_hd__a21o_1)
     1    0.00                           _047_ (net)
                  0.07    0.00    1.45 ^ _160_/A2 (sky130_fd_sc_hd__a32o_1)
                  0.09    0.31    1.76 ^ _160_/X (sky130_fd_sc_hd__a32o_1)
     1    0.00                           _006_ (net)
                  0.09    0.00    1.76 ^ _267_/D (sky130_fd_sc_hd__dfrtp_1)
                                  1.76   data arrival time

                          0.00    0.00   clock clk (rise edge)
                          0.00    0.00   clock source latency
                  0.11    0.07    0.07 ^ clk (in)
     1    0.01                           clk (net)
                  0.11    0.00    0.07 ^ clkbuf_0_clk/A (sky130_fd_sc_hd__clkbuf_16)
                  0.10    0.28    0.36 ^ clkbuf_0_clk/X (sky130_fd_sc_hd__clkbuf_16)
     4    0.04                           clknet_0_clk (net)
                  0.10    0.00    0.36 ^ clkbuf_2_1__f_clk/A (sky130_fd_sc_hd__clkbuf_16)
                  0.08    0.26    0.62 ^ clkbuf_2_1__f_clk/X (sky130_fd_sc_hd__clkbuf_16)
    11    0.03                           clknet_2_1__leaf_clk (net)
                  0.08    0.00    0.62 ^ _267_/CLK (sky130_fd_sc_hd__dfrtp_1)
                          0.25    0.87   clock uncertainty
                         -0.06    0.81   clock reconvergence pessimism
                         -0.08    0.73   library hold time
                                  0.73   data required time
-----------------------------------------------------------------------------
                                  0.73   data required time
                                 -1.76   data arrival time
-----------------------------------------------------------------------------
                                  1.03   slack (MET)


Startpoint: _277_ (rising edge-triggered flip-flop clocked by clk)
Endpoint: _277_ (rising edge-triggered flip-flop clocked by clk)
Path Group: clk
Path Type: min
Corner: Slowest

Fanout     Cap    Slew   Delay    Time   Description
-----------------------------------------------------------------------------
                          0.00    0.00   clock clk (rise edge)
                          0.00    0.00   clock source latency
                  0.11    0.07    0.07 ^ clk (in)
     1    0.01                           clk (net)
                  0.11    0.00    0.07 ^ clkbuf_0_clk/A (sky130_fd_sc_hd__clkbuf_16)
                  0.10    0.26    0.32 ^ clkbuf_0_clk/X (sky130_fd_sc_hd__clkbuf_16)
     4    0.04                           clknet_0_clk (net)
                  0.10    0.00    0.32 ^ clkbuf_2_2__f_clk/A (sky130_fd_sc_hd__clkbuf_16)
                  0.07    0.23    0.55 ^ clkbuf_2_2__f_clk/X (sky130_fd_sc_hd__clkbuf_16)
     8    0.02                           clknet_2_2__leaf_clk (net)
                  0.07    0.00    0.55 ^ _277_/CLK (sky130_fd_sc_hd__dfrtp_1)
                  0.17    0.69    1.24 ^ _277_/Q (sky130_fd_sc_hd__dfrtp_1)
     4    0.01                           idle_counter[3] (net)
                  0.17    0.00    1.24 ^ _194_/B1 (sky130_fd_sc_hd__a31o_1)
                  0.08    0.20    1.44 ^ _194_/X (sky130_fd_sc_hd__a31o_1)
     1    0.00                           _073_ (net)
                  0.08    0.00    1.44 ^ _197_/A2 (sky130_fd_sc_hd__a32o_1)
                  0.09    0.31    1.75 ^ _197_/X (sky130_fd_sc_hd__a32o_1)
     1    0.00                           _016_ (net)
                  0.09    0.00    1.75 ^ _277_/D (sky130_fd_sc_hd__dfrtp_1)
                                  1.75   data arrival time

                          0.00    0.00   clock clk (rise edge)
                          0.00    0.00   clock source latency
                  0.11    0.07    0.07 ^ clk (in)
     1    0.01                           clk (net)
                  0.11    0.00    0.07 ^ clkbuf_0_clk/A (sky130_fd_sc_hd__clkbuf_16)
                  0.10    0.28    0.36 ^ clkbuf_0_clk/X (sky130_fd_sc_hd__clkbuf_16)
     4    0.04                           clknet_0_clk (net)
                  0.10    0.00    0.36 ^ clkbuf_2_2__f_clk/A (sky130_fd_sc_hd__clkbuf_16)
                  0.07    0.25    0.61 ^ clkbuf_2_2__f_clk/X (sky130_fd_sc_hd__clkbuf_16)
     8    0.02                           clknet_2_2__leaf_clk (net)
                  0.07    0.00    0.61 ^ _277_/CLK (sky130_fd_sc_hd__dfrtp_1)
                          0.25    0.86   clock uncertainty
                         -0.06    0.80   clock reconvergence pessimism
                         -0.08    0.72   library hold time
                                  0.72   data required time
-----------------------------------------------------------------------------
                                  0.72   data required time
                                 -1.75   data arrival time
-----------------------------------------------------------------------------
                                  1.03   slack (MET)


Startpoint: _270_ (rising edge-triggered flip-flop clocked by clk)
Endpoint: _270_ (rising edge-triggered flip-flop clocked by clk)
Path Group: clk
Path Type: min
Corner: Slowest

Fanout     Cap    Slew   Delay    Time   Description
-----------------------------------------------------------------------------
                          0.00    0.00   clock clk (rise edge)
                          0.00    0.00   clock source latency
                  0.11    0.07    0.07 ^ clk (in)
     1    0.01                           clk (net)
                  0.11    0.00    0.07 ^ clkbuf_0_clk/A (sky130_fd_sc_hd__clkbuf_16)
                  0.10    0.26    0.32 ^ clkbuf_0_clk/X (sky130_fd_sc_hd__clkbuf_16)
     4    0.04                           clknet_0_clk (net)
                  0.10    0.00    0.32 ^ clkbuf_2_1__f_clk/A (sky130_fd_sc_hd__clkbuf_16)
                  0.08    0.24    0.56 ^ clkbuf_2_1__f_clk/X (sky130_fd_sc_hd__clkbuf_16)
    11    0.03                           clknet_2_1__leaf_clk (net)
                  0.08    0.00    0.56 ^ _270_/CLK (sky130_fd_sc_hd__dfrtp_1)
                  0.19    0.70    1.27 ^ _270_/Q (sky130_fd_sc_hd__dfrtp_1)
     3    0.01                           baud_counter[8] (net)
                  0.19    0.00    1.27 ^ _166_/B1 (sky130_fd_sc_hd__a21o_1)
                  0.07    0.18    1.45 ^ _166_/X (sky130_fd_sc_hd__a21o_1)
     1    0.00                           _052_ (net)
                  0.07    0.00    1.45 ^ _169_/A2 (sky130_fd_sc_hd__a32o_1)
                  0.10    0.32    1.77 ^ _169_/X (sky130_fd_sc_hd__a32o_1)
     1    0.00                           _009_ (net)
                  0.10    0.00    1.77 ^ _270_/D (sky130_fd_sc_hd__dfrtp_1)
                                  1.77   data arrival time

                          0.00    0.00   clock clk (rise edge)
                          0.00    0.00   clock source latency
                  0.11    0.07    0.07 ^ clk (in)
     1    0.01                           clk (net)
                  0.11    0.00    0.07 ^ clkbuf_0_clk/A (sky130_fd_sc_hd__clkbuf_16)
                  0.10    0.28    0.36 ^ clkbuf_0_clk/X (sky130_fd_sc_hd__clkbuf_16)
     4    0.04                           clknet_0_clk (net)
                  0.10    0.00    0.36 ^ clkbuf_2_1__f_clk/A (sky130_fd_sc_hd__clkbuf_16)
                  0.08    0.26    0.62 ^ clkbuf_2_1__f_clk/X (sky130_fd_sc_hd__clkbuf_16)
    11    0.03                           clknet_2_1__leaf_clk (net)
                  0.08    0.00    0.62 ^ _270_/CLK (sky130_fd_sc_hd__dfrtp_1)
                          0.25    0.87   clock uncertainty
                         -0.06    0.81   clock reconvergence pessimism
                         -0.08    0.73   library hold time
                                  0.73   data required time
-----------------------------------------------------------------------------
                                  0.73   data required time
                                 -1.77   data arrival time
-----------------------------------------------------------------------------
                                  1.04   slack (MET)


Startpoint: _285_ (rising edge-triggered flip-flop clocked by clk)
Endpoint: _285_ (rising edge-triggered flip-flop clocked by clk)
Path Group: clk
Path Type: min
Corner: Slowest

Fanout     Cap    Slew   Delay    Time   Description
-----------------------------------------------------------------------------
                          0.00    0.00   clock clk (rise edge)
                          0.00    0.00   clock source latency
                  0.11    0.07    0.07 ^ clk (in)
     1    0.01                           clk (net)
                  0.11    0.00    0.07 ^ clkbuf_0_clk/A (sky130_fd_sc_hd__clkbuf_16)
                  0.10    0.26    0.32 ^ clkbuf_0_clk/X (sky130_fd_sc_hd__clkbuf_16)
     4    0.04                           clknet_0_clk (net)
                  0.10    0.00    0.32 ^ clkbuf_2_1__f_clk/A (sky130_fd_sc_hd__clkbuf_16)
                  0.08    0.24    0.56 ^ clkbuf_2_1__f_clk/X (sky130_fd_sc_hd__clkbuf_16)
    11    0.03                           clknet_2_1__leaf_clk (net)
                  0.08    0.00    0.56 ^ _285_/CLK (sky130_fd_sc_hd__dfrtp_1)
                  0.17    0.69    1.25 ^ _285_/Q (sky130_fd_sc_hd__dfrtp_1)
     4    0.01                           bit_count[1] (net)
                  0.17    0.00    1.25 ^ _222_/A2 (sky130_fd_sc_hd__a21oi_1)
                  0.07    0.17    1.42 v _222_/Y (sky130_fd_sc_hd__a21oi_1)
     1    0.00                           _093_ (net)
                  0.07    0.00    1.42 v _225_/B1 (sky130_fd_sc_hd__o22a_1)
                  0.09    0.33    1.75 v _225_/X (sky130_fd_sc_hd__o22a_1)
     1    0.00                           _024_ (net)
                  0.09    0.00    1.75 v _285_/D (sky130_fd_sc_hd__dfrtp_1)
                                  1.75   data arrival time

                          0.00    0.00   clock clk (rise edge)
                          0.00    0.00   clock source latency
                  0.11    0.07    0.07 ^ clk (in)
     1    0.01                           clk (net)
                  0.11    0.00    0.07 ^ clkbuf_0_clk/A (sky130_fd_sc_hd__clkbuf_16)
                  0.10    0.28    0.36 ^ clkbuf_0_clk/X (sky130_fd_sc_hd__clkbuf_16)
     4    0.04                           clknet_0_clk (net)
                  0.10    0.00    0.36 ^ clkbuf_2_1__f_clk/A (sky130_fd_sc_hd__clkbuf_16)
                  0.08    0.26    0.62 ^ clkbuf_2_1__f_clk/X (sky130_fd_sc_hd__clkbuf_16)
    11    0.03                           clknet_2_1__leaf_clk (net)
                  0.08    0.00    0.62 ^ _285_/CLK (sky130_fd_sc_hd__dfrtp_1)
                          0.25    0.87   clock uncertainty
                         -0.06    0.81   clock reconvergence pessimism
                         -0.10    0.71   library hold time
                                  0.71   data required time
-----------------------------------------------------------------------------
                                  0.71   data required time
                                 -1.75   data arrival time
-----------------------------------------------------------------------------
                                  1.04   slack (MET)


Startpoint: _280_ (rising edge-triggered flip-flop clocked by clk)
Endpoint: _280_ (rising edge-triggered flip-flop clocked by clk)
Path Group: clk
Path Type: min
Corner: Slowest

Fanout     Cap    Slew   Delay    Time   Description
-----------------------------------------------------------------------------
                          0.00    0.00   clock clk (rise edge)
                          0.00    0.00   clock source latency
                  0.11    0.07    0.07 ^ clk (in)
     1    0.01                           clk (net)
                  0.11    0.00    0.07 ^ clkbuf_0_clk/A (sky130_fd_sc_hd__clkbuf_16)
                  0.10    0.26    0.32 ^ clkbuf_0_clk/X (sky130_fd_sc_hd__clkbuf_16)
     4    0.04                           clknet_0_clk (net)
                  0.10    0.00    0.32 ^ clkbuf_2_3__f_clk/A (sky130_fd_sc_hd__clkbuf_16)
                  0.08    0.23    0.56 ^ clkbuf_2_3__f_clk/X (sky130_fd_sc_hd__clkbuf_16)
     9    0.03                           clknet_2_3__leaf_clk (net)
                  0.08    0.00    0.56 ^ _280_/CLK (sky130_fd_sc_hd__dfrtp_1)
                  0.16    0.78    1.34 v _280_/Q (sky130_fd_sc_hd__dfrtp_1)
     5    0.01                           idle_counter[6] (net)
                  0.16    0.00    1.34 v _206_/A (sky130_fd_sc_hd__nand2_1)
                  0.08    0.12    1.46 ^ _206_/Y (sky130_fd_sc_hd__nand2_1)
     1    0.00                           _082_ (net)
                  0.08    0.00    1.46 ^ _207_/A3 (sky130_fd_sc_hd__a32o_1)
                  0.09    0.31    1.78 ^ _207_/X (sky130_fd_sc_hd__a32o_1)
     1    0.00                           _019_ (net)
                  0.09    0.00    1.78 ^ _280_/D (sky130_fd_sc_hd__dfrtp_1)
                                  1.78   data arrival time

                          0.00    0.00   clock clk (rise edge)
                          0.00    0.00   clock source latency
                  0.11    0.07    0.07 ^ clk (in)
     1    0.01                           clk (net)
                  0.11    0.00    0.07 ^ clkbuf_0_clk/A (sky130_fd_sc_hd__clkbuf_16)
                  0.10    0.28    0.36 ^ clkbuf_0_clk/X (sky130_fd_sc_hd__clkbuf_16)
     4    0.04                           clknet_0_clk (net)
                  0.10    0.00    0.36 ^ clkbuf_2_3__f_clk/A (sky130_fd_sc_hd__clkbuf_16)
                  0.08    0.26    0.62 ^ clkbuf_2_3__f_clk/X (sky130_fd_sc_hd__clkbuf_16)
     9    0.03                           clknet_2_3__leaf_clk (net)
                  0.08    0.00    0.62 ^ _280_/CLK (sky130_fd_sc_hd__dfrtp_1)
                          0.25    0.87   clock uncertainty
                         -0.06    0.81   clock reconvergence pessimism
                         -0.08    0.73   library hold time
                                  0.73   data required time
-----------------------------------------------------------------------------
                                  0.73   data required time
                                 -1.78   data arrival time
-----------------------------------------------------------------------------
                                  1.05   slack (MET)


Startpoint: _279_ (rising edge-triggered flip-flop clocked by clk)
Endpoint: _279_ (rising edge-triggered flip-flop clocked by clk)
Path Group: clk
Path Type: min
Corner: Slowest

Fanout     Cap    Slew   Delay    Time   Description
-----------------------------------------------------------------------------
                          0.00    0.00   clock clk (rise edge)
                          0.00    0.00   clock source latency
                  0.11    0.07    0.07 ^ clk (in)
     1    0.01                           clk (net)
                  0.11    0.00    0.07 ^ clkbuf_0_clk/A (sky130_fd_sc_hd__clkbuf_16)
                  0.10    0.26    0.32 ^ clkbuf_0_clk/X (sky130_fd_sc_hd__clkbuf_16)
     4    0.04                           clknet_0_clk (net)
                  0.10    0.00    0.32 ^ clkbuf_2_3__f_clk/A (sky130_fd_sc_hd__clkbuf_16)
                  0.08    0.23    0.56 ^ clkbuf_2_3__f_clk/X (sky130_fd_sc_hd__clkbuf_16)
     9    0.03                           clknet_2_3__leaf_clk (net)
                  0.08    0.00    0.56 ^ _279_/CLK (sky130_fd_sc_hd__dfrtp_1)
                  0.18    0.70    1.26 ^ _279_/Q (sky130_fd_sc_hd__dfrtp_1)
     4    0.01                           idle_counter[5] (net)
                  0.18    0.00    1.26 ^ _201_/A (sky130_fd_sc_hd__inv_2)
                  0.04    0.08    1.34 v _201_/Y (sky130_fd_sc_hd__inv_2)
     1    0.00                           _078_ (net)
                  0.04    0.00    1.34 v _203_/A1 (sky130_fd_sc_hd__a21oi_1)
                  0.16    0.19    1.53 ^ _203_/Y (sky130_fd_sc_hd__a21oi_1)
     1    0.00                           _080_ (net)
                  0.16    0.00    1.53 ^ _204_/B2 (sky130_fd_sc_hd__a22o_1)
                  0.07    0.26    1.78 ^ _204_/X (sky130_fd_sc_hd__a22o_1)
     1    0.00                           _018_ (net)
                  0.07    0.00    1.78 ^ _279_/D (sky130_fd_sc_hd__dfrtp_1)
                                  1.78   data arrival time

                          0.00    0.00   clock clk (rise edge)
                          0.00    0.00   clock source latency
                  0.11    0.07    0.07 ^ clk (in)
     1    0.01                           clk (net)
                  0.11    0.00    0.07 ^ clkbuf_0_clk/A (sky130_fd_sc_hd__clkbuf_16)
                  0.10    0.28    0.36 ^ clkbuf_0_clk/X (sky130_fd_sc_hd__clkbuf_16)
     4    0.04                           clknet_0_clk (net)
                  0.10    0.00    0.36 ^ clkbuf_2_3__f_clk/A (sky130_fd_sc_hd__clkbuf_16)
                  0.08    0.26    0.62 ^ clkbuf_2_3__f_clk/X (sky130_fd_sc_hd__clkbuf_16)
     9    0.03                           clknet_2_3__leaf_clk (net)
                  0.08    0.00    0.62 ^ _279_/CLK (sky130_fd_sc_hd__dfrtp_1)
                          0.25    0.87   clock uncertainty
                         -0.06    0.81   clock reconvergence pessimism
                         -0.08    0.73   library hold time
                                  0.73   data required time
-----------------------------------------------------------------------------
                                  0.73   data required time
                                 -1.78   data arrival time
-----------------------------------------------------------------------------
                                  1.05   slack (MET)


Startpoint: _278_ (rising edge-triggered flip-flop clocked by clk)
Endpoint: _278_ (rising edge-triggered flip-flop clocked by clk)
Path Group: clk
Path Type: min
Corner: Slowest

Fanout     Cap    Slew   Delay    Time   Description
-----------------------------------------------------------------------------
                          0.00    0.00   clock clk (rise edge)
                          0.00    0.00   clock source latency
                  0.11    0.07    0.07 ^ clk (in)
     1    0.01                           clk (net)
                  0.11    0.00    0.07 ^ clkbuf_0_clk/A (sky130_fd_sc_hd__clkbuf_16)
                  0.10    0.26    0.32 ^ clkbuf_0_clk/X (sky130_fd_sc_hd__clkbuf_16)
     4    0.04                           clknet_0_clk (net)
                  0.10    0.00    0.32 ^ clkbuf_2_3__f_clk/A (sky130_fd_sc_hd__clkbuf_16)
                  0.08    0.23    0.56 ^ clkbuf_2_3__f_clk/X (sky130_fd_sc_hd__clkbuf_16)
     9    0.03                           clknet_2_3__leaf_clk (net)
                  0.08    0.00    0.56 ^ _278_/CLK (sky130_fd_sc_hd__dfrtp_1)
                  0.20    0.71    1.27 ^ _278_/Q (sky130_fd_sc_hd__dfrtp_1)
     5    0.01                           idle_counter[4] (net)
                  0.20    0.00    1.27 ^ _198_/A (sky130_fd_sc_hd__or2_1)
                  0.08    0.22    1.48 ^ _198_/X (sky130_fd_sc_hd__or2_1)
     1    0.00                           _076_ (net)
                  0.08    0.00    1.48 ^ _200_/A2 (sky130_fd_sc_hd__a32o_1)
                  0.09    0.31    1.79 ^ _200_/X (sky130_fd_sc_hd__a32o_1)
     1    0.00                           _017_ (net)
                  0.09    0.00    1.79 ^ _278_/D (sky130_fd_sc_hd__dfrtp_1)
                                  1.79   data arrival time

                          0.00    0.00   clock clk (rise edge)
                          0.00    0.00   clock source latency
                  0.11    0.07    0.07 ^ clk (in)
     1    0.01                           clk (net)
                  0.11    0.00    0.07 ^ clkbuf_0_clk/A (sky130_fd_sc_hd__clkbuf_16)
                  0.10    0.28    0.36 ^ clkbuf_0_clk/X (sky130_fd_sc_hd__clkbuf_16)
     4    0.04                           clknet_0_clk (net)
                  0.10    0.00    0.36 ^ clkbuf_2_3__f_clk/A (sky130_fd_sc_hd__clkbuf_16)
                  0.08    0.26    0.62 ^ clkbuf_2_3__f_clk/X (sky130_fd_sc_hd__clkbuf_16)
     9    0.03                           clknet_2_3__leaf_clk (net)
                  0.08    0.00    0.62 ^ _278_/CLK (sky130_fd_sc_hd__dfrtp_1)
                          0.25    0.87   clock uncertainty
                         -0.06    0.81   clock reconvergence pessimism
                         -0.08    0.73   library hold time
                                  0.73   data required time
-----------------------------------------------------------------------------
                                  0.73   data required time
                                 -1.79   data arrival time
-----------------------------------------------------------------------------
                                  1.07   slack (MET)


Startpoint: _273_ (rising edge-triggered flip-flop clocked by clk)
Endpoint: _287_ (rising edge-triggered flip-flop clocked by clk)
Path Group: clk
Path Type: min
Corner: Slowest

Fanout     Cap    Slew   Delay    Time   Description
-----------------------------------------------------------------------------
                          0.00    0.00   clock clk (rise edge)
                          0.00    0.00   clock source latency
                  0.11    0.07    0.07 ^ clk (in)
     1    0.01                           clk (net)
                  0.11    0.00    0.07 ^ clkbuf_0_clk/A (sky130_fd_sc_hd__clkbuf_16)
                  0.10    0.26    0.32 ^ clkbuf_0_clk/X (sky130_fd_sc_hd__clkbuf_16)
     4    0.04                           clknet_0_clk (net)
                  0.10    0.00    0.32 ^ clkbuf_2_2__f_clk/A (sky130_fd_sc_hd__clkbuf_16)
                  0.07    0.23    0.55 ^ clkbuf_2_2__f_clk/X (sky130_fd_sc_hd__clkbuf_16)
     8    0.02                           clknet_2_2__leaf_clk (net)
                  0.07    0.00    0.55 ^ _273_/CLK (sky130_fd_sc_hd__dfrtp_2)
                  0.19    0.76    1.31 ^ _273_/Q (sky130_fd_sc_hd__dfrtp_2)
     5    0.02                           net12 (net)
                  0.19    0.00    1.31 ^ _217_/B1 (sky130_fd_sc_hd__a21oi_2)
                  0.08    0.13    1.44 v _217_/Y (sky130_fd_sc_hd__a21oi_2)
     4    0.01                           _089_ (net)
                  0.08    0.00    1.44 v _227_/B1 (sky130_fd_sc_hd__o21ai_1)
                  0.19    0.16    1.60 ^ _227_/Y (sky130_fd_sc_hd__o21ai_1)
     2    0.01                           _097_ (net)
                  0.19    0.00    1.60 ^ _232_/B1 (sky130_fd_sc_hd__a2bb2o_1)
                  0.07    0.26    1.86 ^ _232_/X (sky130_fd_sc_hd__a2bb2o_1)
     1    0.00                           _026_ (net)
                  0.07    0.00    1.86 ^ _287_/D (sky130_fd_sc_hd__dfrtp_1)
                                  1.86   data arrival time

                          0.00    0.00   clock clk (rise edge)
                          0.00    0.00   clock source latency
                  0.11    0.07    0.07 ^ clk (in)
     1    0.01                           clk (net)
                  0.11    0.00    0.07 ^ clkbuf_0_clk/A (sky130_fd_sc_hd__clkbuf_16)
                  0.10    0.28    0.36 ^ clkbuf_0_clk/X (sky130_fd_sc_hd__clkbuf_16)
     4    0.04                           clknet_0_clk (net)
                  0.10    0.00    0.36 ^ clkbuf_2_0__f_clk/A (sky130_fd_sc_hd__clkbuf_16)
                  0.07    0.25    0.61 ^ clkbuf_2_0__f_clk/X (sky130_fd_sc_hd__clkbuf_16)
     9    0.03                           clknet_2_0__leaf_clk (net)
                  0.07    0.00    0.61 ^ _287_/CLK (sky130_fd_sc_hd__dfrtp_1)
                          0.25    0.86   clock uncertainty
                         -0.03    0.83   clock reconvergence pessimism
                         -0.08    0.75   library hold time
                                  0.75   data required time
-----------------------------------------------------------------------------
                                  0.75   data required time
                                 -1.86   data arrival time
-----------------------------------------------------------------------------
                                  1.11   slack (MET)


Startpoint: _266_ (rising edge-triggered flip-flop clocked by clk)
Endpoint: _266_ (rising edge-triggered flip-flop clocked by clk)
Path Group: clk
Path Type: min
Corner: Slowest

Fanout     Cap    Slew   Delay    Time   Description
-----------------------------------------------------------------------------
                          0.00    0.00   clock clk (rise edge)
                          0.00    0.00   clock source latency
                  0.11    0.07    0.07 ^ clk (in)
     1    0.01                           clk (net)
                  0.11    0.00    0.07 ^ clkbuf_0_clk/A (sky130_fd_sc_hd__clkbuf_16)
                  0.10    0.26    0.32 ^ clkbuf_0_clk/X (sky130_fd_sc_hd__clkbuf_16)
     4    0.04                           clknet_0_clk (net)
                  0.10    0.00    0.32 ^ clkbuf_2_1__f_clk/A (sky130_fd_sc_hd__clkbuf_16)
                  0.08    0.24    0.56 ^ clkbuf_2_1__f_clk/X (sky130_fd_sc_hd__clkbuf_16)
    11    0.03                           clknet_2_1__leaf_clk (net)
                  0.08    0.00    0.56 ^ _266_/CLK (sky130_fd_sc_hd__dfrtp_1)
                  0.23    0.74    1.30 ^ _266_/Q (sky130_fd_sc_hd__dfrtp_1)
     6    0.02                           baud_counter[4] (net)
                  0.23    0.00    1.30 ^ _154_/A (sky130_fd_sc_hd__or2_1)
                  0.07    0.23    1.53 ^ _154_/X (sky130_fd_sc_hd__or2_1)
     1    0.00                           _044_ (net)
                  0.07    0.00    1.53 ^ _157_/A1 (sky130_fd_sc_hd__a32o_1)
                  0.11    0.31    1.84 ^ _157_/X (sky130_fd_sc_hd__a32o_1)
     1    0.00                           _005_ (net)
                  0.11    0.00    1.84 ^ _266_/D (sky130_fd_sc_hd__dfrtp_1)
                                  1.84   data arrival time

                          0.00    0.00   clock clk (rise edge)
                          0.00    0.00   clock source latency
                  0.11    0.07    0.07 ^ clk (in)
     1    0.01                           clk (net)
                  0.11    0.00    0.07 ^ clkbuf_0_clk/A (sky130_fd_sc_hd__clkbuf_16)
                  0.10    0.28    0.36 ^ clkbuf_0_clk/X (sky130_fd_sc_hd__clkbuf_16)
     4    0.04                           clknet_0_clk (net)
                  0.10    0.00    0.36 ^ clkbuf_2_1__f_clk/A (sky130_fd_sc_hd__clkbuf_16)
                  0.08    0.26    0.62 ^ clkbuf_2_1__f_clk/X (sky130_fd_sc_hd__clkbuf_16)
    11    0.03                           clknet_2_1__leaf_clk (net)
                  0.08    0.00    0.62 ^ _266_/CLK (sky130_fd_sc_hd__dfrtp_1)
                          0.25    0.87   clock uncertainty
                         -0.06    0.81   clock reconvergence pessimism
                         -0.08    0.73   library hold time
                                  0.73   data required time
-----------------------------------------------------------------------------
                                  0.73   data required time
                                 -1.84   data arrival time
-----------------------------------------------------------------------------
                                  1.11   slack (MET)


Startpoint: _272_ (rising edge-triggered flip-flop clocked by clk)
Endpoint: _282_ (rising edge-triggered flip-flop clocked by clk)
Path Group: clk
Path Type: min
Corner: Slowest

Fanout     Cap    Slew   Delay    Time   Description
-----------------------------------------------------------------------------
                          0.00    0.00   clock clk (rise edge)
                          0.00    0.00   clock source latency
                  0.11    0.07    0.07 ^ clk (in)
     1    0.01                           clk (net)
                  0.11    0.00    0.07 ^ clkbuf_0_clk/A (sky130_fd_sc_hd__clkbuf_16)
                  0.10    0.26    0.32 ^ clkbuf_0_clk/X (sky130_fd_sc_hd__clkbuf_16)
     4    0.04                           clknet_0_clk (net)
                  0.10    0.00    0.32 ^ clkbuf_2_2__f_clk/A (sky130_fd_sc_hd__clkbuf_16)
                  0.07    0.23    0.55 ^ clkbuf_2_2__f_clk/X (sky130_fd_sc_hd__clkbuf_16)
     8    0.02                           clknet_2_2__leaf_clk (net)
                  0.07    0.00    0.55 ^ _272_/CLK (sky130_fd_sc_hd__dfrtp_1)
                  0.15    0.67    1.22 ^ _272_/Q (sky130_fd_sc_hd__dfrtp_1)
     4    0.01                           sleep_pending (net)
                  0.15    0.00    1.22 ^ _184_/C (sky130_fd_sc_hd__and3b_1)
                  0.17    0.40    1.61 ^ _184_/X (sky130_fd_sc_hd__and3b_1)
     3    0.01                           _065_ (net)
                  0.17    0.00    1.61 ^ _212_/B1 (sky130_fd_sc_hd__o21a_1)
                  0.07    0.24    1.85 ^ _212_/X (sky130_fd_sc_hd__o21a_1)
     1    0.00                           _021_ (net)
                  0.07    0.00    1.85 ^ _282_/D (sky130_fd_sc_hd__dfrtp_1)
                                  1.85   data arrival time

                          0.00    0.00   clock clk (rise edge)
                          0.00    0.00   clock source latency
                  0.11    0.07    0.07 ^ clk (in)
     1    0.01                           clk (net)
                  0.11    0.00    0.07 ^ clkbuf_0_clk/A (sky130_fd_sc_hd__clkbuf_16)
                  0.10    0.28    0.36 ^ clkbuf_0_clk/X (sky130_fd_sc_hd__clkbuf_16)
     4    0.04                           clknet_0_clk (net)
                  0.10    0.00    0.36 ^ clkbuf_2_2__f_clk/A (sky130_fd_sc_hd__clkbuf_16)
                  0.07    0.25    0.61 ^ clkbuf_2_2__f_clk/X (sky130_fd_sc_hd__clkbuf_16)
     8    0.02                           clknet_2_2__leaf_clk (net)
                  0.07    0.00    0.61 ^ _282_/CLK (sky130_fd_sc_hd__dfrtp_1)
                          0.25    0.86   clock uncertainty
                         -0.06    0.80   clock reconvergence pessimism
                         -0.08    0.72   library hold time
                                  0.72   data required time
-----------------------------------------------------------------------------
                                  0.72   data required time
                                 -1.85   data arrival time
-----------------------------------------------------------------------------
                                  1.13   slack (MET)


Startpoint: _275_ (rising edge-triggered flip-flop clocked by clk)
Endpoint: _275_ (rising edge-triggered flip-flop clocked by clk)
Path Group: clk
Path Type: min
Corner: Slowest

Fanout     Cap    Slew   Delay    Time   Description
-----------------------------------------------------------------------------
                          0.00    0.00   clock clk (rise edge)
                          0.00    0.00   clock source latency
                  0.11    0.07    0.07 ^ clk (in)
     1    0.01                           clk (net)
                  0.11    0.00    0.07 ^ clkbuf_0_clk/A (sky130_fd_sc_hd__clkbuf_16)
                  0.10    0.26    0.32 ^ clkbuf_0_clk/X (sky130_fd_sc_hd__clkbuf_16)
     4    0.04                           clknet_0_clk (net)
                  0.10    0.00    0.32 ^ clkbuf_2_2__f_clk/A (sky130_fd_sc_hd__clkbuf_16)
                  0.07    0.23    0.55 ^ clkbuf_2_2__f_clk/X (sky130_fd_sc_hd__clkbuf_16)
     8    0.02                           clknet_2_2__leaf_clk (net)
                  0.07    0.00    0.55 ^ _275_/CLK (sky130_fd_sc_hd__dfrtp_2)
                  0.17    0.75    1.30 ^ _275_/Q (sky130_fd_sc_hd__dfrtp_2)
     6    0.02                           idle_counter[1] (net)
                  0.17    0.00    1.30 ^ _186_/B1 (sky130_fd_sc_hd__a21o_1)
                  0.05    0.17    1.46 ^ _186_/X (sky130_fd_sc_hd__a21o_1)
     1    0.00                           _067_ (net)
                  0.05    0.00    1.46 ^ _187_/C (sky130_fd_sc_hd__and3_1)
                  0.08    0.27    1.74 ^ _187_/X (sky130_fd_sc_hd__and3_1)
     1    0.00                           _068_ (net)
                  0.08    0.00    1.74 ^ _188_/A (sky130_fd_sc_hd__clkbuf_1)
                  0.06    0.14    1.88 ^ _188_/X (sky130_fd_sc_hd__clkbuf_1)
     1    0.00                           _014_ (net)
                  0.06    0.00    1.88 ^ _275_/D (sky130_fd_sc_hd__dfrtp_2)
                                  1.88   data arrival time

                          0.00    0.00   clock clk (rise edge)
                          0.00    0.00   clock source latency
                  0.11    0.07    0.07 ^ clk (in)
     1    0.01                           clk (net)
                  0.11    0.00    0.07 ^ clkbuf_0_clk/A (sky130_fd_sc_hd__clkbuf_16)
                  0.10    0.28    0.36 ^ clkbuf_0_clk/X (sky130_fd_sc_hd__clkbuf_16)
     4    0.04                           clknet_0_clk (net)
                  0.10    0.00    0.36 ^ clkbuf_2_2__f_clk/A (sky130_fd_sc_hd__clkbuf_16)
                  0.07    0.25    0.61 ^ clkbuf_2_2__f_clk/X (sky130_fd_sc_hd__clkbuf_16)
     8    0.02                           clknet_2_2__leaf_clk (net)
                  0.07    0.00    0.61 ^ _275_/CLK (sky130_fd_sc_hd__dfrtp_2)
                          0.25    0.86   clock uncertainty
                         -0.06    0.80   clock reconvergence pessimism
                         -0.08    0.72   library hold time
                                  0.72   data required time
-----------------------------------------------------------------------------
                                  0.72   data required time
                                 -1.88   data arrival time
-----------------------------------------------------------------------------
                                  1.15   slack (MET)


Startpoint: _270_ (rising edge-triggered flip-flop clocked by clk)
Endpoint: _271_ (rising edge-triggered flip-flop clocked by clk)
Path Group: clk
Path Type: min
Corner: Slowest

Fanout     Cap    Slew   Delay    Time   Description
-----------------------------------------------------------------------------
                          0.00    0.00   clock clk (rise edge)
                          0.00    0.00   clock source latency
                  0.11    0.07    0.07 ^ clk (in)
     1    0.01                           clk (net)
                  0.11    0.00    0.07 ^ clkbuf_0_clk/A (sky130_fd_sc_hd__clkbuf_16)
                  0.10    0.26    0.32 ^ clkbuf_0_clk/X (sky130_fd_sc_hd__clkbuf_16)
     4    0.04                           clknet_0_clk (net)
                  0.10    0.00    0.32 ^ clkbuf_2_1__f_clk/A (sky130_fd_sc_hd__clkbuf_16)
                  0.08    0.24    0.56 ^ clkbuf_2_1__f_clk/X (sky130_fd_sc_hd__clkbuf_16)
    11    0.03                           clknet_2_1__leaf_clk (net)
                  0.08    0.00    0.56 ^ _270_/CLK (sky130_fd_sc_hd__dfrtp_1)
                  0.15    0.78    1.34 v _270_/Q (sky130_fd_sc_hd__dfrtp_1)
     3    0.01                           baud_counter[8] (net)
                  0.15    0.00    1.34 v _134_/A (sky130_fd_sc_hd__inv_2)
                  0.06    0.10    1.44 ^ _134_/Y (sky130_fd_sc_hd__inv_2)
     2    0.00                           _123_ (net)
                  0.06    0.00    1.44 ^ _168_/A (sky130_fd_sc_hd__or4bb_1)
                  0.12    0.21    1.65 ^ _168_/X (sky130_fd_sc_hd__or4bb_1)
     2    0.01                           _054_ (net)
                  0.12    0.00    1.65 ^ _170_/B (sky130_fd_sc_hd__or2_1)
                  0.09    0.19    1.84 ^ _170_/X (sky130_fd_sc_hd__or2_1)
     1    0.00                           _055_ (net)
                  0.09    0.00    1.84 ^ _171_/B (sky130_fd_sc_hd__xnor2_1)
                  0.08    0.12    1.97 v _171_/Y (sky130_fd_sc_hd__xnor2_1)
     1    0.00                           _010_ (net)
                  0.08    0.00    1.97 v _271_/D (sky130_fd_sc_hd__dfrtp_1)
                                  1.97   data arrival time

                          0.00    0.00   clock clk (rise edge)
                          0.00    0.00   clock source latency
                  0.11    0.07    0.07 ^ clk (in)
     1    0.01                           clk (net)
                  0.11    0.00    0.07 ^ clkbuf_0_clk/A (sky130_fd_sc_hd__clkbuf_16)
                  0.10    0.28    0.36 ^ clkbuf_0_clk/X (sky130_fd_sc_hd__clkbuf_16)
     4    0.04                           clknet_0_clk (net)
                  0.10    0.00    0.36 ^ clkbuf_2_3__f_clk/A (sky130_fd_sc_hd__clkbuf_16)
                  0.08    0.26    0.62 ^ clkbuf_2_3__f_clk/X (sky130_fd_sc_hd__clkbuf_16)
     9    0.03                           clknet_2_3__leaf_clk (net)
                  0.08    0.00    0.62 ^ _271_/CLK (sky130_fd_sc_hd__dfrtp_1)
                          0.25    0.87   clock uncertainty
                         -0.03    0.83   clock reconvergence pessimism
                         -0.10    0.73   library hold time
                                  0.73   data required time
-----------------------------------------------------------------------------
                                  0.73   data required time
                                 -1.97   data arrival time
-----------------------------------------------------------------------------
                                  1.23   slack (MET)


Startpoint: _273_ (rising edge-triggered flip-flop clocked by clk)
Endpoint: _268_ (rising edge-triggered flip-flop clocked by clk)
Path Group: clk
Path Type: min
Corner: Slowest

Fanout     Cap    Slew   Delay    Time   Description
-----------------------------------------------------------------------------
                          0.00    0.00   clock clk (rise edge)
                          0.00    0.00   clock source latency
                  0.11    0.07    0.07 ^ clk (in)
     1    0.01                           clk (net)
                  0.11    0.00    0.07 ^ clkbuf_0_clk/A (sky130_fd_sc_hd__clkbuf_16)
                  0.10    0.26    0.32 ^ clkbuf_0_clk/X (sky130_fd_sc_hd__clkbuf_16)
     4    0.04                           clknet_0_clk (net)
                  0.10    0.00    0.32 ^ clkbuf_2_2__f_clk/A (sky130_fd_sc_hd__clkbuf_16)
                  0.07    0.23    0.55 ^ clkbuf_2_2__f_clk/X (sky130_fd_sc_hd__clkbuf_16)
     8    0.02                           clknet_2_2__leaf_clk (net)
                  0.07    0.00    0.55 ^ _273_/CLK (sky130_fd_sc_hd__dfrtp_2)
                  0.19    0.76    1.31 ^ _273_/Q (sky130_fd_sc_hd__dfrtp_2)
     5    0.02                           net12 (net)
                  0.19    0.00    1.31 ^ _130_/A (sky130_fd_sc_hd__clkbuf_4)
                  0.20    0.38    1.69 ^ _130_/X (sky130_fd_sc_hd__clkbuf_4)
    10    0.04                           _120_ (net)
                  0.20    0.00    1.69 ^ _161_/A (sky130_fd_sc_hd__or2_1)
                  0.09    0.23    1.92 ^ _161_/X (sky130_fd_sc_hd__or2_1)
     1    0.00                           _049_ (net)
                  0.09    0.00    1.92 ^ _162_/B (sky130_fd_sc_hd__xnor2_1)
                  0.07    0.12    2.03 v _162_/Y (sky130_fd_sc_hd__xnor2_1)
     1    0.00                           _007_ (net)
                  0.07    0.00    2.03 v _268_/D (sky130_fd_sc_hd__dfrtp_1)
                                  2.03   data arrival time

                          0.00    0.00   clock clk (rise edge)
                          0.00    0.00   clock source latency
                  0.11    0.07    0.07 ^ clk (in)
     1    0.01                           clk (net)
                  0.11    0.00    0.07 ^ clkbuf_0_clk/A (sky130_fd_sc_hd__clkbuf_16)
                  0.10    0.28    0.36 ^ clkbuf_0_clk/X (sky130_fd_sc_hd__clkbuf_16)
     4    0.04                           clknet_0_clk (net)
                  0.10    0.00    0.36 ^ clkbuf_2_1__f_clk/A (sky130_fd_sc_hd__clkbuf_16)
                  0.08    0.26    0.62 ^ clkbuf_2_1__f_clk/X (sky130_fd_sc_hd__clkbuf_16)
    11    0.03                           clknet_2_1__leaf_clk (net)
                  0.08    0.00    0.62 ^ _268_/CLK (sky130_fd_sc_hd__dfrtp_1)
                          0.25    0.87   clock uncertainty
                         -0.03    0.84   clock reconvergence pessimism
                         -0.09    0.74   library hold time
                                  0.74   data required time
-----------------------------------------------------------------------------
                                  0.74   data required time
                                 -2.03   data arrival time
-----------------------------------------------------------------------------
                                  1.29   slack (MET)


Startpoint: _298_ (rising edge-triggered flip-flop clocked by clk)
Endpoint: _295_ (rising edge-triggered flip-flop clocked by clk)
Path Group: clk
Path Type: min
Corner: Slowest

Fanout     Cap    Slew   Delay    Time   Description
-----------------------------------------------------------------------------
                          0.00    0.00   clock clk (rise edge)
                          0.00    0.00   clock source latency
                  0.11    0.07    0.07 ^ clk (in)
     1    0.01                           clk (net)
                  0.11    0.00    0.07 ^ clkbuf_0_clk/A (sky130_fd_sc_hd__clkbuf_16)
                  0.10    0.26    0.32 ^ clkbuf_0_clk/X (sky130_fd_sc_hd__clkbuf_16)
     4    0.04                           clknet_0_clk (net)
                  0.10    0.00    0.32 ^ clkbuf_2_1__f_clk/A (sky130_fd_sc_hd__clkbuf_16)
                  0.08    0.24    0.56 ^ clkbuf_2_1__f_clk/X (sky130_fd_sc_hd__clkbuf_16)
    11    0.03                           clknet_2_1__leaf_clk (net)
                  0.08    0.00    0.56 ^ _298_/CLK (sky130_fd_sc_hd__dfrtp_1)
                  0.16    0.79    1.35 v _298_/Q (sky130_fd_sc_hd__dfrtp_1)
     4    0.01                           baud_tick (net)
                  0.16    0.00    1.35 v _221_/B (sky130_fd_sc_hd__nand3b_2)
                  0.19    0.24    1.60 ^ _221_/Y (sky130_fd_sc_hd__nand3b_2)
     4    0.02                           _092_ (net)
                  0.19    0.00    1.60 ^ _234_/A2 (sky130_fd_sc_hd__a21oi_4)
                  0.10    0.22    1.82 v _234_/Y (sky130_fd_sc_hd__a21oi_4)
     8    0.03                           _102_ (net)
                  0.10    0.00    1.82 v _255_/A (sky130_fd_sc_hd__inv_2)
                  0.04    0.08    1.89 ^ _255_/Y (sky130_fd_sc_hd__inv_2)
     1    0.00                           _116_ (net)
                  0.04    0.00    1.89 ^ _257_/A2 (sky130_fd_sc_hd__a22o_1)
                  0.07    0.24    2.14 ^ _257_/X (sky130_fd_sc_hd__a22o_1)
     1    0.00                           _034_ (net)
                  0.07    0.00    2.14 ^ _295_/D (sky130_fd_sc_hd__dfrtp_1)
                                  2.14   data arrival time

                          0.00    0.00   clock clk (rise edge)
                          0.00    0.00   clock source latency
                  0.11    0.07    0.07 ^ clk (in)
     1    0.01                           clk (net)
                  0.11    0.00    0.07 ^ clkbuf_0_clk/A (sky130_fd_sc_hd__clkbuf_16)
                  0.10    0.28    0.36 ^ clkbuf_0_clk/X (sky130_fd_sc_hd__clkbuf_16)
     4    0.04                           clknet_0_clk (net)
                  0.10    0.00    0.36 ^ clkbuf_2_0__f_clk/A (sky130_fd_sc_hd__clkbuf_16)
                  0.07    0.25    0.61 ^ clkbuf_2_0__f_clk/X (sky130_fd_sc_hd__clkbuf_16)
     9    0.03                           clknet_2_0__leaf_clk (net)
                  0.07    0.00    0.61 ^ _295_/CLK (sky130_fd_sc_hd__dfrtp_1)
                          0.25    0.86   clock uncertainty
                         -0.03    0.83   clock reconvergence pessimism
                         -0.08    0.75   library hold time
                                  0.75   data required time
-----------------------------------------------------------------------------
                                  0.75   data required time
                                 -2.14   data arrival time
-----------------------------------------------------------------------------
                                  1.38   slack (MET)


Startpoint: _283_ (rising edge-triggered flip-flop clocked by clk)
Endpoint: _273_ (rising edge-triggered flip-flop clocked by clk)
Path Group: clk
Path Type: min
Corner: Slowest

Fanout     Cap    Slew   Delay    Time   Description
-----------------------------------------------------------------------------
                          0.00    0.00   clock clk (rise edge)
                          0.00    0.00   clock source latency
                  0.11    0.07    0.07 ^ clk (in)
     1    0.01                           clk (net)
                  0.11    0.00    0.07 ^ clkbuf_0_clk/A (sky130_fd_sc_hd__clkbuf_16)
                  0.10    0.26    0.32 ^ clkbuf_0_clk/X (sky130_fd_sc_hd__clkbuf_16)
     4    0.04                           clknet_0_clk (net)
                  0.10    0.00    0.32 ^ clkbuf_2_2__f_clk/A (sky130_fd_sc_hd__clkbuf_16)
                  0.07    0.23    0.55 ^ clkbuf_2_2__f_clk/X (sky130_fd_sc_hd__clkbuf_16)
     8    0.02                           clknet_2_2__leaf_clk (net)
                  0.07    0.00    0.55 ^ _283_/CLK (sky130_fd_sc_hd__dfrtp_1)
                  0.20    0.71    1.26 ^ _283_/Q (sky130_fd_sc_hd__dfrtp_1)
     3    0.01                           idle_counter[9] (net)
                  0.20    0.00    1.26 ^ _174_/B1 (sky130_fd_sc_hd__a21o_1)
                  0.17    0.26    1.52 ^ _174_/X (sky130_fd_sc_hd__a21o_1)
     3    0.01                           _058_ (net)
                  0.17    0.00    1.52 ^ _175_/A2 (sky130_fd_sc_hd__a21oi_1)
                  0.08    0.18    1.70 v _175_/Y (sky130_fd_sc_hd__a21oi_1)
     2    0.01                           _059_ (net)
                  0.08    0.00    1.70 v _178_/A_N (sky130_fd_sc_hd__and2b_1)
                  0.07    0.35    2.06 ^ _178_/X (sky130_fd_sc_hd__and2b_1)
     1    0.00                           _061_ (net)
                  0.07    0.00    2.06 ^ _179_/A (sky130_fd_sc_hd__clkbuf_1)
                  0.06    0.14    2.20 ^ _179_/X (sky130_fd_sc_hd__clkbuf_1)
     1    0.00                           _012_ (net)
                  0.06    0.00    2.20 ^ _273_/D (sky130_fd_sc_hd__dfrtp_2)
                                  2.20   data arrival time

                          0.00    0.00   clock clk (rise edge)
                          0.00    0.00   clock source latency
                  0.11    0.07    0.07 ^ clk (in)
     1    0.01                           clk (net)
                  0.11    0.00    0.07 ^ clkbuf_0_clk/A (sky130_fd_sc_hd__clkbuf_16)
                  0.10    0.28    0.36 ^ clkbuf_0_clk/X (sky130_fd_sc_hd__clkbuf_16)
     4    0.04                           clknet_0_clk (net)
                  0.10    0.00    0.36 ^ clkbuf_2_2__f_clk/A (sky130_fd_sc_hd__clkbuf_16)
                  0.07    0.25    0.61 ^ clkbuf_2_2__f_clk/X (sky130_fd_sc_hd__clkbuf_16)
     8    0.02                           clknet_2_2__leaf_clk (net)
                  0.07    0.00    0.61 ^ _273_/CLK (sky130_fd_sc_hd__dfrtp_2)
                          0.25    0.86   clock uncertainty
                         -0.06    0.80   clock reconvergence pessimism
                         -0.08    0.72   library hold time
                                  0.72   data required time
-----------------------------------------------------------------------------
                                  0.72   data required time
                                 -2.20   data arrival time
-----------------------------------------------------------------------------
                                  1.47   slack (MET)


Startpoint: rst_n (input port clocked by clk)
Endpoint: _269_ (removal check against rising-edge clock clk)
Path Group: asynchronous
Path Type: min
Corner: Slowest

Fanout     Cap    Slew   Delay    Time   Description
-----------------------------------------------------------------------------
                          0.00    0.00   clock clk (rise edge)
                          0.00    0.00   clock network delay (propagated)
                          4.00    4.00 ^ input external delay
                  0.04    0.02    4.02 ^ rst_n (in)
     1    0.00                           rst_n (net)
                  0.04    0.00    4.02 ^ input1/A (sky130_fd_sc_hd__clkbuf_2)
                  0.20    0.25    4.27 ^ input1/X (sky130_fd_sc_hd__clkbuf_2)
     4    0.02                           net1 (net)
                  0.20    0.00    4.27 ^ fanout18/A (sky130_fd_sc_hd__clkbuf_4)
                  0.20    0.38    4.66 ^ fanout18/X (sky130_fd_sc_hd__clkbuf_4)
     9    0.04                           net18 (net)
                  0.20    0.00    4.66 ^ _269_/RESET_B (sky130_fd_sc_hd__dfrtp_2)
                                  4.66   data arrival time

                          0.00    0.00   clock clk (rise edge)
                          0.00    0.00   clock source latency
                  0.11    0.07    0.07 ^ clk (in)
     1    0.01                           clk (net)
                  0.11    0.00    0.07 ^ clkbuf_0_clk/A (sky130_fd_sc_hd__clkbuf_16)
                  0.10    0.28    0.36 ^ clkbuf_0_clk/X (sky130_fd_sc_hd__clkbuf_16)
     4    0.04                           clknet_0_clk (net)
                  0.10    0.00    0.36 ^ clkbuf_2_1__f_clk/A (sky130_fd_sc_hd__clkbuf_16)
                  0.08    0.26    0.62 ^ clkbuf_2_1__f_clk/X (sky130_fd_sc_hd__clkbuf_16)
    11    0.03                           clknet_2_1__leaf_clk (net)
                  0.08    0.00    0.62 ^ _269_/CLK (sky130_fd_sc_hd__dfrtp_2)
                          0.25    0.87   clock uncertainty
                          0.00    0.87   clock reconvergence pessimism
                          0.70    1.57   library removal time
                                  1.57   data required time
-----------------------------------------------------------------------------
                                  1.57   data required time
                                 -4.66   data arrival time
-----------------------------------------------------------------------------
                                  3.08   slack (MET)


Startpoint: rst_n (input port clocked by clk)
Endpoint: _278_ (removal check against rising-edge clock clk)
Path Group: asynchronous
Path Type: min
Corner: Slowest

Fanout     Cap    Slew   Delay    Time   Description
-----------------------------------------------------------------------------
                          0.00    0.00   clock clk (rise edge)
                          0.00    0.00   clock network delay (propagated)
                          4.00    4.00 ^ input external delay
                  0.04    0.02    4.02 ^ rst_n (in)
     1    0.00                           rst_n (net)
                  0.04    0.00    4.02 ^ input1/A (sky130_fd_sc_hd__clkbuf_2)
                  0.20    0.25    4.27 ^ input1/X (sky130_fd_sc_hd__clkbuf_2)
     4    0.02                           net1 (net)
                  0.20    0.00    4.27 ^ fanout16/A (sky130_fd_sc_hd__clkbuf_4)
                  0.19    0.38    4.65 ^ fanout16/X (sky130_fd_sc_hd__clkbuf_4)
     8    0.04                           net16 (net)
                  0.19    0.00    4.65 ^ _278_/RESET_B (sky130_fd_sc_hd__dfrtp_1)
                                  4.65   data arrival time

                          0.00    0.00   clock clk (rise edge)
                          0.00    0.00   clock source latency
                  0.11    0.07    0.07 ^ clk (in)
     1    0.01                           clk (net)
                  0.11    0.00    0.07 ^ clkbuf_0_clk/A (sky130_fd_sc_hd__clkbuf_16)
                  0.10    0.28    0.36 ^ clkbuf_0_clk/X (sky130_fd_sc_hd__clkbuf_16)
     4    0.04                           clknet_0_clk (net)
                  0.10    0.00    0.36 ^ clkbuf_2_3__f_clk/A (sky130_fd_sc_hd__clkbuf_16)
                  0.08    0.26    0.62 ^ clkbuf_2_3__f_clk/X (sky130_fd_sc_hd__clkbuf_16)
     9    0.03                           clknet_2_3__leaf_clk (net)
                  0.08    0.00    0.62 ^ _278_/CLK (sky130_fd_sc_hd__dfrtp_1)
                          0.25    0.87   clock uncertainty
                          0.00    0.87   clock reconvergence pessimism
                          0.70    1.56   library removal time
                                  1.56   data required time
-----------------------------------------------------------------------------
                                  1.56   data required time
                                 -4.65   data arrival time
-----------------------------------------------------------------------------
                                  3.09   slack (MET)


Startpoint: rst_n (input port clocked by clk)
Endpoint: _271_ (removal check against rising-edge clock clk)
Path Group: asynchronous
Path Type: min
Corner: Slowest

Fanout     Cap    Slew   Delay    Time   Description
-----------------------------------------------------------------------------
                          0.00    0.00   clock clk (rise edge)
                          0.00    0.00   clock network delay (propagated)
                          4.00    4.00 ^ input external delay
                  0.04    0.02    4.02 ^ rst_n (in)
     1    0.00                           rst_n (net)
                  0.04    0.00    4.02 ^ input1/A (sky130_fd_sc_hd__clkbuf_2)
                  0.20    0.25    4.27 ^ input1/X (sky130_fd_sc_hd__clkbuf_2)
     4    0.02                           net1 (net)
                  0.20    0.00    4.27 ^ fanout18/A (sky130_fd_sc_hd__clkbuf_4)
                  0.20    0.38    4.66 ^ fanout18/X (sky130_fd_sc_hd__clkbuf_4)
     9    0.04                           net18 (net)
                  0.20    0.00    4.66 ^ _271_/RESET_B (sky130_fd_sc_hd__dfrtp_1)
                                  4.66   data arrival time

                          0.00    0.00   clock clk (rise edge)
                          0.00    0.00   clock source latency
                  0.11    0.07    0.07 ^ clk (in)
     1    0.01                           clk (net)
                  0.11    0.00    0.07 ^ clkbuf_0_clk/A (sky130_fd_sc_hd__clkbuf_16)
                  0.10    0.28    0.36 ^ clkbuf_0_clk/X (sky130_fd_sc_hd__clkbuf_16)
     4    0.04                           clknet_0_clk (net)
                  0.10    0.00    0.36 ^ clkbuf_2_3__f_clk/A (sky130_fd_sc_hd__clkbuf_16)
                  0.08    0.26    0.62 ^ clkbuf_2_3__f_clk/X (sky130_fd_sc_hd__clkbuf_16)
     9    0.03                           clknet_2_3__leaf_clk (net)
                  0.08    0.00    0.62 ^ _271_/CLK (sky130_fd_sc_hd__dfrtp_1)
                          0.25    0.87   clock uncertainty
                          0.00    0.87   clock reconvergence pessimism
                          0.70    1.57   library removal time
                                  1.57   data required time
-----------------------------------------------------------------------------
                                  1.57   data required time
                                 -4.66   data arrival time
-----------------------------------------------------------------------------
                                  3.09   slack (MET)


Startpoint: rst_n (input port clocked by clk)
Endpoint: _264_ (removal check against rising-edge clock clk)
Path Group: asynchronous
Path Type: min
Corner: Slowest

Fanout     Cap    Slew   Delay    Time   Description
-----------------------------------------------------------------------------
                          0.00    0.00   clock clk (rise edge)
                          0.00    0.00   clock network delay (propagated)
                          4.00    4.00 ^ input external delay
                  0.04    0.02    4.02 ^ rst_n (in)
     1    0.00                           rst_n (net)
                  0.04    0.00    4.02 ^ input1/A (sky130_fd_sc_hd__clkbuf_2)
                  0.20    0.25    4.27 ^ input1/X (sky130_fd_sc_hd__clkbuf_2)
     4    0.02                           net1 (net)
                  0.20    0.00    4.27 ^ fanout18/A (sky130_fd_sc_hd__clkbuf_4)
                  0.20    0.38    4.66 ^ fanout18/X (sky130_fd_sc_hd__clkbuf_4)
     9    0.04                           net18 (net)
                  0.20    0.00    4.66 ^ _264_/RESET_B (sky130_fd_sc_hd__dfrtp_1)
                                  4.66   data arrival time

                          0.00    0.00   clock clk (rise edge)
                          0.00    0.00   clock source latency
                  0.11    0.07    0.07 ^ clk (in)
     1    0.01                           clk (net)
                  0.11    0.00    0.07 ^ clkbuf_0_clk/A (sky130_fd_sc_hd__clkbuf_16)
                  0.10    0.28    0.36 ^ clkbuf_0_clk/X (sky130_fd_sc_hd__clkbuf_16)
     4    0.04                           clknet_0_clk (net)
                  0.10    0.00    0.36 ^ clkbuf_2_3__f_clk/A (sky130_fd_sc_hd__clkbuf_16)
                  0.08    0.26    0.62 ^ clkbuf_2_3__f_clk/X (sky130_fd_sc_hd__clkbuf_16)
     9    0.03                           clknet_2_3__leaf_clk (net)
                  0.08    0.00    0.62 ^ _264_/CLK (sky130_fd_sc_hd__dfrtp_1)
                          0.25    0.87   clock uncertainty
                          0.00    0.87   clock reconvergence pessimism
                          0.70    1.57   library removal time
                                  1.57   data required time
-----------------------------------------------------------------------------
                                  1.57   data required time
                                 -4.66   data arrival time
-----------------------------------------------------------------------------
                                  3.09   slack (MET)


Startpoint: rst_n (input port clocked by clk)
Endpoint: _265_ (removal check against rising-edge clock clk)
Path Group: asynchronous
Path Type: min
Corner: Slowest

Fanout     Cap    Slew   Delay    Time   Description
-----------------------------------------------------------------------------
                          0.00    0.00   clock clk (rise edge)
                          0.00    0.00   clock network delay (propagated)
                          4.00    4.00 ^ input external delay
                  0.04    0.02    4.02 ^ rst_n (in)
     1    0.00                           rst_n (net)
                  0.04    0.00    4.02 ^ input1/A (sky130_fd_sc_hd__clkbuf_2)
                  0.20    0.25    4.27 ^ input1/X (sky130_fd_sc_hd__clkbuf_2)
     4    0.02                           net1 (net)
                  0.20    0.00    4.27 ^ fanout18/A (sky130_fd_sc_hd__clkbuf_4)
                  0.20    0.38    4.66 ^ fanout18/X (sky130_fd_sc_hd__clkbuf_4)
     9    0.04                           net18 (net)
                  0.20    0.00    4.66 ^ _265_/RESET_B (sky130_fd_sc_hd__dfrtp_1)
                                  4.66   data arrival time

                          0.00    0.00   clock clk (rise edge)
                          0.00    0.00   clock source latency
                  0.11    0.07    0.07 ^ clk (in)
     1    0.01                           clk (net)
                  0.11    0.00    0.07 ^ clkbuf_0_clk/A (sky130_fd_sc_hd__clkbuf_16)
                  0.10    0.28    0.36 ^ clkbuf_0_clk/X (sky130_fd_sc_hd__clkbuf_16)
     4    0.04                           clknet_0_clk (net)
                  0.10    0.00    0.36 ^ clkbuf_2_3__f_clk/A (sky130_fd_sc_hd__clkbuf_16)
                  0.08    0.26    0.62 ^ clkbuf_2_3__f_clk/X (sky130_fd_sc_hd__clkbuf_16)
     9    0.03                           clknet_2_3__leaf_clk (net)
                  0.08    0.00    0.62 ^ _265_/CLK (sky130_fd_sc_hd__dfrtp_1)
                          0.25    0.87   clock uncertainty
                          0.00    0.87   clock reconvergence pessimism
                          0.70    1.57   library removal time
                                  1.57   data required time
-----------------------------------------------------------------------------
                                  1.57   data required time
                                 -4.66   data arrival time
-----------------------------------------------------------------------------
                                  3.09   slack (MET)


Startpoint: rst_n (input port clocked by clk)
Endpoint: _280_ (removal check against rising-edge clock clk)
Path Group: asynchronous
Path Type: min
Corner: Slowest

Fanout     Cap    Slew   Delay    Time   Description
-----------------------------------------------------------------------------
                          0.00    0.00   clock clk (rise edge)
                          0.00    0.00   clock network delay (propagated)
                          4.00    4.00 ^ input external delay
                  0.04    0.02    4.02 ^ rst_n (in)
     1    0.00                           rst_n (net)
                  0.04    0.00    4.02 ^ input1/A (sky130_fd_sc_hd__clkbuf_2)
                  0.20    0.25    4.27 ^ input1/X (sky130_fd_sc_hd__clkbuf_2)
     4    0.02                           net1 (net)
                  0.20    0.00    4.27 ^ fanout18/A (sky130_fd_sc_hd__clkbuf_4)
                  0.20    0.38    4.66 ^ fanout18/X (sky130_fd_sc_hd__clkbuf_4)
     9    0.04                           net18 (net)
                  0.20    0.00    4.66 ^ _280_/RESET_B (sky130_fd_sc_hd__dfrtp_1)
                                  4.66   data arrival time

                          0.00    0.00   clock clk (rise edge)
                          0.00    0.00   clock source latency
                  0.11    0.07    0.07 ^ clk (in)
     1    0.01                           clk (net)
                  0.11    0.00    0.07 ^ clkbuf_0_clk/A (sky130_fd_sc_hd__clkbuf_16)
                  0.10    0.28    0.36 ^ clkbuf_0_clk/X (sky130_fd_sc_hd__clkbuf_16)
     4    0.04                           clknet_0_clk (net)
                  0.10    0.00    0.36 ^ clkbuf_2_3__f_clk/A (sky130_fd_sc_hd__clkbuf_16)
                  0.08    0.26    0.62 ^ clkbuf_2_3__f_clk/X (sky130_fd_sc_hd__clkbuf_16)
     9    0.03                           clknet_2_3__leaf_clk (net)
                  0.08    0.00    0.62 ^ _280_/CLK (sky130_fd_sc_hd__dfrtp_1)
                          0.25    0.87   clock uncertainty
                          0.00    0.87   clock reconvergence pessimism
                          0.70    1.57   library removal time
                                  1.57   data required time
-----------------------------------------------------------------------------
                                  1.57   data required time
                                 -4.66   data arrival time
-----------------------------------------------------------------------------
                                  3.09   slack (MET)


Startpoint: rst_n (input port clocked by clk)
Endpoint: _262_ (removal check against rising-edge clock clk)
Path Group: asynchronous
Path Type: min
Corner: Slowest

Fanout     Cap    Slew   Delay    Time   Description
-----------------------------------------------------------------------------
                          0.00    0.00   clock clk (rise edge)
                          0.00    0.00   clock network delay (propagated)
                          4.00    4.00 ^ input external delay
                  0.04    0.02    4.02 ^ rst_n (in)
     1    0.00                           rst_n (net)
                  0.04    0.00    4.02 ^ input1/A (sky130_fd_sc_hd__clkbuf_2)
                  0.20    0.25    4.27 ^ input1/X (sky130_fd_sc_hd__clkbuf_2)
     4    0.02                           net1 (net)
                  0.20    0.00    4.27 ^ fanout18/A (sky130_fd_sc_hd__clkbuf_4)
                  0.20    0.38    4.66 ^ fanout18/X (sky130_fd_sc_hd__clkbuf_4)
     9    0.04                           net18 (net)
                  0.20    0.00    4.66 ^ _262_/RESET_B (sky130_fd_sc_hd__dfrtp_1)
                                  4.66   data arrival time

                          0.00    0.00   clock clk (rise edge)
                          0.00    0.00   clock source latency
                  0.11    0.07    0.07 ^ clk (in)
     1    0.01                           clk (net)
                  0.11    0.00    0.07 ^ clkbuf_0_clk/A (sky130_fd_sc_hd__clkbuf_16)
                  0.10    0.28    0.36 ^ clkbuf_0_clk/X (sky130_fd_sc_hd__clkbuf_16)
     4    0.04                           clknet_0_clk (net)
                  0.10    0.00    0.36 ^ clkbuf_2_3__f_clk/A (sky130_fd_sc_hd__clkbuf_16)
                  0.08    0.26    0.62 ^ clkbuf_2_3__f_clk/X (sky130_fd_sc_hd__clkbuf_16)
     9    0.03                           clknet_2_3__leaf_clk (net)
                  0.08    0.00    0.62 ^ _262_/CLK (sky130_fd_sc_hd__dfrtp_1)
                          0.25    0.87   clock uncertainty
                          0.00    0.87   clock reconvergence pessimism
                          0.70    1.57   library removal time
                                  1.57   data required time
-----------------------------------------------------------------------------
                                  1.57   data required time
                                 -4.66   data arrival time
-----------------------------------------------------------------------------
                                  3.09   slack (MET)


Startpoint: rst_n (input port clocked by clk)
Endpoint: _263_ (removal check against rising-edge clock clk)
Path Group: asynchronous
Path Type: min
Corner: Slowest

Fanout     Cap    Slew   Delay    Time   Description
-----------------------------------------------------------------------------
                          0.00    0.00   clock clk (rise edge)
                          0.00    0.00   clock network delay (propagated)
                          4.00    4.00 ^ input external delay
                  0.04    0.02    4.02 ^ rst_n (in)
     1    0.00                           rst_n (net)
                  0.04    0.00    4.02 ^ input1/A (sky130_fd_sc_hd__clkbuf_2)
                  0.20    0.25    4.27 ^ input1/X (sky130_fd_sc_hd__clkbuf_2)
     4    0.02                           net1 (net)
                  0.20    0.00    4.27 ^ fanout18/A (sky130_fd_sc_hd__clkbuf_4)
                  0.20    0.38    4.66 ^ fanout18/X (sky130_fd_sc_hd__clkbuf_4)
     9    0.04                           net18 (net)
                  0.20    0.00    4.66 ^ _263_/RESET_B (sky130_fd_sc_hd__dfrtp_1)
                                  4.66   data arrival time

                          0.00    0.00   clock clk (rise edge)
                          0.00    0.00   clock source latency
                  0.11    0.07    0.07 ^ clk (in)
     1    0.01                           clk (net)
                  0.11    0.00    0.07 ^ clkbuf_0_clk/A (sky130_fd_sc_hd__clkbuf_16)
                  0.10    0.28    0.36 ^ clkbuf_0_clk/X (sky130_fd_sc_hd__clkbuf_16)
     4    0.04                           clknet_0_clk (net)
                  0.10    0.00    0.36 ^ clkbuf_2_3__f_clk/A (sky130_fd_sc_hd__clkbuf_16)
                  0.08    0.26    0.62 ^ clkbuf_2_3__f_clk/X (sky130_fd_sc_hd__clkbuf_16)
     9    0.03                           clknet_2_3__leaf_clk (net)
                  0.08    0.00    0.62 ^ _263_/CLK (sky130_fd_sc_hd__dfrtp_1)
                          0.25    0.87   clock uncertainty
                          0.00    0.87   clock reconvergence pessimism
                          0.70    1.57   library removal time
                                  1.57   data required time
-----------------------------------------------------------------------------
                                  1.57   data required time
                                 -4.66   data arrival time
-----------------------------------------------------------------------------
                                  3.09   slack (MET)


Startpoint: rst_n (input port clocked by clk)
Endpoint: _279_ (removal check against rising-edge clock clk)
Path Group: asynchronous
Path Type: min
Corner: Slowest

Fanout     Cap    Slew   Delay    Time   Description
-----------------------------------------------------------------------------
                          0.00    0.00   clock clk (rise edge)
                          0.00    0.00   clock network delay (propagated)
                          4.00    4.00 ^ input external delay
                  0.04    0.02    4.02 ^ rst_n (in)
     1    0.00                           rst_n (net)
                  0.04    0.00    4.02 ^ input1/A (sky130_fd_sc_hd__clkbuf_2)
                  0.20    0.25    4.27 ^ input1/X (sky130_fd_sc_hd__clkbuf_2)
     4    0.02                           net1 (net)
                  0.20    0.00    4.27 ^ fanout18/A (sky130_fd_sc_hd__clkbuf_4)
                  0.20    0.38    4.66 ^ fanout18/X (sky130_fd_sc_hd__clkbuf_4)
     9    0.04                           net18 (net)
                  0.20    0.00    4.66 ^ _279_/RESET_B (sky130_fd_sc_hd__dfrtp_1)
                                  4.66   data arrival time

                          0.00    0.00   clock clk (rise edge)
                          0.00    0.00   clock source latency
                  0.11    0.07    0.07 ^ clk (in)
     1    0.01                           clk (net)
                  0.11    0.00    0.07 ^ clkbuf_0_clk/A (sky130_fd_sc_hd__clkbuf_16)
                  0.10    0.28    0.36 ^ clkbuf_0_clk/X (sky130_fd_sc_hd__clkbuf_16)
     4    0.04                           clknet_0_clk (net)
                  0.10    0.00    0.36 ^ clkbuf_2_3__f_clk/A (sky130_fd_sc_hd__clkbuf_16)
                  0.08    0.26    0.62 ^ clkbuf_2_3__f_clk/X (sky130_fd_sc_hd__clkbuf_16)
     9    0.03                           clknet_2_3__leaf_clk (net)
                  0.08    0.00    0.62 ^ _279_/CLK (sky130_fd_sc_hd__dfrtp_1)
                          0.25    0.87   clock uncertainty
                          0.00    0.87   clock reconvergence pessimism
                          0.70    1.57   library removal time
                                  1.57   data required time
-----------------------------------------------------------------------------
                                  1.57   data required time
                                 -4.66   data arrival time
-----------------------------------------------------------------------------
                                  3.09   slack (MET)


Startpoint: rst_n (input port clocked by clk)
Endpoint: _281_ (removal check against rising-edge clock clk)
Path Group: asynchronous
Path Type: min
Corner: Slowest

Fanout     Cap    Slew   Delay    Time   Description
-----------------------------------------------------------------------------
                          0.00    0.00   clock clk (rise edge)
                          0.00    0.00   clock network delay (propagated)
                          4.00    4.00 ^ input external delay
                  0.04    0.02    4.02 ^ rst_n (in)
     1    0.00                           rst_n (net)
                  0.04    0.00    4.02 ^ input1/A (sky130_fd_sc_hd__clkbuf_2)
                  0.20    0.25    4.27 ^ input1/X (sky130_fd_sc_hd__clkbuf_2)
     4    0.02                           net1 (net)
                  0.20    0.00    4.27 ^ fanout18/A (sky130_fd_sc_hd__clkbuf_4)
                  0.20    0.38    4.66 ^ fanout18/X (sky130_fd_sc_hd__clkbuf_4)
     9    0.04                           net18 (net)
                  0.20    0.00    4.66 ^ _281_/RESET_B (sky130_fd_sc_hd__dfrtp_1)
                                  4.66   data arrival time

                          0.00    0.00   clock clk (rise edge)
                          0.00    0.00   clock source latency
                  0.11    0.07    0.07 ^ clk (in)
     1    0.01                           clk (net)
                  0.11    0.00    0.07 ^ clkbuf_0_clk/A (sky130_fd_sc_hd__clkbuf_16)
                  0.10    0.28    0.36 ^ clkbuf_0_clk/X (sky130_fd_sc_hd__clkbuf_16)
     4    0.04                           clknet_0_clk (net)
                  0.10    0.00    0.36 ^ clkbuf_2_3__f_clk/A (sky130_fd_sc_hd__clkbuf_16)
                  0.08    0.26    0.62 ^ clkbuf_2_3__f_clk/X (sky130_fd_sc_hd__clkbuf_16)
     9    0.03                           clknet_2_3__leaf_clk (net)
                  0.08    0.00    0.62 ^ _281_/CLK (sky130_fd_sc_hd__dfrtp_1)
                          0.25    0.87   clock uncertainty
                          0.00    0.87   clock reconvergence pessimism
                          0.70    1.57   library removal time
                                  1.57   data required time
-----------------------------------------------------------------------------
                                  1.57   data required time
                                 -4.66   data arrival time
-----------------------------------------------------------------------------
                                  3.09   slack (MET)


Startpoint: rst_n (input port clocked by clk)
Endpoint: _296_ (removal check against rising-edge clock clk)
Path Group: asynchronous
Path Type: min
Corner: Slowest

Fanout     Cap    Slew   Delay    Time   Description
-----------------------------------------------------------------------------
                          0.00    0.00   clock clk (rise edge)
                          0.00    0.00   clock network delay (propagated)
                          4.00    4.00 ^ input external delay
                  0.04    0.02    4.02 ^ rst_n (in)
     1    0.00                           rst_n (net)
                  0.04    0.00    4.02 ^ input1/A (sky130_fd_sc_hd__clkbuf_2)
                  0.20    0.25    4.27 ^ input1/X (sky130_fd_sc_hd__clkbuf_2)
     4    0.02                           net1 (net)
                  0.20    0.00    4.27 ^ fanout17/A (sky130_fd_sc_hd__clkbuf_4)
                  0.22    0.40    4.67 ^ fanout17/X (sky130_fd_sc_hd__clkbuf_4)
    10    0.04                           net17 (net)
                  0.22    0.00    4.67 ^ _296_/RESET_B (sky130_fd_sc_hd__dfrtp_4)
                                  4.67   data arrival time

                          0.00    0.00   clock clk (rise edge)
                          0.00    0.00   clock source latency
                  0.11    0.07    0.07 ^ clk (in)
     1    0.01                           clk (net)
                  0.11    0.00    0.07 ^ clkbuf_0_clk/A (sky130_fd_sc_hd__clkbuf_16)
                  0.10    0.28    0.36 ^ clkbuf_0_clk/X (sky130_fd_sc_hd__clkbuf_16)
     4    0.04                           clknet_0_clk (net)
                  0.10    0.00    0.36 ^ clkbuf_2_1__f_clk/A (sky130_fd_sc_hd__clkbuf_16)
                  0.08    0.26    0.62 ^ clkbuf_2_1__f_clk/X (sky130_fd_sc_hd__clkbuf_16)
    11    0.03                           clknet_2_1__leaf_clk (net)
                  0.08    0.00    0.62 ^ _296_/CLK (sky130_fd_sc_hd__dfrtp_4)
                          0.25    0.87   clock uncertainty
                          0.00    0.87   clock reconvergence pessimism
                          0.71    1.58   library removal time
                                  1.58   data required time
-----------------------------------------------------------------------------
                                  1.58   data required time
                                 -4.67   data arrival time
-----------------------------------------------------------------------------
                                  3.09   slack (MET)


Startpoint: rst_n (input port clocked by clk)
Endpoint: _297_ (removal check against rising-edge clock clk)
Path Group: asynchronous
Path Type: min
Corner: Slowest

Fanout     Cap    Slew   Delay    Time   Description
-----------------------------------------------------------------------------
                          0.00    0.00   clock clk (rise edge)
                          0.00    0.00   clock network delay (propagated)
                          4.00    4.00 ^ input external delay
                  0.04    0.02    4.02 ^ rst_n (in)
     1    0.00                           rst_n (net)
                  0.04    0.00    4.02 ^ input1/A (sky130_fd_sc_hd__clkbuf_2)
                  0.20    0.25    4.27 ^ input1/X (sky130_fd_sc_hd__clkbuf_2)
     4    0.02                           net1 (net)
                  0.20    0.00    4.27 ^ fanout17/A (sky130_fd_sc_hd__clkbuf_4)
                  0.22    0.40    4.67 ^ fanout17/X (sky130_fd_sc_hd__clkbuf_4)
    10    0.04                           net17 (net)
                  0.22    0.00    4.67 ^ _297_/RESET_B (sky130_fd_sc_hd__dfrtp_4)
                                  4.67   data arrival time

                          0.00    0.00   clock clk (rise edge)
                          0.00    0.00   clock source latency
                  0.11    0.07    0.07 ^ clk (in)
     1    0.01                           clk (net)
                  0.11    0.00    0.07 ^ clkbuf_0_clk/A (sky130_fd_sc_hd__clkbuf_16)
                  0.10    0.28    0.36 ^ clkbuf_0_clk/X (sky130_fd_sc_hd__clkbuf_16)
     4    0.04                           clknet_0_clk (net)
                  0.10    0.00    0.36 ^ clkbuf_2_1__f_clk/A (sky130_fd_sc_hd__clkbuf_16)
                  0.08    0.26    0.62 ^ clkbuf_2_1__f_clk/X (sky130_fd_sc_hd__clkbuf_16)
    11    0.03                           clknet_2_1__leaf_clk (net)
                  0.08    0.00    0.62 ^ _297_/CLK (sky130_fd_sc_hd__dfrtp_4)
                          0.25    0.87   clock uncertainty
                          0.00    0.87   clock reconvergence pessimism
                          0.71    1.58   library removal time
                                  1.58   data required time
-----------------------------------------------------------------------------
                                  1.58   data required time
                                 -4.67   data arrival time
-----------------------------------------------------------------------------
                                  3.09   slack (MET)


Startpoint: rst_n (input port clocked by clk)
Endpoint: _266_ (removal check against rising-edge clock clk)
Path Group: asynchronous
Path Type: min
Corner: Slowest

Fanout     Cap    Slew   Delay    Time   Description
-----------------------------------------------------------------------------
                          0.00    0.00   clock clk (rise edge)
                          0.00    0.00   clock network delay (propagated)
                          4.00    4.00 ^ input external delay
                  0.04    0.02    4.02 ^ rst_n (in)
     1    0.00                           rst_n (net)
                  0.04    0.00    4.02 ^ input1/A (sky130_fd_sc_hd__clkbuf_2)
                  0.20    0.25    4.27 ^ input1/X (sky130_fd_sc_hd__clkbuf_2)
     4    0.02                           net1 (net)
                  0.20    0.00    4.27 ^ fanout17/A (sky130_fd_sc_hd__clkbuf_4)
                  0.22    0.40    4.67 ^ fanout17/X (sky130_fd_sc_hd__clkbuf_4)
    10    0.04                           net17 (net)
                  0.22    0.00    4.67 ^ _266_/RESET_B (sky130_fd_sc_hd__dfrtp_1)
                                  4.67   data arrival time

                          0.00    0.00   clock clk (rise edge)
                          0.00    0.00   clock source latency
                  0.11    0.07    0.07 ^ clk (in)
     1    0.01                           clk (net)
                  0.11    0.00    0.07 ^ clkbuf_0_clk/A (sky130_fd_sc_hd__clkbuf_16)
                  0.10    0.28    0.36 ^ clkbuf_0_clk/X (sky130_fd_sc_hd__clkbuf_16)
     4    0.04                           clknet_0_clk (net)
                  0.10    0.00    0.36 ^ clkbuf_2_1__f_clk/A (sky130_fd_sc_hd__clkbuf_16)
                  0.08    0.26    0.62 ^ clkbuf_2_1__f_clk/X (sky130_fd_sc_hd__clkbuf_16)
    11    0.03                           clknet_2_1__leaf_clk (net)
                  0.08    0.00    0.62 ^ _266_/CLK (sky130_fd_sc_hd__dfrtp_1)
                          0.25    0.87   clock uncertainty
                          0.00    0.87   clock reconvergence pessimism
                          0.71    1.58   library removal time
                                  1.58   data required time
-----------------------------------------------------------------------------
                                  1.58   data required time
                                 -4.67   data arrival time
-----------------------------------------------------------------------------
                                  3.09   slack (MET)


Startpoint: rst_n (input port clocked by clk)
Endpoint: _285_ (removal check against rising-edge clock clk)
Path Group: asynchronous
Path Type: min
Corner: Slowest

Fanout     Cap    Slew   Delay    Time   Description
-----------------------------------------------------------------------------
                          0.00    0.00   clock clk (rise edge)
                          0.00    0.00   clock network delay (propagated)
                          4.00    4.00 ^ input external delay
                  0.04    0.02    4.02 ^ rst_n (in)
     1    0.00                           rst_n (net)
                  0.04    0.00    4.02 ^ input1/A (sky130_fd_sc_hd__clkbuf_2)
                  0.20    0.25    4.27 ^ input1/X (sky130_fd_sc_hd__clkbuf_2)
     4    0.02                           net1 (net)
                  0.20    0.00    4.27 ^ fanout17/A (sky130_fd_sc_hd__clkbuf_4)
                  0.22    0.40    4.67 ^ fanout17/X (sky130_fd_sc_hd__clkbuf_4)
    10    0.04                           net17 (net)
                  0.22    0.00    4.67 ^ _285_/RESET_B (sky130_fd_sc_hd__dfrtp_1)
                                  4.67   data arrival time

                          0.00    0.00   clock clk (rise edge)
                          0.00    0.00   clock source latency
                  0.11    0.07    0.07 ^ clk (in)
     1    0.01                           clk (net)
                  0.11    0.00    0.07 ^ clkbuf_0_clk/A (sky130_fd_sc_hd__clkbuf_16)
                  0.10    0.28    0.36 ^ clkbuf_0_clk/X (sky130_fd_sc_hd__clkbuf_16)
     4    0.04                           clknet_0_clk (net)
                  0.10    0.00    0.36 ^ clkbuf_2_1__f_clk/A (sky130_fd_sc_hd__clkbuf_16)
                  0.08    0.26    0.62 ^ clkbuf_2_1__f_clk/X (sky130_fd_sc_hd__clkbuf_16)
    11    0.03                           clknet_2_1__leaf_clk (net)
                  0.08    0.00    0.62 ^ _285_/CLK (sky130_fd_sc_hd__dfrtp_1)
                          0.25    0.87   clock uncertainty
                          0.00    0.87   clock reconvergence pessimism
                          0.71    1.58   library removal time
                                  1.58   data required time
-----------------------------------------------------------------------------
                                  1.58   data required time
                                 -4.67   data arrival time
-----------------------------------------------------------------------------
                                  3.09   slack (MET)


Startpoint: rst_n (input port clocked by clk)
Endpoint: _284_ (removal check against rising-edge clock clk)
Path Group: asynchronous
Path Type: min
Corner: Slowest

Fanout     Cap    Slew   Delay    Time   Description
-----------------------------------------------------------------------------
                          0.00    0.00   clock clk (rise edge)
                          0.00    0.00   clock network delay (propagated)
                          4.00    4.00 ^ input external delay
                  0.04    0.02    4.02 ^ rst_n (in)
     1    0.00                           rst_n (net)
                  0.04    0.00    4.02 ^ input1/A (sky130_fd_sc_hd__clkbuf_2)
                  0.20    0.25    4.27 ^ input1/X (sky130_fd_sc_hd__clkbuf_2)
     4    0.02                           net1 (net)
                  0.20    0.00    4.27 ^ fanout17/A (sky130_fd_sc_hd__clkbuf_4)
                  0.22    0.40    4.67 ^ fanout17/X (sky130_fd_sc_hd__clkbuf_4)
    10    0.04                           net17 (net)
                  0.22    0.00    4.67 ^ _284_/RESET_B (sky130_fd_sc_hd__dfrtp_1)
                                  4.67   data arrival time

                          0.00    0.00   clock clk (rise edge)
                          0.00    0.00   clock source latency
                  0.11    0.07    0.07 ^ clk (in)
     1    0.01                           clk (net)
                  0.11    0.00    0.07 ^ clkbuf_0_clk/A (sky130_fd_sc_hd__clkbuf_16)
                  0.10    0.28    0.36 ^ clkbuf_0_clk/X (sky130_fd_sc_hd__clkbuf_16)
     4    0.04                           clknet_0_clk (net)
                  0.10    0.00    0.36 ^ clkbuf_2_1__f_clk/A (sky130_fd_sc_hd__clkbuf_16)
                  0.08    0.26    0.62 ^ clkbuf_2_1__f_clk/X (sky130_fd_sc_hd__clkbuf_16)
    11    0.03                           clknet_2_1__leaf_clk (net)
                  0.08    0.00    0.62 ^ _284_/CLK (sky130_fd_sc_hd__dfrtp_1)
                          0.25    0.87   clock uncertainty
                          0.00    0.87   clock reconvergence pessimism
                          0.71    1.58   library removal time
                                  1.58   data required time
-----------------------------------------------------------------------------
                                  1.58   data required time
                                 -4.67   data arrival time
-----------------------------------------------------------------------------
                                  3.09   slack (MET)


Startpoint: rst_n (input port clocked by clk)
Endpoint: _286_ (removal check against rising-edge clock clk)
Path Group: asynchronous
Path Type: min
Corner: Slowest

Fanout     Cap    Slew   Delay    Time   Description
-----------------------------------------------------------------------------
                          0.00    0.00   clock clk (rise edge)
                          0.00    0.00   clock network delay (propagated)
                          4.00    4.00 ^ input external delay
                  0.04    0.02    4.02 ^ rst_n (in)
     1    0.00                           rst_n (net)
                  0.04    0.00    4.02 ^ input1/A (sky130_fd_sc_hd__clkbuf_2)
                  0.20    0.25    4.27 ^ input1/X (sky130_fd_sc_hd__clkbuf_2)
     4    0.02                           net1 (net)
                  0.20    0.00    4.27 ^ fanout17/A (sky130_fd_sc_hd__clkbuf_4)
                  0.22    0.40    4.67 ^ fanout17/X (sky130_fd_sc_hd__clkbuf_4)
    10    0.04                           net17 (net)
                  0.22    0.00    4.67 ^ _286_/RESET_B (sky130_fd_sc_hd__dfrtp_1)
                                  4.67   data arrival time

                          0.00    0.00   clock clk (rise edge)
                          0.00    0.00   clock source latency
                  0.11    0.07    0.07 ^ clk (in)
     1    0.01                           clk (net)
                  0.11    0.00    0.07 ^ clkbuf_0_clk/A (sky130_fd_sc_hd__clkbuf_16)
                  0.10    0.28    0.36 ^ clkbuf_0_clk/X (sky130_fd_sc_hd__clkbuf_16)
     4    0.04                           clknet_0_clk (net)
                  0.10    0.00    0.36 ^ clkbuf_2_1__f_clk/A (sky130_fd_sc_hd__clkbuf_16)
                  0.08    0.26    0.62 ^ clkbuf_2_1__f_clk/X (sky130_fd_sc_hd__clkbuf_16)
    11    0.03                           clknet_2_1__leaf_clk (net)
                  0.08    0.00    0.62 ^ _286_/CLK (sky130_fd_sc_hd__dfrtp_1)
                          0.25    0.87   clock uncertainty
                          0.00    0.87   clock reconvergence pessimism
                          0.71    1.58   library removal time
                                  1.58   data required time
-----------------------------------------------------------------------------
                                  1.58   data required time
                                 -4.67   data arrival time
-----------------------------------------------------------------------------
                                  3.09   slack (MET)


Startpoint: rst_n (input port clocked by clk)
Endpoint: _270_ (removal check against rising-edge clock clk)
Path Group: asynchronous
Path Type: min
Corner: Slowest

Fanout     Cap    Slew   Delay    Time   Description
-----------------------------------------------------------------------------
                          0.00    0.00   clock clk (rise edge)
                          0.00    0.00   clock network delay (propagated)
                          4.00    4.00 ^ input external delay
                  0.04    0.02    4.02 ^ rst_n (in)
     1    0.00                           rst_n (net)
                  0.04    0.00    4.02 ^ input1/A (sky130_fd_sc_hd__clkbuf_2)
                  0.20    0.25    4.27 ^ input1/X (sky130_fd_sc_hd__clkbuf_2)
     4    0.02                           net1 (net)
                  0.20    0.00    4.27 ^ fanout17/A (sky130_fd_sc_hd__clkbuf_4)
                  0.22    0.40    4.67 ^ fanout17/X (sky130_fd_sc_hd__clkbuf_4)
    10    0.04                           net17 (net)
                  0.22    0.00    4.67 ^ _270_/RESET_B (sky130_fd_sc_hd__dfrtp_1)
                                  4.67   data arrival time

                          0.00    0.00   clock clk (rise edge)
                          0.00    0.00   clock source latency
                  0.11    0.07    0.07 ^ clk (in)
     1    0.01                           clk (net)
                  0.11    0.00    0.07 ^ clkbuf_0_clk/A (sky130_fd_sc_hd__clkbuf_16)
                  0.10    0.28    0.36 ^ clkbuf_0_clk/X (sky130_fd_sc_hd__clkbuf_16)
     4    0.04                           clknet_0_clk (net)
                  0.10    0.00    0.36 ^ clkbuf_2_1__f_clk/A (sky130_fd_sc_hd__clkbuf_16)
                  0.08    0.26    0.62 ^ clkbuf_2_1__f_clk/X (sky130_fd_sc_hd__clkbuf_16)
    11    0.03                           clknet_2_1__leaf_clk (net)
                  0.08    0.00    0.62 ^ _270_/CLK (sky130_fd_sc_hd__dfrtp_1)
                          0.25    0.87   clock uncertainty
                          0.00    0.87   clock reconvergence pessimism
                          0.71    1.58   library removal time
                                  1.58   data required time
-----------------------------------------------------------------------------
                                  1.58   data required time
                                 -4.67   data arrival time
-----------------------------------------------------------------------------
                                  3.09   slack (MET)


Startpoint: rst_n (input port clocked by clk)
Endpoint: _267_ (removal check against rising-edge clock clk)
Path Group: asynchronous
Path Type: min
Corner: Slowest

Fanout     Cap    Slew   Delay    Time   Description
-----------------------------------------------------------------------------
                          0.00    0.00   clock clk (rise edge)
                          0.00    0.00   clock network delay (propagated)
                          4.00    4.00 ^ input external delay
                  0.04    0.02    4.02 ^ rst_n (in)
     1    0.00                           rst_n (net)
                  0.04    0.00    4.02 ^ input1/A (sky130_fd_sc_hd__clkbuf_2)
                  0.20    0.25    4.27 ^ input1/X (sky130_fd_sc_hd__clkbuf_2)
     4    0.02                           net1 (net)
                  0.20    0.00    4.27 ^ fanout17/A (sky130_fd_sc_hd__clkbuf_4)
                  0.22    0.40    4.67 ^ fanout17/X (sky130_fd_sc_hd__clkbuf_4)
    10    0.04                           net17 (net)
                  0.22    0.00    4.67 ^ _267_/RESET_B (sky130_fd_sc_hd__dfrtp_1)
                                  4.67   data arrival time

                          0.00    0.00   clock clk (rise edge)
                          0.00    0.00   clock source latency
                  0.11    0.07    0.07 ^ clk (in)
     1    0.01                           clk (net)
                  0.11    0.00    0.07 ^ clkbuf_0_clk/A (sky130_fd_sc_hd__clkbuf_16)
                  0.10    0.28    0.36 ^ clkbuf_0_clk/X (sky130_fd_sc_hd__clkbuf_16)
     4    0.04                           clknet_0_clk (net)
                  0.10    0.00    0.36 ^ clkbuf_2_1__f_clk/A (sky130_fd_sc_hd__clkbuf_16)
                  0.08    0.26    0.62 ^ clkbuf_2_1__f_clk/X (sky130_fd_sc_hd__clkbuf_16)
    11    0.03                           clknet_2_1__leaf_clk (net)
                  0.08    0.00    0.62 ^ _267_/CLK (sky130_fd_sc_hd__dfrtp_1)
                          0.25    0.87   clock uncertainty
                          0.00    0.87   clock reconvergence pessimism
                          0.71    1.58   library removal time
                                  1.58   data required time
-----------------------------------------------------------------------------
                                  1.58   data required time
                                 -4.67   data arrival time
-----------------------------------------------------------------------------
                                  3.09   slack (MET)


Startpoint: rst_n (input port clocked by clk)
Endpoint: _268_ (removal check against rising-edge clock clk)
Path Group: asynchronous
Path Type: min
Corner: Slowest

Fanout     Cap    Slew   Delay    Time   Description
-----------------------------------------------------------------------------
                          0.00    0.00   clock clk (rise edge)
                          0.00    0.00   clock network delay (propagated)
                          4.00    4.00 ^ input external delay
                  0.04    0.02    4.02 ^ rst_n (in)
     1    0.00                           rst_n (net)
                  0.04    0.00    4.02 ^ input1/A (sky130_fd_sc_hd__clkbuf_2)
                  0.20    0.25    4.27 ^ input1/X (sky130_fd_sc_hd__clkbuf_2)
     4    0.02                           net1 (net)
                  0.20    0.00    4.27 ^ fanout17/A (sky130_fd_sc_hd__clkbuf_4)
                  0.22    0.40    4.67 ^ fanout17/X (sky130_fd_sc_hd__clkbuf_4)
    10    0.04                           net17 (net)
                  0.22    0.00    4.67 ^ _268_/RESET_B (sky130_fd_sc_hd__dfrtp_1)
                                  4.67   data arrival time

                          0.00    0.00   clock clk (rise edge)
                          0.00    0.00   clock source latency
                  0.11    0.07    0.07 ^ clk (in)
     1    0.01                           clk (net)
                  0.11    0.00    0.07 ^ clkbuf_0_clk/A (sky130_fd_sc_hd__clkbuf_16)
                  0.10    0.28    0.36 ^ clkbuf_0_clk/X (sky130_fd_sc_hd__clkbuf_16)
     4    0.04                           clknet_0_clk (net)
                  0.10    0.00    0.36 ^ clkbuf_2_1__f_clk/A (sky130_fd_sc_hd__clkbuf_16)
                  0.08    0.26    0.62 ^ clkbuf_2_1__f_clk/X (sky130_fd_sc_hd__clkbuf_16)
    11    0.03                           clknet_2_1__leaf_clk (net)
                  0.08    0.00    0.62 ^ _268_/CLK (sky130_fd_sc_hd__dfrtp_1)
                          0.25    0.87   clock uncertainty
                          0.00    0.87   clock reconvergence pessimism
                          0.71    1.58   library removal time
                                  1.58   data required time
-----------------------------------------------------------------------------
                                  1.58   data required time
                                 -4.67   data arrival time
-----------------------------------------------------------------------------
                                  3.09   slack (MET)


Startpoint: rst_n (input port clocked by clk)
Endpoint: _298_ (removal check against rising-edge clock clk)
Path Group: asynchronous
Path Type: min
Corner: Slowest

Fanout     Cap    Slew   Delay    Time   Description
-----------------------------------------------------------------------------
                          0.00    0.00   clock clk (rise edge)
                          0.00    0.00   clock network delay (propagated)
                          4.00    4.00 ^ input external delay
                  0.04    0.02    4.02 ^ rst_n (in)
     1    0.00                           rst_n (net)
                  0.04    0.00    4.02 ^ input1/A (sky130_fd_sc_hd__clkbuf_2)
                  0.20    0.25    4.27 ^ input1/X (sky130_fd_sc_hd__clkbuf_2)
     4    0.02                           net1 (net)
                  0.20    0.00    4.27 ^ fanout17/A (sky130_fd_sc_hd__clkbuf_4)
                  0.22    0.40    4.67 ^ fanout17/X (sky130_fd_sc_hd__clkbuf_4)
    10    0.04                           net17 (net)
                  0.22    0.00    4.67 ^ _298_/RESET_B (sky130_fd_sc_hd__dfrtp_1)
                                  4.67   data arrival time

                          0.00    0.00   clock clk (rise edge)
                          0.00    0.00   clock source latency
                  0.11    0.07    0.07 ^ clk (in)
     1    0.01                           clk (net)
                  0.11    0.00    0.07 ^ clkbuf_0_clk/A (sky130_fd_sc_hd__clkbuf_16)
                  0.10    0.28    0.36 ^ clkbuf_0_clk/X (sky130_fd_sc_hd__clkbuf_16)
     4    0.04                           clknet_0_clk (net)
                  0.10    0.00    0.36 ^ clkbuf_2_1__f_clk/A (sky130_fd_sc_hd__clkbuf_16)
                  0.08    0.26    0.62 ^ clkbuf_2_1__f_clk/X (sky130_fd_sc_hd__clkbuf_16)
    11    0.03                           clknet_2_1__leaf_clk (net)
                  0.08    0.00    0.62 ^ _298_/CLK (sky130_fd_sc_hd__dfrtp_1)
                          0.25    0.87   clock uncertainty
                          0.00    0.87   clock reconvergence pessimism
                          0.71    1.58   library removal time
                                  1.58   data required time
-----------------------------------------------------------------------------
                                  1.58   data required time
                                 -4.67   data arrival time
-----------------------------------------------------------------------------
                                  3.09   slack (MET)


Startpoint: rst_n (input port clocked by clk)
Endpoint: _274_ (removal check against rising-edge clock clk)
Path Group: asynchronous
Path Type: min
Corner: Slowest

Fanout     Cap    Slew   Delay    Time   Description
-----------------------------------------------------------------------------
                          0.00    0.00   clock clk (rise edge)
                          0.00    0.00   clock network delay (propagated)
                          4.00    4.00 ^ input external delay
                  0.04    0.02    4.02 ^ rst_n (in)
     1    0.00                           rst_n (net)
                  0.04    0.00    4.02 ^ input1/A (sky130_fd_sc_hd__clkbuf_2)
                  0.20    0.25    4.27 ^ input1/X (sky130_fd_sc_hd__clkbuf_2)
     4    0.02                           net1 (net)
                  0.20    0.00    4.27 ^ fanout16/A (sky130_fd_sc_hd__clkbuf_4)
                  0.19    0.38    4.65 ^ fanout16/X (sky130_fd_sc_hd__clkbuf_4)
     8    0.04                           net16 (net)
                  0.19    0.00    4.65 ^ _274_/RESET_B (sky130_fd_sc_hd__dfrtp_4)
                                  4.65   data arrival time

                          0.00    0.00   clock clk (rise edge)
                          0.00    0.00   clock source latency
                  0.11    0.07    0.07 ^ clk (in)
     1    0.01                           clk (net)
                  0.11    0.00    0.07 ^ clkbuf_0_clk/A (sky130_fd_sc_hd__clkbuf_16)
                  0.10    0.28    0.36 ^ clkbuf_0_clk/X (sky130_fd_sc_hd__clkbuf_16)
     4    0.04                           clknet_0_clk (net)
                  0.10    0.00    0.36 ^ clkbuf_2_2__f_clk/A (sky130_fd_sc_hd__clkbuf_16)
                  0.07    0.25    0.61 ^ clkbuf_2_2__f_clk/X (sky130_fd_sc_hd__clkbuf_16)
     8    0.02                           clknet_2_2__leaf_clk (net)
                  0.07    0.00    0.61 ^ _274_/CLK (sky130_fd_sc_hd__dfrtp_4)
                          0.25    0.86   clock uncertainty
                          0.00    0.86   clock reconvergence pessimism
                          0.70    1.55   library removal time
                                  1.55   data required time
-----------------------------------------------------------------------------
                                  1.55   data required time
                                 -4.65   data arrival time
-----------------------------------------------------------------------------
                                  3.10   slack (MET)


Startpoint: rst_n (input port clocked by clk)
Endpoint: _273_ (removal check against rising-edge clock clk)
Path Group: asynchronous
Path Type: min
Corner: Slowest

Fanout     Cap    Slew   Delay    Time   Description
-----------------------------------------------------------------------------
                          0.00    0.00   clock clk (rise edge)
                          0.00    0.00   clock network delay (propagated)
                          4.00    4.00 ^ input external delay
                  0.04    0.02    4.02 ^ rst_n (in)
     1    0.00                           rst_n (net)
                  0.04    0.00    4.02 ^ input1/A (sky130_fd_sc_hd__clkbuf_2)
                  0.20    0.25    4.27 ^ input1/X (sky130_fd_sc_hd__clkbuf_2)
     4    0.02                           net1 (net)
                  0.20    0.00    4.27 ^ fanout16/A (sky130_fd_sc_hd__clkbuf_4)
                  0.19    0.38    4.65 ^ fanout16/X (sky130_fd_sc_hd__clkbuf_4)
     8    0.04                           net16 (net)
                  0.19    0.00    4.65 ^ _273_/RESET_B (sky130_fd_sc_hd__dfrtp_2)
                                  4.65   data arrival time

                          0.00    0.00   clock clk (rise edge)
                          0.00    0.00   clock source latency
                  0.11    0.07    0.07 ^ clk (in)
     1    0.01                           clk (net)
                  0.11    0.00    0.07 ^ clkbuf_0_clk/A (sky130_fd_sc_hd__clkbuf_16)
                  0.10    0.28    0.36 ^ clkbuf_0_clk/X (sky130_fd_sc_hd__clkbuf_16)
     4    0.04                           clknet_0_clk (net)
                  0.10    0.00    0.36 ^ clkbuf_2_2__f_clk/A (sky130_fd_sc_hd__clkbuf_16)
                  0.07    0.25    0.61 ^ clkbuf_2_2__f_clk/X (sky130_fd_sc_hd__clkbuf_16)
     8    0.02                           clknet_2_2__leaf_clk (net)
                  0.07    0.00    0.61 ^ _273_/CLK (sky130_fd_sc_hd__dfrtp_2)
                          0.25    0.86   clock uncertainty
                          0.00    0.86   clock reconvergence pessimism
                          0.69    1.55   library removal time
                                  1.55   data required time
-----------------------------------------------------------------------------
                                  1.55   data required time
                                 -4.65   data arrival time
-----------------------------------------------------------------------------
                                  3.10   slack (MET)


Startpoint: rst_n (input port clocked by clk)
Endpoint: _282_ (removal check against rising-edge clock clk)
Path Group: asynchronous
Path Type: min
Corner: Slowest

Fanout     Cap    Slew   Delay    Time   Description
-----------------------------------------------------------------------------
                          0.00    0.00   clock clk (rise edge)
                          0.00    0.00   clock network delay (propagated)
                          4.00    4.00 ^ input external delay
                  0.04    0.02    4.02 ^ rst_n (in)
     1    0.00                           rst_n (net)
                  0.04    0.00    4.02 ^ input1/A (sky130_fd_sc_hd__clkbuf_2)
                  0.20    0.25    4.27 ^ input1/X (sky130_fd_sc_hd__clkbuf_2)
     4    0.02                           net1 (net)
                  0.20    0.00    4.27 ^ fanout16/A (sky130_fd_sc_hd__clkbuf_4)
                  0.19    0.38    4.65 ^ fanout16/X (sky130_fd_sc_hd__clkbuf_4)
     8    0.04                           net16 (net)
                  0.19    0.00    4.65 ^ _282_/RESET_B (sky130_fd_sc_hd__dfrtp_1)
                                  4.65   data arrival time

                          0.00    0.00   clock clk (rise edge)
                          0.00    0.00   clock source latency
                  0.11    0.07    0.07 ^ clk (in)
     1    0.01                           clk (net)
                  0.11    0.00    0.07 ^ clkbuf_0_clk/A (sky130_fd_sc_hd__clkbuf_16)
                  0.10    0.28    0.36 ^ clkbuf_0_clk/X (sky130_fd_sc_hd__clkbuf_16)
     4    0.04                           clknet_0_clk (net)
                  0.10    0.00    0.36 ^ clkbuf_2_2__f_clk/A (sky130_fd_sc_hd__clkbuf_16)
                  0.07    0.25    0.61 ^ clkbuf_2_2__f_clk/X (sky130_fd_sc_hd__clkbuf_16)
     8    0.02                           clknet_2_2__leaf_clk (net)
                  0.07    0.00    0.61 ^ _282_/CLK (sky130_fd_sc_hd__dfrtp_1)
                          0.25    0.86   clock uncertainty
                          0.00    0.86   clock reconvergence pessimism
                          0.69    1.55   library removal time
                                  1.55   data required time
-----------------------------------------------------------------------------
                                  1.55   data required time
                                 -4.65   data arrival time
-----------------------------------------------------------------------------
                                  3.10   slack (MET)


Startpoint: rst_n (input port clocked by clk)
Endpoint: _283_ (removal check against rising-edge clock clk)
Path Group: asynchronous
Path Type: min
Corner: Slowest

Fanout     Cap    Slew   Delay    Time   Description
-----------------------------------------------------------------------------
                          0.00    0.00   clock clk (rise edge)
                          0.00    0.00   clock network delay (propagated)
                          4.00    4.00 ^ input external delay
                  0.04    0.02    4.02 ^ rst_n (in)
     1    0.00                           rst_n (net)
                  0.04    0.00    4.02 ^ input1/A (sky130_fd_sc_hd__clkbuf_2)
                  0.20    0.25    4.27 ^ input1/X (sky130_fd_sc_hd__clkbuf_2)
     4    0.02                           net1 (net)
                  0.20    0.00    4.27 ^ fanout16/A (sky130_fd_sc_hd__clkbuf_4)
                  0.19    0.38    4.65 ^ fanout16/X (sky130_fd_sc_hd__clkbuf_4)
     8    0.04                           net16 (net)
                  0.19    0.00    4.65 ^ _283_/RESET_B (sky130_fd_sc_hd__dfrtp_1)
                                  4.65   data arrival time

                          0.00    0.00   clock clk (rise edge)
                          0.00    0.00   clock source latency
                  0.11    0.07    0.07 ^ clk (in)
     1    0.01                           clk (net)
                  0.11    0.00    0.07 ^ clkbuf_0_clk/A (sky130_fd_sc_hd__clkbuf_16)
                  0.10    0.28    0.36 ^ clkbuf_0_clk/X (sky130_fd_sc_hd__clkbuf_16)
     4    0.04                           clknet_0_clk (net)
                  0.10    0.00    0.36 ^ clkbuf_2_2__f_clk/A (sky130_fd_sc_hd__clkbuf_16)
                  0.07    0.25    0.61 ^ clkbuf_2_2__f_clk/X (sky130_fd_sc_hd__clkbuf_16)
     8    0.02                           clknet_2_2__leaf_clk (net)
                  0.07    0.00    0.61 ^ _283_/CLK (sky130_fd_sc_hd__dfrtp_1)
                          0.25    0.86   clock uncertainty
                          0.00    0.86   clock reconvergence pessimism
                          0.69    1.55   library removal time
                                  1.55   data required time
-----------------------------------------------------------------------------
                                  1.55   data required time
                                 -4.65   data arrival time
-----------------------------------------------------------------------------
                                  3.10   slack (MET)


Startpoint: rst_n (input port clocked by clk)
Endpoint: _275_ (removal check against rising-edge clock clk)
Path Group: asynchronous
Path Type: min
Corner: Slowest

Fanout     Cap    Slew   Delay    Time   Description
-----------------------------------------------------------------------------
                          0.00    0.00   clock clk (rise edge)
                          0.00    0.00   clock network delay (propagated)
                          4.00    4.00 ^ input external delay
                  0.04    0.02    4.02 ^ rst_n (in)
     1    0.00                           rst_n (net)
                  0.04    0.00    4.02 ^ input1/A (sky130_fd_sc_hd__clkbuf_2)
                  0.20    0.25    4.27 ^ input1/X (sky130_fd_sc_hd__clkbuf_2)
     4    0.02                           net1 (net)
                  0.20    0.00    4.27 ^ fanout16/A (sky130_fd_sc_hd__clkbuf_4)
                  0.19    0.38    4.65 ^ fanout16/X (sky130_fd_sc_hd__clkbuf_4)
     8    0.04                           net16 (net)
                  0.19    0.00    4.65 ^ _275_/RESET_B (sky130_fd_sc_hd__dfrtp_2)
                                  4.65   data arrival time

                          0.00    0.00   clock clk (rise edge)
                          0.00    0.00   clock source latency
                  0.11    0.07    0.07 ^ clk (in)
     1    0.01                           clk (net)
                  0.11    0.00    0.07 ^ clkbuf_0_clk/A (sky130_fd_sc_hd__clkbuf_16)
                  0.10    0.28    0.36 ^ clkbuf_0_clk/X (sky130_fd_sc_hd__clkbuf_16)
     4    0.04                           clknet_0_clk (net)
                  0.10    0.00    0.36 ^ clkbuf_2_2__f_clk/A (sky130_fd_sc_hd__clkbuf_16)
                  0.07    0.25    0.61 ^ clkbuf_2_2__f_clk/X (sky130_fd_sc_hd__clkbuf_16)
     8    0.02                           clknet_2_2__leaf_clk (net)
                  0.07    0.00    0.61 ^ _275_/CLK (sky130_fd_sc_hd__dfrtp_2)
                          0.25    0.86   clock uncertainty
                          0.00    0.86   clock reconvergence pessimism
                          0.69    1.55   library removal time
                                  1.55   data required time
-----------------------------------------------------------------------------
                                  1.55   data required time
                                 -4.65   data arrival time
-----------------------------------------------------------------------------
                                  3.10   slack (MET)


Startpoint: rst_n (input port clocked by clk)
Endpoint: _277_ (removal check against rising-edge clock clk)
Path Group: asynchronous
Path Type: min
Corner: Slowest

Fanout     Cap    Slew   Delay    Time   Description
-----------------------------------------------------------------------------
                          0.00    0.00   clock clk (rise edge)
                          0.00    0.00   clock network delay (propagated)
                          4.00    4.00 ^ input external delay
                  0.04    0.02    4.02 ^ rst_n (in)
     1    0.00                           rst_n (net)
                  0.04    0.00    4.02 ^ input1/A (sky130_fd_sc_hd__clkbuf_2)
                  0.20    0.25    4.27 ^ input1/X (sky130_fd_sc_hd__clkbuf_2)
     4    0.02                           net1 (net)
                  0.20    0.00    4.27 ^ fanout16/A (sky130_fd_sc_hd__clkbuf_4)
                  0.19    0.38    4.65 ^ fanout16/X (sky130_fd_sc_hd__clkbuf_4)
     8    0.04                           net16 (net)
                  0.19    0.00    4.65 ^ _277_/RESET_B (sky130_fd_sc_hd__dfrtp_1)
                                  4.65   data arrival time

                          0.00    0.00   clock clk (rise edge)
                          0.00    0.00   clock source latency
                  0.11    0.07    0.07 ^ clk (in)
     1    0.01                           clk (net)
                  0.11    0.00    0.07 ^ clkbuf_0_clk/A (sky130_fd_sc_hd__clkbuf_16)
                  0.10    0.28    0.36 ^ clkbuf_0_clk/X (sky130_fd_sc_hd__clkbuf_16)
     4    0.04                           clknet_0_clk (net)
                  0.10    0.00    0.36 ^ clkbuf_2_2__f_clk/A (sky130_fd_sc_hd__clkbuf_16)
                  0.07    0.25    0.61 ^ clkbuf_2_2__f_clk/X (sky130_fd_sc_hd__clkbuf_16)
     8    0.02                           clknet_2_2__leaf_clk (net)
                  0.07    0.00    0.61 ^ _277_/CLK (sky130_fd_sc_hd__dfrtp_1)
                          0.25    0.86   clock uncertainty
                          0.00    0.86   clock reconvergence pessimism
                          0.69    1.55   library removal time
                                  1.55   data required time
-----------------------------------------------------------------------------
                                  1.55   data required time
                                 -4.65   data arrival time
-----------------------------------------------------------------------------
                                  3.10   slack (MET)


Startpoint: rst_n (input port clocked by clk)
Endpoint: _276_ (removal check against rising-edge clock clk)
Path Group: asynchronous
Path Type: min
Corner: Slowest

Fanout     Cap    Slew   Delay    Time   Description
-----------------------------------------------------------------------------
                          0.00    0.00   clock clk (rise edge)
                          0.00    0.00   clock network delay (propagated)
                          4.00    4.00 ^ input external delay
                  0.04    0.02    4.02 ^ rst_n (in)
     1    0.00                           rst_n (net)
                  0.04    0.00    4.02 ^ input1/A (sky130_fd_sc_hd__clkbuf_2)
                  0.20    0.25    4.27 ^ input1/X (sky130_fd_sc_hd__clkbuf_2)
     4    0.02                           net1 (net)
                  0.20    0.00    4.27 ^ fanout16/A (sky130_fd_sc_hd__clkbuf_4)
                  0.19    0.38    4.65 ^ fanout16/X (sky130_fd_sc_hd__clkbuf_4)
     8    0.04                           net16 (net)
                  0.19    0.00    4.65 ^ _276_/RESET_B (sky130_fd_sc_hd__dfrtp_2)
                                  4.65   data arrival time

                          0.00    0.00   clock clk (rise edge)
                          0.00    0.00   clock source latency
                  0.11    0.07    0.07 ^ clk (in)
     1    0.01                           clk (net)
                  0.11    0.00    0.07 ^ clkbuf_0_clk/A (sky130_fd_sc_hd__clkbuf_16)
                  0.10    0.28    0.36 ^ clkbuf_0_clk/X (sky130_fd_sc_hd__clkbuf_16)
     4    0.04                           clknet_0_clk (net)
                  0.10    0.00    0.36 ^ clkbuf_2_2__f_clk/A (sky130_fd_sc_hd__clkbuf_16)
                  0.07    0.25    0.61 ^ clkbuf_2_2__f_clk/X (sky130_fd_sc_hd__clkbuf_16)
     8    0.02                           clknet_2_2__leaf_clk (net)
                  0.07    0.00    0.61 ^ _276_/CLK (sky130_fd_sc_hd__dfrtp_2)
                          0.25    0.86   clock uncertainty
                          0.00    0.86   clock reconvergence pessimism
                          0.69    1.55   library removal time
                                  1.55   data required time
-----------------------------------------------------------------------------
                                  1.55   data required time
                                 -4.65   data arrival time
-----------------------------------------------------------------------------
                                  3.10   slack (MET)


Startpoint: rst_n (input port clocked by clk)
Endpoint: _287_ (removal check against rising-edge clock clk)
Path Group: asynchronous
Path Type: min
Corner: Slowest

Fanout     Cap    Slew   Delay    Time   Description
-----------------------------------------------------------------------------
                          0.00    0.00   clock clk (rise edge)
                          0.00    0.00   clock network delay (propagated)
                          4.00    4.00 ^ input external delay
                  0.04    0.02    4.02 ^ rst_n (in)
     1    0.00                           rst_n (net)
                  0.04    0.00    4.02 ^ input1/A (sky130_fd_sc_hd__clkbuf_2)
                  0.20    0.25    4.27 ^ input1/X (sky130_fd_sc_hd__clkbuf_2)
     4    0.02                           net1 (net)
                  0.20    0.00    4.27 ^ fanout15/A (sky130_fd_sc_hd__clkbuf_4)
                  0.22    0.40    4.67 ^ fanout15/X (sky130_fd_sc_hd__clkbuf_4)
    10    0.04                           net15 (net)
                  0.22    0.00    4.67 ^ _287_/RESET_B (sky130_fd_sc_hd__dfrtp_1)
                                  4.67   data arrival time

                          0.00    0.00   clock clk (rise edge)
                          0.00    0.00   clock source latency
                  0.11    0.07    0.07 ^ clk (in)
     1    0.01                           clk (net)
                  0.11    0.00    0.07 ^ clkbuf_0_clk/A (sky130_fd_sc_hd__clkbuf_16)
                  0.10    0.28    0.36 ^ clkbuf_0_clk/X (sky130_fd_sc_hd__clkbuf_16)
     4    0.04                           clknet_0_clk (net)
                  0.10    0.00    0.36 ^ clkbuf_2_0__f_clk/A (sky130_fd_sc_hd__clkbuf_16)
                  0.07    0.25    0.61 ^ clkbuf_2_0__f_clk/X (sky130_fd_sc_hd__clkbuf_16)
     9    0.03                           clknet_2_0__leaf_clk (net)
                  0.07    0.00    0.61 ^ _287_/CLK (sky130_fd_sc_hd__dfrtp_1)
                          0.25    0.86   clock uncertainty
                          0.00    0.86   clock reconvergence pessimism
                          0.70    1.57   library removal time
                                  1.57   data required time
-----------------------------------------------------------------------------
                                  1.57   data required time
                                 -4.67   data arrival time
-----------------------------------------------------------------------------
                                  3.10   slack (MET)


Startpoint: rst_n (input port clocked by clk)
Endpoint: _295_ (removal check against rising-edge clock clk)
Path Group: asynchronous
Path Type: min
Corner: Slowest

Fanout     Cap    Slew   Delay    Time   Description
-----------------------------------------------------------------------------
                          0.00    0.00   clock clk (rise edge)
                          0.00    0.00   clock network delay (propagated)
                          4.00    4.00 ^ input external delay
                  0.04    0.02    4.02 ^ rst_n (in)
     1    0.00                           rst_n (net)
                  0.04    0.00    4.02 ^ input1/A (sky130_fd_sc_hd__clkbuf_2)
                  0.20    0.25    4.27 ^ input1/X (sky130_fd_sc_hd__clkbuf_2)
     4    0.02                           net1 (net)
                  0.20    0.00    4.27 ^ fanout15/A (sky130_fd_sc_hd__clkbuf_4)
                  0.22    0.40    4.67 ^ fanout15/X (sky130_fd_sc_hd__clkbuf_4)
    10    0.04                           net15 (net)
                  0.22    0.00    4.67 ^ _295_/RESET_B (sky130_fd_sc_hd__dfrtp_1)
                                  4.67   data arrival time

                          0.00    0.00   clock clk (rise edge)
                          0.00    0.00   clock source latency
                  0.11    0.07    0.07 ^ clk (in)
     1    0.01                           clk (net)
                  0.11    0.00    0.07 ^ clkbuf_0_clk/A (sky130_fd_sc_hd__clkbuf_16)
                  0.10    0.28    0.36 ^ clkbuf_0_clk/X (sky130_fd_sc_hd__clkbuf_16)
     4    0.04                           clknet_0_clk (net)
                  0.10    0.00    0.36 ^ clkbuf_2_0__f_clk/A (sky130_fd_sc_hd__clkbuf_16)
                  0.07    0.25    0.61 ^ clkbuf_2_0__f_clk/X (sky130_fd_sc_hd__clkbuf_16)
     9    0.03                           clknet_2_0__leaf_clk (net)
                  0.07    0.00    0.61 ^ _295_/CLK (sky130_fd_sc_hd__dfrtp_1)
                          0.25    0.86   clock uncertainty
                          0.00    0.86   clock reconvergence pessimism
                          0.70    1.57   library removal time
                                  1.57   data required time
-----------------------------------------------------------------------------
                                  1.57   data required time
                                 -4.67   data arrival time
-----------------------------------------------------------------------------
                                  3.10   slack (MET)


Startpoint: rst_n (input port clocked by clk)
Endpoint: _288_ (removal check against rising-edge clock clk)
Path Group: asynchronous
Path Type: min
Corner: Slowest

Fanout     Cap    Slew   Delay    Time   Description
-----------------------------------------------------------------------------
                          0.00    0.00   clock clk (rise edge)
                          0.00    0.00   clock network delay (propagated)
                          4.00    4.00 ^ input external delay
                  0.04    0.02    4.02 ^ rst_n (in)
     1    0.00                           rst_n (net)
                  0.04    0.00    4.02 ^ input1/A (sky130_fd_sc_hd__clkbuf_2)
                  0.20    0.25    4.27 ^ input1/X (sky130_fd_sc_hd__clkbuf_2)
     4    0.02                           net1 (net)
                  0.20    0.00    4.27 ^ fanout15/A (sky130_fd_sc_hd__clkbuf_4)
                  0.22    0.40    4.67 ^ fanout15/X (sky130_fd_sc_hd__clkbuf_4)
    10    0.04                           net15 (net)
                  0.22    0.00    4.67 ^ _288_/RESET_B (sky130_fd_sc_hd__dfrtp_1)
                                  4.67   data arrival time

                          0.00    0.00   clock clk (rise edge)
                          0.00    0.00   clock source latency
                  0.11    0.07    0.07 ^ clk (in)
     1    0.01                           clk (net)
                  0.11    0.00    0.07 ^ clkbuf_0_clk/A (sky130_fd_sc_hd__clkbuf_16)
                  0.10    0.28    0.36 ^ clkbuf_0_clk/X (sky130_fd_sc_hd__clkbuf_16)
     4    0.04                           clknet_0_clk (net)
                  0.10    0.00    0.36 ^ clkbuf_2_0__f_clk/A (sky130_fd_sc_hd__clkbuf_16)
                  0.07    0.25    0.61 ^ clkbuf_2_0__f_clk/X (sky130_fd_sc_hd__clkbuf_16)
     9    0.03                           clknet_2_0__leaf_clk (net)
                  0.07    0.00    0.61 ^ _288_/CLK (sky130_fd_sc_hd__dfrtp_1)
                          0.25    0.86   clock uncertainty
                          0.00    0.86   clock reconvergence pessimism
                          0.70    1.57   library removal time
                                  1.57   data required time
-----------------------------------------------------------------------------
                                  1.57   data required time
                                 -4.67   data arrival time
-----------------------------------------------------------------------------
                                  3.10   slack (MET)


Startpoint: rst_n (input port clocked by clk)
Endpoint: _290_ (removal check against rising-edge clock clk)
Path Group: asynchronous
Path Type: min
Corner: Slowest

Fanout     Cap    Slew   Delay    Time   Description
-----------------------------------------------------------------------------
                          0.00    0.00   clock clk (rise edge)
                          0.00    0.00   clock network delay (propagated)
                          4.00    4.00 ^ input external delay
                  0.04    0.02    4.02 ^ rst_n (in)
     1    0.00                           rst_n (net)
                  0.04    0.00    4.02 ^ input1/A (sky130_fd_sc_hd__clkbuf_2)
                  0.20    0.25    4.27 ^ input1/X (sky130_fd_sc_hd__clkbuf_2)
     4    0.02                           net1 (net)
                  0.20    0.00    4.27 ^ fanout15/A (sky130_fd_sc_hd__clkbuf_4)
                  0.22    0.40    4.67 ^ fanout15/X (sky130_fd_sc_hd__clkbuf_4)
    10    0.04                           net15 (net)
                  0.22    0.00    4.67 ^ _290_/RESET_B (sky130_fd_sc_hd__dfrtp_1)
                                  4.67   data arrival time

                          0.00    0.00   clock clk (rise edge)
                          0.00    0.00   clock source latency
                  0.11    0.07    0.07 ^ clk (in)
     1    0.01                           clk (net)
                  0.11    0.00    0.07 ^ clkbuf_0_clk/A (sky130_fd_sc_hd__clkbuf_16)
                  0.10    0.28    0.36 ^ clkbuf_0_clk/X (sky130_fd_sc_hd__clkbuf_16)
     4    0.04                           clknet_0_clk (net)
                  0.10    0.00    0.36 ^ clkbuf_2_0__f_clk/A (sky130_fd_sc_hd__clkbuf_16)
                  0.07    0.25    0.61 ^ clkbuf_2_0__f_clk/X (sky130_fd_sc_hd__clkbuf_16)
     9    0.03                           clknet_2_0__leaf_clk (net)
                  0.07    0.00    0.61 ^ _290_/CLK (sky130_fd_sc_hd__dfrtp_1)
                          0.25    0.86   clock uncertainty
                          0.00    0.86   clock reconvergence pessimism
                          0.70    1.57   library removal time
                                  1.57   data required time
-----------------------------------------------------------------------------
                                  1.57   data required time
                                 -4.67   data arrival time
-----------------------------------------------------------------------------
                                  3.10   slack (MET)


Startpoint: rst_n (input port clocked by clk)
Endpoint: _289_ (removal check against rising-edge clock clk)
Path Group: asynchronous
Path Type: min
Corner: Slowest

Fanout     Cap    Slew   Delay    Time   Description
-----------------------------------------------------------------------------
                          0.00    0.00   clock clk (rise edge)
                          0.00    0.00   clock network delay (propagated)
                          4.00    4.00 ^ input external delay
                  0.04    0.02    4.02 ^ rst_n (in)
     1    0.00                           rst_n (net)
                  0.04    0.00    4.02 ^ input1/A (sky130_fd_sc_hd__clkbuf_2)
                  0.20    0.25    4.27 ^ input1/X (sky130_fd_sc_hd__clkbuf_2)
     4    0.02                           net1 (net)
                  0.20    0.00    4.27 ^ fanout15/A (sky130_fd_sc_hd__clkbuf_4)
                  0.22    0.40    4.67 ^ fanout15/X (sky130_fd_sc_hd__clkbuf_4)
    10    0.04                           net15 (net)
                  0.22    0.00    4.67 ^ _289_/RESET_B (sky130_fd_sc_hd__dfrtp_1)
                                  4.67   data arrival time

                          0.00    0.00   clock clk (rise edge)
                          0.00    0.00   clock source latency
                  0.11    0.07    0.07 ^ clk (in)
     1    0.01                           clk (net)
                  0.11    0.00    0.07 ^ clkbuf_0_clk/A (sky130_fd_sc_hd__clkbuf_16)
                  0.10    0.28    0.36 ^ clkbuf_0_clk/X (sky130_fd_sc_hd__clkbuf_16)
     4    0.04                           clknet_0_clk (net)
                  0.10    0.00    0.36 ^ clkbuf_2_0__f_clk/A (sky130_fd_sc_hd__clkbuf_16)
                  0.07    0.25    0.61 ^ clkbuf_2_0__f_clk/X (sky130_fd_sc_hd__clkbuf_16)
     9    0.03                           clknet_2_0__leaf_clk (net)
                  0.07    0.00    0.61 ^ _289_/CLK (sky130_fd_sc_hd__dfrtp_1)
                          0.25    0.86   clock uncertainty
                          0.00    0.86   clock reconvergence pessimism
                          0.70    1.57   library removal time
                                  1.57   data required time
-----------------------------------------------------------------------------
                                  1.57   data required time
                                 -4.67   data arrival time
-----------------------------------------------------------------------------
                                  3.10   slack (MET)


Startpoint: rst_n (input port clocked by clk)
Endpoint: _292_ (removal check against rising-edge clock clk)
Path Group: asynchronous
Path Type: min
Corner: Slowest

Fanout     Cap    Slew   Delay    Time   Description
-----------------------------------------------------------------------------
                          0.00    0.00   clock clk (rise edge)
                          0.00    0.00   clock network delay (propagated)
                          4.00    4.00 ^ input external delay
                  0.04    0.02    4.02 ^ rst_n (in)
     1    0.00                           rst_n (net)
                  0.04    0.00    4.02 ^ input1/A (sky130_fd_sc_hd__clkbuf_2)
                  0.20    0.25    4.27 ^ input1/X (sky130_fd_sc_hd__clkbuf_2)
     4    0.02                           net1 (net)
                  0.20    0.00    4.27 ^ fanout15/A (sky130_fd_sc_hd__clkbuf_4)
                  0.22    0.40    4.67 ^ fanout15/X (sky130_fd_sc_hd__clkbuf_4)
    10    0.04                           net15 (net)
                  0.22    0.00    4.67 ^ _292_/RESET_B (sky130_fd_sc_hd__dfrtp_1)
                                  4.67   data arrival time

                          0.00    0.00   clock clk (rise edge)
                          0.00    0.00   clock source latency
                  0.11    0.07    0.07 ^ clk (in)
     1    0.01                           clk (net)
                  0.11    0.00    0.07 ^ clkbuf_0_clk/A (sky130_fd_sc_hd__clkbuf_16)
                  0.10    0.28    0.36 ^ clkbuf_0_clk/X (sky130_fd_sc_hd__clkbuf_16)
     4    0.04                           clknet_0_clk (net)
                  0.10    0.00    0.36 ^ clkbuf_2_0__f_clk/A (sky130_fd_sc_hd__clkbuf_16)
                  0.07    0.25    0.61 ^ clkbuf_2_0__f_clk/X (sky130_fd_sc_hd__clkbuf_16)
     9    0.03                           clknet_2_0__leaf_clk (net)
                  0.07    0.00    0.61 ^ _292_/CLK (sky130_fd_sc_hd__dfrtp_1)
                          0.25    0.86   clock uncertainty
                          0.00    0.86   clock reconvergence pessimism
                          0.70    1.57   library removal time
                                  1.57   data required time
-----------------------------------------------------------------------------
                                  1.57   data required time
                                 -4.67   data arrival time
-----------------------------------------------------------------------------
                                  3.10   slack (MET)


Startpoint: rst_n (input port clocked by clk)
Endpoint: _294_ (removal check against rising-edge clock clk)
Path Group: asynchronous
Path Type: min
Corner: Slowest

Fanout     Cap    Slew   Delay    Time   Description
-----------------------------------------------------------------------------
                          0.00    0.00   clock clk (rise edge)
                          0.00    0.00   clock network delay (propagated)
                          4.00    4.00 ^ input external delay
                  0.04    0.02    4.02 ^ rst_n (in)
     1    0.00                           rst_n (net)
                  0.04    0.00    4.02 ^ input1/A (sky130_fd_sc_hd__clkbuf_2)
                  0.20    0.25    4.27 ^ input1/X (sky130_fd_sc_hd__clkbuf_2)
     4    0.02                           net1 (net)
                  0.20    0.00    4.27 ^ fanout15/A (sky130_fd_sc_hd__clkbuf_4)
                  0.22    0.40    4.67 ^ fanout15/X (sky130_fd_sc_hd__clkbuf_4)
    10    0.04                           net15 (net)
                  0.22    0.00    4.67 ^ _294_/RESET_B (sky130_fd_sc_hd__dfrtp_1)
                                  4.67   data arrival time

                          0.00    0.00   clock clk (rise edge)
                          0.00    0.00   clock source latency
                  0.11    0.07    0.07 ^ clk (in)
     1    0.01                           clk (net)
                  0.11    0.00    0.07 ^ clkbuf_0_clk/A (sky130_fd_sc_hd__clkbuf_16)
                  0.10    0.28    0.36 ^ clkbuf_0_clk/X (sky130_fd_sc_hd__clkbuf_16)
     4    0.04                           clknet_0_clk (net)
                  0.10    0.00    0.36 ^ clkbuf_2_0__f_clk/A (sky130_fd_sc_hd__clkbuf_16)
                  0.07    0.25    0.61 ^ clkbuf_2_0__f_clk/X (sky130_fd_sc_hd__clkbuf_16)
     9    0.03                           clknet_2_0__leaf_clk (net)
                  0.07    0.00    0.61 ^ _294_/CLK (sky130_fd_sc_hd__dfrtp_1)
                          0.25    0.86   clock uncertainty
                          0.00    0.86   clock reconvergence pessimism
                          0.70    1.57   library removal time
                                  1.57   data required time
-----------------------------------------------------------------------------
                                  1.57   data required time
                                 -4.67   data arrival time
-----------------------------------------------------------------------------
                                  3.10   slack (MET)


Startpoint: rst_n (input port clocked by clk)
Endpoint: _293_ (removal check against rising-edge clock clk)
Path Group: asynchronous
Path Type: min
Corner: Slowest

Fanout     Cap    Slew   Delay    Time   Description
-----------------------------------------------------------------------------
                          0.00    0.00   clock clk (rise edge)
                          0.00    0.00   clock network delay (propagated)
                          4.00    4.00 ^ input external delay
                  0.04    0.02    4.02 ^ rst_n (in)
     1    0.00                           rst_n (net)
                  0.04    0.00    4.02 ^ input1/A (sky130_fd_sc_hd__clkbuf_2)
                  0.20    0.25    4.27 ^ input1/X (sky130_fd_sc_hd__clkbuf_2)
     4    0.02                           net1 (net)
                  0.20    0.00    4.27 ^ fanout15/A (sky130_fd_sc_hd__clkbuf_4)
                  0.22    0.40    4.67 ^ fanout15/X (sky130_fd_sc_hd__clkbuf_4)
    10    0.04                           net15 (net)
                  0.22    0.00    4.67 ^ _293_/RESET_B (sky130_fd_sc_hd__dfrtp_1)
                                  4.67   data arrival time

                          0.00    0.00   clock clk (rise edge)
                          0.00    0.00   clock source latency
                  0.11    0.07    0.07 ^ clk (in)
     1    0.01                           clk (net)
                  0.11    0.00    0.07 ^ clkbuf_0_clk/A (sky130_fd_sc_hd__clkbuf_16)
                  0.10    0.28    0.36 ^ clkbuf_0_clk/X (sky130_fd_sc_hd__clkbuf_16)
     4    0.04                           clknet_0_clk (net)
                  0.10    0.00    0.36 ^ clkbuf_2_0__f_clk/A (sky130_fd_sc_hd__clkbuf_16)
                  0.07    0.25    0.61 ^ clkbuf_2_0__f_clk/X (sky130_fd_sc_hd__clkbuf_16)
     9    0.03                           clknet_2_0__leaf_clk (net)
                  0.07    0.00    0.61 ^ _293_/CLK (sky130_fd_sc_hd__dfrtp_1)
                          0.25    0.86   clock uncertainty
                          0.00    0.86   clock reconvergence pessimism
                          0.70    1.57   library removal time
                                  1.57   data required time
-----------------------------------------------------------------------------
                                  1.57   data required time
                                 -4.67   data arrival time
-----------------------------------------------------------------------------
                                  3.10   slack (MET)


Startpoint: rst_n (input port clocked by clk)
Endpoint: _291_ (removal check against rising-edge clock clk)
Path Group: asynchronous
Path Type: min
Corner: Slowest

Fanout     Cap    Slew   Delay    Time   Description
-----------------------------------------------------------------------------
                          0.00    0.00   clock clk (rise edge)
                          0.00    0.00   clock network delay (propagated)
                          4.00    4.00 ^ input external delay
                  0.04    0.02    4.02 ^ rst_n (in)
     1    0.00                           rst_n (net)
                  0.04    0.00    4.02 ^ input1/A (sky130_fd_sc_hd__clkbuf_2)
                  0.20    0.25    4.27 ^ input1/X (sky130_fd_sc_hd__clkbuf_2)
     4    0.02                           net1 (net)
                  0.20    0.00    4.27 ^ fanout15/A (sky130_fd_sc_hd__clkbuf_4)
                  0.22    0.40    4.67 ^ fanout15/X (sky130_fd_sc_hd__clkbuf_4)
    10    0.04                           net15 (net)
                  0.22    0.00    4.67 ^ _291_/RESET_B (sky130_fd_sc_hd__dfrtp_1)
                                  4.67   data arrival time

                          0.00    0.00   clock clk (rise edge)
                          0.00    0.00   clock source latency
                  0.11    0.07    0.07 ^ clk (in)
     1    0.01                           clk (net)
                  0.11    0.00    0.07 ^ clkbuf_0_clk/A (sky130_fd_sc_hd__clkbuf_16)
                  0.10    0.28    0.36 ^ clkbuf_0_clk/X (sky130_fd_sc_hd__clkbuf_16)
     4    0.04                           clknet_0_clk (net)
                  0.10    0.00    0.36 ^ clkbuf_2_0__f_clk/A (sky130_fd_sc_hd__clkbuf_16)
                  0.07    0.25    0.61 ^ clkbuf_2_0__f_clk/X (sky130_fd_sc_hd__clkbuf_16)
     9    0.03                           clknet_2_0__leaf_clk (net)
                  0.07    0.00    0.61 ^ _291_/CLK (sky130_fd_sc_hd__dfrtp_1)
                          0.25    0.86   clock uncertainty
                          0.00    0.86   clock reconvergence pessimism
                          0.70    1.57   library removal time
                                  1.57   data required time
-----------------------------------------------------------------------------
                                  1.57   data required time
                                 -4.67   data arrival time
-----------------------------------------------------------------------------
                                  3.10   slack (MET)


Startpoint: rst_n (input port clocked by clk)
Endpoint: _272_ (removal check against rising-edge clock clk)
Path Group: asynchronous
Path Type: min
Corner: Slowest

Fanout     Cap    Slew   Delay    Time   Description
-----------------------------------------------------------------------------
                          0.00    0.00   clock clk (rise edge)
                          0.00    0.00   clock network delay (propagated)
                          4.00    4.00 ^ input external delay
                  0.04    0.02    4.02 ^ rst_n (in)
     1    0.00                           rst_n (net)
                  0.04    0.00    4.02 ^ input1/A (sky130_fd_sc_hd__clkbuf_2)
                  0.20    0.25    4.27 ^ input1/X (sky130_fd_sc_hd__clkbuf_2)
     4    0.02                           net1 (net)
                  0.20    0.00    4.27 ^ fanout15/A (sky130_fd_sc_hd__clkbuf_4)
                  0.22    0.40    4.67 ^ fanout15/X (sky130_fd_sc_hd__clkbuf_4)
    10    0.04                           net15 (net)
                  0.22    0.00    4.67 ^ _272_/RESET_B (sky130_fd_sc_hd__dfrtp_1)
                                  4.67   data arrival time

                          0.00    0.00   clock clk (rise edge)
                          0.00    0.00   clock source latency
                  0.11    0.07    0.07 ^ clk (in)
     1    0.01                           clk (net)
                  0.11    0.00    0.07 ^ clkbuf_0_clk/A (sky130_fd_sc_hd__clkbuf_16)
                  0.10    0.28    0.36 ^ clkbuf_0_clk/X (sky130_fd_sc_hd__clkbuf_16)
     4    0.04                           clknet_0_clk (net)
                  0.10    0.00    0.36 ^ clkbuf_2_2__f_clk/A (sky130_fd_sc_hd__clkbuf_16)
                  0.07    0.25    0.61 ^ clkbuf_2_2__f_clk/X (sky130_fd_sc_hd__clkbuf_16)
     8    0.02                           clknet_2_2__leaf_clk (net)
                  0.07    0.00    0.61 ^ _272_/CLK (sky130_fd_sc_hd__dfrtp_1)
                          0.25    0.86   clock uncertainty
                          0.00    0.86   clock reconvergence pessimism
                          0.70    1.56   library removal time
                                  1.56   data required time
-----------------------------------------------------------------------------
                                  1.56   data required time
                                 -4.67   data arrival time
-----------------------------------------------------------------------------
                                  3.11   slack (MET)


Startpoint: _273_ (rising edge-triggered flip-flop clocked by clk)
Endpoint: sleep_ack (output port clocked by clk)
Path Group: clk
Path Type: min
Corner: Slowest

Fanout     Cap    Slew   Delay    Time   Description
-----------------------------------------------------------------------------
                          0.00    0.00   clock clk (rise edge)
                          0.00    0.00   clock source latency
                  0.11    0.07    0.07 ^ clk (in)
     1    0.01                           clk (net)
                  0.11    0.00    0.07 ^ clkbuf_0_clk/A (sky130_fd_sc_hd__clkbuf_16)
                  0.10    0.26    0.32 ^ clkbuf_0_clk/X (sky130_fd_sc_hd__clkbuf_16)
     4    0.04                           clknet_0_clk (net)
                  0.10    0.00    0.32 ^ clkbuf_2_2__f_clk/A (sky130_fd_sc_hd__clkbuf_16)
                  0.07    0.23    0.55 ^ clkbuf_2_2__f_clk/X (sky130_fd_sc_hd__clkbuf_16)
     8    0.02                           clknet_2_2__leaf_clk (net)
                  0.07    0.00    0.55 ^ _273_/CLK (sky130_fd_sc_hd__dfrtp_2)
                  0.19    0.76    1.31 ^ _273_/Q (sky130_fd_sc_hd__dfrtp_2)
     5    0.02                           net12 (net)
                  0.19    0.00    1.31 ^ output12/A (sky130_fd_sc_hd__clkbuf_4)
                  0.18    0.36    1.68 ^ output12/X (sky130_fd_sc_hd__clkbuf_4)
     1    0.03                           sleep_ack (net)
                  0.18    0.00    1.68 ^ sleep_ack (out)
                                  1.68   data arrival time

                          0.00    0.00   clock clk (rise edge)
                          0.00    0.00   clock network delay (propagated)
                          0.25    0.25   clock uncertainty
                          0.00    0.25   clock reconvergence pessimism
                         -4.00   -3.75   output external delay
                                 -3.75   data required time
-----------------------------------------------------------------------------
                                 -3.75   data required time
                                 -1.68   data arrival time
-----------------------------------------------------------------------------
                                  5.43   slack (MET)


Startpoint: _288_ (rising edge-triggered flip-flop clocked by clk)
Endpoint: tx (output port clocked by clk)
Path Group: clk
Path Type: min
Corner: Slowest

Fanout     Cap    Slew   Delay    Time   Description
-----------------------------------------------------------------------------
                          0.00    0.00   clock clk (rise edge)
                          0.00    0.00   clock source latency
                  0.11    0.07    0.07 ^ clk (in)
     1    0.01                           clk (net)
                  0.11    0.00    0.07 ^ clkbuf_0_clk/A (sky130_fd_sc_hd__clkbuf_16)
                  0.10    0.26    0.32 ^ clkbuf_0_clk/X (sky130_fd_sc_hd__clkbuf_16)
     4    0.04                           clknet_0_clk (net)
                  0.10    0.00    0.32 ^ clkbuf_2_0__f_clk/A (sky130_fd_sc_hd__clkbuf_16)
                  0.07    0.23    0.55 ^ clkbuf_2_0__f_clk/X (sky130_fd_sc_hd__clkbuf_16)
     9    0.03                           clknet_2_0__leaf_clk (net)
                  0.07    0.00    0.55 ^ _288_/CLK (sky130_fd_sc_hd__dfrtp_1)
                  0.11    0.73    1.29 v _288_/Q (sky130_fd_sc_hd__dfrtp_1)
     2    0.01                           shift_reg[0] (net)
                  0.11    0.00    1.29 v _140_/A (sky130_fd_sc_hd__inv_2)
                  0.04    0.08    1.37 ^ _140_/Y (sky130_fd_sc_hd__inv_2)
     1    0.00                           _128_ (net)
                  0.04    0.00    1.37 ^ _142_/A2 (sky130_fd_sc_hd__o211ai_1)
                  0.20    0.21    1.58 v _142_/Y (sky130_fd_sc_hd__o211ai_1)
     1    0.01                           net13 (net)
                  0.20    0.00    1.58 v output13/A (sky130_fd_sc_hd__clkbuf_4)
                  0.14    0.37    1.94 v output13/X (sky130_fd_sc_hd__clkbuf_4)
     1    0.03                           tx (net)
                  0.14    0.00    1.94 v tx (out)
                                  1.94   data arrival time

                          0.00    0.00   clock clk (rise edge)
                          0.00    0.00   clock network delay (propagated)
                          0.25    0.25   clock uncertainty
                          0.00    0.25   clock reconvergence pessimism
                         -4.00   -3.75   output external delay
                                 -3.75   data required time
-----------------------------------------------------------------------------
                                 -3.75   data required time
                                 -1.94   data arrival time
-----------------------------------------------------------------------------
                                  5.69   slack (MET)


Startpoint: _273_ (rising edge-triggered flip-flop clocked by clk)
Endpoint: tx_busy (output port clocked by clk)
Path Group: clk
Path Type: min
Corner: Slowest

Fanout     Cap    Slew   Delay    Time   Description
-----------------------------------------------------------------------------
                          0.00    0.00   clock clk (rise edge)
                          0.00    0.00   clock source latency
                  0.11    0.07    0.07 ^ clk (in)
     1    0.01                           clk (net)
                  0.11    0.00    0.07 ^ clkbuf_0_clk/A (sky130_fd_sc_hd__clkbuf_16)
                  0.10    0.26    0.32 ^ clkbuf_0_clk/X (sky130_fd_sc_hd__clkbuf_16)
     4    0.04                           clknet_0_clk (net)
                  0.10    0.00    0.32 ^ clkbuf_2_2__f_clk/A (sky130_fd_sc_hd__clkbuf_16)
                  0.07    0.23    0.55 ^ clkbuf_2_2__f_clk/X (sky130_fd_sc_hd__clkbuf_16)
     8    0.02                           clknet_2_2__leaf_clk (net)
                  0.07    0.00    0.55 ^ _273_/CLK (sky130_fd_sc_hd__dfrtp_2)
                  0.19    0.76    1.31 ^ _273_/Q (sky130_fd_sc_hd__dfrtp_2)
     5    0.02                           net12 (net)
                  0.19    0.00    1.31 ^ _130_/A (sky130_fd_sc_hd__clkbuf_4)
                  0.20    0.38    1.69 ^ _130_/X (sky130_fd_sc_hd__clkbuf_4)
    10    0.04                           _120_ (net)
                  0.20    0.00    1.69 ^ _132_/A (sky130_fd_sc_hd__nor2_1)
                  0.13    0.19    1.88 v _132_/Y (sky130_fd_sc_hd__nor2_1)
     3    0.01                           net14 (net)
                  0.13    0.00    1.88 v output14/A (sky130_fd_sc_hd__clkbuf_4)
                  0.14    0.34    2.22 v output14/X (sky130_fd_sc_hd__clkbuf_4)
     1    0.03                           tx_busy (net)
                  0.14    0.00    2.22 v tx_busy (out)
                                  2.22   data arrival time

                          0.00    0.00   clock clk (rise edge)
                          0.00    0.00   clock network delay (propagated)
                          0.25    0.25   clock uncertainty
                          0.00    0.25   clock reconvergence pessimism
                         -4.00   -3.75   output external delay
                                 -3.75   data required time
-----------------------------------------------------------------------------
                                 -3.75   data required time
                                 -2.22   data arrival time
-----------------------------------------------------------------------------
                                  5.97   slack (MET)



======================= Typical Corner ===================================

Startpoint: _291_ (rising edge-triggered flip-flop clocked by clk)
Endpoint: _291_ (rising edge-triggered flip-flop clocked by clk)
Path Group: clk
Path Type: min
Corner: Typical

Fanout     Cap    Slew   Delay    Time   Description
-----------------------------------------------------------------------------
                          0.00    0.00   clock clk (rise edge)
                          0.00    0.00   clock source latency
                  0.07    0.04    0.04 ^ clk (in)
     1    0.01                           clk (net)
                  0.07    0.00    0.04 ^ clkbuf_0_clk/A (sky130_fd_sc_hd__clkbuf_16)
                  0.06    0.14    0.19 ^ clkbuf_0_clk/X (sky130_fd_sc_hd__clkbuf_16)
     4    0.04                           clknet_0_clk (net)
                  0.06    0.00    0.19 ^ clkbuf_2_0__f_clk/A (sky130_fd_sc_hd__clkbuf_16)
                  0.05    0.13    0.32 ^ clkbuf_2_0__f_clk/X (sky130_fd_sc_hd__clkbuf_16)
     9    0.03                           clknet_2_0__leaf_clk (net)
                  0.05    0.00    0.32 ^ _291_/CLK (sky130_fd_sc_hd__dfrtp_1)
                  0.06    0.31    0.63 ^ _291_/Q (sky130_fd_sc_hd__dfrtp_1)
     2    0.00                           shift_reg[3] (net)
                  0.06    0.00    0.63 ^ _244_/A0 (sky130_fd_sc_hd__mux2_1)
                  0.04    0.11    0.75 ^ _244_/X (sky130_fd_sc_hd__mux2_1)
     1    0.00                           _109_ (net)
                  0.04    0.00    0.75 ^ _245_/A (sky130_fd_sc_hd__clkbuf_1)
                  0.04    0.07    0.82 ^ _245_/X (sky130_fd_sc_hd__clkbuf_1)
     1    0.00                           _030_ (net)
                  0.04    0.00    0.82 ^ _291_/D (sky130_fd_sc_hd__dfrtp_1)
                                  0.82   data arrival time

                          0.00    0.00   clock clk (rise edge)
                          0.00    0.00   clock source latency
                  0.07    0.05    0.05 ^ clk (in)
     1    0.01                           clk (net)
                  0.07    0.00    0.05 ^ clkbuf_0_clk/A (sky130_fd_sc_hd__clkbuf_16)
                  0.06    0.16    0.21 ^ clkbuf_0_clk/X (sky130_fd_sc_hd__clkbuf_16)
     4    0.04                           clknet_0_clk (net)
                  0.06    0.00    0.21 ^ clkbuf_2_0__f_clk/A (sky130_fd_sc_hd__clkbuf_16)
                  0.05    0.15    0.35 ^ clkbuf_2_0__f_clk/X (sky130_fd_sc_hd__clkbuf_16)
     9    0.03                           clknet_2_0__leaf_clk (net)
                  0.05    0.00    0.35 ^ _291_/CLK (sky130_fd_sc_hd__dfrtp_1)
                          0.25    0.60   clock uncertainty
                         -0.03    0.57   clock reconvergence pessimism
                         -0.03    0.54   library hold time
                                  0.54   data required time
-----------------------------------------------------------------------------
                                  0.54   data required time
                                 -0.82   data arrival time
-----------------------------------------------------------------------------
                                  0.28   slack (MET)


Startpoint: _290_ (rising edge-triggered flip-flop clocked by clk)
Endpoint: _290_ (rising edge-triggered flip-flop clocked by clk)
Path Group: clk
Path Type: min
Corner: Typical

Fanout     Cap    Slew   Delay    Time   Description
-----------------------------------------------------------------------------
                          0.00    0.00   clock clk (rise edge)
                          0.00    0.00   clock source latency
                  0.07    0.04    0.04 ^ clk (in)
     1    0.01                           clk (net)
                  0.07    0.00    0.04 ^ clkbuf_0_clk/A (sky130_fd_sc_hd__clkbuf_16)
                  0.06    0.14    0.19 ^ clkbuf_0_clk/X (sky130_fd_sc_hd__clkbuf_16)
     4    0.04                           clknet_0_clk (net)
                  0.06    0.00    0.19 ^ clkbuf_2_0__f_clk/A (sky130_fd_sc_hd__clkbuf_16)
                  0.05    0.13    0.32 ^ clkbuf_2_0__f_clk/X (sky130_fd_sc_hd__clkbuf_16)
     9    0.03                           clknet_2_0__leaf_clk (net)
                  0.05    0.00    0.32 ^ _290_/CLK (sky130_fd_sc_hd__dfrtp_1)
                  0.06    0.32    0.64 ^ _290_/Q (sky130_fd_sc_hd__dfrtp_1)
     2    0.01                           shift_reg[2] (net)
                  0.06    0.00    0.64 ^ _241_/A0 (sky130_fd_sc_hd__mux2_1)
                  0.04    0.11    0.75 ^ _241_/X (sky130_fd_sc_hd__mux2_1)
     1    0.00                           _107_ (net)
                  0.04    0.00    0.75 ^ _242_/A (sky130_fd_sc_hd__clkbuf_1)
                  0.04    0.07    0.82 ^ _242_/X (sky130_fd_sc_hd__clkbuf_1)
     1    0.00                           _029_ (net)
                  0.04    0.00    0.82 ^ _290_/D (sky130_fd_sc_hd__dfrtp_1)
                                  0.82   data arrival time

                          0.00    0.00   clock clk (rise edge)
                          0.00    0.00   clock source latency
                  0.07    0.05    0.05 ^ clk (in)
     1    0.01                           clk (net)
                  0.07    0.00    0.05 ^ clkbuf_0_clk/A (sky130_fd_sc_hd__clkbuf_16)
                  0.06    0.16    0.21 ^ clkbuf_0_clk/X (sky130_fd_sc_hd__clkbuf_16)
     4    0.04                           clknet_0_clk (net)
                  0.06    0.00    0.21 ^ clkbuf_2_0__f_clk/A (sky130_fd_sc_hd__clkbuf_16)
                  0.05    0.15    0.35 ^ clkbuf_2_0__f_clk/X (sky130_fd_sc_hd__clkbuf_16)
     9    0.03                           clknet_2_0__leaf_clk (net)
                  0.05    0.00    0.35 ^ _290_/CLK (sky130_fd_sc_hd__dfrtp_1)
                          0.25    0.60   clock uncertainty
                         -0.03    0.57   clock reconvergence pessimism
                         -0.03    0.54   library hold time
                                  0.54   data required time
-----------------------------------------------------------------------------
                                  0.54   data required time
                                 -0.82   data arrival time
-----------------------------------------------------------------------------
                                  0.28   slack (MET)


Startpoint: _276_ (rising edge-triggered flip-flop clocked by clk)
Endpoint: _276_ (rising edge-triggered flip-flop clocked by clk)
Path Group: clk
Path Type: min
Corner: Typical

Fanout     Cap    Slew   Delay    Time   Description
-----------------------------------------------------------------------------
                          0.00    0.00   clock clk (rise edge)
                          0.00    0.00   clock source latency
                  0.07    0.04    0.04 ^ clk (in)
     1    0.01                           clk (net)
                  0.07    0.00    0.04 ^ clkbuf_0_clk/A (sky130_fd_sc_hd__clkbuf_16)
                  0.06    0.14    0.19 ^ clkbuf_0_clk/X (sky130_fd_sc_hd__clkbuf_16)
     4    0.04                           clknet_0_clk (net)
                  0.06    0.00    0.19 ^ clkbuf_2_2__f_clk/A (sky130_fd_sc_hd__clkbuf_16)
                  0.04    0.13    0.32 ^ clkbuf_2_2__f_clk/X (sky130_fd_sc_hd__clkbuf_16)
     8    0.02                           clknet_2_2__leaf_clk (net)
                  0.04    0.00    0.32 ^ _276_/CLK (sky130_fd_sc_hd__dfrtp_2)
                  0.10    0.37    0.69 ^ _276_/Q (sky130_fd_sc_hd__dfrtp_2)
     6    0.02                           idle_counter[2] (net)
                  0.10    0.00    0.69 ^ _193_/B2 (sky130_fd_sc_hd__a32o_1)
                  0.05    0.12    0.81 ^ _193_/X (sky130_fd_sc_hd__a32o_1)
     1    0.00                           _015_ (net)
                  0.05    0.00    0.81 ^ _276_/D (sky130_fd_sc_hd__dfrtp_2)
                                  0.81   data arrival time

                          0.00    0.00   clock clk (rise edge)
                          0.00    0.00   clock source latency
                  0.07    0.05    0.05 ^ clk (in)
     1    0.01                           clk (net)
                  0.07    0.00    0.05 ^ clkbuf_0_clk/A (sky130_fd_sc_hd__clkbuf_16)
                  0.06    0.16    0.21 ^ clkbuf_0_clk/X (sky130_fd_sc_hd__clkbuf_16)
     4    0.04                           clknet_0_clk (net)
                  0.06    0.00    0.21 ^ clkbuf_2_2__f_clk/A (sky130_fd_sc_hd__clkbuf_16)
                  0.04    0.14    0.35 ^ clkbuf_2_2__f_clk/X (sky130_fd_sc_hd__clkbuf_16)
     8    0.02                           clknet_2_2__leaf_clk (net)
                  0.04    0.00    0.35 ^ _276_/CLK (sky130_fd_sc_hd__dfrtp_2)
                          0.25    0.60   clock uncertainty
                         -0.03    0.57   clock reconvergence pessimism
                         -0.04    0.53   library hold time
                                  0.53   data required time
-----------------------------------------------------------------------------
                                  0.53   data required time
                                 -0.81   data arrival time
-----------------------------------------------------------------------------
                                  0.28   slack (MET)


Startpoint: _292_ (rising edge-triggered flip-flop clocked by clk)
Endpoint: _292_ (rising edge-triggered flip-flop clocked by clk)
Path Group: clk
Path Type: min
Corner: Typical

Fanout     Cap    Slew   Delay    Time   Description
-----------------------------------------------------------------------------
                          0.00    0.00   clock clk (rise edge)
                          0.00    0.00   clock source latency
                  0.07    0.04    0.04 ^ clk (in)
     1    0.01                           clk (net)
                  0.07    0.00    0.04 ^ clkbuf_0_clk/A (sky130_fd_sc_hd__clkbuf_16)
                  0.06    0.14    0.19 ^ clkbuf_0_clk/X (sky130_fd_sc_hd__clkbuf_16)
     4    0.04                           clknet_0_clk (net)
                  0.06    0.00    0.19 ^ clkbuf_2_0__f_clk/A (sky130_fd_sc_hd__clkbuf_16)
                  0.05    0.13    0.32 ^ clkbuf_2_0__f_clk/X (sky130_fd_sc_hd__clkbuf_16)
     9    0.03                           clknet_2_0__leaf_clk (net)
                  0.05    0.00    0.32 ^ _292_/CLK (sky130_fd_sc_hd__dfrtp_1)
                  0.06    0.31    0.63 ^ _292_/Q (sky130_fd_sc_hd__dfrtp_1)
     2    0.00                           shift_reg[4] (net)
                  0.06    0.00    0.63 ^ _247_/A0 (sky130_fd_sc_hd__mux2_1)
                  0.04    0.12    0.75 ^ _247_/X (sky130_fd_sc_hd__mux2_1)
     1    0.00                           _111_ (net)
                  0.04    0.00    0.75 ^ _248_/A (sky130_fd_sc_hd__clkbuf_1)
                  0.04    0.07    0.82 ^ _248_/X (sky130_fd_sc_hd__clkbuf_1)
     1    0.00                           _031_ (net)
                  0.04    0.00    0.82 ^ _292_/D (sky130_fd_sc_hd__dfrtp_1)
                                  0.82   data arrival time

                          0.00    0.00   clock clk (rise edge)
                          0.00    0.00   clock source latency
                  0.07    0.05    0.05 ^ clk (in)
     1    0.01                           clk (net)
                  0.07    0.00    0.05 ^ clkbuf_0_clk/A (sky130_fd_sc_hd__clkbuf_16)
                  0.06    0.16    0.21 ^ clkbuf_0_clk/X (sky130_fd_sc_hd__clkbuf_16)
     4    0.04                           clknet_0_clk (net)
                  0.06    0.00    0.21 ^ clkbuf_2_0__f_clk/A (sky130_fd_sc_hd__clkbuf_16)
                  0.05    0.15    0.35 ^ clkbuf_2_0__f_clk/X (sky130_fd_sc_hd__clkbuf_16)
     9    0.03                           clknet_2_0__leaf_clk (net)
                  0.05    0.00    0.35 ^ _292_/CLK (sky130_fd_sc_hd__dfrtp_1)
                          0.25    0.60   clock uncertainty
                         -0.03    0.57   clock reconvergence pessimism
                         -0.03    0.54   library hold time
                                  0.54   data required time
-----------------------------------------------------------------------------
                                  0.54   data required time
                                 -0.82   data arrival time
-----------------------------------------------------------------------------
                                  0.29   slack (MET)


Startpoint: _294_ (rising edge-triggered flip-flop clocked by clk)
Endpoint: _294_ (rising edge-triggered flip-flop clocked by clk)
Path Group: clk
Path Type: min
Corner: Typical

Fanout     Cap    Slew   Delay    Time   Description
-----------------------------------------------------------------------------
                          0.00    0.00   clock clk (rise edge)
                          0.00    0.00   clock source latency
                  0.07    0.04    0.04 ^ clk (in)
     1    0.01                           clk (net)
                  0.07    0.00    0.04 ^ clkbuf_0_clk/A (sky130_fd_sc_hd__clkbuf_16)
                  0.06    0.14    0.19 ^ clkbuf_0_clk/X (sky130_fd_sc_hd__clkbuf_16)
     4    0.04                           clknet_0_clk (net)
                  0.06    0.00    0.19 ^ clkbuf_2_0__f_clk/A (sky130_fd_sc_hd__clkbuf_16)
                  0.05    0.13    0.32 ^ clkbuf_2_0__f_clk/X (sky130_fd_sc_hd__clkbuf_16)
     9    0.03                           clknet_2_0__leaf_clk (net)
                  0.05    0.00    0.32 ^ _294_/CLK (sky130_fd_sc_hd__dfrtp_1)
                  0.06    0.32    0.64 ^ _294_/Q (sky130_fd_sc_hd__dfrtp_1)
     2    0.01                           shift_reg[6] (net)
                  0.06    0.00    0.64 ^ _253_/A0 (sky130_fd_sc_hd__mux2_1)
                  0.04    0.11    0.75 ^ _253_/X (sky130_fd_sc_hd__mux2_1)
     1    0.00                           _115_ (net)
                  0.04    0.00    0.75 ^ _254_/A (sky130_fd_sc_hd__clkbuf_1)
                  0.05    0.08    0.83 ^ _254_/X (sky130_fd_sc_hd__clkbuf_1)
     1    0.00                           _033_ (net)
                  0.05    0.00    0.83 ^ _294_/D (sky130_fd_sc_hd__dfrtp_1)
                                  0.83   data arrival time

                          0.00    0.00   clock clk (rise edge)
                          0.00    0.00   clock source latency
                  0.07    0.05    0.05 ^ clk (in)
     1    0.01                           clk (net)
                  0.07    0.00    0.05 ^ clkbuf_0_clk/A (sky130_fd_sc_hd__clkbuf_16)
                  0.06    0.16    0.21 ^ clkbuf_0_clk/X (sky130_fd_sc_hd__clkbuf_16)
     4    0.04                           clknet_0_clk (net)
                  0.06    0.00    0.21 ^ clkbuf_2_0__f_clk/A (sky130_fd_sc_hd__clkbuf_16)
                  0.05    0.15    0.35 ^ clkbuf_2_0__f_clk/X (sky130_fd_sc_hd__clkbuf_16)
     9    0.03                           clknet_2_0__leaf_clk (net)
                  0.05    0.00    0.35 ^ _294_/CLK (sky130_fd_sc_hd__dfrtp_1)
                          0.25    0.60   clock uncertainty
                         -0.03    0.57   clock reconvergence pessimism
                         -0.03    0.54   library hold time
                                  0.54   data required time
-----------------------------------------------------------------------------
                                  0.54   data required time
                                 -0.83   data arrival time
-----------------------------------------------------------------------------
                                  0.29   slack (MET)


Startpoint: _269_ (rising edge-triggered flip-flop clocked by clk)
Endpoint: _269_ (rising edge-triggered flip-flop clocked by clk)
Path Group: clk
Path Type: min
Corner: Typical

Fanout     Cap    Slew   Delay    Time   Description
-----------------------------------------------------------------------------
                          0.00    0.00   clock clk (rise edge)
                          0.00    0.00   clock source latency
                  0.07    0.04    0.04 ^ clk (in)
     1    0.01                           clk (net)
                  0.07    0.00    0.04 ^ clkbuf_0_clk/A (sky130_fd_sc_hd__clkbuf_16)
                  0.06    0.14    0.19 ^ clkbuf_0_clk/X (sky130_fd_sc_hd__clkbuf_16)
     4    0.04                           clknet_0_clk (net)
                  0.06    0.00    0.19 ^ clkbuf_2_1__f_clk/A (sky130_fd_sc_hd__clkbuf_16)
                  0.05    0.13    0.32 ^ clkbuf_2_1__f_clk/X (sky130_fd_sc_hd__clkbuf_16)
    11    0.03                           clknet_2_1__leaf_clk (net)
                  0.05    0.00    0.32 ^ _269_/CLK (sky130_fd_sc_hd__dfrtp_2)
                  0.10    0.37    0.70 ^ _269_/Q (sky130_fd_sc_hd__dfrtp_2)
     5    0.02                           baud_counter[7] (net)
                  0.10    0.00    0.70 ^ _165_/A2 (sky130_fd_sc_hd__a22o_1)
                  0.04    0.13    0.83 ^ _165_/X (sky130_fd_sc_hd__a22o_1)
     1    0.00                           _008_ (net)
                  0.04    0.00    0.83 ^ _269_/D (sky130_fd_sc_hd__dfrtp_2)
                                  0.83   data arrival time

                          0.00    0.00   clock clk (rise edge)
                          0.00    0.00   clock source latency
                  0.07    0.05    0.05 ^ clk (in)
     1    0.01                           clk (net)
                  0.07    0.00    0.05 ^ clkbuf_0_clk/A (sky130_fd_sc_hd__clkbuf_16)
                  0.06    0.16    0.21 ^ clkbuf_0_clk/X (sky130_fd_sc_hd__clkbuf_16)
     4    0.04                           clknet_0_clk (net)
                  0.06    0.00    0.21 ^ clkbuf_2_1__f_clk/A (sky130_fd_sc_hd__clkbuf_16)
                  0.05    0.15    0.36 ^ clkbuf_2_1__f_clk/X (sky130_fd_sc_hd__clkbuf_16)
    11    0.03                           clknet_2_1__leaf_clk (net)
                  0.05    0.00    0.36 ^ _269_/CLK (sky130_fd_sc_hd__dfrtp_2)
                          0.25    0.61   clock uncertainty
                         -0.03    0.57   clock reconvergence pessimism
                         -0.03    0.54   library hold time
                                  0.54   data required time
-----------------------------------------------------------------------------
                                  0.54   data required time
                                 -0.83   data arrival time
-----------------------------------------------------------------------------
                                  0.29   slack (MET)


Startpoint: _289_ (rising edge-triggered flip-flop clocked by clk)
Endpoint: _289_ (rising edge-triggered flip-flop clocked by clk)
Path Group: clk
Path Type: min
Corner: Typical

Fanout     Cap    Slew   Delay    Time   Description
-----------------------------------------------------------------------------
                          0.00    0.00   clock clk (rise edge)
                          0.00    0.00   clock source latency
                  0.07    0.04    0.04 ^ clk (in)
     1    0.01                           clk (net)
                  0.07    0.00    0.04 ^ clkbuf_0_clk/A (sky130_fd_sc_hd__clkbuf_16)
                  0.06    0.14    0.19 ^ clkbuf_0_clk/X (sky130_fd_sc_hd__clkbuf_16)
     4    0.04                           clknet_0_clk (net)
                  0.06    0.00    0.19 ^ clkbuf_2_0__f_clk/A (sky130_fd_sc_hd__clkbuf_16)
                  0.05    0.13    0.32 ^ clkbuf_2_0__f_clk/X (sky130_fd_sc_hd__clkbuf_16)
     9    0.03                           clknet_2_0__leaf_clk (net)
                  0.05    0.00    0.32 ^ _289_/CLK (sky130_fd_sc_hd__dfrtp_1)
                  0.07    0.32    0.64 ^ _289_/Q (sky130_fd_sc_hd__dfrtp_1)
     2    0.01                           shift_reg[1] (net)
                  0.07    0.00    0.64 ^ _238_/A0 (sky130_fd_sc_hd__mux2_1)
                  0.04    0.12    0.76 ^ _238_/X (sky130_fd_sc_hd__mux2_1)
     1    0.00                           _105_ (net)
                  0.04    0.00    0.76 ^ _239_/A (sky130_fd_sc_hd__clkbuf_1)
                  0.04    0.07    0.83 ^ _239_/X (sky130_fd_sc_hd__clkbuf_1)
     1    0.00                           _028_ (net)
                  0.04    0.00    0.83 ^ _289_/D (sky130_fd_sc_hd__dfrtp_1)
                                  0.83   data arrival time

                          0.00    0.00   clock clk (rise edge)
                          0.00    0.00   clock source latency
                  0.07    0.05    0.05 ^ clk (in)
     1    0.01                           clk (net)
                  0.07    0.00    0.05 ^ clkbuf_0_clk/A (sky130_fd_sc_hd__clkbuf_16)
                  0.06    0.16    0.21 ^ clkbuf_0_clk/X (sky130_fd_sc_hd__clkbuf_16)
     4    0.04                           clknet_0_clk (net)
                  0.06    0.00    0.21 ^ clkbuf_2_0__f_clk/A (sky130_fd_sc_hd__clkbuf_16)
                  0.05    0.15    0.35 ^ clkbuf_2_0__f_clk/X (sky130_fd_sc_hd__clkbuf_16)
     9    0.03                           clknet_2_0__leaf_clk (net)
                  0.05    0.00    0.35 ^ _289_/CLK (sky130_fd_sc_hd__dfrtp_1)
                          0.25    0.60   clock uncertainty
                         -0.03    0.57   clock reconvergence pessimism
                         -0.03    0.54   library hold time
                                  0.54   data required time
-----------------------------------------------------------------------------
                                  0.54   data required time
                                 -0.83   data arrival time
-----------------------------------------------------------------------------
                                  0.29   slack (MET)


Startpoint: _293_ (rising edge-triggered flip-flop clocked by clk)
Endpoint: _293_ (rising edge-triggered flip-flop clocked by clk)
Path Group: clk
Path Type: min
Corner: Typical

Fanout     Cap    Slew   Delay    Time   Description
-----------------------------------------------------------------------------
                          0.00    0.00   clock clk (rise edge)
                          0.00    0.00   clock source latency
                  0.07    0.04    0.04 ^ clk (in)
     1    0.01                           clk (net)
                  0.07    0.00    0.04 ^ clkbuf_0_clk/A (sky130_fd_sc_hd__clkbuf_16)
                  0.06    0.14    0.19 ^ clkbuf_0_clk/X (sky130_fd_sc_hd__clkbuf_16)
     4    0.04                           clknet_0_clk (net)
                  0.06    0.00    0.19 ^ clkbuf_2_0__f_clk/A (sky130_fd_sc_hd__clkbuf_16)
                  0.05    0.13    0.32 ^ clkbuf_2_0__f_clk/X (sky130_fd_sc_hd__clkbuf_16)
     9    0.03                           clknet_2_0__leaf_clk (net)
                  0.05    0.00    0.32 ^ _293_/CLK (sky130_fd_sc_hd__dfrtp_1)
                  0.07    0.32    0.64 ^ _293_/Q (sky130_fd_sc_hd__dfrtp_1)
     2    0.01                           shift_reg[5] (net)
                  0.07    0.00    0.64 ^ _250_/A0 (sky130_fd_sc_hd__mux2_1)
                  0.04    0.12    0.76 ^ _250_/X (sky130_fd_sc_hd__mux2_1)
     1    0.00                           _113_ (net)
                  0.04    0.00    0.76 ^ _251_/A (sky130_fd_sc_hd__clkbuf_1)
                  0.04    0.07    0.83 ^ _251_/X (sky130_fd_sc_hd__clkbuf_1)
     1    0.00                           _032_ (net)
                  0.04    0.00    0.83 ^ _293_/D (sky130_fd_sc_hd__dfrtp_1)
                                  0.83   data arrival time

                          0.00    0.00   clock clk (rise edge)
                          0.00    0.00   clock source latency
                  0.07    0.05    0.05 ^ clk (in)
     1    0.01                           clk (net)
                  0.07    0.00    0.05 ^ clkbuf_0_clk/A (sky130_fd_sc_hd__clkbuf_16)
                  0.06    0.16    0.21 ^ clkbuf_0_clk/X (sky130_fd_sc_hd__clkbuf_16)
     4    0.04                           clknet_0_clk (net)
                  0.06    0.00    0.21 ^ clkbuf_2_0__f_clk/A (sky130_fd_sc_hd__clkbuf_16)
                  0.05    0.15    0.35 ^ clkbuf_2_0__f_clk/X (sky130_fd_sc_hd__clkbuf_16)
     9    0.03                           clknet_2_0__leaf_clk (net)
                  0.05    0.00    0.35 ^ _293_/CLK (sky130_fd_sc_hd__dfrtp_1)
                          0.25    0.60   clock uncertainty
                         -0.03    0.57   clock reconvergence pessimism
                         -0.03    0.54   library hold time
                                  0.54   data required time
-----------------------------------------------------------------------------
                                  0.54   data required time
                                 -0.83   data arrival time
-----------------------------------------------------------------------------
                                  0.29   slack (MET)


Startpoint: _284_ (rising edge-triggered flip-flop clocked by clk)
Endpoint: _284_ (rising edge-triggered flip-flop clocked by clk)
Path Group: clk
Path Type: min
Corner: Typical

Fanout     Cap    Slew   Delay    Time   Description
-----------------------------------------------------------------------------
                          0.00    0.00   clock clk (rise edge)
                          0.00    0.00   clock source latency
                  0.07    0.04    0.04 ^ clk (in)
     1    0.01                           clk (net)
                  0.07    0.00    0.04 ^ clkbuf_0_clk/A (sky130_fd_sc_hd__clkbuf_16)
                  0.06    0.14    0.19 ^ clkbuf_0_clk/X (sky130_fd_sc_hd__clkbuf_16)
     4    0.04                           clknet_0_clk (net)
                  0.06    0.00    0.19 ^ clkbuf_2_1__f_clk/A (sky130_fd_sc_hd__clkbuf_16)
                  0.05    0.13    0.32 ^ clkbuf_2_1__f_clk/X (sky130_fd_sc_hd__clkbuf_16)
    11    0.03                           clknet_2_1__leaf_clk (net)
                  0.05    0.00    0.32 ^ _284_/CLK (sky130_fd_sc_hd__dfrtp_1)
                  0.13    0.37    0.69 ^ _284_/Q (sky130_fd_sc_hd__dfrtp_1)
     5    0.01                           bit_count[0] (net)
                  0.13    0.00    0.69 ^ _220_/A1 (sky130_fd_sc_hd__o21ba_1)
                  0.05    0.14    0.83 ^ _220_/X (sky130_fd_sc_hd__o21ba_1)
     1    0.00                           _023_ (net)
                  0.05    0.00    0.83 ^ _284_/D (sky130_fd_sc_hd__dfrtp_1)
                                  0.83   data arrival time

                          0.00    0.00   clock clk (rise edge)
                          0.00    0.00   clock source latency
                  0.07    0.05    0.05 ^ clk (in)
     1    0.01                           clk (net)
                  0.07    0.00    0.05 ^ clkbuf_0_clk/A (sky130_fd_sc_hd__clkbuf_16)
                  0.06    0.16    0.21 ^ clkbuf_0_clk/X (sky130_fd_sc_hd__clkbuf_16)
     4    0.04                           clknet_0_clk (net)
                  0.06    0.00    0.21 ^ clkbuf_2_1__f_clk/A (sky130_fd_sc_hd__clkbuf_16)
                  0.05    0.15    0.36 ^ clkbuf_2_1__f_clk/X (sky130_fd_sc_hd__clkbuf_16)
    11    0.03                           clknet_2_1__leaf_clk (net)
                  0.05    0.00    0.36 ^ _284_/CLK (sky130_fd_sc_hd__dfrtp_1)
                          0.25    0.61   clock uncertainty
                         -0.03    0.57   clock reconvergence pessimism
                         -0.03    0.54   library hold time
                                  0.54   data required time
-----------------------------------------------------------------------------
                                  0.54   data required time
                                 -0.83   data arrival time
-----------------------------------------------------------------------------
                                  0.29   slack (MET)


Startpoint: _288_ (rising edge-triggered flip-flop clocked by clk)
Endpoint: _288_ (rising edge-triggered flip-flop clocked by clk)
Path Group: clk
Path Type: min
Corner: Typical

Fanout     Cap    Slew   Delay    Time   Description
-----------------------------------------------------------------------------
                          0.00    0.00   clock clk (rise edge)
                          0.00    0.00   clock source latency
                  0.07    0.04    0.04 ^ clk (in)
     1    0.01                           clk (net)
                  0.07    0.00    0.04 ^ clkbuf_0_clk/A (sky130_fd_sc_hd__clkbuf_16)
                  0.06    0.14    0.19 ^ clkbuf_0_clk/X (sky130_fd_sc_hd__clkbuf_16)
     4    0.04                           clknet_0_clk (net)
                  0.06    0.00    0.19 ^ clkbuf_2_0__f_clk/A (sky130_fd_sc_hd__clkbuf_16)
                  0.05    0.13    0.32 ^ clkbuf_2_0__f_clk/X (sky130_fd_sc_hd__clkbuf_16)
     9    0.03                           clknet_2_0__leaf_clk (net)
                  0.05    0.00    0.32 ^ _288_/CLK (sky130_fd_sc_hd__dfrtp_1)
                  0.08    0.33    0.65 ^ _288_/Q (sky130_fd_sc_hd__dfrtp_1)
     2    0.01                           shift_reg[0] (net)
                  0.08    0.00    0.65 ^ _235_/A0 (sky130_fd_sc_hd__mux2_1)
                  0.04    0.12    0.77 ^ _235_/X (sky130_fd_sc_hd__mux2_1)
     1    0.00                           _103_ (net)
                  0.04    0.00    0.77 ^ _236_/A (sky130_fd_sc_hd__clkbuf_1)
                  0.04    0.07    0.84 ^ _236_/X (sky130_fd_sc_hd__clkbuf_1)
     1    0.00                           _027_ (net)
                  0.04    0.00    0.84 ^ _288_/D (sky130_fd_sc_hd__dfrtp_1)
                                  0.84   data arrival time

                          0.00    0.00   clock clk (rise edge)
                          0.00    0.00   clock source latency
                  0.07    0.05    0.05 ^ clk (in)
     1    0.01                           clk (net)
                  0.07    0.00    0.05 ^ clkbuf_0_clk/A (sky130_fd_sc_hd__clkbuf_16)
                  0.06    0.16    0.21 ^ clkbuf_0_clk/X (sky130_fd_sc_hd__clkbuf_16)
     4    0.04                           clknet_0_clk (net)
                  0.06    0.00    0.21 ^ clkbuf_2_0__f_clk/A (sky130_fd_sc_hd__clkbuf_16)
                  0.05    0.15    0.35 ^ clkbuf_2_0__f_clk/X (sky130_fd_sc_hd__clkbuf_16)
     9    0.03                           clknet_2_0__leaf_clk (net)
                  0.05    0.00    0.35 ^ _288_/CLK (sky130_fd_sc_hd__dfrtp_1)
                          0.25    0.60   clock uncertainty
                         -0.03    0.57   clock reconvergence pessimism
                         -0.03    0.54   library hold time
                                  0.54   data required time
-----------------------------------------------------------------------------
                                  0.54   data required time
                                 -0.84   data arrival time
-----------------------------------------------------------------------------
                                  0.31   slack (MET)


Startpoint: _298_ (rising edge-triggered flip-flop clocked by clk)
Endpoint: _297_ (rising edge-triggered flip-flop clocked by clk)
Path Group: clk
Path Type: min
Corner: Typical

Fanout     Cap    Slew   Delay    Time   Description
-----------------------------------------------------------------------------
                          0.00    0.00   clock clk (rise edge)
                          0.00    0.00   clock source latency
                  0.07    0.04    0.04 ^ clk (in)
     1    0.01                           clk (net)
                  0.07    0.00    0.04 ^ clkbuf_0_clk/A (sky130_fd_sc_hd__clkbuf_16)
                  0.06    0.14    0.19 ^ clkbuf_0_clk/X (sky130_fd_sc_hd__clkbuf_16)
     4    0.04                           clknet_0_clk (net)
                  0.06    0.00    0.19 ^ clkbuf_2_1__f_clk/A (sky130_fd_sc_hd__clkbuf_16)
                  0.05    0.13    0.32 ^ clkbuf_2_1__f_clk/X (sky130_fd_sc_hd__clkbuf_16)
    11    0.03                           clknet_2_1__leaf_clk (net)
                  0.05    0.00    0.32 ^ _298_/CLK (sky130_fd_sc_hd__dfrtp_1)
                  0.13    0.37    0.69 ^ _298_/Q (sky130_fd_sc_hd__dfrtp_1)
     4    0.01                           baud_tick (net)
                  0.13    0.00    0.69 ^ _261_/A1 (sky130_fd_sc_hd__a32o_1)
                  0.05    0.16    0.85 ^ _261_/X (sky130_fd_sc_hd__a32o_1)
     1    0.00                           _036_ (net)
                  0.05    0.00    0.85 ^ _297_/D (sky130_fd_sc_hd__dfrtp_4)
                                  0.85   data arrival time

                          0.00    0.00   clock clk (rise edge)
                          0.00    0.00   clock source latency
                  0.07    0.05    0.05 ^ clk (in)
     1    0.01                           clk (net)
                  0.07    0.00    0.05 ^ clkbuf_0_clk/A (sky130_fd_sc_hd__clkbuf_16)
                  0.06    0.16    0.21 ^ clkbuf_0_clk/X (sky130_fd_sc_hd__clkbuf_16)
     4    0.04                           clknet_0_clk (net)
                  0.06    0.00    0.21 ^ clkbuf_2_1__f_clk/A (sky130_fd_sc_hd__clkbuf_16)
                  0.05    0.15    0.36 ^ clkbuf_2_1__f_clk/X (sky130_fd_sc_hd__clkbuf_16)
    11    0.03                           clknet_2_1__leaf_clk (net)
                  0.05    0.00    0.36 ^ _297_/CLK (sky130_fd_sc_hd__dfrtp_4)
                          0.25    0.61   clock uncertainty
                         -0.03    0.57   clock reconvergence pessimism
                         -0.03    0.54   library hold time
                                  0.54   data required time
-----------------------------------------------------------------------------
                                  0.54   data required time
                                 -0.85   data arrival time
-----------------------------------------------------------------------------
                                  0.31   slack (MET)


Startpoint: _274_ (rising edge-triggered flip-flop clocked by clk)
Endpoint: _274_ (rising edge-triggered flip-flop clocked by clk)
Path Group: clk
Path Type: min
Corner: Typical

Fanout     Cap    Slew   Delay    Time   Description
-----------------------------------------------------------------------------
                          0.00    0.00   clock clk (rise edge)
                          0.00    0.00   clock source latency
                  0.07    0.04    0.04 ^ clk (in)
     1    0.01                           clk (net)
                  0.07    0.00    0.04 ^ clkbuf_0_clk/A (sky130_fd_sc_hd__clkbuf_16)
                  0.06    0.14    0.19 ^ clkbuf_0_clk/X (sky130_fd_sc_hd__clkbuf_16)
     4    0.04                           clknet_0_clk (net)
                  0.06    0.00    0.19 ^ clkbuf_2_2__f_clk/A (sky130_fd_sc_hd__clkbuf_16)
                  0.04    0.13    0.32 ^ clkbuf_2_2__f_clk/X (sky130_fd_sc_hd__clkbuf_16)
     8    0.02                           clknet_2_2__leaf_clk (net)
                  0.04    0.00    0.32 ^ _274_/CLK (sky130_fd_sc_hd__dfrtp_4)
                  0.10    0.42    0.74 ^ _274_/Q (sky130_fd_sc_hd__dfrtp_4)
     8    0.02                           idle_counter[0] (net)
                  0.10    0.00    0.74 ^ _183_/A1 (sky130_fd_sc_hd__o21a_1)
                  0.04    0.12    0.86 ^ _183_/X (sky130_fd_sc_hd__o21a_1)
     1    0.00                           _013_ (net)
                  0.04    0.00    0.86 ^ _274_/D (sky130_fd_sc_hd__dfrtp_4)
                                  0.86   data arrival time

                          0.00    0.00   clock clk (rise edge)
                          0.00    0.00   clock source latency
                  0.07    0.05    0.05 ^ clk (in)
     1    0.01                           clk (net)
                  0.07    0.00    0.05 ^ clkbuf_0_clk/A (sky130_fd_sc_hd__clkbuf_16)
                  0.06    0.16    0.21 ^ clkbuf_0_clk/X (sky130_fd_sc_hd__clkbuf_16)
     4    0.04                           clknet_0_clk (net)
                  0.06    0.00    0.21 ^ clkbuf_2_2__f_clk/A (sky130_fd_sc_hd__clkbuf_16)
                  0.04    0.14    0.35 ^ clkbuf_2_2__f_clk/X (sky130_fd_sc_hd__clkbuf_16)
     8    0.02                           clknet_2_2__leaf_clk (net)
                  0.04    0.00    0.35 ^ _274_/CLK (sky130_fd_sc_hd__dfrtp_4)
                          0.25    0.60   clock uncertainty
                         -0.03    0.57   clock reconvergence pessimism
                         -0.03    0.53   library hold time
                                  0.53   data required time
-----------------------------------------------------------------------------
                                  0.53   data required time
                                 -0.86   data arrival time
-----------------------------------------------------------------------------
                                  0.32   slack (MET)


Startpoint: _296_ (rising edge-triggered flip-flop clocked by clk)
Endpoint: _296_ (rising edge-triggered flip-flop clocked by clk)
Path Group: clk
Path Type: min
Corner: Typical

Fanout     Cap    Slew   Delay    Time   Description
-----------------------------------------------------------------------------
                          0.00    0.00   clock clk (rise edge)
                          0.00    0.00   clock source latency
                  0.07    0.04    0.04 ^ clk (in)
     1    0.01                           clk (net)
                  0.07    0.00    0.04 ^ clkbuf_0_clk/A (sky130_fd_sc_hd__clkbuf_16)
                  0.06    0.14    0.19 ^ clkbuf_0_clk/X (sky130_fd_sc_hd__clkbuf_16)
     4    0.04                           clknet_0_clk (net)
                  0.06    0.00    0.19 ^ clkbuf_2_1__f_clk/A (sky130_fd_sc_hd__clkbuf_16)
                  0.05    0.13    0.32 ^ clkbuf_2_1__f_clk/X (sky130_fd_sc_hd__clkbuf_16)
    11    0.03                           clknet_2_1__leaf_clk (net)
                  0.05    0.00    0.32 ^ _296_/CLK (sky130_fd_sc_hd__dfrtp_4)
                  0.10    0.43    0.75 ^ _296_/Q (sky130_fd_sc_hd__dfrtp_4)
     8    0.02                           state[0] (net)
                  0.10    0.00    0.75 ^ _260_/A1 (sky130_fd_sc_hd__a21o_1)
                  0.04    0.12    0.87 ^ _260_/X (sky130_fd_sc_hd__a21o_1)
     1    0.00                           _035_ (net)
                  0.04    0.00    0.87 ^ _296_/D (sky130_fd_sc_hd__dfrtp_4)
                                  0.87   data arrival time

                          0.00    0.00   clock clk (rise edge)
                          0.00    0.00   clock source latency
                  0.07    0.05    0.05 ^ clk (in)
     1    0.01                           clk (net)
                  0.07    0.00    0.05 ^ clkbuf_0_clk/A (sky130_fd_sc_hd__clkbuf_16)
                  0.06    0.16    0.21 ^ clkbuf_0_clk/X (sky130_fd_sc_hd__clkbuf_16)
     4    0.04                           clknet_0_clk (net)
                  0.06    0.00    0.21 ^ clkbuf_2_1__f_clk/A (sky130_fd_sc_hd__clkbuf_16)
                  0.05    0.15    0.36 ^ clkbuf_2_1__f_clk/X (sky130_fd_sc_hd__clkbuf_16)
    11    0.03                           clknet_2_1__leaf_clk (net)
                  0.05    0.00    0.36 ^ _296_/CLK (sky130_fd_sc_hd__dfrtp_4)
                          0.25    0.61   clock uncertainty
                         -0.03    0.57   clock reconvergence pessimism
                         -0.03    0.54   library hold time
                                  0.54   data required time
-----------------------------------------------------------------------------
                                  0.54   data required time
                                 -0.87   data arrival time
-----------------------------------------------------------------------------
                                  0.33   slack (MET)


Startpoint: _262_ (rising edge-triggered flip-flop clocked by clk)
Endpoint: _262_ (rising edge-triggered flip-flop clocked by clk)
Path Group: clk
Path Type: min
Corner: Typical

Fanout     Cap    Slew   Delay    Time   Description
-----------------------------------------------------------------------------
                          0.00    0.00   clock clk (rise edge)
                          0.00    0.00   clock source latency
                  0.07    0.04    0.04 ^ clk (in)
     1    0.01                           clk (net)
                  0.07    0.00    0.04 ^ clkbuf_0_clk/A (sky130_fd_sc_hd__clkbuf_16)
                  0.06    0.14    0.19 ^ clkbuf_0_clk/X (sky130_fd_sc_hd__clkbuf_16)
     4    0.04                           clknet_0_clk (net)
                  0.06    0.00    0.19 ^ clkbuf_2_3__f_clk/A (sky130_fd_sc_hd__clkbuf_16)
                  0.05    0.13    0.32 ^ clkbuf_2_3__f_clk/X (sky130_fd_sc_hd__clkbuf_16)
     9    0.03                           clknet_2_3__leaf_clk (net)
                  0.05    0.00    0.32 ^ _262_/CLK (sky130_fd_sc_hd__dfrtp_1)
                  0.09    0.34    0.66 ^ _262_/Q (sky130_fd_sc_hd__dfrtp_1)
     4    0.01                           baud_counter[0] (net)
                  0.09    0.00    0.67 ^ _143_/B (sky130_fd_sc_hd__and2b_1)
                  0.09    0.15    0.82 ^ _143_/X (sky130_fd_sc_hd__and2b_1)
     3    0.01                           _037_ (net)
                  0.09    0.00    0.82 ^ _145_/A (sky130_fd_sc_hd__nor2_1)
                  0.02    0.05    0.87 v _145_/Y (sky130_fd_sc_hd__nor2_1)
     1    0.00                           _001_ (net)
                  0.02    0.00    0.87 v _262_/D (sky130_fd_sc_hd__dfrtp_1)
                                  0.87   data arrival time

                          0.00    0.00   clock clk (rise edge)
                          0.00    0.00   clock source latency
                  0.07    0.05    0.05 ^ clk (in)
     1    0.01                           clk (net)
                  0.07    0.00    0.05 ^ clkbuf_0_clk/A (sky130_fd_sc_hd__clkbuf_16)
                  0.06    0.16    0.21 ^ clkbuf_0_clk/X (sky130_fd_sc_hd__clkbuf_16)
     4    0.04                           clknet_0_clk (net)
                  0.06    0.00    0.21 ^ clkbuf_2_3__f_clk/A (sky130_fd_sc_hd__clkbuf_16)
                  0.05    0.15    0.36 ^ clkbuf_2_3__f_clk/X (sky130_fd_sc_hd__clkbuf_16)
     9    0.03                           clknet_2_3__leaf_clk (net)
                  0.05    0.00    0.36 ^ _262_/CLK (sky130_fd_sc_hd__dfrtp_1)
                          0.25    0.61   clock uncertainty
                         -0.03    0.57   clock reconvergence pessimism
                         -0.03    0.54   library hold time
                                  0.54   data required time
-----------------------------------------------------------------------------
                                  0.54   data required time
                                 -0.87   data arrival time
-----------------------------------------------------------------------------
                                  0.33   slack (MET)


Startpoint: _272_ (rising edge-triggered flip-flop clocked by clk)
Endpoint: _272_ (rising edge-triggered flip-flop clocked by clk)
Path Group: clk
Path Type: min
Corner: Typical

Fanout     Cap    Slew   Delay    Time   Description
-----------------------------------------------------------------------------
                          0.00    0.00   clock clk (rise edge)
                          0.00    0.00   clock source latency
                  0.07    0.04    0.04 ^ clk (in)
     1    0.01                           clk (net)
                  0.07    0.00    0.04 ^ clkbuf_0_clk/A (sky130_fd_sc_hd__clkbuf_16)
                  0.06    0.14    0.19 ^ clkbuf_0_clk/X (sky130_fd_sc_hd__clkbuf_16)
     4    0.04                           clknet_0_clk (net)
                  0.06    0.00    0.19 ^ clkbuf_2_2__f_clk/A (sky130_fd_sc_hd__clkbuf_16)
                  0.04    0.13    0.32 ^ clkbuf_2_2__f_clk/X (sky130_fd_sc_hd__clkbuf_16)
     8    0.02                           clknet_2_2__leaf_clk (net)
                  0.04    0.00    0.32 ^ _272_/CLK (sky130_fd_sc_hd__dfrtp_1)
                  0.09    0.34    0.65 ^ _272_/Q (sky130_fd_sc_hd__dfrtp_1)
     4    0.01                           sleep_pending (net)
                  0.09    0.00    0.65 ^ _176_/A (sky130_fd_sc_hd__and2_1)
                  0.06    0.13    0.78 ^ _176_/X (sky130_fd_sc_hd__and2_1)
     1    0.00                           _060_ (net)
                  0.06    0.00    0.78 ^ _177_/A2 (sky130_fd_sc_hd__o21a_1)
                  0.04    0.10    0.88 ^ _177_/X (sky130_fd_sc_hd__o21a_1)
     1    0.00                           _011_ (net)
                  0.04    0.00    0.88 ^ _272_/D (sky130_fd_sc_hd__dfrtp_1)
                                  0.88   data arrival time

                          0.00    0.00   clock clk (rise edge)
                          0.00    0.00   clock source latency
                  0.07    0.05    0.05 ^ clk (in)
     1    0.01                           clk (net)
                  0.07    0.00    0.05 ^ clkbuf_0_clk/A (sky130_fd_sc_hd__clkbuf_16)
                  0.06    0.16    0.21 ^ clkbuf_0_clk/X (sky130_fd_sc_hd__clkbuf_16)
     4    0.04                           clknet_0_clk (net)
                  0.06    0.00    0.21 ^ clkbuf_2_2__f_clk/A (sky130_fd_sc_hd__clkbuf_16)
                  0.04    0.14    0.35 ^ clkbuf_2_2__f_clk/X (sky130_fd_sc_hd__clkbuf_16)
     8    0.02                           clknet_2_2__leaf_clk (net)
                  0.04    0.00    0.35 ^ _272_/CLK (sky130_fd_sc_hd__dfrtp_1)
                          0.25    0.60   clock uncertainty
                         -0.03    0.57   clock reconvergence pessimism
                         -0.03    0.53   library hold time
                                  0.53   data required time
-----------------------------------------------------------------------------
                                  0.53   data required time
                                 -0.88   data arrival time
-----------------------------------------------------------------------------
                                  0.35   slack (MET)


Startpoint: _265_ (rising edge-triggered flip-flop clocked by clk)
Endpoint: _265_ (rising edge-triggered flip-flop clocked by clk)
Path Group: clk
Path Type: min
Corner: Typical

Fanout     Cap    Slew   Delay    Time   Description
-----------------------------------------------------------------------------
                          0.00    0.00   clock clk (rise edge)
                          0.00    0.00   clock source latency
                  0.07    0.04    0.04 ^ clk (in)
     1    0.01                           clk (net)
                  0.07    0.00    0.04 ^ clkbuf_0_clk/A (sky130_fd_sc_hd__clkbuf_16)
                  0.06    0.14    0.19 ^ clkbuf_0_clk/X (sky130_fd_sc_hd__clkbuf_16)
     4    0.04                           clknet_0_clk (net)
                  0.06    0.00    0.19 ^ clkbuf_2_3__f_clk/A (sky130_fd_sc_hd__clkbuf_16)
                  0.05    0.13    0.32 ^ clkbuf_2_3__f_clk/X (sky130_fd_sc_hd__clkbuf_16)
     9    0.03                           clknet_2_3__leaf_clk (net)
                  0.05    0.00    0.32 ^ _265_/CLK (sky130_fd_sc_hd__dfrtp_1)
                  0.10    0.35    0.67 ^ _265_/Q (sky130_fd_sc_hd__dfrtp_1)
     3    0.01                           baud_counter[3] (net)
                  0.10    0.00    0.67 ^ _151_/A (sky130_fd_sc_hd__xor2_1)
                  0.05    0.09    0.76 v _151_/X (sky130_fd_sc_hd__xor2_1)
     1    0.01                           _042_ (net)
                  0.05    0.00    0.76 v _152_/B (sky130_fd_sc_hd__xnor2_1)
                  0.04    0.12    0.88 v _152_/Y (sky130_fd_sc_hd__xnor2_1)
     1    0.00                           _004_ (net)
                  0.04    0.00    0.88 v _265_/D (sky130_fd_sc_hd__dfrtp_1)
                                  0.88   data arrival time

                          0.00    0.00   clock clk (rise edge)
                          0.00    0.00   clock source latency
                  0.07    0.05    0.05 ^ clk (in)
     1    0.01                           clk (net)
                  0.07    0.00    0.05 ^ clkbuf_0_clk/A (sky130_fd_sc_hd__clkbuf_16)
                  0.06    0.16    0.21 ^ clkbuf_0_clk/X (sky130_fd_sc_hd__clkbuf_16)
     4    0.04                           clknet_0_clk (net)
                  0.06    0.00    0.21 ^ clkbuf_2_3__f_clk/A (sky130_fd_sc_hd__clkbuf_16)
                  0.05    0.15    0.36 ^ clkbuf_2_3__f_clk/X (sky130_fd_sc_hd__clkbuf_16)
     9    0.03                           clknet_2_3__leaf_clk (net)
                  0.05    0.00    0.36 ^ _265_/CLK (sky130_fd_sc_hd__dfrtp_1)
                          0.25    0.61   clock uncertainty
                         -0.03    0.57   clock reconvergence pessimism
                         -0.04    0.53   library hold time
                                  0.53   data required time
-----------------------------------------------------------------------------
                                  0.53   data required time
                                 -0.88   data arrival time
-----------------------------------------------------------------------------
                                  0.35   slack (MET)


Startpoint: _283_ (rising edge-triggered flip-flop clocked by clk)
Endpoint: _283_ (rising edge-triggered flip-flop clocked by clk)
Path Group: clk
Path Type: min
Corner: Typical

Fanout     Cap    Slew   Delay    Time   Description
-----------------------------------------------------------------------------
                          0.00    0.00   clock clk (rise edge)
                          0.00    0.00   clock source latency
                  0.07    0.04    0.04 ^ clk (in)
     1    0.01                           clk (net)
                  0.07    0.00    0.04 ^ clkbuf_0_clk/A (sky130_fd_sc_hd__clkbuf_16)
                  0.06    0.14    0.19 ^ clkbuf_0_clk/X (sky130_fd_sc_hd__clkbuf_16)
     4    0.04                           clknet_0_clk (net)
                  0.06    0.00    0.19 ^ clkbuf_2_2__f_clk/A (sky130_fd_sc_hd__clkbuf_16)
                  0.04    0.13    0.32 ^ clkbuf_2_2__f_clk/X (sky130_fd_sc_hd__clkbuf_16)
     8    0.02                           clknet_2_2__leaf_clk (net)
                  0.04    0.00    0.32 ^ _283_/CLK (sky130_fd_sc_hd__dfrtp_1)
                  0.12    0.36    0.68 ^ _283_/Q (sky130_fd_sc_hd__dfrtp_1)
     3    0.01                           idle_counter[9] (net)
                  0.12    0.00    0.68 ^ _213_/A (sky130_fd_sc_hd__and2_1)
                  0.05    0.13    0.81 ^ _213_/X (sky130_fd_sc_hd__and2_1)
     1    0.00                           _086_ (net)
                  0.05    0.00    0.81 ^ _214_/A (sky130_fd_sc_hd__clkbuf_1)
                  0.04    0.07    0.88 ^ _214_/X (sky130_fd_sc_hd__clkbuf_1)
     1    0.00                           _022_ (net)
                  0.04    0.00    0.88 ^ _283_/D (sky130_fd_sc_hd__dfrtp_1)
                                  0.88   data arrival time

                          0.00    0.00   clock clk (rise edge)
                          0.00    0.00   clock source latency
                  0.07    0.05    0.05 ^ clk (in)
     1    0.01                           clk (net)
                  0.07    0.00    0.05 ^ clkbuf_0_clk/A (sky130_fd_sc_hd__clkbuf_16)
                  0.06    0.16    0.21 ^ clkbuf_0_clk/X (sky130_fd_sc_hd__clkbuf_16)
     4    0.04                           clknet_0_clk (net)
                  0.06    0.00    0.21 ^ clkbuf_2_2__f_clk/A (sky130_fd_sc_hd__clkbuf_16)
                  0.04    0.14    0.35 ^ clkbuf_2_2__f_clk/X (sky130_fd_sc_hd__clkbuf_16)
     8    0.02                           clknet_2_2__leaf_clk (net)
                  0.04    0.00    0.35 ^ _283_/CLK (sky130_fd_sc_hd__dfrtp_1)
                          0.25    0.60   clock uncertainty
                         -0.03    0.57   clock reconvergence pessimism
                         -0.03    0.53   library hold time
                                  0.53   data required time
-----------------------------------------------------------------------------
                                  0.53   data required time
                                 -0.88   data arrival time
-----------------------------------------------------------------------------
                                  0.35   slack (MET)


Startpoint: _271_ (rising edge-triggered flip-flop clocked by clk)
Endpoint: _298_ (rising edge-triggered flip-flop clocked by clk)
Path Group: clk
Path Type: min
Corner: Typical

Fanout     Cap    Slew   Delay    Time   Description
-----------------------------------------------------------------------------
                          0.00    0.00   clock clk (rise edge)
                          0.00    0.00   clock source latency
                  0.07    0.04    0.04 ^ clk (in)
     1    0.01                           clk (net)
                  0.07    0.00    0.04 ^ clkbuf_0_clk/A (sky130_fd_sc_hd__clkbuf_16)
                  0.06    0.14    0.19 ^ clkbuf_0_clk/X (sky130_fd_sc_hd__clkbuf_16)
     4    0.04                           clknet_0_clk (net)
                  0.06    0.00    0.19 ^ clkbuf_2_3__f_clk/A (sky130_fd_sc_hd__clkbuf_16)
                  0.05    0.13    0.32 ^ clkbuf_2_3__f_clk/X (sky130_fd_sc_hd__clkbuf_16)
     9    0.03                           clknet_2_3__leaf_clk (net)
                  0.05    0.00    0.32 ^ _271_/CLK (sky130_fd_sc_hd__dfrtp_1)
                  0.06    0.31    0.64 ^ _271_/Q (sky130_fd_sc_hd__dfrtp_1)
     2    0.00                           baud_counter[9] (net)
                  0.06    0.00    0.64 ^ _135_/B (sky130_fd_sc_hd__or3b_1)
                  0.03    0.09    0.73 ^ _135_/X (sky130_fd_sc_hd__or3b_1)
     1    0.00                           _124_ (net)
                  0.03    0.00    0.73 ^ _138_/B (sky130_fd_sc_hd__or4_1)
                  0.09    0.13    0.86 ^ _138_/X (sky130_fd_sc_hd__or4_1)
     3    0.01                           _127_ (net)
                  0.09    0.00    0.86 ^ _139_/B (sky130_fd_sc_hd__nor2_1)
                  0.03    0.04    0.90 v _139_/Y (sky130_fd_sc_hd__nor2_1)
     1    0.00                           _000_ (net)
                  0.03    0.00    0.90 v _298_/D (sky130_fd_sc_hd__dfrtp_1)
                                  0.90   data arrival time

                          0.00    0.00   clock clk (rise edge)
                          0.00    0.00   clock source latency
                  0.07    0.05    0.05 ^ clk (in)
     1    0.01                           clk (net)
                  0.07    0.00    0.05 ^ clkbuf_0_clk/A (sky130_fd_sc_hd__clkbuf_16)
                  0.06    0.16    0.21 ^ clkbuf_0_clk/X (sky130_fd_sc_hd__clkbuf_16)
     4    0.04                           clknet_0_clk (net)
                  0.06    0.00    0.21 ^ clkbuf_2_1__f_clk/A (sky130_fd_sc_hd__clkbuf_16)
                  0.05    0.15    0.36 ^ clkbuf_2_1__f_clk/X (sky130_fd_sc_hd__clkbuf_16)
    11    0.03                           clknet_2_1__leaf_clk (net)
                  0.05    0.00    0.36 ^ _298_/CLK (sky130_fd_sc_hd__dfrtp_1)
                          0.25    0.61   clock uncertainty
                         -0.02    0.59   clock reconvergence pessimism
                         -0.04    0.55   library hold time
                                  0.55   data required time
-----------------------------------------------------------------------------
                                  0.55   data required time
                                 -0.90   data arrival time
-----------------------------------------------------------------------------
                                  0.35   slack (MET)


Startpoint: _281_ (rising edge-triggered flip-flop clocked by clk)
Endpoint: _281_ (rising edge-triggered flip-flop clocked by clk)
Path Group: clk
Path Type: min
Corner: Typical

Fanout     Cap    Slew   Delay    Time   Description
-----------------------------------------------------------------------------
                          0.00    0.00   clock clk (rise edge)
                          0.00    0.00   clock source latency
                  0.07    0.04    0.04 ^ clk (in)
     1    0.01                           clk (net)
                  0.07    0.00    0.04 ^ clkbuf_0_clk/A (sky130_fd_sc_hd__clkbuf_16)
                  0.06    0.14    0.19 ^ clkbuf_0_clk/X (sky130_fd_sc_hd__clkbuf_16)
     4    0.04                           clknet_0_clk (net)
                  0.06    0.00    0.19 ^ clkbuf_2_3__f_clk/A (sky130_fd_sc_hd__clkbuf_16)
                  0.05    0.13    0.32 ^ clkbuf_2_3__f_clk/X (sky130_fd_sc_hd__clkbuf_16)
     9    0.03                           clknet_2_3__leaf_clk (net)
                  0.05    0.00    0.32 ^ _281_/CLK (sky130_fd_sc_hd__dfrtp_1)
                  0.09    0.34    0.66 ^ _281_/Q (sky130_fd_sc_hd__dfrtp_1)
     3    0.01                           idle_counter[7] (net)
                  0.09    0.00    0.66 ^ _208_/B1 (sky130_fd_sc_hd__a21o_1)
                  0.04    0.09    0.75 ^ _208_/X (sky130_fd_sc_hd__a21o_1)
     1    0.00                           _083_ (net)
                  0.04    0.00    0.75 ^ _210_/A2 (sky130_fd_sc_hd__a32o_1)
                  0.05    0.14    0.89 ^ _210_/X (sky130_fd_sc_hd__a32o_1)
     1    0.00                           _020_ (net)
                  0.05    0.00    0.89 ^ _281_/D (sky130_fd_sc_hd__dfrtp_1)
                                  0.89   data arrival time

                          0.00    0.00   clock clk (rise edge)
                          0.00    0.00   clock source latency
                  0.07    0.05    0.05 ^ clk (in)
     1    0.01                           clk (net)
                  0.07    0.00    0.05 ^ clkbuf_0_clk/A (sky130_fd_sc_hd__clkbuf_16)
                  0.06    0.16    0.21 ^ clkbuf_0_clk/X (sky130_fd_sc_hd__clkbuf_16)
     4    0.04                           clknet_0_clk (net)
                  0.06    0.00    0.21 ^ clkbuf_2_3__f_clk/A (sky130_fd_sc_hd__clkbuf_16)
                  0.05    0.15    0.36 ^ clkbuf_2_3__f_clk/X (sky130_fd_sc_hd__clkbuf_16)
     9    0.03                           clknet_2_3__leaf_clk (net)
                  0.05    0.00    0.36 ^ _281_/CLK (sky130_fd_sc_hd__dfrtp_1)
                          0.25    0.61   clock uncertainty
                         -0.03    0.57   clock reconvergence pessimism
                         -0.04    0.54   library hold time
                                  0.54   data required time
-----------------------------------------------------------------------------
                                  0.54   data required time
                                 -0.89   data arrival time
-----------------------------------------------------------------------------
                                  0.35   slack (MET)


Startpoint: _263_ (rising edge-triggered flip-flop clocked by clk)
Endpoint: _263_ (rising edge-triggered flip-flop clocked by clk)
Path Group: clk
Path Type: min
Corner: Typical

Fanout     Cap    Slew   Delay    Time   Description
-----------------------------------------------------------------------------
                          0.00    0.00   clock clk (rise edge)
                          0.00    0.00   clock source latency
                  0.07    0.04    0.04 ^ clk (in)
     1    0.01                           clk (net)
                  0.07    0.00    0.04 ^ clkbuf_0_clk/A (sky130_fd_sc_hd__clkbuf_16)
                  0.06    0.14    0.19 ^ clkbuf_0_clk/X (sky130_fd_sc_hd__clkbuf_16)
     4    0.04                           clknet_0_clk (net)
                  0.06    0.00    0.19 ^ clkbuf_2_3__f_clk/A (sky130_fd_sc_hd__clkbuf_16)
                  0.05    0.13    0.32 ^ clkbuf_2_3__f_clk/X (sky130_fd_sc_hd__clkbuf_16)
     9    0.03                           clknet_2_3__leaf_clk (net)
                  0.05    0.00    0.32 ^ _263_/CLK (sky130_fd_sc_hd__dfrtp_1)
                  0.10    0.35    0.67 ^ _263_/Q (sky130_fd_sc_hd__dfrtp_1)
     4    0.01                           baud_counter[1] (net)
                  0.10    0.00    0.67 ^ _147_/A (sky130_fd_sc_hd__or2_1)
                  0.04    0.10    0.78 ^ _147_/X (sky130_fd_sc_hd__or2_1)
     1    0.00                           _040_ (net)
                  0.04    0.00    0.78 ^ _148_/C1 (sky130_fd_sc_hd__o211a_1)
                  0.04    0.12    0.89 ^ _148_/X (sky130_fd_sc_hd__o211a_1)
     1    0.00                           _002_ (net)
                  0.04    0.00    0.89 ^ _263_/D (sky130_fd_sc_hd__dfrtp_1)
                                  0.89   data arrival time

                          0.00    0.00   clock clk (rise edge)
                          0.00    0.00   clock source latency
                  0.07    0.05    0.05 ^ clk (in)
     1    0.01                           clk (net)
                  0.07    0.00    0.05 ^ clkbuf_0_clk/A (sky130_fd_sc_hd__clkbuf_16)
                  0.06    0.16    0.21 ^ clkbuf_0_clk/X (sky130_fd_sc_hd__clkbuf_16)
     4    0.04                           clknet_0_clk (net)
                  0.06    0.00    0.21 ^ clkbuf_2_3__f_clk/A (sky130_fd_sc_hd__clkbuf_16)
                  0.05    0.15    0.36 ^ clkbuf_2_3__f_clk/X (sky130_fd_sc_hd__clkbuf_16)
     9    0.03                           clknet_2_3__leaf_clk (net)
                  0.05    0.00    0.36 ^ _263_/CLK (sky130_fd_sc_hd__dfrtp_1)
                          0.25    0.61   clock uncertainty
                         -0.03    0.57   clock reconvergence pessimism
                         -0.03    0.54   library hold time
                                  0.54   data required time
-----------------------------------------------------------------------------
                                  0.54   data required time
                                 -0.89   data arrival time
-----------------------------------------------------------------------------
                                  0.35   slack (MET)


Startpoint: _263_ (rising edge-triggered flip-flop clocked by clk)
Endpoint: _264_ (rising edge-triggered flip-flop clocked by clk)
Path Group: clk
Path Type: min
Corner: Typical

Fanout     Cap    Slew   Delay    Time   Description
-----------------------------------------------------------------------------
                          0.00    0.00   clock clk (rise edge)
                          0.00    0.00   clock source latency
                  0.07    0.04    0.04 ^ clk (in)
     1    0.01                           clk (net)
                  0.07    0.00    0.04 ^ clkbuf_0_clk/A (sky130_fd_sc_hd__clkbuf_16)
                  0.06    0.14    0.19 ^ clkbuf_0_clk/X (sky130_fd_sc_hd__clkbuf_16)
     4    0.04                           clknet_0_clk (net)
                  0.06    0.00    0.19 ^ clkbuf_2_3__f_clk/A (sky130_fd_sc_hd__clkbuf_16)
                  0.05    0.13    0.32 ^ clkbuf_2_3__f_clk/X (sky130_fd_sc_hd__clkbuf_16)
     9    0.03                           clknet_2_3__leaf_clk (net)
                  0.05    0.00    0.32 ^ _263_/CLK (sky130_fd_sc_hd__dfrtp_1)
                  0.07    0.37    0.70 v _263_/Q (sky130_fd_sc_hd__dfrtp_1)
     4    0.01                           baud_counter[1] (net)
                  0.07    0.00    0.70 v _146_/A (sky130_fd_sc_hd__nand2_1)
                  0.12    0.12    0.81 ^ _146_/Y (sky130_fd_sc_hd__nand2_1)
     3    0.01                           _039_ (net)
                  0.12    0.00    0.81 ^ _149_/B (sky130_fd_sc_hd__xnor2_1)
                  0.04    0.07    0.89 v _149_/Y (sky130_fd_sc_hd__xnor2_1)
     1    0.00                           _003_ (net)
                  0.04    0.00    0.89 v _264_/D (sky130_fd_sc_hd__dfrtp_1)
                                  0.89   data arrival time

                          0.00    0.00   clock clk (rise edge)
                          0.00    0.00   clock source latency
                  0.07    0.05    0.05 ^ clk (in)
     1    0.01                           clk (net)
                  0.07    0.00    0.05 ^ clkbuf_0_clk/A (sky130_fd_sc_hd__clkbuf_16)
                  0.06    0.16    0.21 ^ clkbuf_0_clk/X (sky130_fd_sc_hd__clkbuf_16)
     4    0.04                           clknet_0_clk (net)
                  0.06    0.00    0.21 ^ clkbuf_2_3__f_clk/A (sky130_fd_sc_hd__clkbuf_16)
                  0.05    0.15    0.36 ^ clkbuf_2_3__f_clk/X (sky130_fd_sc_hd__clkbuf_16)
     9    0.03                           clknet_2_3__leaf_clk (net)
                  0.05    0.00    0.36 ^ _264_/CLK (sky130_fd_sc_hd__dfrtp_1)
                          0.25    0.61   clock uncertainty
                         -0.03    0.57   clock reconvergence pessimism
                         -0.04    0.53   library hold time
                                  0.53   data required time
-----------------------------------------------------------------------------
                                  0.53   data required time
                                 -0.89   data arrival time
-----------------------------------------------------------------------------
                                  0.36   slack (MET)


Startpoint: _280_ (rising edge-triggered flip-flop clocked by clk)
Endpoint: _280_ (rising edge-triggered flip-flop clocked by clk)
Path Group: clk
Path Type: min
Corner: Typical

Fanout     Cap    Slew   Delay    Time   Description
-----------------------------------------------------------------------------
                          0.00    0.00   clock clk (rise edge)
                          0.00    0.00   clock source latency
                  0.07    0.04    0.04 ^ clk (in)
     1    0.01                           clk (net)
                  0.07    0.00    0.04 ^ clkbuf_0_clk/A (sky130_fd_sc_hd__clkbuf_16)
                  0.06    0.14    0.19 ^ clkbuf_0_clk/X (sky130_fd_sc_hd__clkbuf_16)
     4    0.04                           clknet_0_clk (net)
                  0.06    0.00    0.19 ^ clkbuf_2_3__f_clk/A (sky130_fd_sc_hd__clkbuf_16)
                  0.05    0.13    0.32 ^ clkbuf_2_3__f_clk/X (sky130_fd_sc_hd__clkbuf_16)
     9    0.03                           clknet_2_3__leaf_clk (net)
                  0.05    0.00    0.32 ^ _280_/CLK (sky130_fd_sc_hd__dfrtp_1)
                  0.08    0.38    0.70 v _280_/Q (sky130_fd_sc_hd__dfrtp_1)
     5    0.01                           idle_counter[6] (net)
                  0.08    0.00    0.70 v _206_/A (sky130_fd_sc_hd__nand2_1)
                  0.04    0.06    0.77 ^ _206_/Y (sky130_fd_sc_hd__nand2_1)
     1    0.00                           _082_ (net)
                  0.04    0.00    0.77 ^ _207_/A3 (sky130_fd_sc_hd__a32o_1)
                  0.04    0.14    0.91 ^ _207_/X (sky130_fd_sc_hd__a32o_1)
     1    0.00                           _019_ (net)
                  0.04    0.00    0.91 ^ _280_/D (sky130_fd_sc_hd__dfrtp_1)
                                  0.91   data arrival time

                          0.00    0.00   clock clk (rise edge)
                          0.00    0.00   clock source latency
                  0.07    0.05    0.05 ^ clk (in)
     1    0.01                           clk (net)
                  0.07    0.00    0.05 ^ clkbuf_0_clk/A (sky130_fd_sc_hd__clkbuf_16)
                  0.06    0.16    0.21 ^ clkbuf_0_clk/X (sky130_fd_sc_hd__clkbuf_16)
     4    0.04                           clknet_0_clk (net)
                  0.06    0.00    0.21 ^ clkbuf_2_3__f_clk/A (sky130_fd_sc_hd__clkbuf_16)
                  0.05    0.15    0.36 ^ clkbuf_2_3__f_clk/X (sky130_fd_sc_hd__clkbuf_16)
     9    0.03                           clknet_2_3__leaf_clk (net)
                  0.05    0.00    0.36 ^ _280_/CLK (sky130_fd_sc_hd__dfrtp_1)
                          0.25    0.61   clock uncertainty
                         -0.03    0.57   clock reconvergence pessimism
                         -0.03    0.54   library hold time
                                  0.54   data required time
-----------------------------------------------------------------------------
                                  0.54   data required time
                                 -0.91   data arrival time
-----------------------------------------------------------------------------
                                  0.37   slack (MET)


Startpoint: _286_ (rising edge-triggered flip-flop clocked by clk)
Endpoint: _286_ (rising edge-triggered flip-flop clocked by clk)
Path Group: clk
Path Type: min
Corner: Typical

Fanout     Cap    Slew   Delay    Time   Description
-----------------------------------------------------------------------------
                          0.00    0.00   clock clk (rise edge)
                          0.00    0.00   clock source latency
                  0.07    0.04    0.04 ^ clk (in)
     1    0.01                           clk (net)
                  0.07    0.00    0.04 ^ clkbuf_0_clk/A (sky130_fd_sc_hd__clkbuf_16)
                  0.06    0.14    0.19 ^ clkbuf_0_clk/X (sky130_fd_sc_hd__clkbuf_16)
     4    0.04                           clknet_0_clk (net)
                  0.06    0.00    0.19 ^ clkbuf_2_1__f_clk/A (sky130_fd_sc_hd__clkbuf_16)
                  0.05    0.13    0.32 ^ clkbuf_2_1__f_clk/X (sky130_fd_sc_hd__clkbuf_16)
    11    0.03                           clknet_2_1__leaf_clk (net)
                  0.05    0.00    0.32 ^ _286_/CLK (sky130_fd_sc_hd__dfrtp_1)
                  0.07    0.32    0.65 ^ _286_/Q (sky130_fd_sc_hd__dfrtp_1)
     2    0.01                           bit_count[2] (net)
                  0.07    0.00    0.65 ^ _228_/B1 (sky130_fd_sc_hd__a31o_1)
                  0.04    0.09    0.73 ^ _228_/X (sky130_fd_sc_hd__a31o_1)
     1    0.00                           _098_ (net)
                  0.04    0.00    0.73 ^ _229_/B (sky130_fd_sc_hd__and2_1)
                  0.05    0.11    0.84 ^ _229_/X (sky130_fd_sc_hd__and2_1)
     1    0.00                           _099_ (net)
                  0.05    0.00    0.84 ^ _230_/A (sky130_fd_sc_hd__clkbuf_1)
                  0.04    0.07    0.92 ^ _230_/X (sky130_fd_sc_hd__clkbuf_1)
     1    0.00                           _025_ (net)
                  0.04    0.00    0.92 ^ _286_/D (sky130_fd_sc_hd__dfrtp_1)
                                  0.92   data arrival time

                          0.00    0.00   clock clk (rise edge)
                          0.00    0.00   clock source latency
                  0.07    0.05    0.05 ^ clk (in)
     1    0.01                           clk (net)
                  0.07    0.00    0.05 ^ clkbuf_0_clk/A (sky130_fd_sc_hd__clkbuf_16)
                  0.06    0.16    0.21 ^ clkbuf_0_clk/X (sky130_fd_sc_hd__clkbuf_16)
     4    0.04                           clknet_0_clk (net)
                  0.06    0.00    0.21 ^ clkbuf_2_1__f_clk/A (sky130_fd_sc_hd__clkbuf_16)
                  0.05    0.15    0.36 ^ clkbuf_2_1__f_clk/X (sky130_fd_sc_hd__clkbuf_16)
    11    0.03                           clknet_2_1__leaf_clk (net)
                  0.05    0.00    0.36 ^ _286_/CLK (sky130_fd_sc_hd__dfrtp_1)
                          0.25    0.61   clock uncertainty
                         -0.03    0.57   clock reconvergence pessimism
                         -0.03    0.54   library hold time
                                  0.54   data required time
-----------------------------------------------------------------------------
                                  0.54   data required time
                                 -0.92   data arrival time
-----------------------------------------------------------------------------
                                  0.38   slack (MET)


Startpoint: _277_ (rising edge-triggered flip-flop clocked by clk)
Endpoint: _277_ (rising edge-triggered flip-flop clocked by clk)
Path Group: clk
Path Type: min
Corner: Typical

Fanout     Cap    Slew   Delay    Time   Description
-----------------------------------------------------------------------------
                          0.00    0.00   clock clk (rise edge)
                          0.00    0.00   clock source latency
                  0.07    0.04    0.04 ^ clk (in)
     1    0.01                           clk (net)
                  0.07    0.00    0.04 ^ clkbuf_0_clk/A (sky130_fd_sc_hd__clkbuf_16)
                  0.06    0.14    0.19 ^ clkbuf_0_clk/X (sky130_fd_sc_hd__clkbuf_16)
     4    0.04                           clknet_0_clk (net)
                  0.06    0.00    0.19 ^ clkbuf_2_2__f_clk/A (sky130_fd_sc_hd__clkbuf_16)
                  0.04    0.13    0.32 ^ clkbuf_2_2__f_clk/X (sky130_fd_sc_hd__clkbuf_16)
     8    0.02                           clknet_2_2__leaf_clk (net)
                  0.04    0.00    0.32 ^ _277_/CLK (sky130_fd_sc_hd__dfrtp_1)
                  0.11    0.35    0.67 ^ _277_/Q (sky130_fd_sc_hd__dfrtp_1)
     4    0.01                           idle_counter[3] (net)
                  0.11    0.00    0.67 ^ _194_/B1 (sky130_fd_sc_hd__a31o_1)
                  0.05    0.11    0.77 ^ _194_/X (sky130_fd_sc_hd__a31o_1)
     1    0.00                           _073_ (net)
                  0.05    0.00    0.77 ^ _197_/A2 (sky130_fd_sc_hd__a32o_1)
                  0.05    0.14    0.91 ^ _197_/X (sky130_fd_sc_hd__a32o_1)
     1    0.00                           _016_ (net)
                  0.05    0.00    0.91 ^ _277_/D (sky130_fd_sc_hd__dfrtp_1)
                                  0.91   data arrival time

                          0.00    0.00   clock clk (rise edge)
                          0.00    0.00   clock source latency
                  0.07    0.05    0.05 ^ clk (in)
     1    0.01                           clk (net)
                  0.07    0.00    0.05 ^ clkbuf_0_clk/A (sky130_fd_sc_hd__clkbuf_16)
                  0.06    0.16    0.21 ^ clkbuf_0_clk/X (sky130_fd_sc_hd__clkbuf_16)
     4    0.04                           clknet_0_clk (net)
                  0.06    0.00    0.21 ^ clkbuf_2_2__f_clk/A (sky130_fd_sc_hd__clkbuf_16)
                  0.04    0.14    0.35 ^ clkbuf_2_2__f_clk/X (sky130_fd_sc_hd__clkbuf_16)
     8    0.02                           clknet_2_2__leaf_clk (net)
                  0.04    0.00    0.35 ^ _277_/CLK (sky130_fd_sc_hd__dfrtp_1)
                          0.25    0.60   clock uncertainty
                         -0.03    0.57   clock reconvergence pessimism
                         -0.03    0.53   library hold time
                                  0.53   data required time
-----------------------------------------------------------------------------
                                  0.53   data required time
                                 -0.91   data arrival time
-----------------------------------------------------------------------------
                                  0.38   slack (MET)


Startpoint: _267_ (rising edge-triggered flip-flop clocked by clk)
Endpoint: _267_ (rising edge-triggered flip-flop clocked by clk)
Path Group: clk
Path Type: min
Corner: Typical

Fanout     Cap    Slew   Delay    Time   Description
-----------------------------------------------------------------------------
                          0.00    0.00   clock clk (rise edge)
                          0.00    0.00   clock source latency
                  0.07    0.04    0.04 ^ clk (in)
     1    0.01                           clk (net)
                  0.07    0.00    0.04 ^ clkbuf_0_clk/A (sky130_fd_sc_hd__clkbuf_16)
                  0.06    0.14    0.19 ^ clkbuf_0_clk/X (sky130_fd_sc_hd__clkbuf_16)
     4    0.04                           clknet_0_clk (net)
                  0.06    0.00    0.19 ^ clkbuf_2_1__f_clk/A (sky130_fd_sc_hd__clkbuf_16)
                  0.05    0.13    0.32 ^ clkbuf_2_1__f_clk/X (sky130_fd_sc_hd__clkbuf_16)
    11    0.03                           clknet_2_1__leaf_clk (net)
                  0.05    0.00    0.32 ^ _267_/CLK (sky130_fd_sc_hd__dfrtp_1)
                  0.12    0.36    0.68 ^ _267_/Q (sky130_fd_sc_hd__dfrtp_1)
     4    0.01                           baud_counter[5] (net)
                  0.12    0.00    0.68 ^ _158_/B1 (sky130_fd_sc_hd__a21o_1)
                  0.04    0.10    0.78 ^ _158_/X (sky130_fd_sc_hd__a21o_1)
     1    0.00                           _047_ (net)
                  0.04    0.00    0.78 ^ _160_/A2 (sky130_fd_sc_hd__a32o_1)
                  0.05    0.14    0.92 ^ _160_/X (sky130_fd_sc_hd__a32o_1)
     1    0.00                           _006_ (net)
                  0.05    0.00    0.92 ^ _267_/D (sky130_fd_sc_hd__dfrtp_1)
                                  0.92   data arrival time

                          0.00    0.00   clock clk (rise edge)
                          0.00    0.00   clock source latency
                  0.07    0.05    0.05 ^ clk (in)
     1    0.01                           clk (net)
                  0.07    0.00    0.05 ^ clkbuf_0_clk/A (sky130_fd_sc_hd__clkbuf_16)
                  0.06    0.16    0.21 ^ clkbuf_0_clk/X (sky130_fd_sc_hd__clkbuf_16)
     4    0.04                           clknet_0_clk (net)
                  0.06    0.00    0.21 ^ clkbuf_2_1__f_clk/A (sky130_fd_sc_hd__clkbuf_16)
                  0.05    0.15    0.36 ^ clkbuf_2_1__f_clk/X (sky130_fd_sc_hd__clkbuf_16)
    11    0.03                           clknet_2_1__leaf_clk (net)
                  0.05    0.00    0.36 ^ _267_/CLK (sky130_fd_sc_hd__dfrtp_1)
                          0.25    0.61   clock uncertainty
                         -0.03    0.57   clock reconvergence pessimism
                         -0.03    0.54   library hold time
                                  0.54   data required time
-----------------------------------------------------------------------------
                                  0.54   data required time
                                 -0.92   data arrival time
-----------------------------------------------------------------------------
                                  0.38   slack (MET)


Startpoint: _270_ (rising edge-triggered flip-flop clocked by clk)
Endpoint: _270_ (rising edge-triggered flip-flop clocked by clk)
Path Group: clk
Path Type: min
Corner: Typical

Fanout     Cap    Slew   Delay    Time   Description
-----------------------------------------------------------------------------
                          0.00    0.00   clock clk (rise edge)
                          0.00    0.00   clock source latency
                  0.07    0.04    0.04 ^ clk (in)
     1    0.01                           clk (net)
                  0.07    0.00    0.04 ^ clkbuf_0_clk/A (sky130_fd_sc_hd__clkbuf_16)
                  0.06    0.14    0.19 ^ clkbuf_0_clk/X (sky130_fd_sc_hd__clkbuf_16)
     4    0.04                           clknet_0_clk (net)
                  0.06    0.00    0.19 ^ clkbuf_2_1__f_clk/A (sky130_fd_sc_hd__clkbuf_16)
                  0.05    0.13    0.32 ^ clkbuf_2_1__f_clk/X (sky130_fd_sc_hd__clkbuf_16)
    11    0.03                           clknet_2_1__leaf_clk (net)
                  0.05    0.00    0.32 ^ _270_/CLK (sky130_fd_sc_hd__dfrtp_1)
                  0.12    0.36    0.68 ^ _270_/Q (sky130_fd_sc_hd__dfrtp_1)
     3    0.01                           baud_counter[8] (net)
                  0.12    0.00    0.68 ^ _166_/B1 (sky130_fd_sc_hd__a21o_1)
                  0.04    0.09    0.78 ^ _166_/X (sky130_fd_sc_hd__a21o_1)
     1    0.00                           _052_ (net)
                  0.04    0.00    0.78 ^ _169_/A2 (sky130_fd_sc_hd__a32o_1)
                  0.05    0.15    0.92 ^ _169_/X (sky130_fd_sc_hd__a32o_1)
     1    0.00                           _009_ (net)
                  0.05    0.00    0.92 ^ _270_/D (sky130_fd_sc_hd__dfrtp_1)
                                  0.92   data arrival time

                          0.00    0.00   clock clk (rise edge)
                          0.00    0.00   clock source latency
                  0.07    0.05    0.05 ^ clk (in)
     1    0.01                           clk (net)
                  0.07    0.00    0.05 ^ clkbuf_0_clk/A (sky130_fd_sc_hd__clkbuf_16)
                  0.06    0.16    0.21 ^ clkbuf_0_clk/X (sky130_fd_sc_hd__clkbuf_16)
     4    0.04                           clknet_0_clk (net)
                  0.06    0.00    0.21 ^ clkbuf_2_1__f_clk/A (sky130_fd_sc_hd__clkbuf_16)
                  0.05    0.15    0.36 ^ clkbuf_2_1__f_clk/X (sky130_fd_sc_hd__clkbuf_16)
    11    0.03                           clknet_2_1__leaf_clk (net)
                  0.05    0.00    0.36 ^ _270_/CLK (sky130_fd_sc_hd__dfrtp_1)
                          0.25    0.61   clock uncertainty
                         -0.03    0.57   clock reconvergence pessimism
                         -0.04    0.54   library hold time
                                  0.54   data required time
-----------------------------------------------------------------------------
                                  0.54   data required time
                                 -0.92   data arrival time
-----------------------------------------------------------------------------
                                  0.39   slack (MET)


Startpoint: _285_ (rising edge-triggered flip-flop clocked by clk)
Endpoint: _285_ (rising edge-triggered flip-flop clocked by clk)
Path Group: clk
Path Type: min
Corner: Typical

Fanout     Cap    Slew   Delay    Time   Description
-----------------------------------------------------------------------------
                          0.00    0.00   clock clk (rise edge)
                          0.00    0.00   clock source latency
                  0.07    0.04    0.04 ^ clk (in)
     1    0.01                           clk (net)
                  0.07    0.00    0.04 ^ clkbuf_0_clk/A (sky130_fd_sc_hd__clkbuf_16)
                  0.06    0.14    0.19 ^ clkbuf_0_clk/X (sky130_fd_sc_hd__clkbuf_16)
     4    0.04                           clknet_0_clk (net)
                  0.06    0.00    0.19 ^ clkbuf_2_1__f_clk/A (sky130_fd_sc_hd__clkbuf_16)
                  0.05    0.13    0.32 ^ clkbuf_2_1__f_clk/X (sky130_fd_sc_hd__clkbuf_16)
    11    0.03                           clknet_2_1__leaf_clk (net)
                  0.05    0.00    0.32 ^ _285_/CLK (sky130_fd_sc_hd__dfrtp_1)
                  0.10    0.35    0.67 ^ _285_/Q (sky130_fd_sc_hd__dfrtp_1)
     4    0.01                           bit_count[1] (net)
                  0.10    0.00    0.67 ^ _222_/A2 (sky130_fd_sc_hd__a21oi_1)
                  0.04    0.08    0.75 v _222_/Y (sky130_fd_sc_hd__a21oi_1)
     1    0.00                           _093_ (net)
                  0.04    0.00    0.75 v _225_/B1 (sky130_fd_sc_hd__o22a_1)
                  0.04    0.17    0.92 v _225_/X (sky130_fd_sc_hd__o22a_1)
     1    0.00                           _024_ (net)
                  0.04    0.00    0.92 v _285_/D (sky130_fd_sc_hd__dfrtp_1)
                                  0.92   data arrival time

                          0.00    0.00   clock clk (rise edge)
                          0.00    0.00   clock source latency
                  0.07    0.05    0.05 ^ clk (in)
     1    0.01                           clk (net)
                  0.07    0.00    0.05 ^ clkbuf_0_clk/A (sky130_fd_sc_hd__clkbuf_16)
                  0.06    0.16    0.21 ^ clkbuf_0_clk/X (sky130_fd_sc_hd__clkbuf_16)
     4    0.04                           clknet_0_clk (net)
                  0.06    0.00    0.21 ^ clkbuf_2_1__f_clk/A (sky130_fd_sc_hd__clkbuf_16)
                  0.05    0.15    0.36 ^ clkbuf_2_1__f_clk/X (sky130_fd_sc_hd__clkbuf_16)
    11    0.03                           clknet_2_1__leaf_clk (net)
                  0.05    0.00    0.36 ^ _285_/CLK (sky130_fd_sc_hd__dfrtp_1)
                          0.25    0.61   clock uncertainty
                         -0.03    0.57   clock reconvergence pessimism
                         -0.04    0.53   library hold time
                                  0.53   data required time
-----------------------------------------------------------------------------
                                  0.53   data required time
                                 -0.92   data arrival time
-----------------------------------------------------------------------------
                                  0.39   slack (MET)


Startpoint: _278_ (rising edge-triggered flip-flop clocked by clk)
Endpoint: _278_ (rising edge-triggered flip-flop clocked by clk)
Path Group: clk
Path Type: min
Corner: Typical

Fanout     Cap    Slew   Delay    Time   Description
-----------------------------------------------------------------------------
                          0.00    0.00   clock clk (rise edge)
                          0.00    0.00   clock source latency
                  0.07    0.04    0.04 ^ clk (in)
     1    0.01                           clk (net)
                  0.07    0.00    0.04 ^ clkbuf_0_clk/A (sky130_fd_sc_hd__clkbuf_16)
                  0.06    0.14    0.19 ^ clkbuf_0_clk/X (sky130_fd_sc_hd__clkbuf_16)
     4    0.04                           clknet_0_clk (net)
                  0.06    0.00    0.19 ^ clkbuf_2_3__f_clk/A (sky130_fd_sc_hd__clkbuf_16)
                  0.05    0.13    0.32 ^ clkbuf_2_3__f_clk/X (sky130_fd_sc_hd__clkbuf_16)
     9    0.03                           clknet_2_3__leaf_clk (net)
                  0.05    0.00    0.32 ^ _278_/CLK (sky130_fd_sc_hd__dfrtp_1)
                  0.12    0.36    0.68 ^ _278_/Q (sky130_fd_sc_hd__dfrtp_1)
     5    0.01                           idle_counter[4] (net)
                  0.12    0.00    0.68 ^ _198_/A (sky130_fd_sc_hd__or2_1)
                  0.05    0.12    0.80 ^ _198_/X (sky130_fd_sc_hd__or2_1)
     1    0.00                           _076_ (net)
                  0.05    0.00    0.80 ^ _200_/A2 (sky130_fd_sc_hd__a32o_1)
                  0.05    0.14    0.94 ^ _200_/X (sky130_fd_sc_hd__a32o_1)
     1    0.00                           _017_ (net)
                  0.05    0.00    0.94 ^ _278_/D (sky130_fd_sc_hd__dfrtp_1)
                                  0.94   data arrival time

                          0.00    0.00   clock clk (rise edge)
                          0.00    0.00   clock source latency
                  0.07    0.05    0.05 ^ clk (in)
     1    0.01                           clk (net)
                  0.07    0.00    0.05 ^ clkbuf_0_clk/A (sky130_fd_sc_hd__clkbuf_16)
                  0.06    0.16    0.21 ^ clkbuf_0_clk/X (sky130_fd_sc_hd__clkbuf_16)
     4    0.04                           clknet_0_clk (net)
                  0.06    0.00    0.21 ^ clkbuf_2_3__f_clk/A (sky130_fd_sc_hd__clkbuf_16)
                  0.05    0.15    0.36 ^ clkbuf_2_3__f_clk/X (sky130_fd_sc_hd__clkbuf_16)
     9    0.03                           clknet_2_3__leaf_clk (net)
                  0.05    0.00    0.36 ^ _278_/CLK (sky130_fd_sc_hd__dfrtp_1)
                          0.25    0.61   clock uncertainty
                         -0.03    0.57   clock reconvergence pessimism
                         -0.03    0.54   library hold time
                                  0.54   data required time
-----------------------------------------------------------------------------
                                  0.54   data required time
                                 -0.94   data arrival time
-----------------------------------------------------------------------------
                                  0.41   slack (MET)


Startpoint: _279_ (rising edge-triggered flip-flop clocked by clk)
Endpoint: _279_ (rising edge-triggered flip-flop clocked by clk)
Path Group: clk
Path Type: min
Corner: Typical

Fanout     Cap    Slew   Delay    Time   Description
-----------------------------------------------------------------------------
                          0.00    0.00   clock clk (rise edge)
                          0.00    0.00   clock source latency
                  0.07    0.04    0.04 ^ clk (in)
     1    0.01                           clk (net)
                  0.07    0.00    0.04 ^ clkbuf_0_clk/A (sky130_fd_sc_hd__clkbuf_16)
                  0.06    0.14    0.19 ^ clkbuf_0_clk/X (sky130_fd_sc_hd__clkbuf_16)
     4    0.04                           clknet_0_clk (net)
                  0.06    0.00    0.19 ^ clkbuf_2_3__f_clk/A (sky130_fd_sc_hd__clkbuf_16)
                  0.05    0.13    0.32 ^ clkbuf_2_3__f_clk/X (sky130_fd_sc_hd__clkbuf_16)
     9    0.03                           clknet_2_3__leaf_clk (net)
                  0.05    0.00    0.32 ^ _279_/CLK (sky130_fd_sc_hd__dfrtp_1)
                  0.11    0.36    0.68 ^ _279_/Q (sky130_fd_sc_hd__dfrtp_1)
     4    0.01                           idle_counter[5] (net)
                  0.11    0.00    0.68 ^ _201_/A (sky130_fd_sc_hd__inv_2)
                  0.03    0.03    0.71 v _201_/Y (sky130_fd_sc_hd__inv_2)
     1    0.00                           _078_ (net)
                  0.03    0.00    0.71 v _203_/A1 (sky130_fd_sc_hd__a21oi_1)
                  0.09    0.11    0.82 ^ _203_/Y (sky130_fd_sc_hd__a21oi_1)
     1    0.00                           _080_ (net)
                  0.09    0.00    0.82 ^ _204_/B2 (sky130_fd_sc_hd__a22o_1)
                  0.04    0.12    0.94 ^ _204_/X (sky130_fd_sc_hd__a22o_1)
     1    0.00                           _018_ (net)
                  0.04    0.00    0.94 ^ _279_/D (sky130_fd_sc_hd__dfrtp_1)
                                  0.94   data arrival time

                          0.00    0.00   clock clk (rise edge)
                          0.00    0.00   clock source latency
                  0.07    0.05    0.05 ^ clk (in)
     1    0.01                           clk (net)
                  0.07    0.00    0.05 ^ clkbuf_0_clk/A (sky130_fd_sc_hd__clkbuf_16)
                  0.06    0.16    0.21 ^ clkbuf_0_clk/X (sky130_fd_sc_hd__clkbuf_16)
     4    0.04                           clknet_0_clk (net)
                  0.06    0.00    0.21 ^ clkbuf_2_3__f_clk/A (sky130_fd_sc_hd__clkbuf_16)
                  0.05    0.15    0.36 ^ clkbuf_2_3__f_clk/X (sky130_fd_sc_hd__clkbuf_16)
     9    0.03                           clknet_2_3__leaf_clk (net)
                  0.05    0.00    0.36 ^ _279_/CLK (sky130_fd_sc_hd__dfrtp_1)
                          0.25    0.61   clock uncertainty
                         -0.03    0.57   clock reconvergence pessimism
                         -0.03    0.54   library hold time
                                  0.54   data required time
-----------------------------------------------------------------------------
                                  0.54   data required time
                                 -0.94   data arrival time
-----------------------------------------------------------------------------
                                  0.41   slack (MET)


Startpoint: _266_ (rising edge-triggered flip-flop clocked by clk)
Endpoint: _266_ (rising edge-triggered flip-flop clocked by clk)
Path Group: clk
Path Type: min
Corner: Typical

Fanout     Cap    Slew   Delay    Time   Description
-----------------------------------------------------------------------------
                          0.00    0.00   clock clk (rise edge)
                          0.00    0.00   clock source latency
                  0.07    0.04    0.04 ^ clk (in)
     1    0.01                           clk (net)
                  0.07    0.00    0.04 ^ clkbuf_0_clk/A (sky130_fd_sc_hd__clkbuf_16)
                  0.06    0.14    0.19 ^ clkbuf_0_clk/X (sky130_fd_sc_hd__clkbuf_16)
     4    0.04                           clknet_0_clk (net)
                  0.06    0.00    0.19 ^ clkbuf_2_1__f_clk/A (sky130_fd_sc_hd__clkbuf_16)
                  0.05    0.13    0.32 ^ clkbuf_2_1__f_clk/X (sky130_fd_sc_hd__clkbuf_16)
    11    0.03                           clknet_2_1__leaf_clk (net)
                  0.05    0.00    0.32 ^ _266_/CLK (sky130_fd_sc_hd__dfrtp_1)
                  0.09    0.39    0.72 v _266_/Q (sky130_fd_sc_hd__dfrtp_1)
     6    0.01                           baud_counter[4] (net)
                  0.09    0.00    0.72 v _156_/A (sky130_fd_sc_hd__nand2_1)
                  0.05    0.08    0.79 ^ _156_/Y (sky130_fd_sc_hd__nand2_1)
     1    0.00                           _046_ (net)
                  0.05    0.00    0.80 ^ _157_/A3 (sky130_fd_sc_hd__a32o_1)
                  0.06    0.16    0.95 ^ _157_/X (sky130_fd_sc_hd__a32o_1)
     1    0.00                           _005_ (net)
                  0.06    0.00    0.95 ^ _266_/D (sky130_fd_sc_hd__dfrtp_1)
                                  0.95   data arrival time

                          0.00    0.00   clock clk (rise edge)
                          0.00    0.00   clock source latency
                  0.07    0.05    0.05 ^ clk (in)
     1    0.01                           clk (net)
                  0.07    0.00    0.05 ^ clkbuf_0_clk/A (sky130_fd_sc_hd__clkbuf_16)
                  0.06    0.16    0.21 ^ clkbuf_0_clk/X (sky130_fd_sc_hd__clkbuf_16)
     4    0.04                           clknet_0_clk (net)
                  0.06    0.00    0.21 ^ clkbuf_2_1__f_clk/A (sky130_fd_sc_hd__clkbuf_16)
                  0.05    0.15    0.36 ^ clkbuf_2_1__f_clk/X (sky130_fd_sc_hd__clkbuf_16)
    11    0.03                           clknet_2_1__leaf_clk (net)
                  0.05    0.00    0.36 ^ _266_/CLK (sky130_fd_sc_hd__dfrtp_1)
                          0.25    0.61   clock uncertainty
                         -0.03    0.57   clock reconvergence pessimism
                         -0.04    0.54   library hold time
                                  0.54   data required time
-----------------------------------------------------------------------------
                                  0.54   data required time
                                 -0.95   data arrival time
-----------------------------------------------------------------------------
                                  0.42   slack (MET)


Startpoint: _273_ (rising edge-triggered flip-flop clocked by clk)
Endpoint: _287_ (rising edge-triggered flip-flop clocked by clk)
Path Group: clk
Path Type: min
Corner: Typical

Fanout     Cap    Slew   Delay    Time   Description
-----------------------------------------------------------------------------
                          0.00    0.00   clock clk (rise edge)
                          0.00    0.00   clock source latency
                  0.07    0.04    0.04 ^ clk (in)
     1    0.01                           clk (net)
                  0.07    0.00    0.04 ^ clkbuf_0_clk/A (sky130_fd_sc_hd__clkbuf_16)
                  0.06    0.14    0.19 ^ clkbuf_0_clk/X (sky130_fd_sc_hd__clkbuf_16)
     4    0.04                           clknet_0_clk (net)
                  0.06    0.00    0.19 ^ clkbuf_2_2__f_clk/A (sky130_fd_sc_hd__clkbuf_16)
                  0.04    0.13    0.32 ^ clkbuf_2_2__f_clk/X (sky130_fd_sc_hd__clkbuf_16)
     8    0.02                           clknet_2_2__leaf_clk (net)
                  0.04    0.00    0.32 ^ _273_/CLK (sky130_fd_sc_hd__dfrtp_2)
                  0.11    0.38    0.70 ^ _273_/Q (sky130_fd_sc_hd__dfrtp_2)
     5    0.02                           net12 (net)
                  0.11    0.00    0.70 ^ _217_/B1 (sky130_fd_sc_hd__a21oi_2)
                  0.05    0.06    0.76 v _217_/Y (sky130_fd_sc_hd__a21oi_2)
     4    0.01                           _089_ (net)
                  0.05    0.00    0.76 v _227_/B1 (sky130_fd_sc_hd__o21ai_1)
                  0.11    0.09    0.85 ^ _227_/Y (sky130_fd_sc_hd__o21ai_1)
     2    0.01                           _097_ (net)
                  0.11    0.00    0.85 ^ _232_/B1 (sky130_fd_sc_hd__a2bb2o_1)
                  0.04    0.13    0.98 ^ _232_/X (sky130_fd_sc_hd__a2bb2o_1)
     1    0.00                           _026_ (net)
                  0.04    0.00    0.98 ^ _287_/D (sky130_fd_sc_hd__dfrtp_1)
                                  0.98   data arrival time

                          0.00    0.00   clock clk (rise edge)
                          0.00    0.00   clock source latency
                  0.07    0.05    0.05 ^ clk (in)
     1    0.01                           clk (net)
                  0.07    0.00    0.05 ^ clkbuf_0_clk/A (sky130_fd_sc_hd__clkbuf_16)
                  0.06    0.16    0.21 ^ clkbuf_0_clk/X (sky130_fd_sc_hd__clkbuf_16)
     4    0.04                           clknet_0_clk (net)
                  0.06    0.00    0.21 ^ clkbuf_2_0__f_clk/A (sky130_fd_sc_hd__clkbuf_16)
                  0.05    0.15    0.35 ^ clkbuf_2_0__f_clk/X (sky130_fd_sc_hd__clkbuf_16)
     9    0.03                           clknet_2_0__leaf_clk (net)
                  0.05    0.00    0.35 ^ _287_/CLK (sky130_fd_sc_hd__dfrtp_1)
                          0.25    0.60   clock uncertainty
                         -0.02    0.58   clock reconvergence pessimism
                         -0.03    0.55   library hold time
                                  0.55   data required time
-----------------------------------------------------------------------------
                                  0.55   data required time
                                 -0.98   data arrival time
-----------------------------------------------------------------------------
                                  0.43   slack (MET)


Startpoint: _272_ (rising edge-triggered flip-flop clocked by clk)
Endpoint: _282_ (rising edge-triggered flip-flop clocked by clk)
Path Group: clk
Path Type: min
Corner: Typical

Fanout     Cap    Slew   Delay    Time   Description
-----------------------------------------------------------------------------
                          0.00    0.00   clock clk (rise edge)
                          0.00    0.00   clock source latency
                  0.07    0.04    0.04 ^ clk (in)
     1    0.01                           clk (net)
                  0.07    0.00    0.04 ^ clkbuf_0_clk/A (sky130_fd_sc_hd__clkbuf_16)
                  0.06    0.14    0.19 ^ clkbuf_0_clk/X (sky130_fd_sc_hd__clkbuf_16)
     4    0.04                           clknet_0_clk (net)
                  0.06    0.00    0.19 ^ clkbuf_2_2__f_clk/A (sky130_fd_sc_hd__clkbuf_16)
                  0.04    0.13    0.32 ^ clkbuf_2_2__f_clk/X (sky130_fd_sc_hd__clkbuf_16)
     8    0.02                           clknet_2_2__leaf_clk (net)
                  0.04    0.00    0.32 ^ _272_/CLK (sky130_fd_sc_hd__dfrtp_1)
                  0.09    0.34    0.65 ^ _272_/Q (sky130_fd_sc_hd__dfrtp_1)
     4    0.01                           sleep_pending (net)
                  0.09    0.00    0.65 ^ _184_/C (sky130_fd_sc_hd__and3b_1)
                  0.11    0.20    0.85 ^ _184_/X (sky130_fd_sc_hd__and3b_1)
     3    0.01                           _065_ (net)
                  0.11    0.00    0.85 ^ _212_/B1 (sky130_fd_sc_hd__o21a_1)
                  0.04    0.12    0.97 ^ _212_/X (sky130_fd_sc_hd__o21a_1)
     1    0.00                           _021_ (net)
                  0.04    0.00    0.97 ^ _282_/D (sky130_fd_sc_hd__dfrtp_1)
                                  0.97   data arrival time

                          0.00    0.00   clock clk (rise edge)
                          0.00    0.00   clock source latency
                  0.07    0.05    0.05 ^ clk (in)
     1    0.01                           clk (net)
                  0.07    0.00    0.05 ^ clkbuf_0_clk/A (sky130_fd_sc_hd__clkbuf_16)
                  0.06    0.16    0.21 ^ clkbuf_0_clk/X (sky130_fd_sc_hd__clkbuf_16)
     4    0.04                           clknet_0_clk (net)
                  0.06    0.00    0.21 ^ clkbuf_2_2__f_clk/A (sky130_fd_sc_hd__clkbuf_16)
                  0.04    0.14    0.35 ^ clkbuf_2_2__f_clk/X (sky130_fd_sc_hd__clkbuf_16)
     8    0.02                           clknet_2_2__leaf_clk (net)
                  0.04    0.00    0.35 ^ _282_/CLK (sky130_fd_sc_hd__dfrtp_1)
                          0.25    0.60   clock uncertainty
                         -0.03    0.57   clock reconvergence pessimism
                         -0.03    0.53   library hold time
                                  0.53   data required time
-----------------------------------------------------------------------------
                                  0.53   data required time
                                 -0.97   data arrival time
-----------------------------------------------------------------------------
                                  0.44   slack (MET)


Startpoint: _275_ (rising edge-triggered flip-flop clocked by clk)
Endpoint: _275_ (rising edge-triggered flip-flop clocked by clk)
Path Group: clk
Path Type: min
Corner: Typical

Fanout     Cap    Slew   Delay    Time   Description
-----------------------------------------------------------------------------
                          0.00    0.00   clock clk (rise edge)
                          0.00    0.00   clock source latency
                  0.07    0.04    0.04 ^ clk (in)
     1    0.01                           clk (net)
                  0.07    0.00    0.04 ^ clkbuf_0_clk/A (sky130_fd_sc_hd__clkbuf_16)
                  0.06    0.14    0.19 ^ clkbuf_0_clk/X (sky130_fd_sc_hd__clkbuf_16)
     4    0.04                           clknet_0_clk (net)
                  0.06    0.00    0.19 ^ clkbuf_2_2__f_clk/A (sky130_fd_sc_hd__clkbuf_16)
                  0.04    0.13    0.32 ^ clkbuf_2_2__f_clk/X (sky130_fd_sc_hd__clkbuf_16)
     8    0.02                           clknet_2_2__leaf_clk (net)
                  0.04    0.00    0.32 ^ _275_/CLK (sky130_fd_sc_hd__dfrtp_2)
                  0.10    0.37    0.69 ^ _275_/Q (sky130_fd_sc_hd__dfrtp_2)
     6    0.02                           idle_counter[1] (net)
                  0.10    0.00    0.69 ^ _186_/B1 (sky130_fd_sc_hd__a21o_1)
                  0.03    0.08    0.78 ^ _186_/X (sky130_fd_sc_hd__a21o_1)
     1    0.00                           _067_ (net)
                  0.03    0.00    0.78 ^ _187_/C (sky130_fd_sc_hd__and3_1)
                  0.05    0.13    0.91 ^ _187_/X (sky130_fd_sc_hd__and3_1)
     1    0.00                           _068_ (net)
                  0.05    0.00    0.91 ^ _188_/A (sky130_fd_sc_hd__clkbuf_1)
                  0.04    0.07    0.98 ^ _188_/X (sky130_fd_sc_hd__clkbuf_1)
     1    0.00                           _014_ (net)
                  0.04    0.00    0.98 ^ _275_/D (sky130_fd_sc_hd__dfrtp_2)
                                  0.98   data arrival time

                          0.00    0.00   clock clk (rise edge)
                          0.00    0.00   clock source latency
                  0.07    0.05    0.05 ^ clk (in)
     1    0.01                           clk (net)
                  0.07    0.00    0.05 ^ clkbuf_0_clk/A (sky130_fd_sc_hd__clkbuf_16)
                  0.06    0.16    0.21 ^ clkbuf_0_clk/X (sky130_fd_sc_hd__clkbuf_16)
     4    0.04                           clknet_0_clk (net)
                  0.06    0.00    0.21 ^ clkbuf_2_2__f_clk/A (sky130_fd_sc_hd__clkbuf_16)
                  0.04    0.14    0.35 ^ clkbuf_2_2__f_clk/X (sky130_fd_sc_hd__clkbuf_16)
     8    0.02                           clknet_2_2__leaf_clk (net)
                  0.04    0.00    0.35 ^ _275_/CLK (sky130_fd_sc_hd__dfrtp_2)
                          0.25    0.60   clock uncertainty
                         -0.03    0.57   clock reconvergence pessimism
                         -0.03    0.53   library hold time
                                  0.53   data required time
-----------------------------------------------------------------------------
                                  0.53   data required time
                                 -0.98   data arrival time
-----------------------------------------------------------------------------
                                  0.45   slack (MET)


Startpoint: _270_ (rising edge-triggered flip-flop clocked by clk)
Endpoint: _271_ (rising edge-triggered flip-flop clocked by clk)
Path Group: clk
Path Type: min
Corner: Typical

Fanout     Cap    Slew   Delay    Time   Description
-----------------------------------------------------------------------------
                          0.00    0.00   clock clk (rise edge)
                          0.00    0.00   clock source latency
                  0.07    0.04    0.04 ^ clk (in)
     1    0.01                           clk (net)
                  0.07    0.00    0.04 ^ clkbuf_0_clk/A (sky130_fd_sc_hd__clkbuf_16)
                  0.06    0.14    0.19 ^ clkbuf_0_clk/X (sky130_fd_sc_hd__clkbuf_16)
     4    0.04                           clknet_0_clk (net)
                  0.06    0.00    0.19 ^ clkbuf_2_1__f_clk/A (sky130_fd_sc_hd__clkbuf_16)
                  0.05    0.13    0.32 ^ clkbuf_2_1__f_clk/X (sky130_fd_sc_hd__clkbuf_16)
    11    0.03                           clknet_2_1__leaf_clk (net)
                  0.05    0.00    0.32 ^ _270_/CLK (sky130_fd_sc_hd__dfrtp_1)
                  0.08    0.38    0.70 v _270_/Q (sky130_fd_sc_hd__dfrtp_1)
     3    0.01                           baud_counter[8] (net)
                  0.08    0.00    0.70 v _134_/A (sky130_fd_sc_hd__inv_2)
                  0.04    0.06    0.76 ^ _134_/Y (sky130_fd_sc_hd__inv_2)
     2    0.01                           _123_ (net)
                  0.04    0.00    0.76 ^ _168_/A (sky130_fd_sc_hd__or4bb_1)
                  0.07    0.12    0.88 ^ _168_/X (sky130_fd_sc_hd__or4bb_1)
     2    0.01                           _054_ (net)
                  0.07    0.00    0.88 ^ _170_/B (sky130_fd_sc_hd__or2_1)
                  0.06    0.11    0.98 ^ _170_/X (sky130_fd_sc_hd__or2_1)
     1    0.01                           _055_ (net)
                  0.06    0.00    0.98 ^ _171_/B (sky130_fd_sc_hd__xnor2_1)
                  0.04    0.06    1.04 v _171_/Y (sky130_fd_sc_hd__xnor2_1)
     1    0.00                           _010_ (net)
                  0.04    0.00    1.04 v _271_/D (sky130_fd_sc_hd__dfrtp_1)
                                  1.04   data arrival time

                          0.00    0.00   clock clk (rise edge)
                          0.00    0.00   clock source latency
                  0.07    0.05    0.05 ^ clk (in)
     1    0.01                           clk (net)
                  0.07    0.00    0.05 ^ clkbuf_0_clk/A (sky130_fd_sc_hd__clkbuf_16)
                  0.06    0.16    0.21 ^ clkbuf_0_clk/X (sky130_fd_sc_hd__clkbuf_16)
     4    0.04                           clknet_0_clk (net)
                  0.06    0.00    0.21 ^ clkbuf_2_3__f_clk/A (sky130_fd_sc_hd__clkbuf_16)
                  0.05    0.15    0.36 ^ clkbuf_2_3__f_clk/X (sky130_fd_sc_hd__clkbuf_16)
     9    0.03                           clknet_2_3__leaf_clk (net)
                  0.05    0.00    0.36 ^ _271_/CLK (sky130_fd_sc_hd__dfrtp_1)
                          0.25    0.61   clock uncertainty
                         -0.02    0.59   clock reconvergence pessimism
                         -0.04    0.55   library hold time
                                  0.55   data required time
-----------------------------------------------------------------------------
                                  0.55   data required time
                                 -1.04   data arrival time
-----------------------------------------------------------------------------
                                  0.50   slack (MET)


Startpoint: _273_ (rising edge-triggered flip-flop clocked by clk)
Endpoint: _268_ (rising edge-triggered flip-flop clocked by clk)
Path Group: clk
Path Type: min
Corner: Typical

Fanout     Cap    Slew   Delay    Time   Description
-----------------------------------------------------------------------------
                          0.00    0.00   clock clk (rise edge)
                          0.00    0.00   clock source latency
                  0.07    0.04    0.04 ^ clk (in)
     1    0.01                           clk (net)
                  0.07    0.00    0.04 ^ clkbuf_0_clk/A (sky130_fd_sc_hd__clkbuf_16)
                  0.06    0.14    0.19 ^ clkbuf_0_clk/X (sky130_fd_sc_hd__clkbuf_16)
     4    0.04                           clknet_0_clk (net)
                  0.06    0.00    0.19 ^ clkbuf_2_2__f_clk/A (sky130_fd_sc_hd__clkbuf_16)
                  0.04    0.13    0.32 ^ clkbuf_2_2__f_clk/X (sky130_fd_sc_hd__clkbuf_16)
     8    0.02                           clknet_2_2__leaf_clk (net)
                  0.04    0.00    0.32 ^ _273_/CLK (sky130_fd_sc_hd__dfrtp_2)
                  0.11    0.38    0.70 ^ _273_/Q (sky130_fd_sc_hd__dfrtp_2)
     5    0.02                           net12 (net)
                  0.11    0.00    0.70 ^ _130_/A (sky130_fd_sc_hd__clkbuf_4)
                  0.13    0.21    0.91 ^ _130_/X (sky130_fd_sc_hd__clkbuf_4)
    10    0.04                           _120_ (net)
                  0.13    0.00    0.91 ^ _161_/A (sky130_fd_sc_hd__or2_1)
                  0.06    0.12    1.03 ^ _161_/X (sky130_fd_sc_hd__or2_1)
     1    0.00                           _049_ (net)
                  0.06    0.00    1.03 ^ _162_/B (sky130_fd_sc_hd__xnor2_1)
                  0.03    0.05    1.09 v _162_/Y (sky130_fd_sc_hd__xnor2_1)
     1    0.00                           _007_ (net)
                  0.03    0.00    1.09 v _268_/D (sky130_fd_sc_hd__dfrtp_1)
                                  1.09   data arrival time

                          0.00    0.00   clock clk (rise edge)
                          0.00    0.00   clock source latency
                  0.07    0.05    0.05 ^ clk (in)
     1    0.01                           clk (net)
                  0.07    0.00    0.05 ^ clkbuf_0_clk/A (sky130_fd_sc_hd__clkbuf_16)
                  0.06    0.16    0.21 ^ clkbuf_0_clk/X (sky130_fd_sc_hd__clkbuf_16)
     4    0.04                           clknet_0_clk (net)
                  0.06    0.00    0.21 ^ clkbuf_2_1__f_clk/A (sky130_fd_sc_hd__clkbuf_16)
                  0.05    0.15    0.36 ^ clkbuf_2_1__f_clk/X (sky130_fd_sc_hd__clkbuf_16)
    11    0.03                           clknet_2_1__leaf_clk (net)
                  0.05    0.00    0.36 ^ _268_/CLK (sky130_fd_sc_hd__dfrtp_1)
                          0.25    0.61   clock uncertainty
                         -0.02    0.59   clock reconvergence pessimism
                         -0.04    0.55   library hold time
                                  0.55   data required time
-----------------------------------------------------------------------------
                                  0.55   data required time
                                 -1.09   data arrival time
-----------------------------------------------------------------------------
                                  0.54   slack (MET)


Startpoint: _298_ (rising edge-triggered flip-flop clocked by clk)
Endpoint: _295_ (rising edge-triggered flip-flop clocked by clk)
Path Group: clk
Path Type: min
Corner: Typical

Fanout     Cap    Slew   Delay    Time   Description
-----------------------------------------------------------------------------
                          0.00    0.00   clock clk (rise edge)
                          0.00    0.00   clock source latency
                  0.07    0.04    0.04 ^ clk (in)
     1    0.01                           clk (net)
                  0.07    0.00    0.04 ^ clkbuf_0_clk/A (sky130_fd_sc_hd__clkbuf_16)
                  0.06    0.14    0.19 ^ clkbuf_0_clk/X (sky130_fd_sc_hd__clkbuf_16)
     4    0.04                           clknet_0_clk (net)
                  0.06    0.00    0.19 ^ clkbuf_2_1__f_clk/A (sky130_fd_sc_hd__clkbuf_16)
                  0.05    0.13    0.32 ^ clkbuf_2_1__f_clk/X (sky130_fd_sc_hd__clkbuf_16)
    11    0.03                           clknet_2_1__leaf_clk (net)
                  0.05    0.00    0.32 ^ _298_/CLK (sky130_fd_sc_hd__dfrtp_1)
                  0.08    0.39    0.71 v _298_/Q (sky130_fd_sc_hd__dfrtp_1)
     4    0.01                           baud_tick (net)
                  0.08    0.00    0.71 v _221_/B (sky130_fd_sc_hd__nand3b_2)
                  0.12    0.14    0.85 ^ _221_/Y (sky130_fd_sc_hd__nand3b_2)
     4    0.02                           _092_ (net)
                  0.12    0.00    0.85 ^ _234_/A2 (sky130_fd_sc_hd__a21oi_4)
                  0.06    0.11    0.96 v _234_/Y (sky130_fd_sc_hd__a21oi_4)
     8    0.03                           _102_ (net)
                  0.06    0.00    0.96 v _255_/A (sky130_fd_sc_hd__inv_2)
                  0.03    0.05    1.01 ^ _255_/Y (sky130_fd_sc_hd__inv_2)
     1    0.00                           _116_ (net)
                  0.03    0.00    1.01 ^ _257_/A2 (sky130_fd_sc_hd__a22o_1)
                  0.04    0.11    1.12 ^ _257_/X (sky130_fd_sc_hd__a22o_1)
     1    0.00                           _034_ (net)
                  0.04    0.00    1.12 ^ _295_/D (sky130_fd_sc_hd__dfrtp_1)
                                  1.12   data arrival time

                          0.00    0.00   clock clk (rise edge)
                          0.00    0.00   clock source latency
                  0.07    0.05    0.05 ^ clk (in)
     1    0.01                           clk (net)
                  0.07    0.00    0.05 ^ clkbuf_0_clk/A (sky130_fd_sc_hd__clkbuf_16)
                  0.06    0.16    0.21 ^ clkbuf_0_clk/X (sky130_fd_sc_hd__clkbuf_16)
     4    0.04                           clknet_0_clk (net)
                  0.06    0.00    0.21 ^ clkbuf_2_0__f_clk/A (sky130_fd_sc_hd__clkbuf_16)
                  0.05    0.15    0.35 ^ clkbuf_2_0__f_clk/X (sky130_fd_sc_hd__clkbuf_16)
     9    0.03                           clknet_2_0__leaf_clk (net)
                  0.05    0.00    0.35 ^ _295_/CLK (sky130_fd_sc_hd__dfrtp_1)
                          0.25    0.60   clock uncertainty
                         -0.02    0.58   clock reconvergence pessimism
                         -0.03    0.55   library hold time
                                  0.55   data required time
-----------------------------------------------------------------------------
                                  0.55   data required time
                                 -1.12   data arrival time
-----------------------------------------------------------------------------
                                  0.57   slack (MET)


Startpoint: _283_ (rising edge-triggered flip-flop clocked by clk)
Endpoint: _273_ (rising edge-triggered flip-flop clocked by clk)
Path Group: clk
Path Type: min
Corner: Typical

Fanout     Cap    Slew   Delay    Time   Description
-----------------------------------------------------------------------------
                          0.00    0.00   clock clk (rise edge)
                          0.00    0.00   clock source latency
                  0.07    0.04    0.04 ^ clk (in)
     1    0.01                           clk (net)
                  0.07    0.00    0.04 ^ clkbuf_0_clk/A (sky130_fd_sc_hd__clkbuf_16)
                  0.06    0.14    0.19 ^ clkbuf_0_clk/X (sky130_fd_sc_hd__clkbuf_16)
     4    0.04                           clknet_0_clk (net)
                  0.06    0.00    0.19 ^ clkbuf_2_2__f_clk/A (sky130_fd_sc_hd__clkbuf_16)
                  0.04    0.13    0.32 ^ clkbuf_2_2__f_clk/X (sky130_fd_sc_hd__clkbuf_16)
     8    0.02                           clknet_2_2__leaf_clk (net)
                  0.04    0.00    0.32 ^ _283_/CLK (sky130_fd_sc_hd__dfrtp_1)
                  0.12    0.36    0.68 ^ _283_/Q (sky130_fd_sc_hd__dfrtp_1)
     3    0.01                           idle_counter[9] (net)
                  0.12    0.00    0.68 ^ _174_/B1 (sky130_fd_sc_hd__a21o_1)
                  0.11    0.14    0.82 ^ _174_/X (sky130_fd_sc_hd__a21o_1)
     3    0.01                           _058_ (net)
                  0.11    0.00    0.82 ^ _175_/A2 (sky130_fd_sc_hd__a21oi_1)
                  0.05    0.09    0.91 v _175_/Y (sky130_fd_sc_hd__a21oi_1)
     2    0.01                           _059_ (net)
                  0.05    0.00    0.91 v _178_/A_N (sky130_fd_sc_hd__and2b_1)
                  0.04    0.18    1.08 ^ _178_/X (sky130_fd_sc_hd__and2b_1)
     1    0.00                           _061_ (net)
                  0.04    0.00    1.08 ^ _179_/A (sky130_fd_sc_hd__clkbuf_1)
                  0.04    0.07    1.16 ^ _179_/X (sky130_fd_sc_hd__clkbuf_1)
     1    0.00                           _012_ (net)
                  0.04    0.00    1.16 ^ _273_/D (sky130_fd_sc_hd__dfrtp_2)
                                  1.16   data arrival time

                          0.00    0.00   clock clk (rise edge)
                          0.00    0.00   clock source latency
                  0.07    0.05    0.05 ^ clk (in)
     1    0.01                           clk (net)
                  0.07    0.00    0.05 ^ clkbuf_0_clk/A (sky130_fd_sc_hd__clkbuf_16)
                  0.06    0.16    0.21 ^ clkbuf_0_clk/X (sky130_fd_sc_hd__clkbuf_16)
     4    0.04                           clknet_0_clk (net)
                  0.06    0.00    0.21 ^ clkbuf_2_2__f_clk/A (sky130_fd_sc_hd__clkbuf_16)
                  0.04    0.14    0.35 ^ clkbuf_2_2__f_clk/X (sky130_fd_sc_hd__clkbuf_16)
     8    0.02                           clknet_2_2__leaf_clk (net)
                  0.04    0.00    0.35 ^ _273_/CLK (sky130_fd_sc_hd__dfrtp_2)
                          0.25    0.60   clock uncertainty
                         -0.03    0.57   clock reconvergence pessimism
                         -0.03    0.53   library hold time
                                  0.53   data required time
-----------------------------------------------------------------------------
                                  0.53   data required time
                                 -1.16   data arrival time
-----------------------------------------------------------------------------
                                  0.62   slack (MET)


Startpoint: rst_n (input port clocked by clk)
Endpoint: _269_ (removal check against rising-edge clock clk)
Path Group: asynchronous
Path Type: min
Corner: Typical

Fanout     Cap    Slew   Delay    Time   Description
-----------------------------------------------------------------------------
                          0.00    0.00   clock clk (rise edge)
                          0.00    0.00   clock network delay (propagated)
                          4.00    4.00 ^ input external delay
                  0.02    0.01    4.01 ^ rst_n (in)
     1    0.00                           rst_n (net)
                  0.02    0.00    4.01 ^ input1/A (sky130_fd_sc_hd__clkbuf_2)
                  0.13    0.15    4.16 ^ input1/X (sky130_fd_sc_hd__clkbuf_2)
     4    0.02                           net1 (net)
                  0.13    0.00    4.16 ^ fanout18/A (sky130_fd_sc_hd__clkbuf_4)
                  0.14    0.22    4.38 ^ fanout18/X (sky130_fd_sc_hd__clkbuf_4)
     9    0.04                           net18 (net)
                  0.14    0.00    4.38 ^ _269_/RESET_B (sky130_fd_sc_hd__dfrtp_2)
                                  4.38   data arrival time

                          0.00    0.00   clock clk (rise edge)
                          0.00    0.00   clock source latency
                  0.07    0.05    0.05 ^ clk (in)
     1    0.01                           clk (net)
                  0.07    0.00    0.05 ^ clkbuf_0_clk/A (sky130_fd_sc_hd__clkbuf_16)
                  0.06    0.16    0.21 ^ clkbuf_0_clk/X (sky130_fd_sc_hd__clkbuf_16)
     4    0.04                           clknet_0_clk (net)
                  0.06    0.00    0.21 ^ clkbuf_2_1__f_clk/A (sky130_fd_sc_hd__clkbuf_16)
                  0.05    0.15    0.36 ^ clkbuf_2_1__f_clk/X (sky130_fd_sc_hd__clkbuf_16)
    11    0.03                           clknet_2_1__leaf_clk (net)
                  0.05    0.00    0.36 ^ _269_/CLK (sky130_fd_sc_hd__dfrtp_2)
                          0.25    0.61   clock uncertainty
                          0.00    0.61   clock reconvergence pessimism
                          0.35    0.95   library removal time
                                  0.95   data required time
-----------------------------------------------------------------------------
                                  0.95   data required time
                                 -4.38   data arrival time
-----------------------------------------------------------------------------
                                  3.42   slack (MET)


Startpoint: rst_n (input port clocked by clk)
Endpoint: _278_ (removal check against rising-edge clock clk)
Path Group: asynchronous
Path Type: min
Corner: Typical

Fanout     Cap    Slew   Delay    Time   Description
-----------------------------------------------------------------------------
                          0.00    0.00   clock clk (rise edge)
                          0.00    0.00   clock network delay (propagated)
                          4.00    4.00 ^ input external delay
                  0.02    0.01    4.01 ^ rst_n (in)
     1    0.00                           rst_n (net)
                  0.02    0.00    4.01 ^ input1/A (sky130_fd_sc_hd__clkbuf_2)
                  0.13    0.15    4.16 ^ input1/X (sky130_fd_sc_hd__clkbuf_2)
     4    0.02                           net1 (net)
                  0.13    0.00    4.16 ^ fanout16/A (sky130_fd_sc_hd__clkbuf_4)
                  0.13    0.22    4.37 ^ fanout16/X (sky130_fd_sc_hd__clkbuf_4)
     8    0.04                           net16 (net)
                  0.13    0.00    4.37 ^ _278_/RESET_B (sky130_fd_sc_hd__dfrtp_1)
                                  4.37   data arrival time

                          0.00    0.00   clock clk (rise edge)
                          0.00    0.00   clock source latency
                  0.07    0.05    0.05 ^ clk (in)
     1    0.01                           clk (net)
                  0.07    0.00    0.05 ^ clkbuf_0_clk/A (sky130_fd_sc_hd__clkbuf_16)
                  0.06    0.16    0.21 ^ clkbuf_0_clk/X (sky130_fd_sc_hd__clkbuf_16)
     4    0.04                           clknet_0_clk (net)
                  0.06    0.00    0.21 ^ clkbuf_2_3__f_clk/A (sky130_fd_sc_hd__clkbuf_16)
                  0.05    0.15    0.36 ^ clkbuf_2_3__f_clk/X (sky130_fd_sc_hd__clkbuf_16)
     9    0.03                           clknet_2_3__leaf_clk (net)
                  0.05    0.00    0.36 ^ _278_/CLK (sky130_fd_sc_hd__dfrtp_1)
                          0.25    0.61   clock uncertainty
                          0.00    0.61   clock reconvergence pessimism
                          0.34    0.95   library removal time
                                  0.95   data required time
-----------------------------------------------------------------------------
                                  0.95   data required time
                                 -4.37   data arrival time
-----------------------------------------------------------------------------
                                  3.42   slack (MET)


Startpoint: rst_n (input port clocked by clk)
Endpoint: _271_ (removal check against rising-edge clock clk)
Path Group: asynchronous
Path Type: min
Corner: Typical

Fanout     Cap    Slew   Delay    Time   Description
-----------------------------------------------------------------------------
                          0.00    0.00   clock clk (rise edge)
                          0.00    0.00   clock network delay (propagated)
                          4.00    4.00 ^ input external delay
                  0.02    0.01    4.01 ^ rst_n (in)
     1    0.00                           rst_n (net)
                  0.02    0.00    4.01 ^ input1/A (sky130_fd_sc_hd__clkbuf_2)
                  0.13    0.15    4.16 ^ input1/X (sky130_fd_sc_hd__clkbuf_2)
     4    0.02                           net1 (net)
                  0.13    0.00    4.16 ^ fanout18/A (sky130_fd_sc_hd__clkbuf_4)
                  0.14    0.22    4.38 ^ fanout18/X (sky130_fd_sc_hd__clkbuf_4)
     9    0.04                           net18 (net)
                  0.14    0.00    4.38 ^ _271_/RESET_B (sky130_fd_sc_hd__dfrtp_1)
                                  4.38   data arrival time

                          0.00    0.00   clock clk (rise edge)
                          0.00    0.00   clock source latency
                  0.07    0.05    0.05 ^ clk (in)
     1    0.01                           clk (net)
                  0.07    0.00    0.05 ^ clkbuf_0_clk/A (sky130_fd_sc_hd__clkbuf_16)
                  0.06    0.16    0.21 ^ clkbuf_0_clk/X (sky130_fd_sc_hd__clkbuf_16)
     4    0.04                           clknet_0_clk (net)
                  0.06    0.00    0.21 ^ clkbuf_2_3__f_clk/A (sky130_fd_sc_hd__clkbuf_16)
                  0.05    0.15    0.36 ^ clkbuf_2_3__f_clk/X (sky130_fd_sc_hd__clkbuf_16)
     9    0.03                           clknet_2_3__leaf_clk (net)
                  0.05    0.00    0.36 ^ _271_/CLK (sky130_fd_sc_hd__dfrtp_1)
                          0.25    0.61   clock uncertainty
                          0.00    0.61   clock reconvergence pessimism
                          0.35    0.95   library removal time
                                  0.95   data required time
-----------------------------------------------------------------------------
                                  0.95   data required time
                                 -4.38   data arrival time
-----------------------------------------------------------------------------
                                  3.43   slack (MET)


Startpoint: rst_n (input port clocked by clk)
Endpoint: _264_ (removal check against rising-edge clock clk)
Path Group: asynchronous
Path Type: min
Corner: Typical

Fanout     Cap    Slew   Delay    Time   Description
-----------------------------------------------------------------------------
                          0.00    0.00   clock clk (rise edge)
                          0.00    0.00   clock network delay (propagated)
                          4.00    4.00 ^ input external delay
                  0.02    0.01    4.01 ^ rst_n (in)
     1    0.00                           rst_n (net)
                  0.02    0.00    4.01 ^ input1/A (sky130_fd_sc_hd__clkbuf_2)
                  0.13    0.15    4.16 ^ input1/X (sky130_fd_sc_hd__clkbuf_2)
     4    0.02                           net1 (net)
                  0.13    0.00    4.16 ^ fanout18/A (sky130_fd_sc_hd__clkbuf_4)
                  0.14    0.22    4.38 ^ fanout18/X (sky130_fd_sc_hd__clkbuf_4)
     9    0.04                           net18 (net)
                  0.14    0.00    4.38 ^ _264_/RESET_B (sky130_fd_sc_hd__dfrtp_1)
                                  4.38   data arrival time

                          0.00    0.00   clock clk (rise edge)
                          0.00    0.00   clock source latency
                  0.07    0.05    0.05 ^ clk (in)
     1    0.01                           clk (net)
                  0.07    0.00    0.05 ^ clkbuf_0_clk/A (sky130_fd_sc_hd__clkbuf_16)
                  0.06    0.16    0.21 ^ clkbuf_0_clk/X (sky130_fd_sc_hd__clkbuf_16)
     4    0.04                           clknet_0_clk (net)
                  0.06    0.00    0.21 ^ clkbuf_2_3__f_clk/A (sky130_fd_sc_hd__clkbuf_16)
                  0.05    0.15    0.36 ^ clkbuf_2_3__f_clk/X (sky130_fd_sc_hd__clkbuf_16)
     9    0.03                           clknet_2_3__leaf_clk (net)
                  0.05    0.00    0.36 ^ _264_/CLK (sky130_fd_sc_hd__dfrtp_1)
                          0.25    0.61   clock uncertainty
                          0.00    0.61   clock reconvergence pessimism
                          0.35    0.95   library removal time
                                  0.95   data required time
-----------------------------------------------------------------------------
                                  0.95   data required time
                                 -4.38   data arrival time
-----------------------------------------------------------------------------
                                  3.43   slack (MET)


Startpoint: rst_n (input port clocked by clk)
Endpoint: _265_ (removal check against rising-edge clock clk)
Path Group: asynchronous
Path Type: min
Corner: Typical

Fanout     Cap    Slew   Delay    Time   Description
-----------------------------------------------------------------------------
                          0.00    0.00   clock clk (rise edge)
                          0.00    0.00   clock network delay (propagated)
                          4.00    4.00 ^ input external delay
                  0.02    0.01    4.01 ^ rst_n (in)
     1    0.00                           rst_n (net)
                  0.02    0.00    4.01 ^ input1/A (sky130_fd_sc_hd__clkbuf_2)
                  0.13    0.15    4.16 ^ input1/X (sky130_fd_sc_hd__clkbuf_2)
     4    0.02                           net1 (net)
                  0.13    0.00    4.16 ^ fanout18/A (sky130_fd_sc_hd__clkbuf_4)
                  0.14    0.22    4.38 ^ fanout18/X (sky130_fd_sc_hd__clkbuf_4)
     9    0.04                           net18 (net)
                  0.14    0.00    4.38 ^ _265_/RESET_B (sky130_fd_sc_hd__dfrtp_1)
                                  4.38   data arrival time

                          0.00    0.00   clock clk (rise edge)
                          0.00    0.00   clock source latency
                  0.07    0.05    0.05 ^ clk (in)
     1    0.01                           clk (net)
                  0.07    0.00    0.05 ^ clkbuf_0_clk/A (sky130_fd_sc_hd__clkbuf_16)
                  0.06    0.16    0.21 ^ clkbuf_0_clk/X (sky130_fd_sc_hd__clkbuf_16)
     4    0.04                           clknet_0_clk (net)
                  0.06    0.00    0.21 ^ clkbuf_2_3__f_clk/A (sky130_fd_sc_hd__clkbuf_16)
                  0.05    0.15    0.36 ^ clkbuf_2_3__f_clk/X (sky130_fd_sc_hd__clkbuf_16)
     9    0.03                           clknet_2_3__leaf_clk (net)
                  0.05    0.00    0.36 ^ _265_/CLK (sky130_fd_sc_hd__dfrtp_1)
                          0.25    0.61   clock uncertainty
                          0.00    0.61   clock reconvergence pessimism
                          0.35    0.95   library removal time
                                  0.95   data required time
-----------------------------------------------------------------------------
                                  0.95   data required time
                                 -4.38   data arrival time
-----------------------------------------------------------------------------
                                  3.43   slack (MET)


Startpoint: rst_n (input port clocked by clk)
Endpoint: _280_ (removal check against rising-edge clock clk)
Path Group: asynchronous
Path Type: min
Corner: Typical

Fanout     Cap    Slew   Delay    Time   Description
-----------------------------------------------------------------------------
                          0.00    0.00   clock clk (rise edge)
                          0.00    0.00   clock network delay (propagated)
                          4.00    4.00 ^ input external delay
                  0.02    0.01    4.01 ^ rst_n (in)
     1    0.00                           rst_n (net)
                  0.02    0.00    4.01 ^ input1/A (sky130_fd_sc_hd__clkbuf_2)
                  0.13    0.15    4.16 ^ input1/X (sky130_fd_sc_hd__clkbuf_2)
     4    0.02                           net1 (net)
                  0.13    0.00    4.16 ^ fanout18/A (sky130_fd_sc_hd__clkbuf_4)
                  0.14    0.22    4.38 ^ fanout18/X (sky130_fd_sc_hd__clkbuf_4)
     9    0.04                           net18 (net)
                  0.14    0.00    4.38 ^ _280_/RESET_B (sky130_fd_sc_hd__dfrtp_1)
                                  4.38   data arrival time

                          0.00    0.00   clock clk (rise edge)
                          0.00    0.00   clock source latency
                  0.07    0.05    0.05 ^ clk (in)
     1    0.01                           clk (net)
                  0.07    0.00    0.05 ^ clkbuf_0_clk/A (sky130_fd_sc_hd__clkbuf_16)
                  0.06    0.16    0.21 ^ clkbuf_0_clk/X (sky130_fd_sc_hd__clkbuf_16)
     4    0.04                           clknet_0_clk (net)
                  0.06    0.00    0.21 ^ clkbuf_2_3__f_clk/A (sky130_fd_sc_hd__clkbuf_16)
                  0.05    0.15    0.36 ^ clkbuf_2_3__f_clk/X (sky130_fd_sc_hd__clkbuf_16)
     9    0.03                           clknet_2_3__leaf_clk (net)
                  0.05    0.00    0.36 ^ _280_/CLK (sky130_fd_sc_hd__dfrtp_1)
                          0.25    0.61   clock uncertainty
                          0.00    0.61   clock reconvergence pessimism
                          0.35    0.95   library removal time
                                  0.95   data required time
-----------------------------------------------------------------------------
                                  0.95   data required time
                                 -4.38   data arrival time
-----------------------------------------------------------------------------
                                  3.43   slack (MET)


Startpoint: rst_n (input port clocked by clk)
Endpoint: _262_ (removal check against rising-edge clock clk)
Path Group: asynchronous
Path Type: min
Corner: Typical

Fanout     Cap    Slew   Delay    Time   Description
-----------------------------------------------------------------------------
                          0.00    0.00   clock clk (rise edge)
                          0.00    0.00   clock network delay (propagated)
                          4.00    4.00 ^ input external delay
                  0.02    0.01    4.01 ^ rst_n (in)
     1    0.00                           rst_n (net)
                  0.02    0.00    4.01 ^ input1/A (sky130_fd_sc_hd__clkbuf_2)
                  0.13    0.15    4.16 ^ input1/X (sky130_fd_sc_hd__clkbuf_2)
     4    0.02                           net1 (net)
                  0.13    0.00    4.16 ^ fanout18/A (sky130_fd_sc_hd__clkbuf_4)
                  0.14    0.22    4.38 ^ fanout18/X (sky130_fd_sc_hd__clkbuf_4)
     9    0.04                           net18 (net)
                  0.14    0.00    4.38 ^ _262_/RESET_B (sky130_fd_sc_hd__dfrtp_1)
                                  4.38   data arrival time

                          0.00    0.00   clock clk (rise edge)
                          0.00    0.00   clock source latency
                  0.07    0.05    0.05 ^ clk (in)
     1    0.01                           clk (net)
                  0.07    0.00    0.05 ^ clkbuf_0_clk/A (sky130_fd_sc_hd__clkbuf_16)
                  0.06    0.16    0.21 ^ clkbuf_0_clk/X (sky130_fd_sc_hd__clkbuf_16)
     4    0.04                           clknet_0_clk (net)
                  0.06    0.00    0.21 ^ clkbuf_2_3__f_clk/A (sky130_fd_sc_hd__clkbuf_16)
                  0.05    0.15    0.36 ^ clkbuf_2_3__f_clk/X (sky130_fd_sc_hd__clkbuf_16)
     9    0.03                           clknet_2_3__leaf_clk (net)
                  0.05    0.00    0.36 ^ _262_/CLK (sky130_fd_sc_hd__dfrtp_1)
                          0.25    0.61   clock uncertainty
                          0.00    0.61   clock reconvergence pessimism
                          0.35    0.95   library removal time
                                  0.95   data required time
-----------------------------------------------------------------------------
                                  0.95   data required time
                                 -4.38   data arrival time
-----------------------------------------------------------------------------
                                  3.43   slack (MET)


Startpoint: rst_n (input port clocked by clk)
Endpoint: _279_ (removal check against rising-edge clock clk)
Path Group: asynchronous
Path Type: min
Corner: Typical

Fanout     Cap    Slew   Delay    Time   Description
-----------------------------------------------------------------------------
                          0.00    0.00   clock clk (rise edge)
                          0.00    0.00   clock network delay (propagated)
                          4.00    4.00 ^ input external delay
                  0.02    0.01    4.01 ^ rst_n (in)
     1    0.00                           rst_n (net)
                  0.02    0.00    4.01 ^ input1/A (sky130_fd_sc_hd__clkbuf_2)
                  0.13    0.15    4.16 ^ input1/X (sky130_fd_sc_hd__clkbuf_2)
     4    0.02                           net1 (net)
                  0.13    0.00    4.16 ^ fanout18/A (sky130_fd_sc_hd__clkbuf_4)
                  0.14    0.22    4.38 ^ fanout18/X (sky130_fd_sc_hd__clkbuf_4)
     9    0.04                           net18 (net)
                  0.14    0.00    4.38 ^ _279_/RESET_B (sky130_fd_sc_hd__dfrtp_1)
                                  4.38   data arrival time

                          0.00    0.00   clock clk (rise edge)
                          0.00    0.00   clock source latency
                  0.07    0.05    0.05 ^ clk (in)
     1    0.01                           clk (net)
                  0.07    0.00    0.05 ^ clkbuf_0_clk/A (sky130_fd_sc_hd__clkbuf_16)
                  0.06    0.16    0.21 ^ clkbuf_0_clk/X (sky130_fd_sc_hd__clkbuf_16)
     4    0.04                           clknet_0_clk (net)
                  0.06    0.00    0.21 ^ clkbuf_2_3__f_clk/A (sky130_fd_sc_hd__clkbuf_16)
                  0.05    0.15    0.36 ^ clkbuf_2_3__f_clk/X (sky130_fd_sc_hd__clkbuf_16)
     9    0.03                           clknet_2_3__leaf_clk (net)
                  0.05    0.00    0.36 ^ _279_/CLK (sky130_fd_sc_hd__dfrtp_1)
                          0.25    0.61   clock uncertainty
                          0.00    0.61   clock reconvergence pessimism
                          0.35    0.95   library removal time
                                  0.95   data required time
-----------------------------------------------------------------------------
                                  0.95   data required time
                                 -4.38   data arrival time
-----------------------------------------------------------------------------
                                  3.43   slack (MET)


Startpoint: rst_n (input port clocked by clk)
Endpoint: _263_ (removal check against rising-edge clock clk)
Path Group: asynchronous
Path Type: min
Corner: Typical

Fanout     Cap    Slew   Delay    Time   Description
-----------------------------------------------------------------------------
                          0.00    0.00   clock clk (rise edge)
                          0.00    0.00   clock network delay (propagated)
                          4.00    4.00 ^ input external delay
                  0.02    0.01    4.01 ^ rst_n (in)
     1    0.00                           rst_n (net)
                  0.02    0.00    4.01 ^ input1/A (sky130_fd_sc_hd__clkbuf_2)
                  0.13    0.15    4.16 ^ input1/X (sky130_fd_sc_hd__clkbuf_2)
     4    0.02                           net1 (net)
                  0.13    0.00    4.16 ^ fanout18/A (sky130_fd_sc_hd__clkbuf_4)
                  0.14    0.22    4.38 ^ fanout18/X (sky130_fd_sc_hd__clkbuf_4)
     9    0.04                           net18 (net)
                  0.14    0.00    4.38 ^ _263_/RESET_B (sky130_fd_sc_hd__dfrtp_1)
                                  4.38   data arrival time

                          0.00    0.00   clock clk (rise edge)
                          0.00    0.00   clock source latency
                  0.07    0.05    0.05 ^ clk (in)
     1    0.01                           clk (net)
                  0.07    0.00    0.05 ^ clkbuf_0_clk/A (sky130_fd_sc_hd__clkbuf_16)
                  0.06    0.16    0.21 ^ clkbuf_0_clk/X (sky130_fd_sc_hd__clkbuf_16)
     4    0.04                           clknet_0_clk (net)
                  0.06    0.00    0.21 ^ clkbuf_2_3__f_clk/A (sky130_fd_sc_hd__clkbuf_16)
                  0.05    0.15    0.36 ^ clkbuf_2_3__f_clk/X (sky130_fd_sc_hd__clkbuf_16)
     9    0.03                           clknet_2_3__leaf_clk (net)
                  0.05    0.00    0.36 ^ _263_/CLK (sky130_fd_sc_hd__dfrtp_1)
                          0.25    0.61   clock uncertainty
                          0.00    0.61   clock reconvergence pessimism
                          0.35    0.95   library removal time
                                  0.95   data required time
-----------------------------------------------------------------------------
                                  0.95   data required time
                                 -4.38   data arrival time
-----------------------------------------------------------------------------
                                  3.43   slack (MET)


Startpoint: rst_n (input port clocked by clk)
Endpoint: _281_ (removal check against rising-edge clock clk)
Path Group: asynchronous
Path Type: min
Corner: Typical

Fanout     Cap    Slew   Delay    Time   Description
-----------------------------------------------------------------------------
                          0.00    0.00   clock clk (rise edge)
                          0.00    0.00   clock network delay (propagated)
                          4.00    4.00 ^ input external delay
                  0.02    0.01    4.01 ^ rst_n (in)
     1    0.00                           rst_n (net)
                  0.02    0.00    4.01 ^ input1/A (sky130_fd_sc_hd__clkbuf_2)
                  0.13    0.15    4.16 ^ input1/X (sky130_fd_sc_hd__clkbuf_2)
     4    0.02                           net1 (net)
                  0.13    0.00    4.16 ^ fanout18/A (sky130_fd_sc_hd__clkbuf_4)
                  0.14    0.22    4.38 ^ fanout18/X (sky130_fd_sc_hd__clkbuf_4)
     9    0.04                           net18 (net)
                  0.14    0.00    4.38 ^ _281_/RESET_B (sky130_fd_sc_hd__dfrtp_1)
                                  4.38   data arrival time

                          0.00    0.00   clock clk (rise edge)
                          0.00    0.00   clock source latency
                  0.07    0.05    0.05 ^ clk (in)
     1    0.01                           clk (net)
                  0.07    0.00    0.05 ^ clkbuf_0_clk/A (sky130_fd_sc_hd__clkbuf_16)
                  0.06    0.16    0.21 ^ clkbuf_0_clk/X (sky130_fd_sc_hd__clkbuf_16)
     4    0.04                           clknet_0_clk (net)
                  0.06    0.00    0.21 ^ clkbuf_2_3__f_clk/A (sky130_fd_sc_hd__clkbuf_16)
                  0.05    0.15    0.36 ^ clkbuf_2_3__f_clk/X (sky130_fd_sc_hd__clkbuf_16)
     9    0.03                           clknet_2_3__leaf_clk (net)
                  0.05    0.00    0.36 ^ _281_/CLK (sky130_fd_sc_hd__dfrtp_1)
                          0.25    0.61   clock uncertainty
                          0.00    0.61   clock reconvergence pessimism
                          0.35    0.95   library removal time
                                  0.95   data required time
-----------------------------------------------------------------------------
                                  0.95   data required time
                                 -4.38   data arrival time
-----------------------------------------------------------------------------
                                  3.43   slack (MET)


Startpoint: rst_n (input port clocked by clk)
Endpoint: _266_ (removal check against rising-edge clock clk)
Path Group: asynchronous
Path Type: min
Corner: Typical

Fanout     Cap    Slew   Delay    Time   Description
-----------------------------------------------------------------------------
                          0.00    0.00   clock clk (rise edge)
                          0.00    0.00   clock network delay (propagated)
                          4.00    4.00 ^ input external delay
                  0.02    0.01    4.01 ^ rst_n (in)
     1    0.00                           rst_n (net)
                  0.02    0.00    4.01 ^ input1/A (sky130_fd_sc_hd__clkbuf_2)
                  0.13    0.15    4.16 ^ input1/X (sky130_fd_sc_hd__clkbuf_2)
     4    0.02                           net1 (net)
                  0.13    0.00    4.16 ^ fanout17/A (sky130_fd_sc_hd__clkbuf_4)
                  0.15    0.23    4.39 ^ fanout17/X (sky130_fd_sc_hd__clkbuf_4)
    10    0.05                           net17 (net)
                  0.15    0.00    4.39 ^ _266_/RESET_B (sky130_fd_sc_hd__dfrtp_1)
                                  4.39   data arrival time

                          0.00    0.00   clock clk (rise edge)
                          0.00    0.00   clock source latency
                  0.07    0.05    0.05 ^ clk (in)
     1    0.01                           clk (net)
                  0.07    0.00    0.05 ^ clkbuf_0_clk/A (sky130_fd_sc_hd__clkbuf_16)
                  0.06    0.16    0.21 ^ clkbuf_0_clk/X (sky130_fd_sc_hd__clkbuf_16)
     4    0.04                           clknet_0_clk (net)
                  0.06    0.00    0.21 ^ clkbuf_2_1__f_clk/A (sky130_fd_sc_hd__clkbuf_16)
                  0.05    0.15    0.36 ^ clkbuf_2_1__f_clk/X (sky130_fd_sc_hd__clkbuf_16)
    11    0.03                           clknet_2_1__leaf_clk (net)
                  0.05    0.00    0.36 ^ _266_/CLK (sky130_fd_sc_hd__dfrtp_1)
                          0.25    0.61   clock uncertainty
                          0.00    0.61   clock reconvergence pessimism
                          0.35    0.96   library removal time
                                  0.96   data required time
-----------------------------------------------------------------------------
                                  0.96   data required time
                                 -4.39   data arrival time
-----------------------------------------------------------------------------
                                  3.43   slack (MET)


Startpoint: rst_n (input port clocked by clk)
Endpoint: _285_ (removal check against rising-edge clock clk)
Path Group: asynchronous
Path Type: min
Corner: Typical

Fanout     Cap    Slew   Delay    Time   Description
-----------------------------------------------------------------------------
                          0.00    0.00   clock clk (rise edge)
                          0.00    0.00   clock network delay (propagated)
                          4.00    4.00 ^ input external delay
                  0.02    0.01    4.01 ^ rst_n (in)
     1    0.00                           rst_n (net)
                  0.02    0.00    4.01 ^ input1/A (sky130_fd_sc_hd__clkbuf_2)
                  0.13    0.15    4.16 ^ input1/X (sky130_fd_sc_hd__clkbuf_2)
     4    0.02                           net1 (net)
                  0.13    0.00    4.16 ^ fanout17/A (sky130_fd_sc_hd__clkbuf_4)
                  0.15    0.23    4.39 ^ fanout17/X (sky130_fd_sc_hd__clkbuf_4)
    10    0.05                           net17 (net)
                  0.15    0.00    4.39 ^ _285_/RESET_B (sky130_fd_sc_hd__dfrtp_1)
                                  4.39   data arrival time

                          0.00    0.00   clock clk (rise edge)
                          0.00    0.00   clock source latency
                  0.07    0.05    0.05 ^ clk (in)
     1    0.01                           clk (net)
                  0.07    0.00    0.05 ^ clkbuf_0_clk/A (sky130_fd_sc_hd__clkbuf_16)
                  0.06    0.16    0.21 ^ clkbuf_0_clk/X (sky130_fd_sc_hd__clkbuf_16)
     4    0.04                           clknet_0_clk (net)
                  0.06    0.00    0.21 ^ clkbuf_2_1__f_clk/A (sky130_fd_sc_hd__clkbuf_16)
                  0.05    0.15    0.36 ^ clkbuf_2_1__f_clk/X (sky130_fd_sc_hd__clkbuf_16)
    11    0.03                           clknet_2_1__leaf_clk (net)
                  0.05    0.00    0.36 ^ _285_/CLK (sky130_fd_sc_hd__dfrtp_1)
                          0.25    0.61   clock uncertainty
                          0.00    0.61   clock reconvergence pessimism
                          0.35    0.96   library removal time
                                  0.96   data required time
-----------------------------------------------------------------------------
                                  0.96   data required time
                                 -4.39   data arrival time
-----------------------------------------------------------------------------
                                  3.43   slack (MET)


Startpoint: rst_n (input port clocked by clk)
Endpoint: _284_ (removal check against rising-edge clock clk)
Path Group: asynchronous
Path Type: min
Corner: Typical

Fanout     Cap    Slew   Delay    Time   Description
-----------------------------------------------------------------------------
                          0.00    0.00   clock clk (rise edge)
                          0.00    0.00   clock network delay (propagated)
                          4.00    4.00 ^ input external delay
                  0.02    0.01    4.01 ^ rst_n (in)
     1    0.00                           rst_n (net)
                  0.02    0.00    4.01 ^ input1/A (sky130_fd_sc_hd__clkbuf_2)
                  0.13    0.15    4.16 ^ input1/X (sky130_fd_sc_hd__clkbuf_2)
     4    0.02                           net1 (net)
                  0.13    0.00    4.16 ^ fanout17/A (sky130_fd_sc_hd__clkbuf_4)
                  0.15    0.23    4.39 ^ fanout17/X (sky130_fd_sc_hd__clkbuf_4)
    10    0.05                           net17 (net)
                  0.15    0.00    4.39 ^ _284_/RESET_B (sky130_fd_sc_hd__dfrtp_1)
                                  4.39   data arrival time

                          0.00    0.00   clock clk (rise edge)
                          0.00    0.00   clock source latency
                  0.07    0.05    0.05 ^ clk (in)
     1    0.01                           clk (net)
                  0.07    0.00    0.05 ^ clkbuf_0_clk/A (sky130_fd_sc_hd__clkbuf_16)
                  0.06    0.16    0.21 ^ clkbuf_0_clk/X (sky130_fd_sc_hd__clkbuf_16)
     4    0.04                           clknet_0_clk (net)
                  0.06    0.00    0.21 ^ clkbuf_2_1__f_clk/A (sky130_fd_sc_hd__clkbuf_16)
                  0.05    0.15    0.36 ^ clkbuf_2_1__f_clk/X (sky130_fd_sc_hd__clkbuf_16)
    11    0.03                           clknet_2_1__leaf_clk (net)
                  0.05    0.00    0.36 ^ _284_/CLK (sky130_fd_sc_hd__dfrtp_1)
                          0.25    0.61   clock uncertainty
                          0.00    0.61   clock reconvergence pessimism
                          0.35    0.96   library removal time
                                  0.96   data required time
-----------------------------------------------------------------------------
                                  0.96   data required time
                                 -4.39   data arrival time
-----------------------------------------------------------------------------
                                  3.43   slack (MET)


Startpoint: rst_n (input port clocked by clk)
Endpoint: _286_ (removal check against rising-edge clock clk)
Path Group: asynchronous
Path Type: min
Corner: Typical

Fanout     Cap    Slew   Delay    Time   Description
-----------------------------------------------------------------------------
                          0.00    0.00   clock clk (rise edge)
                          0.00    0.00   clock network delay (propagated)
                          4.00    4.00 ^ input external delay
                  0.02    0.01    4.01 ^ rst_n (in)
     1    0.00                           rst_n (net)
                  0.02    0.00    4.01 ^ input1/A (sky130_fd_sc_hd__clkbuf_2)
                  0.13    0.15    4.16 ^ input1/X (sky130_fd_sc_hd__clkbuf_2)
     4    0.02                           net1 (net)
                  0.13    0.00    4.16 ^ fanout17/A (sky130_fd_sc_hd__clkbuf_4)
                  0.15    0.23    4.39 ^ fanout17/X (sky130_fd_sc_hd__clkbuf_4)
    10    0.05                           net17 (net)
                  0.15    0.00    4.39 ^ _286_/RESET_B (sky130_fd_sc_hd__dfrtp_1)
                                  4.39   data arrival time

                          0.00    0.00   clock clk (rise edge)
                          0.00    0.00   clock source latency
                  0.07    0.05    0.05 ^ clk (in)
     1    0.01                           clk (net)
                  0.07    0.00    0.05 ^ clkbuf_0_clk/A (sky130_fd_sc_hd__clkbuf_16)
                  0.06    0.16    0.21 ^ clkbuf_0_clk/X (sky130_fd_sc_hd__clkbuf_16)
     4    0.04                           clknet_0_clk (net)
                  0.06    0.00    0.21 ^ clkbuf_2_1__f_clk/A (sky130_fd_sc_hd__clkbuf_16)
                  0.05    0.15    0.36 ^ clkbuf_2_1__f_clk/X (sky130_fd_sc_hd__clkbuf_16)
    11    0.03                           clknet_2_1__leaf_clk (net)
                  0.05    0.00    0.36 ^ _286_/CLK (sky130_fd_sc_hd__dfrtp_1)
                          0.25    0.61   clock uncertainty
                          0.00    0.61   clock reconvergence pessimism
                          0.35    0.96   library removal time
                                  0.96   data required time
-----------------------------------------------------------------------------
                                  0.96   data required time
                                 -4.39   data arrival time
-----------------------------------------------------------------------------
                                  3.43   slack (MET)


Startpoint: rst_n (input port clocked by clk)
Endpoint: _270_ (removal check against rising-edge clock clk)
Path Group: asynchronous
Path Type: min
Corner: Typical

Fanout     Cap    Slew   Delay    Time   Description
-----------------------------------------------------------------------------
                          0.00    0.00   clock clk (rise edge)
                          0.00    0.00   clock network delay (propagated)
                          4.00    4.00 ^ input external delay
                  0.02    0.01    4.01 ^ rst_n (in)
     1    0.00                           rst_n (net)
                  0.02    0.00    4.01 ^ input1/A (sky130_fd_sc_hd__clkbuf_2)
                  0.13    0.15    4.16 ^ input1/X (sky130_fd_sc_hd__clkbuf_2)
     4    0.02                           net1 (net)
                  0.13    0.00    4.16 ^ fanout17/A (sky130_fd_sc_hd__clkbuf_4)
                  0.15    0.23    4.39 ^ fanout17/X (sky130_fd_sc_hd__clkbuf_4)
    10    0.05                           net17 (net)
                  0.15    0.00    4.39 ^ _270_/RESET_B (sky130_fd_sc_hd__dfrtp_1)
                                  4.39   data arrival time

                          0.00    0.00   clock clk (rise edge)
                          0.00    0.00   clock source latency
                  0.07    0.05    0.05 ^ clk (in)
     1    0.01                           clk (net)
                  0.07    0.00    0.05 ^ clkbuf_0_clk/A (sky130_fd_sc_hd__clkbuf_16)
                  0.06    0.16    0.21 ^ clkbuf_0_clk/X (sky130_fd_sc_hd__clkbuf_16)
     4    0.04                           clknet_0_clk (net)
                  0.06    0.00    0.21 ^ clkbuf_2_1__f_clk/A (sky130_fd_sc_hd__clkbuf_16)
                  0.05    0.15    0.36 ^ clkbuf_2_1__f_clk/X (sky130_fd_sc_hd__clkbuf_16)
    11    0.03                           clknet_2_1__leaf_clk (net)
                  0.05    0.00    0.36 ^ _270_/CLK (sky130_fd_sc_hd__dfrtp_1)
                          0.25    0.61   clock uncertainty
                          0.00    0.61   clock reconvergence pessimism
                          0.35    0.96   library removal time
                                  0.96   data required time
-----------------------------------------------------------------------------
                                  0.96   data required time
                                 -4.39   data arrival time
-----------------------------------------------------------------------------
                                  3.43   slack (MET)


Startpoint: rst_n (input port clocked by clk)
Endpoint: _267_ (removal check against rising-edge clock clk)
Path Group: asynchronous
Path Type: min
Corner: Typical

Fanout     Cap    Slew   Delay    Time   Description
-----------------------------------------------------------------------------
                          0.00    0.00   clock clk (rise edge)
                          0.00    0.00   clock network delay (propagated)
                          4.00    4.00 ^ input external delay
                  0.02    0.01    4.01 ^ rst_n (in)
     1    0.00                           rst_n (net)
                  0.02    0.00    4.01 ^ input1/A (sky130_fd_sc_hd__clkbuf_2)
                  0.13    0.15    4.16 ^ input1/X (sky130_fd_sc_hd__clkbuf_2)
     4    0.02                           net1 (net)
                  0.13    0.00    4.16 ^ fanout17/A (sky130_fd_sc_hd__clkbuf_4)
                  0.15    0.23    4.39 ^ fanout17/X (sky130_fd_sc_hd__clkbuf_4)
    10    0.05                           net17 (net)
                  0.15    0.00    4.39 ^ _267_/RESET_B (sky130_fd_sc_hd__dfrtp_1)
                                  4.39   data arrival time

                          0.00    0.00   clock clk (rise edge)
                          0.00    0.00   clock source latency
                  0.07    0.05    0.05 ^ clk (in)
     1    0.01                           clk (net)
                  0.07    0.00    0.05 ^ clkbuf_0_clk/A (sky130_fd_sc_hd__clkbuf_16)
                  0.06    0.16    0.21 ^ clkbuf_0_clk/X (sky130_fd_sc_hd__clkbuf_16)
     4    0.04                           clknet_0_clk (net)
                  0.06    0.00    0.21 ^ clkbuf_2_1__f_clk/A (sky130_fd_sc_hd__clkbuf_16)
                  0.05    0.15    0.36 ^ clkbuf_2_1__f_clk/X (sky130_fd_sc_hd__clkbuf_16)
    11    0.03                           clknet_2_1__leaf_clk (net)
                  0.05    0.00    0.36 ^ _267_/CLK (sky130_fd_sc_hd__dfrtp_1)
                          0.25    0.61   clock uncertainty
                          0.00    0.61   clock reconvergence pessimism
                          0.35    0.96   library removal time
                                  0.96   data required time
-----------------------------------------------------------------------------
                                  0.96   data required time
                                 -4.39   data arrival time
-----------------------------------------------------------------------------
                                  3.43   slack (MET)


Startpoint: rst_n (input port clocked by clk)
Endpoint: _268_ (removal check against rising-edge clock clk)
Path Group: asynchronous
Path Type: min
Corner: Typical

Fanout     Cap    Slew   Delay    Time   Description
-----------------------------------------------------------------------------
                          0.00    0.00   clock clk (rise edge)
                          0.00    0.00   clock network delay (propagated)
                          4.00    4.00 ^ input external delay
                  0.02    0.01    4.01 ^ rst_n (in)
     1    0.00                           rst_n (net)
                  0.02    0.00    4.01 ^ input1/A (sky130_fd_sc_hd__clkbuf_2)
                  0.13    0.15    4.16 ^ input1/X (sky130_fd_sc_hd__clkbuf_2)
     4    0.02                           net1 (net)
                  0.13    0.00    4.16 ^ fanout17/A (sky130_fd_sc_hd__clkbuf_4)
                  0.15    0.23    4.39 ^ fanout17/X (sky130_fd_sc_hd__clkbuf_4)
    10    0.05                           net17 (net)
                  0.15    0.00    4.39 ^ _268_/RESET_B (sky130_fd_sc_hd__dfrtp_1)
                                  4.39   data arrival time

                          0.00    0.00   clock clk (rise edge)
                          0.00    0.00   clock source latency
                  0.07    0.05    0.05 ^ clk (in)
     1    0.01                           clk (net)
                  0.07    0.00    0.05 ^ clkbuf_0_clk/A (sky130_fd_sc_hd__clkbuf_16)
                  0.06    0.16    0.21 ^ clkbuf_0_clk/X (sky130_fd_sc_hd__clkbuf_16)
     4    0.04                           clknet_0_clk (net)
                  0.06    0.00    0.21 ^ clkbuf_2_1__f_clk/A (sky130_fd_sc_hd__clkbuf_16)
                  0.05    0.15    0.36 ^ clkbuf_2_1__f_clk/X (sky130_fd_sc_hd__clkbuf_16)
    11    0.03                           clknet_2_1__leaf_clk (net)
                  0.05    0.00    0.36 ^ _268_/CLK (sky130_fd_sc_hd__dfrtp_1)
                          0.25    0.61   clock uncertainty
                          0.00    0.61   clock reconvergence pessimism
                          0.35    0.96   library removal time
                                  0.96   data required time
-----------------------------------------------------------------------------
                                  0.96   data required time
                                 -4.39   data arrival time
-----------------------------------------------------------------------------
                                  3.43   slack (MET)


Startpoint: rst_n (input port clocked by clk)
Endpoint: _296_ (removal check against rising-edge clock clk)
Path Group: asynchronous
Path Type: min
Corner: Typical

Fanout     Cap    Slew   Delay    Time   Description
-----------------------------------------------------------------------------
                          0.00    0.00   clock clk (rise edge)
                          0.00    0.00   clock network delay (propagated)
                          4.00    4.00 ^ input external delay
                  0.02    0.01    4.01 ^ rst_n (in)
     1    0.00                           rst_n (net)
                  0.02    0.00    4.01 ^ input1/A (sky130_fd_sc_hd__clkbuf_2)
                  0.13    0.15    4.16 ^ input1/X (sky130_fd_sc_hd__clkbuf_2)
     4    0.02                           net1 (net)
                  0.13    0.00    4.16 ^ fanout17/A (sky130_fd_sc_hd__clkbuf_4)
                  0.15    0.23    4.39 ^ fanout17/X (sky130_fd_sc_hd__clkbuf_4)
    10    0.05                           net17 (net)
                  0.15    0.00    4.39 ^ _296_/RESET_B (sky130_fd_sc_hd__dfrtp_4)
                                  4.39   data arrival time

                          0.00    0.00   clock clk (rise edge)
                          0.00    0.00   clock source latency
                  0.07    0.05    0.05 ^ clk (in)
     1    0.01                           clk (net)
                  0.07    0.00    0.05 ^ clkbuf_0_clk/A (sky130_fd_sc_hd__clkbuf_16)
                  0.06    0.16    0.21 ^ clkbuf_0_clk/X (sky130_fd_sc_hd__clkbuf_16)
     4    0.04                           clknet_0_clk (net)
                  0.06    0.00    0.21 ^ clkbuf_2_1__f_clk/A (sky130_fd_sc_hd__clkbuf_16)
                  0.05    0.15    0.36 ^ clkbuf_2_1__f_clk/X (sky130_fd_sc_hd__clkbuf_16)
    11    0.03                           clknet_2_1__leaf_clk (net)
                  0.05    0.00    0.36 ^ _296_/CLK (sky130_fd_sc_hd__dfrtp_4)
                          0.25    0.61   clock uncertainty
                          0.00    0.61   clock reconvergence pessimism
                          0.35    0.96   library removal time
                                  0.96   data required time
-----------------------------------------------------------------------------
                                  0.96   data required time
                                 -4.39   data arrival time
-----------------------------------------------------------------------------
                                  3.43   slack (MET)


Startpoint: rst_n (input port clocked by clk)
Endpoint: _298_ (removal check against rising-edge clock clk)
Path Group: asynchronous
Path Type: min
Corner: Typical

Fanout     Cap    Slew   Delay    Time   Description
-----------------------------------------------------------------------------
                          0.00    0.00   clock clk (rise edge)
                          0.00    0.00   clock network delay (propagated)
                          4.00    4.00 ^ input external delay
                  0.02    0.01    4.01 ^ rst_n (in)
     1    0.00                           rst_n (net)
                  0.02    0.00    4.01 ^ input1/A (sky130_fd_sc_hd__clkbuf_2)
                  0.13    0.15    4.16 ^ input1/X (sky130_fd_sc_hd__clkbuf_2)
     4    0.02                           net1 (net)
                  0.13    0.00    4.16 ^ fanout17/A (sky130_fd_sc_hd__clkbuf_4)
                  0.15    0.23    4.39 ^ fanout17/X (sky130_fd_sc_hd__clkbuf_4)
    10    0.05                           net17 (net)
                  0.15    0.00    4.39 ^ _298_/RESET_B (sky130_fd_sc_hd__dfrtp_1)
                                  4.39   data arrival time

                          0.00    0.00   clock clk (rise edge)
                          0.00    0.00   clock source latency
                  0.07    0.05    0.05 ^ clk (in)
     1    0.01                           clk (net)
                  0.07    0.00    0.05 ^ clkbuf_0_clk/A (sky130_fd_sc_hd__clkbuf_16)
                  0.06    0.16    0.21 ^ clkbuf_0_clk/X (sky130_fd_sc_hd__clkbuf_16)
     4    0.04                           clknet_0_clk (net)
                  0.06    0.00    0.21 ^ clkbuf_2_1__f_clk/A (sky130_fd_sc_hd__clkbuf_16)
                  0.05    0.15    0.36 ^ clkbuf_2_1__f_clk/X (sky130_fd_sc_hd__clkbuf_16)
    11    0.03                           clknet_2_1__leaf_clk (net)
                  0.05    0.00    0.36 ^ _298_/CLK (sky130_fd_sc_hd__dfrtp_1)
                          0.25    0.61   clock uncertainty
                          0.00    0.61   clock reconvergence pessimism
                          0.35    0.96   library removal time
                                  0.96   data required time
-----------------------------------------------------------------------------
                                  0.96   data required time
                                 -4.39   data arrival time
-----------------------------------------------------------------------------
                                  3.43   slack (MET)


Startpoint: rst_n (input port clocked by clk)
Endpoint: _297_ (removal check against rising-edge clock clk)
Path Group: asynchronous
Path Type: min
Corner: Typical

Fanout     Cap    Slew   Delay    Time   Description
-----------------------------------------------------------------------------
                          0.00    0.00   clock clk (rise edge)
                          0.00    0.00   clock network delay (propagated)
                          4.00    4.00 ^ input external delay
                  0.02    0.01    4.01 ^ rst_n (in)
     1    0.00                           rst_n (net)
                  0.02    0.00    4.01 ^ input1/A (sky130_fd_sc_hd__clkbuf_2)
                  0.13    0.15    4.16 ^ input1/X (sky130_fd_sc_hd__clkbuf_2)
     4    0.02                           net1 (net)
                  0.13    0.00    4.16 ^ fanout17/A (sky130_fd_sc_hd__clkbuf_4)
                  0.15    0.23    4.39 ^ fanout17/X (sky130_fd_sc_hd__clkbuf_4)
    10    0.05                           net17 (net)
                  0.15    0.00    4.39 ^ _297_/RESET_B (sky130_fd_sc_hd__dfrtp_4)
                                  4.39   data arrival time

                          0.00    0.00   clock clk (rise edge)
                          0.00    0.00   clock source latency
                  0.07    0.05    0.05 ^ clk (in)
     1    0.01                           clk (net)
                  0.07    0.00    0.05 ^ clkbuf_0_clk/A (sky130_fd_sc_hd__clkbuf_16)
                  0.06    0.16    0.21 ^ clkbuf_0_clk/X (sky130_fd_sc_hd__clkbuf_16)
     4    0.04                           clknet_0_clk (net)
                  0.06    0.00    0.21 ^ clkbuf_2_1__f_clk/A (sky130_fd_sc_hd__clkbuf_16)
                  0.05    0.15    0.36 ^ clkbuf_2_1__f_clk/X (sky130_fd_sc_hd__clkbuf_16)
    11    0.03                           clknet_2_1__leaf_clk (net)
                  0.05    0.00    0.36 ^ _297_/CLK (sky130_fd_sc_hd__dfrtp_4)
                          0.25    0.61   clock uncertainty
                          0.00    0.61   clock reconvergence pessimism
                          0.35    0.96   library removal time
                                  0.96   data required time
-----------------------------------------------------------------------------
                                  0.96   data required time
                                 -4.39   data arrival time
-----------------------------------------------------------------------------
                                  3.43   slack (MET)


Startpoint: rst_n (input port clocked by clk)
Endpoint: _273_ (removal check against rising-edge clock clk)
Path Group: asynchronous
Path Type: min
Corner: Typical

Fanout     Cap    Slew   Delay    Time   Description
-----------------------------------------------------------------------------
                          0.00    0.00   clock clk (rise edge)
                          0.00    0.00   clock network delay (propagated)
                          4.00    4.00 ^ input external delay
                  0.02    0.01    4.01 ^ rst_n (in)
     1    0.00                           rst_n (net)
                  0.02    0.00    4.01 ^ input1/A (sky130_fd_sc_hd__clkbuf_2)
                  0.13    0.15    4.16 ^ input1/X (sky130_fd_sc_hd__clkbuf_2)
     4    0.02                           net1 (net)
                  0.13    0.00    4.16 ^ fanout16/A (sky130_fd_sc_hd__clkbuf_4)
                  0.13    0.22    4.37 ^ fanout16/X (sky130_fd_sc_hd__clkbuf_4)
     8    0.04                           net16 (net)
                  0.13    0.00    4.37 ^ _273_/RESET_B (sky130_fd_sc_hd__dfrtp_2)
                                  4.37   data arrival time

                          0.00    0.00   clock clk (rise edge)
                          0.00    0.00   clock source latency
                  0.07    0.05    0.05 ^ clk (in)
     1    0.01                           clk (net)
                  0.07    0.00    0.05 ^ clkbuf_0_clk/A (sky130_fd_sc_hd__clkbuf_16)
                  0.06    0.16    0.21 ^ clkbuf_0_clk/X (sky130_fd_sc_hd__clkbuf_16)
     4    0.04                           clknet_0_clk (net)
                  0.06    0.00    0.21 ^ clkbuf_2_2__f_clk/A (sky130_fd_sc_hd__clkbuf_16)
                  0.04    0.14    0.35 ^ clkbuf_2_2__f_clk/X (sky130_fd_sc_hd__clkbuf_16)
     8    0.02                           clknet_2_2__leaf_clk (net)
                  0.04    0.00    0.35 ^ _273_/CLK (sky130_fd_sc_hd__dfrtp_2)
                          0.25    0.60   clock uncertainty
                          0.00    0.60   clock reconvergence pessimism
                          0.34    0.94   library removal time
                                  0.94   data required time
-----------------------------------------------------------------------------
                                  0.94   data required time
                                 -4.37   data arrival time
-----------------------------------------------------------------------------
                                  3.43   slack (MET)


Startpoint: rst_n (input port clocked by clk)
Endpoint: _282_ (removal check against rising-edge clock clk)
Path Group: asynchronous
Path Type: min
Corner: Typical

Fanout     Cap    Slew   Delay    Time   Description
-----------------------------------------------------------------------------
                          0.00    0.00   clock clk (rise edge)
                          0.00    0.00   clock network delay (propagated)
                          4.00    4.00 ^ input external delay
                  0.02    0.01    4.01 ^ rst_n (in)
     1    0.00                           rst_n (net)
                  0.02    0.00    4.01 ^ input1/A (sky130_fd_sc_hd__clkbuf_2)
                  0.13    0.15    4.16 ^ input1/X (sky130_fd_sc_hd__clkbuf_2)
     4    0.02                           net1 (net)
                  0.13    0.00    4.16 ^ fanout16/A (sky130_fd_sc_hd__clkbuf_4)
                  0.13    0.22    4.37 ^ fanout16/X (sky130_fd_sc_hd__clkbuf_4)
     8    0.04                           net16 (net)
                  0.13    0.00    4.37 ^ _282_/RESET_B (sky130_fd_sc_hd__dfrtp_1)
                                  4.37   data arrival time

                          0.00    0.00   clock clk (rise edge)
                          0.00    0.00   clock source latency
                  0.07    0.05    0.05 ^ clk (in)
     1    0.01                           clk (net)
                  0.07    0.00    0.05 ^ clkbuf_0_clk/A (sky130_fd_sc_hd__clkbuf_16)
                  0.06    0.16    0.21 ^ clkbuf_0_clk/X (sky130_fd_sc_hd__clkbuf_16)
     4    0.04                           clknet_0_clk (net)
                  0.06    0.00    0.21 ^ clkbuf_2_2__f_clk/A (sky130_fd_sc_hd__clkbuf_16)
                  0.04    0.14    0.35 ^ clkbuf_2_2__f_clk/X (sky130_fd_sc_hd__clkbuf_16)
     8    0.02                           clknet_2_2__leaf_clk (net)
                  0.04    0.00    0.35 ^ _282_/CLK (sky130_fd_sc_hd__dfrtp_1)
                          0.25    0.60   clock uncertainty
                          0.00    0.60   clock reconvergence pessimism
                          0.34    0.94   library removal time
                                  0.94   data required time
-----------------------------------------------------------------------------
                                  0.94   data required time
                                 -4.37   data arrival time
-----------------------------------------------------------------------------
                                  3.43   slack (MET)


Startpoint: rst_n (input port clocked by clk)
Endpoint: _283_ (removal check against rising-edge clock clk)
Path Group: asynchronous
Path Type: min
Corner: Typical

Fanout     Cap    Slew   Delay    Time   Description
-----------------------------------------------------------------------------
                          0.00    0.00   clock clk (rise edge)
                          0.00    0.00   clock network delay (propagated)
                          4.00    4.00 ^ input external delay
                  0.02    0.01    4.01 ^ rst_n (in)
     1    0.00                           rst_n (net)
                  0.02    0.00    4.01 ^ input1/A (sky130_fd_sc_hd__clkbuf_2)
                  0.13    0.15    4.16 ^ input1/X (sky130_fd_sc_hd__clkbuf_2)
     4    0.02                           net1 (net)
                  0.13    0.00    4.16 ^ fanout16/A (sky130_fd_sc_hd__clkbuf_4)
                  0.13    0.22    4.37 ^ fanout16/X (sky130_fd_sc_hd__clkbuf_4)
     8    0.04                           net16 (net)
                  0.13    0.00    4.38 ^ _283_/RESET_B (sky130_fd_sc_hd__dfrtp_1)
                                  4.38   data arrival time

                          0.00    0.00   clock clk (rise edge)
                          0.00    0.00   clock source latency
                  0.07    0.05    0.05 ^ clk (in)
     1    0.01                           clk (net)
                  0.07    0.00    0.05 ^ clkbuf_0_clk/A (sky130_fd_sc_hd__clkbuf_16)
                  0.06    0.16    0.21 ^ clkbuf_0_clk/X (sky130_fd_sc_hd__clkbuf_16)
     4    0.04                           clknet_0_clk (net)
                  0.06    0.00    0.21 ^ clkbuf_2_2__f_clk/A (sky130_fd_sc_hd__clkbuf_16)
                  0.04    0.14    0.35 ^ clkbuf_2_2__f_clk/X (sky130_fd_sc_hd__clkbuf_16)
     8    0.02                           clknet_2_2__leaf_clk (net)
                  0.04    0.00    0.35 ^ _283_/CLK (sky130_fd_sc_hd__dfrtp_1)
                          0.25    0.60   clock uncertainty
                          0.00    0.60   clock reconvergence pessimism
                          0.34    0.94   library removal time
                                  0.94   data required time
-----------------------------------------------------------------------------
                                  0.94   data required time
                                 -4.38   data arrival time
-----------------------------------------------------------------------------
                                  3.43   slack (MET)


Startpoint: rst_n (input port clocked by clk)
Endpoint: _274_ (removal check against rising-edge clock clk)
Path Group: asynchronous
Path Type: min
Corner: Typical

Fanout     Cap    Slew   Delay    Time   Description
-----------------------------------------------------------------------------
                          0.00    0.00   clock clk (rise edge)
                          0.00    0.00   clock network delay (propagated)
                          4.00    4.00 ^ input external delay
                  0.02    0.01    4.01 ^ rst_n (in)
     1    0.00                           rst_n (net)
                  0.02    0.00    4.01 ^ input1/A (sky130_fd_sc_hd__clkbuf_2)
                  0.13    0.15    4.16 ^ input1/X (sky130_fd_sc_hd__clkbuf_2)
     4    0.02                           net1 (net)
                  0.13    0.00    4.16 ^ fanout16/A (sky130_fd_sc_hd__clkbuf_4)
                  0.13    0.22    4.37 ^ fanout16/X (sky130_fd_sc_hd__clkbuf_4)
     8    0.04                           net16 (net)
                  0.13    0.00    4.38 ^ _274_/RESET_B (sky130_fd_sc_hd__dfrtp_4)
                                  4.38   data arrival time

                          0.00    0.00   clock clk (rise edge)
                          0.00    0.00   clock source latency
                  0.07    0.05    0.05 ^ clk (in)
     1    0.01                           clk (net)
                  0.07    0.00    0.05 ^ clkbuf_0_clk/A (sky130_fd_sc_hd__clkbuf_16)
                  0.06    0.16    0.21 ^ clkbuf_0_clk/X (sky130_fd_sc_hd__clkbuf_16)
     4    0.04                           clknet_0_clk (net)
                  0.06    0.00    0.21 ^ clkbuf_2_2__f_clk/A (sky130_fd_sc_hd__clkbuf_16)
                  0.04    0.14    0.35 ^ clkbuf_2_2__f_clk/X (sky130_fd_sc_hd__clkbuf_16)
     8    0.02                           clknet_2_2__leaf_clk (net)
                  0.04    0.00    0.35 ^ _274_/CLK (sky130_fd_sc_hd__dfrtp_4)
                          0.25    0.60   clock uncertainty
                          0.00    0.60   clock reconvergence pessimism
                          0.34    0.94   library removal time
                                  0.94   data required time
-----------------------------------------------------------------------------
                                  0.94   data required time
                                 -4.38   data arrival time
-----------------------------------------------------------------------------
                                  3.43   slack (MET)


Startpoint: rst_n (input port clocked by clk)
Endpoint: _275_ (removal check against rising-edge clock clk)
Path Group: asynchronous
Path Type: min
Corner: Typical

Fanout     Cap    Slew   Delay    Time   Description
-----------------------------------------------------------------------------
                          0.00    0.00   clock clk (rise edge)
                          0.00    0.00   clock network delay (propagated)
                          4.00    4.00 ^ input external delay
                  0.02    0.01    4.01 ^ rst_n (in)
     1    0.00                           rst_n (net)
                  0.02    0.00    4.01 ^ input1/A (sky130_fd_sc_hd__clkbuf_2)
                  0.13    0.15    4.16 ^ input1/X (sky130_fd_sc_hd__clkbuf_2)
     4    0.02                           net1 (net)
                  0.13    0.00    4.16 ^ fanout16/A (sky130_fd_sc_hd__clkbuf_4)
                  0.13    0.22    4.37 ^ fanout16/X (sky130_fd_sc_hd__clkbuf_4)
     8    0.04                           net16 (net)
                  0.13    0.00    4.38 ^ _275_/RESET_B (sky130_fd_sc_hd__dfrtp_2)
                                  4.38   data arrival time

                          0.00    0.00   clock clk (rise edge)
                          0.00    0.00   clock source latency
                  0.07    0.05    0.05 ^ clk (in)
     1    0.01                           clk (net)
                  0.07    0.00    0.05 ^ clkbuf_0_clk/A (sky130_fd_sc_hd__clkbuf_16)
                  0.06    0.16    0.21 ^ clkbuf_0_clk/X (sky130_fd_sc_hd__clkbuf_16)
     4    0.04                           clknet_0_clk (net)
                  0.06    0.00    0.21 ^ clkbuf_2_2__f_clk/A (sky130_fd_sc_hd__clkbuf_16)
                  0.04    0.14    0.35 ^ clkbuf_2_2__f_clk/X (sky130_fd_sc_hd__clkbuf_16)
     8    0.02                           clknet_2_2__leaf_clk (net)
                  0.04    0.00    0.35 ^ _275_/CLK (sky130_fd_sc_hd__dfrtp_2)
                          0.25    0.60   clock uncertainty
                          0.00    0.60   clock reconvergence pessimism
                          0.34    0.94   library removal time
                                  0.94   data required time
-----------------------------------------------------------------------------
                                  0.94   data required time
                                 -4.38   data arrival time
-----------------------------------------------------------------------------
                                  3.43   slack (MET)


Startpoint: rst_n (input port clocked by clk)
Endpoint: _277_ (removal check against rising-edge clock clk)
Path Group: asynchronous
Path Type: min
Corner: Typical

Fanout     Cap    Slew   Delay    Time   Description
-----------------------------------------------------------------------------
                          0.00    0.00   clock clk (rise edge)
                          0.00    0.00   clock network delay (propagated)
                          4.00    4.00 ^ input external delay
                  0.02    0.01    4.01 ^ rst_n (in)
     1    0.00                           rst_n (net)
                  0.02    0.00    4.01 ^ input1/A (sky130_fd_sc_hd__clkbuf_2)
                  0.13    0.15    4.16 ^ input1/X (sky130_fd_sc_hd__clkbuf_2)
     4    0.02                           net1 (net)
                  0.13    0.00    4.16 ^ fanout16/A (sky130_fd_sc_hd__clkbuf_4)
                  0.13    0.22    4.37 ^ fanout16/X (sky130_fd_sc_hd__clkbuf_4)
     8    0.04                           net16 (net)
                  0.13    0.00    4.38 ^ _277_/RESET_B (sky130_fd_sc_hd__dfrtp_1)
                                  4.38   data arrival time

                          0.00    0.00   clock clk (rise edge)
                          0.00    0.00   clock source latency
                  0.07    0.05    0.05 ^ clk (in)
     1    0.01                           clk (net)
                  0.07    0.00    0.05 ^ clkbuf_0_clk/A (sky130_fd_sc_hd__clkbuf_16)
                  0.06    0.16    0.21 ^ clkbuf_0_clk/X (sky130_fd_sc_hd__clkbuf_16)
     4    0.04                           clknet_0_clk (net)
                  0.06    0.00    0.21 ^ clkbuf_2_2__f_clk/A (sky130_fd_sc_hd__clkbuf_16)
                  0.04    0.14    0.35 ^ clkbuf_2_2__f_clk/X (sky130_fd_sc_hd__clkbuf_16)
     8    0.02                           clknet_2_2__leaf_clk (net)
                  0.04    0.00    0.35 ^ _277_/CLK (sky130_fd_sc_hd__dfrtp_1)
                          0.25    0.60   clock uncertainty
                          0.00    0.60   clock reconvergence pessimism
                          0.34    0.94   library removal time
                                  0.94   data required time
-----------------------------------------------------------------------------
                                  0.94   data required time
                                 -4.38   data arrival time
-----------------------------------------------------------------------------
                                  3.43   slack (MET)


Startpoint: rst_n (input port clocked by clk)
Endpoint: _276_ (removal check against rising-edge clock clk)
Path Group: asynchronous
Path Type: min
Corner: Typical

Fanout     Cap    Slew   Delay    Time   Description
-----------------------------------------------------------------------------
                          0.00    0.00   clock clk (rise edge)
                          0.00    0.00   clock network delay (propagated)
                          4.00    4.00 ^ input external delay
                  0.02    0.01    4.01 ^ rst_n (in)
     1    0.00                           rst_n (net)
                  0.02    0.00    4.01 ^ input1/A (sky130_fd_sc_hd__clkbuf_2)
                  0.13    0.15    4.16 ^ input1/X (sky130_fd_sc_hd__clkbuf_2)
     4    0.02                           net1 (net)
                  0.13    0.00    4.16 ^ fanout16/A (sky130_fd_sc_hd__clkbuf_4)
                  0.13    0.22    4.37 ^ fanout16/X (sky130_fd_sc_hd__clkbuf_4)
     8    0.04                           net16 (net)
                  0.13    0.00    4.38 ^ _276_/RESET_B (sky130_fd_sc_hd__dfrtp_2)
                                  4.38   data arrival time

                          0.00    0.00   clock clk (rise edge)
                          0.00    0.00   clock source latency
                  0.07    0.05    0.05 ^ clk (in)
     1    0.01                           clk (net)
                  0.07    0.00    0.05 ^ clkbuf_0_clk/A (sky130_fd_sc_hd__clkbuf_16)
                  0.06    0.16    0.21 ^ clkbuf_0_clk/X (sky130_fd_sc_hd__clkbuf_16)
     4    0.04                           clknet_0_clk (net)
                  0.06    0.00    0.21 ^ clkbuf_2_2__f_clk/A (sky130_fd_sc_hd__clkbuf_16)
                  0.04    0.14    0.35 ^ clkbuf_2_2__f_clk/X (sky130_fd_sc_hd__clkbuf_16)
     8    0.02                           clknet_2_2__leaf_clk (net)
                  0.04    0.00    0.35 ^ _276_/CLK (sky130_fd_sc_hd__dfrtp_2)
                          0.25    0.60   clock uncertainty
                          0.00    0.60   clock reconvergence pessimism
                          0.34    0.94   library removal time
                                  0.94   data required time
-----------------------------------------------------------------------------
                                  0.94   data required time
                                 -4.38   data arrival time
-----------------------------------------------------------------------------
                                  3.43   slack (MET)


Startpoint: rst_n (input port clocked by clk)
Endpoint: _287_ (removal check against rising-edge clock clk)
Path Group: asynchronous
Path Type: min
Corner: Typical

Fanout     Cap    Slew   Delay    Time   Description
-----------------------------------------------------------------------------
                          0.00    0.00   clock clk (rise edge)
                          0.00    0.00   clock network delay (propagated)
                          4.00    4.00 ^ input external delay
                  0.02    0.01    4.01 ^ rst_n (in)
     1    0.00                           rst_n (net)
                  0.02    0.00    4.01 ^ input1/A (sky130_fd_sc_hd__clkbuf_2)
                  0.13    0.15    4.16 ^ input1/X (sky130_fd_sc_hd__clkbuf_2)
     4    0.02                           net1 (net)
                  0.13    0.00    4.16 ^ fanout15/A (sky130_fd_sc_hd__clkbuf_4)
                  0.15    0.23    4.39 ^ fanout15/X (sky130_fd_sc_hd__clkbuf_4)
    10    0.05                           net15 (net)
                  0.15    0.00    4.39 ^ _287_/RESET_B (sky130_fd_sc_hd__dfrtp_1)
                                  4.39   data arrival time

                          0.00    0.00   clock clk (rise edge)
                          0.00    0.00   clock source latency
                  0.07    0.05    0.05 ^ clk (in)
     1    0.01                           clk (net)
                  0.07    0.00    0.05 ^ clkbuf_0_clk/A (sky130_fd_sc_hd__clkbuf_16)
                  0.06    0.16    0.21 ^ clkbuf_0_clk/X (sky130_fd_sc_hd__clkbuf_16)
     4    0.04                           clknet_0_clk (net)
                  0.06    0.00    0.21 ^ clkbuf_2_0__f_clk/A (sky130_fd_sc_hd__clkbuf_16)
                  0.05    0.15    0.35 ^ clkbuf_2_0__f_clk/X (sky130_fd_sc_hd__clkbuf_16)
     9    0.03                           clknet_2_0__leaf_clk (net)
                  0.05    0.00    0.35 ^ _287_/CLK (sky130_fd_sc_hd__dfrtp_1)
                          0.25    0.60   clock uncertainty
                          0.00    0.60   clock reconvergence pessimism
                          0.35    0.95   library removal time
                                  0.95   data required time
-----------------------------------------------------------------------------
                                  0.95   data required time
                                 -4.39   data arrival time
-----------------------------------------------------------------------------
                                  3.43   slack (MET)


Startpoint: rst_n (input port clocked by clk)
Endpoint: _295_ (removal check against rising-edge clock clk)
Path Group: asynchronous
Path Type: min
Corner: Typical

Fanout     Cap    Slew   Delay    Time   Description
-----------------------------------------------------------------------------
                          0.00    0.00   clock clk (rise edge)
                          0.00    0.00   clock network delay (propagated)
                          4.00    4.00 ^ input external delay
                  0.02    0.01    4.01 ^ rst_n (in)
     1    0.00                           rst_n (net)
                  0.02    0.00    4.01 ^ input1/A (sky130_fd_sc_hd__clkbuf_2)
                  0.13    0.15    4.16 ^ input1/X (sky130_fd_sc_hd__clkbuf_2)
     4    0.02                           net1 (net)
                  0.13    0.00    4.16 ^ fanout15/A (sky130_fd_sc_hd__clkbuf_4)
                  0.15    0.23    4.39 ^ fanout15/X (sky130_fd_sc_hd__clkbuf_4)
    10    0.05                           net15 (net)
                  0.15    0.00    4.39 ^ _295_/RESET_B (sky130_fd_sc_hd__dfrtp_1)
                                  4.39   data arrival time

                          0.00    0.00   clock clk (rise edge)
                          0.00    0.00   clock source latency
                  0.07    0.05    0.05 ^ clk (in)
     1    0.01                           clk (net)
                  0.07    0.00    0.05 ^ clkbuf_0_clk/A (sky130_fd_sc_hd__clkbuf_16)
                  0.06    0.16    0.21 ^ clkbuf_0_clk/X (sky130_fd_sc_hd__clkbuf_16)
     4    0.04                           clknet_0_clk (net)
                  0.06    0.00    0.21 ^ clkbuf_2_0__f_clk/A (sky130_fd_sc_hd__clkbuf_16)
                  0.05    0.15    0.35 ^ clkbuf_2_0__f_clk/X (sky130_fd_sc_hd__clkbuf_16)
     9    0.03                           clknet_2_0__leaf_clk (net)
                  0.05    0.00    0.35 ^ _295_/CLK (sky130_fd_sc_hd__dfrtp_1)
                          0.25    0.60   clock uncertainty
                          0.00    0.60   clock reconvergence pessimism
                          0.35    0.95   library removal time
                                  0.95   data required time
-----------------------------------------------------------------------------
                                  0.95   data required time
                                 -4.39   data arrival time
-----------------------------------------------------------------------------
                                  3.43   slack (MET)


Startpoint: rst_n (input port clocked by clk)
Endpoint: _288_ (removal check against rising-edge clock clk)
Path Group: asynchronous
Path Type: min
Corner: Typical

Fanout     Cap    Slew   Delay    Time   Description
-----------------------------------------------------------------------------
                          0.00    0.00   clock clk (rise edge)
                          0.00    0.00   clock network delay (propagated)
                          4.00    4.00 ^ input external delay
                  0.02    0.01    4.01 ^ rst_n (in)
     1    0.00                           rst_n (net)
                  0.02    0.00    4.01 ^ input1/A (sky130_fd_sc_hd__clkbuf_2)
                  0.13    0.15    4.16 ^ input1/X (sky130_fd_sc_hd__clkbuf_2)
     4    0.02                           net1 (net)
                  0.13    0.00    4.16 ^ fanout15/A (sky130_fd_sc_hd__clkbuf_4)
                  0.15    0.23    4.39 ^ fanout15/X (sky130_fd_sc_hd__clkbuf_4)
    10    0.05                           net15 (net)
                  0.15    0.00    4.39 ^ _288_/RESET_B (sky130_fd_sc_hd__dfrtp_1)
                                  4.39   data arrival time

                          0.00    0.00   clock clk (rise edge)
                          0.00    0.00   clock source latency
                  0.07    0.05    0.05 ^ clk (in)
     1    0.01                           clk (net)
                  0.07    0.00    0.05 ^ clkbuf_0_clk/A (sky130_fd_sc_hd__clkbuf_16)
                  0.06    0.16    0.21 ^ clkbuf_0_clk/X (sky130_fd_sc_hd__clkbuf_16)
     4    0.04                           clknet_0_clk (net)
                  0.06    0.00    0.21 ^ clkbuf_2_0__f_clk/A (sky130_fd_sc_hd__clkbuf_16)
                  0.05    0.15    0.35 ^ clkbuf_2_0__f_clk/X (sky130_fd_sc_hd__clkbuf_16)
     9    0.03                           clknet_2_0__leaf_clk (net)
                  0.05    0.00    0.35 ^ _288_/CLK (sky130_fd_sc_hd__dfrtp_1)
                          0.25    0.60   clock uncertainty
                          0.00    0.60   clock reconvergence pessimism
                          0.35    0.95   library removal time
                                  0.95   data required time
-----------------------------------------------------------------------------
                                  0.95   data required time
                                 -4.39   data arrival time
-----------------------------------------------------------------------------
                                  3.44   slack (MET)


Startpoint: rst_n (input port clocked by clk)
Endpoint: _290_ (removal check against rising-edge clock clk)
Path Group: asynchronous
Path Type: min
Corner: Typical

Fanout     Cap    Slew   Delay    Time   Description
-----------------------------------------------------------------------------
                          0.00    0.00   clock clk (rise edge)
                          0.00    0.00   clock network delay (propagated)
                          4.00    4.00 ^ input external delay
                  0.02    0.01    4.01 ^ rst_n (in)
     1    0.00                           rst_n (net)
                  0.02    0.00    4.01 ^ input1/A (sky130_fd_sc_hd__clkbuf_2)
                  0.13    0.15    4.16 ^ input1/X (sky130_fd_sc_hd__clkbuf_2)
     4    0.02                           net1 (net)
                  0.13    0.00    4.16 ^ fanout15/A (sky130_fd_sc_hd__clkbuf_4)
                  0.15    0.23    4.39 ^ fanout15/X (sky130_fd_sc_hd__clkbuf_4)
    10    0.05                           net15 (net)
                  0.15    0.00    4.39 ^ _290_/RESET_B (sky130_fd_sc_hd__dfrtp_1)
                                  4.39   data arrival time

                          0.00    0.00   clock clk (rise edge)
                          0.00    0.00   clock source latency
                  0.07    0.05    0.05 ^ clk (in)
     1    0.01                           clk (net)
                  0.07    0.00    0.05 ^ clkbuf_0_clk/A (sky130_fd_sc_hd__clkbuf_16)
                  0.06    0.16    0.21 ^ clkbuf_0_clk/X (sky130_fd_sc_hd__clkbuf_16)
     4    0.04                           clknet_0_clk (net)
                  0.06    0.00    0.21 ^ clkbuf_2_0__f_clk/A (sky130_fd_sc_hd__clkbuf_16)
                  0.05    0.15    0.35 ^ clkbuf_2_0__f_clk/X (sky130_fd_sc_hd__clkbuf_16)
     9    0.03                           clknet_2_0__leaf_clk (net)
                  0.05    0.00    0.35 ^ _290_/CLK (sky130_fd_sc_hd__dfrtp_1)
                          0.25    0.60   clock uncertainty
                          0.00    0.60   clock reconvergence pessimism
                          0.35    0.95   library removal time
                                  0.95   data required time
-----------------------------------------------------------------------------
                                  0.95   data required time
                                 -4.39   data arrival time
-----------------------------------------------------------------------------
                                  3.44   slack (MET)


Startpoint: rst_n (input port clocked by clk)
Endpoint: _289_ (removal check against rising-edge clock clk)
Path Group: asynchronous
Path Type: min
Corner: Typical

Fanout     Cap    Slew   Delay    Time   Description
-----------------------------------------------------------------------------
                          0.00    0.00   clock clk (rise edge)
                          0.00    0.00   clock network delay (propagated)
                          4.00    4.00 ^ input external delay
                  0.02    0.01    4.01 ^ rst_n (in)
     1    0.00                           rst_n (net)
                  0.02    0.00    4.01 ^ input1/A (sky130_fd_sc_hd__clkbuf_2)
                  0.13    0.15    4.16 ^ input1/X (sky130_fd_sc_hd__clkbuf_2)
     4    0.02                           net1 (net)
                  0.13    0.00    4.16 ^ fanout15/A (sky130_fd_sc_hd__clkbuf_4)
                  0.15    0.23    4.39 ^ fanout15/X (sky130_fd_sc_hd__clkbuf_4)
    10    0.05                           net15 (net)
                  0.15    0.00    4.39 ^ _289_/RESET_B (sky130_fd_sc_hd__dfrtp_1)
                                  4.39   data arrival time

                          0.00    0.00   clock clk (rise edge)
                          0.00    0.00   clock source latency
                  0.07    0.05    0.05 ^ clk (in)
     1    0.01                           clk (net)
                  0.07    0.00    0.05 ^ clkbuf_0_clk/A (sky130_fd_sc_hd__clkbuf_16)
                  0.06    0.16    0.21 ^ clkbuf_0_clk/X (sky130_fd_sc_hd__clkbuf_16)
     4    0.04                           clknet_0_clk (net)
                  0.06    0.00    0.21 ^ clkbuf_2_0__f_clk/A (sky130_fd_sc_hd__clkbuf_16)
                  0.05    0.15    0.35 ^ clkbuf_2_0__f_clk/X (sky130_fd_sc_hd__clkbuf_16)
     9    0.03                           clknet_2_0__leaf_clk (net)
                  0.05    0.00    0.35 ^ _289_/CLK (sky130_fd_sc_hd__dfrtp_1)
                          0.25    0.60   clock uncertainty
                          0.00    0.60   clock reconvergence pessimism
                          0.35    0.95   library removal time
                                  0.95   data required time
-----------------------------------------------------------------------------
                                  0.95   data required time
                                 -4.39   data arrival time
-----------------------------------------------------------------------------
                                  3.44   slack (MET)


Startpoint: rst_n (input port clocked by clk)
Endpoint: _292_ (removal check against rising-edge clock clk)
Path Group: asynchronous
Path Type: min
Corner: Typical

Fanout     Cap    Slew   Delay    Time   Description
-----------------------------------------------------------------------------
                          0.00    0.00   clock clk (rise edge)
                          0.00    0.00   clock network delay (propagated)
                          4.00    4.00 ^ input external delay
                  0.02    0.01    4.01 ^ rst_n (in)
     1    0.00                           rst_n (net)
                  0.02    0.00    4.01 ^ input1/A (sky130_fd_sc_hd__clkbuf_2)
                  0.13    0.15    4.16 ^ input1/X (sky130_fd_sc_hd__clkbuf_2)
     4    0.02                           net1 (net)
                  0.13    0.00    4.16 ^ fanout15/A (sky130_fd_sc_hd__clkbuf_4)
                  0.15    0.23    4.39 ^ fanout15/X (sky130_fd_sc_hd__clkbuf_4)
    10    0.05                           net15 (net)
                  0.15    0.00    4.39 ^ _292_/RESET_B (sky130_fd_sc_hd__dfrtp_1)
                                  4.39   data arrival time

                          0.00    0.00   clock clk (rise edge)
                          0.00    0.00   clock source latency
                  0.07    0.05    0.05 ^ clk (in)
     1    0.01                           clk (net)
                  0.07    0.00    0.05 ^ clkbuf_0_clk/A (sky130_fd_sc_hd__clkbuf_16)
                  0.06    0.16    0.21 ^ clkbuf_0_clk/X (sky130_fd_sc_hd__clkbuf_16)
     4    0.04                           clknet_0_clk (net)
                  0.06    0.00    0.21 ^ clkbuf_2_0__f_clk/A (sky130_fd_sc_hd__clkbuf_16)
                  0.05    0.15    0.35 ^ clkbuf_2_0__f_clk/X (sky130_fd_sc_hd__clkbuf_16)
     9    0.03                           clknet_2_0__leaf_clk (net)
                  0.05    0.00    0.35 ^ _292_/CLK (sky130_fd_sc_hd__dfrtp_1)
                          0.25    0.60   clock uncertainty
                          0.00    0.60   clock reconvergence pessimism
                          0.35    0.95   library removal time
                                  0.95   data required time
-----------------------------------------------------------------------------
                                  0.95   data required time
                                 -4.39   data arrival time
-----------------------------------------------------------------------------
                                  3.44   slack (MET)


Startpoint: rst_n (input port clocked by clk)
Endpoint: _294_ (removal check against rising-edge clock clk)
Path Group: asynchronous
Path Type: min
Corner: Typical

Fanout     Cap    Slew   Delay    Time   Description
-----------------------------------------------------------------------------
                          0.00    0.00   clock clk (rise edge)
                          0.00    0.00   clock network delay (propagated)
                          4.00    4.00 ^ input external delay
                  0.02    0.01    4.01 ^ rst_n (in)
     1    0.00                           rst_n (net)
                  0.02    0.00    4.01 ^ input1/A (sky130_fd_sc_hd__clkbuf_2)
                  0.13    0.15    4.16 ^ input1/X (sky130_fd_sc_hd__clkbuf_2)
     4    0.02                           net1 (net)
                  0.13    0.00    4.16 ^ fanout15/A (sky130_fd_sc_hd__clkbuf_4)
                  0.15    0.23    4.39 ^ fanout15/X (sky130_fd_sc_hd__clkbuf_4)
    10    0.05                           net15 (net)
                  0.15    0.00    4.39 ^ _294_/RESET_B (sky130_fd_sc_hd__dfrtp_1)
                                  4.39   data arrival time

                          0.00    0.00   clock clk (rise edge)
                          0.00    0.00   clock source latency
                  0.07    0.05    0.05 ^ clk (in)
     1    0.01                           clk (net)
                  0.07    0.00    0.05 ^ clkbuf_0_clk/A (sky130_fd_sc_hd__clkbuf_16)
                  0.06    0.16    0.21 ^ clkbuf_0_clk/X (sky130_fd_sc_hd__clkbuf_16)
     4    0.04                           clknet_0_clk (net)
                  0.06    0.00    0.21 ^ clkbuf_2_0__f_clk/A (sky130_fd_sc_hd__clkbuf_16)
                  0.05    0.15    0.35 ^ clkbuf_2_0__f_clk/X (sky130_fd_sc_hd__clkbuf_16)
     9    0.03                           clknet_2_0__leaf_clk (net)
                  0.05    0.00    0.35 ^ _294_/CLK (sky130_fd_sc_hd__dfrtp_1)
                          0.25    0.60   clock uncertainty
                          0.00    0.60   clock reconvergence pessimism
                          0.35    0.95   library removal time
                                  0.95   data required time
-----------------------------------------------------------------------------
                                  0.95   data required time
                                 -4.39   data arrival time
-----------------------------------------------------------------------------
                                  3.44   slack (MET)


Startpoint: rst_n (input port clocked by clk)
Endpoint: _293_ (removal check against rising-edge clock clk)
Path Group: asynchronous
Path Type: min
Corner: Typical

Fanout     Cap    Slew   Delay    Time   Description
-----------------------------------------------------------------------------
                          0.00    0.00   clock clk (rise edge)
                          0.00    0.00   clock network delay (propagated)
                          4.00    4.00 ^ input external delay
                  0.02    0.01    4.01 ^ rst_n (in)
     1    0.00                           rst_n (net)
                  0.02    0.00    4.01 ^ input1/A (sky130_fd_sc_hd__clkbuf_2)
                  0.13    0.15    4.16 ^ input1/X (sky130_fd_sc_hd__clkbuf_2)
     4    0.02                           net1 (net)
                  0.13    0.00    4.16 ^ fanout15/A (sky130_fd_sc_hd__clkbuf_4)
                  0.15    0.23    4.39 ^ fanout15/X (sky130_fd_sc_hd__clkbuf_4)
    10    0.05                           net15 (net)
                  0.15    0.00    4.39 ^ _293_/RESET_B (sky130_fd_sc_hd__dfrtp_1)
                                  4.39   data arrival time

                          0.00    0.00   clock clk (rise edge)
                          0.00    0.00   clock source latency
                  0.07    0.05    0.05 ^ clk (in)
     1    0.01                           clk (net)
                  0.07    0.00    0.05 ^ clkbuf_0_clk/A (sky130_fd_sc_hd__clkbuf_16)
                  0.06    0.16    0.21 ^ clkbuf_0_clk/X (sky130_fd_sc_hd__clkbuf_16)
     4    0.04                           clknet_0_clk (net)
                  0.06    0.00    0.21 ^ clkbuf_2_0__f_clk/A (sky130_fd_sc_hd__clkbuf_16)
                  0.05    0.15    0.35 ^ clkbuf_2_0__f_clk/X (sky130_fd_sc_hd__clkbuf_16)
     9    0.03                           clknet_2_0__leaf_clk (net)
                  0.05    0.00    0.35 ^ _293_/CLK (sky130_fd_sc_hd__dfrtp_1)
                          0.25    0.60   clock uncertainty
                          0.00    0.60   clock reconvergence pessimism
                          0.35    0.95   library removal time
                                  0.95   data required time
-----------------------------------------------------------------------------
                                  0.95   data required time
                                 -4.39   data arrival time
-----------------------------------------------------------------------------
                                  3.44   slack (MET)


Startpoint: rst_n (input port clocked by clk)
Endpoint: _291_ (removal check against rising-edge clock clk)
Path Group: asynchronous
Path Type: min
Corner: Typical

Fanout     Cap    Slew   Delay    Time   Description
-----------------------------------------------------------------------------
                          0.00    0.00   clock clk (rise edge)
                          0.00    0.00   clock network delay (propagated)
                          4.00    4.00 ^ input external delay
                  0.02    0.01    4.01 ^ rst_n (in)
     1    0.00                           rst_n (net)
                  0.02    0.00    4.01 ^ input1/A (sky130_fd_sc_hd__clkbuf_2)
                  0.13    0.15    4.16 ^ input1/X (sky130_fd_sc_hd__clkbuf_2)
     4    0.02                           net1 (net)
                  0.13    0.00    4.16 ^ fanout15/A (sky130_fd_sc_hd__clkbuf_4)
                  0.15    0.23    4.39 ^ fanout15/X (sky130_fd_sc_hd__clkbuf_4)
    10    0.05                           net15 (net)
                  0.15    0.00    4.39 ^ _291_/RESET_B (sky130_fd_sc_hd__dfrtp_1)
                                  4.39   data arrival time

                          0.00    0.00   clock clk (rise edge)
                          0.00    0.00   clock source latency
                  0.07    0.05    0.05 ^ clk (in)
     1    0.01                           clk (net)
                  0.07    0.00    0.05 ^ clkbuf_0_clk/A (sky130_fd_sc_hd__clkbuf_16)
                  0.06    0.16    0.21 ^ clkbuf_0_clk/X (sky130_fd_sc_hd__clkbuf_16)
     4    0.04                           clknet_0_clk (net)
                  0.06    0.00    0.21 ^ clkbuf_2_0__f_clk/A (sky130_fd_sc_hd__clkbuf_16)
                  0.05    0.15    0.35 ^ clkbuf_2_0__f_clk/X (sky130_fd_sc_hd__clkbuf_16)
     9    0.03                           clknet_2_0__leaf_clk (net)
                  0.05    0.00    0.35 ^ _291_/CLK (sky130_fd_sc_hd__dfrtp_1)
                          0.25    0.60   clock uncertainty
                          0.00    0.60   clock reconvergence pessimism
                          0.35    0.95   library removal time
                                  0.95   data required time
-----------------------------------------------------------------------------
                                  0.95   data required time
                                 -4.39   data arrival time
-----------------------------------------------------------------------------
                                  3.44   slack (MET)


Startpoint: rst_n (input port clocked by clk)
Endpoint: _272_ (removal check against rising-edge clock clk)
Path Group: asynchronous
Path Type: min
Corner: Typical

Fanout     Cap    Slew   Delay    Time   Description
-----------------------------------------------------------------------------
                          0.00    0.00   clock clk (rise edge)
                          0.00    0.00   clock network delay (propagated)
                          4.00    4.00 ^ input external delay
                  0.02    0.01    4.01 ^ rst_n (in)
     1    0.00                           rst_n (net)
                  0.02    0.00    4.01 ^ input1/A (sky130_fd_sc_hd__clkbuf_2)
                  0.13    0.15    4.16 ^ input1/X (sky130_fd_sc_hd__clkbuf_2)
     4    0.02                           net1 (net)
                  0.13    0.00    4.16 ^ fanout15/A (sky130_fd_sc_hd__clkbuf_4)
                  0.15    0.23    4.39 ^ fanout15/X (sky130_fd_sc_hd__clkbuf_4)
    10    0.05                           net15 (net)
                  0.15    0.00    4.39 ^ _272_/RESET_B (sky130_fd_sc_hd__dfrtp_1)
                                  4.39   data arrival time

                          0.00    0.00   clock clk (rise edge)
                          0.00    0.00   clock source latency
                  0.07    0.05    0.05 ^ clk (in)
     1    0.01                           clk (net)
                  0.07    0.00    0.05 ^ clkbuf_0_clk/A (sky130_fd_sc_hd__clkbuf_16)
                  0.06    0.16    0.21 ^ clkbuf_0_clk/X (sky130_fd_sc_hd__clkbuf_16)
     4    0.04                           clknet_0_clk (net)
                  0.06    0.00    0.21 ^ clkbuf_2_2__f_clk/A (sky130_fd_sc_hd__clkbuf_16)
                  0.04    0.14    0.35 ^ clkbuf_2_2__f_clk/X (sky130_fd_sc_hd__clkbuf_16)
     8    0.02                           clknet_2_2__leaf_clk (net)
                  0.04    0.00    0.35 ^ _272_/CLK (sky130_fd_sc_hd__dfrtp_1)
                          0.25    0.60   clock uncertainty
                          0.00    0.60   clock reconvergence pessimism
                          0.35    0.95   library removal time
                                  0.95   data required time
-----------------------------------------------------------------------------
                                  0.95   data required time
                                 -4.39   data arrival time
-----------------------------------------------------------------------------
                                  3.44   slack (MET)


Startpoint: _273_ (rising edge-triggered flip-flop clocked by clk)
Endpoint: sleep_ack (output port clocked by clk)
Path Group: clk
Path Type: min
Corner: Typical

Fanout     Cap    Slew   Delay    Time   Description
-----------------------------------------------------------------------------
                          0.00    0.00   clock clk (rise edge)
                          0.00    0.00   clock source latency
                  0.07    0.04    0.04 ^ clk (in)
     1    0.01                           clk (net)
                  0.07    0.00    0.04 ^ clkbuf_0_clk/A (sky130_fd_sc_hd__clkbuf_16)
                  0.06    0.14    0.19 ^ clkbuf_0_clk/X (sky130_fd_sc_hd__clkbuf_16)
     4    0.04                           clknet_0_clk (net)
                  0.06    0.00    0.19 ^ clkbuf_2_2__f_clk/A (sky130_fd_sc_hd__clkbuf_16)
                  0.04    0.13    0.32 ^ clkbuf_2_2__f_clk/X (sky130_fd_sc_hd__clkbuf_16)
     8    0.02                           clknet_2_2__leaf_clk (net)
                  0.04    0.00    0.32 ^ _273_/CLK (sky130_fd_sc_hd__dfrtp_2)
                  0.11    0.38    0.70 ^ _273_/Q (sky130_fd_sc_hd__dfrtp_2)
     5    0.02                           net12 (net)
                  0.11    0.00    0.70 ^ output12/A (sky130_fd_sc_hd__clkbuf_4)
                  0.11    0.20    0.90 ^ output12/X (sky130_fd_sc_hd__clkbuf_4)
     1    0.03                           sleep_ack (net)
                  0.11    0.00    0.90 ^ sleep_ack (out)
                                  0.90   data arrival time

                          0.00    0.00   clock clk (rise edge)
                          0.00    0.00   clock network delay (propagated)
                          0.25    0.25   clock uncertainty
                          0.00    0.25   clock reconvergence pessimism
                         -4.00   -3.75   output external delay
                                 -3.75   data required time
-----------------------------------------------------------------------------
                                 -3.75   data required time
                                 -0.90   data arrival time
-----------------------------------------------------------------------------
                                  4.65   slack (MET)


Startpoint: _288_ (rising edge-triggered flip-flop clocked by clk)
Endpoint: tx (output port clocked by clk)
Path Group: clk
Path Type: min
Corner: Typical

Fanout     Cap    Slew   Delay    Time   Description
-----------------------------------------------------------------------------
                          0.00    0.00   clock clk (rise edge)
                          0.00    0.00   clock source latency
                  0.07    0.04    0.04 ^ clk (in)
     1    0.01                           clk (net)
                  0.07    0.00    0.04 ^ clkbuf_0_clk/A (sky130_fd_sc_hd__clkbuf_16)
                  0.06    0.14    0.19 ^ clkbuf_0_clk/X (sky130_fd_sc_hd__clkbuf_16)
     4    0.04                           clknet_0_clk (net)
                  0.06    0.00    0.19 ^ clkbuf_2_0__f_clk/A (sky130_fd_sc_hd__clkbuf_16)
                  0.05    0.13    0.32 ^ clkbuf_2_0__f_clk/X (sky130_fd_sc_hd__clkbuf_16)
     9    0.03                           clknet_2_0__leaf_clk (net)
                  0.05    0.00    0.32 ^ _288_/CLK (sky130_fd_sc_hd__dfrtp_1)
                  0.06    0.36    0.68 v _288_/Q (sky130_fd_sc_hd__dfrtp_1)
     2    0.01                           shift_reg[0] (net)
                  0.06    0.00    0.68 v _140_/A (sky130_fd_sc_hd__inv_2)
                  0.03    0.04    0.72 ^ _140_/Y (sky130_fd_sc_hd__inv_2)
     1    0.00                           _128_ (net)
                  0.03    0.00    0.72 ^ _142_/A2 (sky130_fd_sc_hd__o211ai_1)
                  0.08    0.09    0.81 v _142_/Y (sky130_fd_sc_hd__o211ai_1)
     1    0.01                           net13 (net)
                  0.08    0.00    0.81 v output13/A (sky130_fd_sc_hd__clkbuf_4)
                  0.08    0.19    1.00 v output13/X (sky130_fd_sc_hd__clkbuf_4)
     1    0.03                           tx (net)
                  0.08    0.00    1.00 v tx (out)
                                  1.00   data arrival time

                          0.00    0.00   clock clk (rise edge)
                          0.00    0.00   clock network delay (propagated)
                          0.25    0.25   clock uncertainty
                          0.00    0.25   clock reconvergence pessimism
                         -4.00   -3.75   output external delay
                                 -3.75   data required time
-----------------------------------------------------------------------------
                                 -3.75   data required time
                                 -1.00   data arrival time
-----------------------------------------------------------------------------
                                  4.75   slack (MET)


Startpoint: _273_ (rising edge-triggered flip-flop clocked by clk)
Endpoint: tx_busy (output port clocked by clk)
Path Group: clk
Path Type: min
Corner: Typical

Fanout     Cap    Slew   Delay    Time   Description
-----------------------------------------------------------------------------
                          0.00    0.00   clock clk (rise edge)
                          0.00    0.00   clock source latency
                  0.07    0.04    0.04 ^ clk (in)
     1    0.01                           clk (net)
                  0.07    0.00    0.04 ^ clkbuf_0_clk/A (sky130_fd_sc_hd__clkbuf_16)
                  0.06    0.14    0.19 ^ clkbuf_0_clk/X (sky130_fd_sc_hd__clkbuf_16)
     4    0.04                           clknet_0_clk (net)
                  0.06    0.00    0.19 ^ clkbuf_2_2__f_clk/A (sky130_fd_sc_hd__clkbuf_16)
                  0.04    0.13    0.32 ^ clkbuf_2_2__f_clk/X (sky130_fd_sc_hd__clkbuf_16)
     8    0.02                           clknet_2_2__leaf_clk (net)
                  0.04    0.00    0.32 ^ _273_/CLK (sky130_fd_sc_hd__dfrtp_2)
                  0.11    0.38    0.70 ^ _273_/Q (sky130_fd_sc_hd__dfrtp_2)
     5    0.02                           net12 (net)
                  0.11    0.00    0.70 ^ _130_/A (sky130_fd_sc_hd__clkbuf_4)
                  0.13    0.21    0.91 ^ _130_/X (sky130_fd_sc_hd__clkbuf_4)
    10    0.04                           _120_ (net)
                  0.13    0.00    0.91 ^ _132_/A (sky130_fd_sc_hd__nor2_1)
                  0.07    0.10    1.01 v _132_/Y (sky130_fd_sc_hd__nor2_1)
     3    0.01                           net14 (net)
                  0.07    0.00    1.01 v output14/A (sky130_fd_sc_hd__clkbuf_4)
                  0.08    0.19    1.20 v output14/X (sky130_fd_sc_hd__clkbuf_4)
     1    0.03                           tx_busy (net)
                  0.08    0.00    1.20 v tx_busy (out)
                                  1.20   data arrival time

                          0.00    0.00   clock clk (rise edge)
                          0.00    0.00   clock network delay (propagated)
                          0.25    0.25   clock uncertainty
                          0.00    0.25   clock reconvergence pessimism
                         -4.00   -3.75   output external delay
                                 -3.75   data required time
-----------------------------------------------------------------------------
                                 -3.75   data required time
                                 -1.20   data arrival time
-----------------------------------------------------------------------------
                                  4.95   slack (MET)



