
===========================================================================
report_checks -path_delay max (Setup)
============================================================================
======================= Fastest Corner ===================================

Startpoint: _273_ (rising edge-triggered flip-flop clocked by clk)
Endpoint: tx (output port clocked by clk)
Path Group: clk
Path Type: max
Corner: Fastest

Fanout     Cap    Slew   Delay    Time   Description
-----------------------------------------------------------------------------
                          0.00    0.00   clock clk (rise edge)
                          0.00    0.00   clock source latency
                  0.05    0.03    0.03 ^ clk (in)
     1    0.01                           clk (net)
                  0.05    0.00    0.03 ^ clkbuf_0_clk/A (sky130_fd_sc_hd__clkbuf_16)
                  0.05    0.11    0.15 ^ clkbuf_0_clk/X (sky130_fd_sc_hd__clkbuf_16)
     4    0.05                           clknet_0_clk (net)
                  0.05    0.00    0.15 ^ clkbuf_2_2__f_clk/A (sky130_fd_sc_hd__clkbuf_16)
                  0.04    0.10    0.25 ^ clkbuf_2_2__f_clk/X (sky130_fd_sc_hd__clkbuf_16)
     8    0.02                           clknet_2_2__leaf_clk (net)
                  0.04    0.00    0.25 ^ _273_/CLK (sky130_fd_sc_hd__dfrtp_2)
                  0.07    0.31    0.56 v _273_/Q (sky130_fd_sc_hd__dfrtp_2)
     5    0.02                           net12 (net)
                  0.07    0.00    0.56 v _130_/A (sky130_fd_sc_hd__clkbuf_4)
                  0.07    0.15    0.71 v _130_/X (sky130_fd_sc_hd__clkbuf_4)
    10    0.04                           _120_ (net)
                  0.07    0.00    0.71 v _132_/A (sky130_fd_sc_hd__nor2_1)
                  0.18    0.17    0.88 ^ _132_/Y (sky130_fd_sc_hd__nor2_1)
     3    0.02                           net14 (net)
                  0.18    0.00    0.88 ^ _142_/B1 (sky130_fd_sc_hd__o211ai_1)
                  0.08    0.08    0.96 v _142_/Y (sky130_fd_sc_hd__o211ai_1)
     1    0.01                           net13 (net)
                  0.08    0.00    0.96 v output13/A (sky130_fd_sc_hd__clkbuf_4)
                  0.07    0.15    1.11 v output13/X (sky130_fd_sc_hd__clkbuf_4)
     1    0.03                           tx (net)
                  0.07    0.00    1.12 v tx (out)
                                  1.12   data arrival time

                         20.00   20.00   clock clk (rise edge)
                          0.00   20.00   clock network delay (propagated)
                         -0.25   19.75   clock uncertainty
                          0.00   19.75   clock reconvergence pessimism
                         -4.00   15.75   output external delay
                                 15.75   data required time
-----------------------------------------------------------------------------
                                 15.75   data required time
                                 -1.12   data arrival time
-----------------------------------------------------------------------------
                                 14.63   slack (MET)


Startpoint: _273_ (rising edge-triggered flip-flop clocked by clk)
Endpoint: tx_busy (output port clocked by clk)
Path Group: clk
Path Type: max
Corner: Fastest

Fanout     Cap    Slew   Delay    Time   Description
-----------------------------------------------------------------------------
                          0.00    0.00   clock clk (rise edge)
                          0.00    0.00   clock source latency
                  0.05    0.03    0.03 ^ clk (in)
     1    0.01                           clk (net)
                  0.05    0.00    0.03 ^ clkbuf_0_clk/A (sky130_fd_sc_hd__clkbuf_16)
                  0.05    0.11    0.15 ^ clkbuf_0_clk/X (sky130_fd_sc_hd__clkbuf_16)
     4    0.05                           clknet_0_clk (net)
                  0.05    0.00    0.15 ^ clkbuf_2_2__f_clk/A (sky130_fd_sc_hd__clkbuf_16)
                  0.04    0.10    0.25 ^ clkbuf_2_2__f_clk/X (sky130_fd_sc_hd__clkbuf_16)
     8    0.02                           clknet_2_2__leaf_clk (net)
                  0.04    0.00    0.25 ^ _273_/CLK (sky130_fd_sc_hd__dfrtp_2)
                  0.07    0.31    0.56 v _273_/Q (sky130_fd_sc_hd__dfrtp_2)
     5    0.02                           net12 (net)
                  0.07    0.00    0.56 v _130_/A (sky130_fd_sc_hd__clkbuf_4)
                  0.07    0.15    0.71 v _130_/X (sky130_fd_sc_hd__clkbuf_4)
    10    0.04                           _120_ (net)
                  0.07    0.00    0.71 v _132_/A (sky130_fd_sc_hd__nor2_1)
                  0.18    0.17    0.88 ^ _132_/Y (sky130_fd_sc_hd__nor2_1)
     3    0.02                           net14 (net)
                  0.18    0.00    0.88 ^ output14/A (sky130_fd_sc_hd__clkbuf_4)
                  0.08    0.17    1.05 ^ output14/X (sky130_fd_sc_hd__clkbuf_4)
     1    0.03                           tx_busy (net)
                  0.08    0.00    1.05 ^ tx_busy (out)
                                  1.05   data arrival time

                         20.00   20.00   clock clk (rise edge)
                          0.00   20.00   clock network delay (propagated)
                         -0.25   19.75   clock uncertainty
                          0.00   19.75   clock reconvergence pessimism
                         -4.00   15.75   output external delay
                                 15.75   data required time
-----------------------------------------------------------------------------
                                 15.75   data required time
                                 -1.05   data arrival time
-----------------------------------------------------------------------------
                                 14.70   slack (MET)


Startpoint: tx_start (input port clocked by clk)
Endpoint: _288_ (rising edge-triggered flip-flop clocked by clk)
Path Group: clk
Path Type: max
Corner: Fastest

Fanout     Cap    Slew   Delay    Time   Description
-----------------------------------------------------------------------------
                          0.00    0.00   clock clk (rise edge)
                          0.00    0.00   clock network delay (propagated)
                          4.00    4.00 ^ input external delay
                  0.01    0.01    4.01 ^ tx_start (in)
     1    0.00                           tx_start (net)
                  0.01    0.00    4.01 ^ input11/A (sky130_fd_sc_hd__clkbuf_1)
                  0.06    0.07    4.08 ^ input11/X (sky130_fd_sc_hd__clkbuf_1)
     1    0.01                           net11 (net)
                  0.06    0.00    4.08 ^ _216_/D_N (sky130_fd_sc_hd__or4b_2)
                  0.11    0.37    4.45 v _216_/X (sky130_fd_sc_hd__or4b_2)
     3    0.01                           _088_ (net)
                  0.11    0.00    4.45 v _223_/A (sky130_fd_sc_hd__clkbuf_4)
                  0.09    0.18    4.63 v _223_/X (sky130_fd_sc_hd__clkbuf_4)
    10    0.05                           _094_ (net)
                  0.09    0.00    4.63 v _234_/A1 (sky130_fd_sc_hd__a21oi_4)
                  0.21    0.20    4.83 ^ _234_/Y (sky130_fd_sc_hd__a21oi_4)
     8    0.04                           _102_ (net)
                  0.21    0.00    4.83 ^ _235_/S (sky130_fd_sc_hd__mux2_1)
                  0.05    0.20    5.03 v _235_/X (sky130_fd_sc_hd__mux2_1)
     1    0.00                           _103_ (net)
                  0.05    0.00    5.03 v _236_/A (sky130_fd_sc_hd__clkbuf_1)
                  0.02    0.06    5.10 v _236_/X (sky130_fd_sc_hd__clkbuf_1)
     1    0.00                           _027_ (net)
                  0.02    0.00    5.10 v _288_/D (sky130_fd_sc_hd__dfrtp_1)
                                  5.10   data arrival time

                         20.00   20.00   clock clk (rise edge)
                          0.00   20.00   clock source latency
                  0.05    0.03   20.03 ^ clk (in)
     1    0.01                           clk (net)
                  0.05    0.00   20.03 ^ clkbuf_0_clk/A (sky130_fd_sc_hd__clkbuf_16)
                  0.05    0.10   20.13 ^ clkbuf_0_clk/X (sky130_fd_sc_hd__clkbuf_16)
     4    0.05                           clknet_0_clk (net)
                  0.05    0.00   20.13 ^ clkbuf_2_0__f_clk/A (sky130_fd_sc_hd__clkbuf_16)
                  0.04    0.09   20.23 ^ clkbuf_2_0__f_clk/X (sky130_fd_sc_hd__clkbuf_16)
     9    0.03                           clknet_2_0__leaf_clk (net)
                  0.04    0.00   20.23 ^ _288_/CLK (sky130_fd_sc_hd__dfrtp_1)
                         -0.25   19.98   clock uncertainty
                          0.00   19.98   clock reconvergence pessimism
                         -0.06   19.92   library setup time
                                 19.92   data required time
-----------------------------------------------------------------------------
                                 19.92   data required time
                                 -5.10   data arrival time
-----------------------------------------------------------------------------
                                 14.82   slack (MET)


Startpoint: tx_start (input port clocked by clk)
Endpoint: _292_ (rising edge-triggered flip-flop clocked by clk)
Path Group: clk
Path Type: max
Corner: Fastest

Fanout     Cap    Slew   Delay    Time   Description
-----------------------------------------------------------------------------
                          0.00    0.00   clock clk (rise edge)
                          0.00    0.00   clock network delay (propagated)
                          4.00    4.00 ^ input external delay
                  0.01    0.01    4.01 ^ tx_start (in)
     1    0.00                           tx_start (net)
                  0.01    0.00    4.01 ^ input11/A (sky130_fd_sc_hd__clkbuf_1)
                  0.06    0.07    4.08 ^ input11/X (sky130_fd_sc_hd__clkbuf_1)
     1    0.01                           net11 (net)
                  0.06    0.00    4.08 ^ _216_/D_N (sky130_fd_sc_hd__or4b_2)
                  0.11    0.37    4.45 v _216_/X (sky130_fd_sc_hd__or4b_2)
     3    0.01                           _088_ (net)
                  0.11    0.00    4.45 v _223_/A (sky130_fd_sc_hd__clkbuf_4)
                  0.09    0.18    4.63 v _223_/X (sky130_fd_sc_hd__clkbuf_4)
    10    0.05                           _094_ (net)
                  0.09    0.00    4.63 v _234_/A1 (sky130_fd_sc_hd__a21oi_4)
                  0.21    0.20    4.83 ^ _234_/Y (sky130_fd_sc_hd__a21oi_4)
     8    0.04                           _102_ (net)
                  0.21    0.00    4.83 ^ _247_/S (sky130_fd_sc_hd__mux2_1)
                  0.05    0.20    5.03 v _247_/X (sky130_fd_sc_hd__mux2_1)
     1    0.00                           _111_ (net)
                  0.05    0.00    5.03 v _248_/A (sky130_fd_sc_hd__clkbuf_1)
                  0.02    0.06    5.09 v _248_/X (sky130_fd_sc_hd__clkbuf_1)
     1    0.00                           _031_ (net)
                  0.02    0.00    5.09 v _292_/D (sky130_fd_sc_hd__dfrtp_1)
                                  5.09   data arrival time

                         20.00   20.00   clock clk (rise edge)
                          0.00   20.00   clock source latency
                  0.05    0.03   20.03 ^ clk (in)
     1    0.01                           clk (net)
                  0.05    0.00   20.03 ^ clkbuf_0_clk/A (sky130_fd_sc_hd__clkbuf_16)
                  0.05    0.10   20.13 ^ clkbuf_0_clk/X (sky130_fd_sc_hd__clkbuf_16)
     4    0.05                           clknet_0_clk (net)
                  0.05    0.00   20.13 ^ clkbuf_2_0__f_clk/A (sky130_fd_sc_hd__clkbuf_16)
                  0.04    0.09   20.23 ^ clkbuf_2_0__f_clk/X (sky130_fd_sc_hd__clkbuf_16)
     9    0.03                           clknet_2_0__leaf_clk (net)
                  0.04    0.00   20.23 ^ _292_/CLK (sky130_fd_sc_hd__dfrtp_1)
                         -0.25   19.98   clock uncertainty
                          0.00   19.98   clock reconvergence pessimism
                         -0.06   19.92   library setup time
                                 19.92   data required time
-----------------------------------------------------------------------------
                                 19.92   data required time
                                 -5.09   data arrival time
-----------------------------------------------------------------------------
                                 14.83   slack (MET)


Startpoint: tx_start (input port clocked by clk)
Endpoint: _294_ (rising edge-triggered flip-flop clocked by clk)
Path Group: clk
Path Type: max
Corner: Fastest

Fanout     Cap    Slew   Delay    Time   Description
-----------------------------------------------------------------------------
                          0.00    0.00   clock clk (rise edge)
                          0.00    0.00   clock network delay (propagated)
                          4.00    4.00 ^ input external delay
                  0.01    0.01    4.01 ^ tx_start (in)
     1    0.00                           tx_start (net)
                  0.01    0.00    4.01 ^ input11/A (sky130_fd_sc_hd__clkbuf_1)
                  0.06    0.07    4.08 ^ input11/X (sky130_fd_sc_hd__clkbuf_1)
     1    0.01                           net11 (net)
                  0.06    0.00    4.08 ^ _216_/D_N (sky130_fd_sc_hd__or4b_2)
                  0.11    0.37    4.45 v _216_/X (sky130_fd_sc_hd__or4b_2)
     3    0.01                           _088_ (net)
                  0.11    0.00    4.45 v _223_/A (sky130_fd_sc_hd__clkbuf_4)
                  0.09    0.18    4.63 v _223_/X (sky130_fd_sc_hd__clkbuf_4)
    10    0.05                           _094_ (net)
                  0.09    0.00    4.63 v _234_/A1 (sky130_fd_sc_hd__a21oi_4)
                  0.21    0.20    4.83 ^ _234_/Y (sky130_fd_sc_hd__a21oi_4)
     8    0.04                           _102_ (net)
                  0.21    0.00    4.83 ^ _253_/S (sky130_fd_sc_hd__mux2_1)
                  0.04    0.20    5.03 v _253_/X (sky130_fd_sc_hd__mux2_1)
     1    0.00                           _115_ (net)
                  0.04    0.00    5.03 v _254_/A (sky130_fd_sc_hd__clkbuf_1)
                  0.02    0.06    5.09 v _254_/X (sky130_fd_sc_hd__clkbuf_1)
     1    0.00                           _033_ (net)
                  0.02    0.00    5.09 v _294_/D (sky130_fd_sc_hd__dfrtp_1)
                                  5.09   data arrival time

                         20.00   20.00   clock clk (rise edge)
                          0.00   20.00   clock source latency
                  0.05    0.03   20.03 ^ clk (in)
     1    0.01                           clk (net)
                  0.05    0.00   20.03 ^ clkbuf_0_clk/A (sky130_fd_sc_hd__clkbuf_16)
                  0.05    0.10   20.13 ^ clkbuf_0_clk/X (sky130_fd_sc_hd__clkbuf_16)
     4    0.05                           clknet_0_clk (net)
                  0.05    0.00   20.13 ^ clkbuf_2_0__f_clk/A (sky130_fd_sc_hd__clkbuf_16)
                  0.04    0.09   20.23 ^ clkbuf_2_0__f_clk/X (sky130_fd_sc_hd__clkbuf_16)
     9    0.03                           clknet_2_0__leaf_clk (net)
                  0.04    0.00   20.23 ^ _294_/CLK (sky130_fd_sc_hd__dfrtp_1)
                         -0.25   19.98   clock uncertainty
                          0.00   19.98   clock reconvergence pessimism
                         -0.06   19.92   library setup time
                                 19.92   data required time
-----------------------------------------------------------------------------
                                 19.92   data required time
                                 -5.09   data arrival time
-----------------------------------------------------------------------------
                                 14.83   slack (MET)


Startpoint: tx_start (input port clocked by clk)
Endpoint: _289_ (rising edge-triggered flip-flop clocked by clk)
Path Group: clk
Path Type: max
Corner: Fastest

Fanout     Cap    Slew   Delay    Time   Description
-----------------------------------------------------------------------------
                          0.00    0.00   clock clk (rise edge)
                          0.00    0.00   clock network delay (propagated)
                          4.00    4.00 ^ input external delay
                  0.01    0.01    4.01 ^ tx_start (in)
     1    0.00                           tx_start (net)
                  0.01    0.00    4.01 ^ input11/A (sky130_fd_sc_hd__clkbuf_1)
                  0.06    0.07    4.08 ^ input11/X (sky130_fd_sc_hd__clkbuf_1)
     1    0.01                           net11 (net)
                  0.06    0.00    4.08 ^ _216_/D_N (sky130_fd_sc_hd__or4b_2)
                  0.11    0.37    4.45 v _216_/X (sky130_fd_sc_hd__or4b_2)
     3    0.01                           _088_ (net)
                  0.11    0.00    4.45 v _223_/A (sky130_fd_sc_hd__clkbuf_4)
                  0.09    0.18    4.63 v _223_/X (sky130_fd_sc_hd__clkbuf_4)
    10    0.05                           _094_ (net)
                  0.09    0.00    4.63 v _234_/A1 (sky130_fd_sc_hd__a21oi_4)
                  0.21    0.20    4.83 ^ _234_/Y (sky130_fd_sc_hd__a21oi_4)
     8    0.04                           _102_ (net)
                  0.21    0.00    4.83 ^ _238_/S (sky130_fd_sc_hd__mux2_1)
                  0.04    0.20    5.03 v _238_/X (sky130_fd_sc_hd__mux2_1)
     1    0.00                           _105_ (net)
                  0.04    0.00    5.03 v _239_/A (sky130_fd_sc_hd__clkbuf_1)
                  0.02    0.06    5.09 v _239_/X (sky130_fd_sc_hd__clkbuf_1)
     1    0.00                           _028_ (net)
                  0.02    0.00    5.09 v _289_/D (sky130_fd_sc_hd__dfrtp_1)
                                  5.09   data arrival time

                         20.00   20.00   clock clk (rise edge)
                          0.00   20.00   clock source latency
                  0.05    0.03   20.03 ^ clk (in)
     1    0.01                           clk (net)
                  0.05    0.00   20.03 ^ clkbuf_0_clk/A (sky130_fd_sc_hd__clkbuf_16)
                  0.05    0.10   20.13 ^ clkbuf_0_clk/X (sky130_fd_sc_hd__clkbuf_16)
     4    0.05                           clknet_0_clk (net)
                  0.05    0.00   20.13 ^ clkbuf_2_0__f_clk/A (sky130_fd_sc_hd__clkbuf_16)
                  0.04    0.09   20.23 ^ clkbuf_2_0__f_clk/X (sky130_fd_sc_hd__clkbuf_16)
     9    0.03                           clknet_2_0__leaf_clk (net)
                  0.04    0.00   20.23 ^ _289_/CLK (sky130_fd_sc_hd__dfrtp_1)
                         -0.25   19.98   clock uncertainty
                          0.00   19.98   clock reconvergence pessimism
                         -0.06   19.92   library setup time
                                 19.92   data required time
-----------------------------------------------------------------------------
                                 19.92   data required time
                                 -5.09   data arrival time
-----------------------------------------------------------------------------
                                 14.83   slack (MET)


Startpoint: tx_start (input port clocked by clk)
Endpoint: _293_ (rising edge-triggered flip-flop clocked by clk)
Path Group: clk
Path Type: max
Corner: Fastest

Fanout     Cap    Slew   Delay    Time   Description
-----------------------------------------------------------------------------
                          0.00    0.00   clock clk (rise edge)
                          0.00    0.00   clock network delay (propagated)
                          4.00    4.00 ^ input external delay
                  0.01    0.01    4.01 ^ tx_start (in)
     1    0.00                           tx_start (net)
                  0.01    0.00    4.01 ^ input11/A (sky130_fd_sc_hd__clkbuf_1)
                  0.06    0.07    4.08 ^ input11/X (sky130_fd_sc_hd__clkbuf_1)
     1    0.01                           net11 (net)
                  0.06    0.00    4.08 ^ _216_/D_N (sky130_fd_sc_hd__or4b_2)
                  0.11    0.37    4.45 v _216_/X (sky130_fd_sc_hd__or4b_2)
     3    0.01                           _088_ (net)
                  0.11    0.00    4.45 v _223_/A (sky130_fd_sc_hd__clkbuf_4)
                  0.09    0.18    4.63 v _223_/X (sky130_fd_sc_hd__clkbuf_4)
    10    0.05                           _094_ (net)
                  0.09    0.00    4.63 v _234_/A1 (sky130_fd_sc_hd__a21oi_4)
                  0.21    0.20    4.83 ^ _234_/Y (sky130_fd_sc_hd__a21oi_4)
     8    0.04                           _102_ (net)
                  0.21    0.00    4.83 ^ _250_/S (sky130_fd_sc_hd__mux2_1)
                  0.04    0.20    5.03 v _250_/X (sky130_fd_sc_hd__mux2_1)
     1    0.00                           _113_ (net)
                  0.04    0.00    5.03 v _251_/A (sky130_fd_sc_hd__clkbuf_1)
                  0.02    0.06    5.09 v _251_/X (sky130_fd_sc_hd__clkbuf_1)
     1    0.00                           _032_ (net)
                  0.02    0.00    5.09 v _293_/D (sky130_fd_sc_hd__dfrtp_1)
                                  5.09   data arrival time

                         20.00   20.00   clock clk (rise edge)
                          0.00   20.00   clock source latency
                  0.05    0.03   20.03 ^ clk (in)
     1    0.01                           clk (net)
                  0.05    0.00   20.03 ^ clkbuf_0_clk/A (sky130_fd_sc_hd__clkbuf_16)
                  0.05    0.10   20.13 ^ clkbuf_0_clk/X (sky130_fd_sc_hd__clkbuf_16)
     4    0.05                           clknet_0_clk (net)
                  0.05    0.00   20.13 ^ clkbuf_2_0__f_clk/A (sky130_fd_sc_hd__clkbuf_16)
                  0.04    0.09   20.23 ^ clkbuf_2_0__f_clk/X (sky130_fd_sc_hd__clkbuf_16)
     9    0.03                           clknet_2_0__leaf_clk (net)
                  0.04    0.00   20.23 ^ _293_/CLK (sky130_fd_sc_hd__dfrtp_1)
                         -0.25   19.98   clock uncertainty
                          0.00   19.98   clock reconvergence pessimism
                         -0.06   19.92   library setup time
                                 19.92   data required time
-----------------------------------------------------------------------------
                                 19.92   data required time
                                 -5.09   data arrival time
-----------------------------------------------------------------------------
                                 14.83   slack (MET)


Startpoint: tx_start (input port clocked by clk)
Endpoint: _291_ (rising edge-triggered flip-flop clocked by clk)
Path Group: clk
Path Type: max
Corner: Fastest

Fanout     Cap    Slew   Delay    Time   Description
-----------------------------------------------------------------------------
                          0.00    0.00   clock clk (rise edge)
                          0.00    0.00   clock network delay (propagated)
                          4.00    4.00 ^ input external delay
                  0.01    0.01    4.01 ^ tx_start (in)
     1    0.00                           tx_start (net)
                  0.01    0.00    4.01 ^ input11/A (sky130_fd_sc_hd__clkbuf_1)
                  0.06    0.07    4.08 ^ input11/X (sky130_fd_sc_hd__clkbuf_1)
     1    0.01                           net11 (net)
                  0.06    0.00    4.08 ^ _216_/D_N (sky130_fd_sc_hd__or4b_2)
                  0.11    0.37    4.45 v _216_/X (sky130_fd_sc_hd__or4b_2)
     3    0.01                           _088_ (net)
                  0.11    0.00    4.45 v _223_/A (sky130_fd_sc_hd__clkbuf_4)
                  0.09    0.18    4.63 v _223_/X (sky130_fd_sc_hd__clkbuf_4)
    10    0.05                           _094_ (net)
                  0.09    0.00    4.63 v _234_/A1 (sky130_fd_sc_hd__a21oi_4)
                  0.21    0.20    4.83 ^ _234_/Y (sky130_fd_sc_hd__a21oi_4)
     8    0.04                           _102_ (net)
                  0.21    0.00    4.83 ^ _244_/S (sky130_fd_sc_hd__mux2_1)
                  0.04    0.20    5.03 v _244_/X (sky130_fd_sc_hd__mux2_1)
     1    0.00                           _109_ (net)
                  0.04    0.00    5.03 v _245_/A (sky130_fd_sc_hd__clkbuf_1)
                  0.02    0.06    5.09 v _245_/X (sky130_fd_sc_hd__clkbuf_1)
     1    0.00                           _030_ (net)
                  0.02    0.00    5.09 v _291_/D (sky130_fd_sc_hd__dfrtp_1)
                                  5.09   data arrival time

                         20.00   20.00   clock clk (rise edge)
                          0.00   20.00   clock source latency
                  0.05    0.03   20.03 ^ clk (in)
     1    0.01                           clk (net)
                  0.05    0.00   20.03 ^ clkbuf_0_clk/A (sky130_fd_sc_hd__clkbuf_16)
                  0.05    0.10   20.13 ^ clkbuf_0_clk/X (sky130_fd_sc_hd__clkbuf_16)
     4    0.05                           clknet_0_clk (net)
                  0.05    0.00   20.13 ^ clkbuf_2_0__f_clk/A (sky130_fd_sc_hd__clkbuf_16)
                  0.04    0.09   20.23 ^ clkbuf_2_0__f_clk/X (sky130_fd_sc_hd__clkbuf_16)
     9    0.03                           clknet_2_0__leaf_clk (net)
                  0.04    0.00   20.23 ^ _291_/CLK (sky130_fd_sc_hd__dfrtp_1)
                         -0.25   19.98   clock uncertainty
                          0.00   19.98   clock reconvergence pessimism
                         -0.06   19.92   library setup time
                                 19.92   data required time
-----------------------------------------------------------------------------
                                 19.92   data required time
                                 -5.09   data arrival time
-----------------------------------------------------------------------------
                                 14.83   slack (MET)


Startpoint: tx_start (input port clocked by clk)
Endpoint: _290_ (rising edge-triggered flip-flop clocked by clk)
Path Group: clk
Path Type: max
Corner: Fastest

Fanout     Cap    Slew   Delay    Time   Description
-----------------------------------------------------------------------------
                          0.00    0.00   clock clk (rise edge)
                          0.00    0.00   clock network delay (propagated)
                          4.00    4.00 ^ input external delay
                  0.01    0.01    4.01 ^ tx_start (in)
     1    0.00                           tx_start (net)
                  0.01    0.00    4.01 ^ input11/A (sky130_fd_sc_hd__clkbuf_1)
                  0.06    0.07    4.08 ^ input11/X (sky130_fd_sc_hd__clkbuf_1)
     1    0.01                           net11 (net)
                  0.06    0.00    4.08 ^ _216_/D_N (sky130_fd_sc_hd__or4b_2)
                  0.11    0.37    4.45 v _216_/X (sky130_fd_sc_hd__or4b_2)
     3    0.01                           _088_ (net)
                  0.11    0.00    4.45 v _223_/A (sky130_fd_sc_hd__clkbuf_4)
                  0.09    0.18    4.63 v _223_/X (sky130_fd_sc_hd__clkbuf_4)
    10    0.05                           _094_ (net)
                  0.09    0.00    4.63 v _234_/A1 (sky130_fd_sc_hd__a21oi_4)
                  0.21    0.20    4.83 ^ _234_/Y (sky130_fd_sc_hd__a21oi_4)
     8    0.04                           _102_ (net)
                  0.21    0.00    4.83 ^ _241_/S (sky130_fd_sc_hd__mux2_1)
                  0.04    0.20    5.03 v _241_/X (sky130_fd_sc_hd__mux2_1)
     1    0.00                           _107_ (net)
                  0.04    0.00    5.03 v _242_/A (sky130_fd_sc_hd__clkbuf_1)
                  0.02    0.06    5.09 v _242_/X (sky130_fd_sc_hd__clkbuf_1)
     1    0.00                           _029_ (net)
                  0.02    0.00    5.09 v _290_/D (sky130_fd_sc_hd__dfrtp_1)
                                  5.09   data arrival time

                         20.00   20.00   clock clk (rise edge)
                          0.00   20.00   clock source latency
                  0.05    0.03   20.03 ^ clk (in)
     1    0.01                           clk (net)
                  0.05    0.00   20.03 ^ clkbuf_0_clk/A (sky130_fd_sc_hd__clkbuf_16)
                  0.05    0.10   20.13 ^ clkbuf_0_clk/X (sky130_fd_sc_hd__clkbuf_16)
     4    0.05                           clknet_0_clk (net)
                  0.05    0.00   20.13 ^ clkbuf_2_0__f_clk/A (sky130_fd_sc_hd__clkbuf_16)
                  0.04    0.09   20.23 ^ clkbuf_2_0__f_clk/X (sky130_fd_sc_hd__clkbuf_16)
     9    0.03                           clknet_2_0__leaf_clk (net)
                  0.04    0.00   20.23 ^ _290_/CLK (sky130_fd_sc_hd__dfrtp_1)
                         -0.25   19.98   clock uncertainty
                          0.00   19.98   clock reconvergence pessimism
                         -0.06   19.92   library setup time
                                 19.92   data required time
-----------------------------------------------------------------------------
                                 19.92   data required time
                                 -5.09   data arrival time
-----------------------------------------------------------------------------
                                 14.83   slack (MET)


Startpoint: tx_start (input port clocked by clk)
Endpoint: _295_ (rising edge-triggered flip-flop clocked by clk)
Path Group: clk
Path Type: max
Corner: Fastest

Fanout     Cap    Slew   Delay    Time   Description
-----------------------------------------------------------------------------
                          0.00    0.00   clock clk (rise edge)
                          0.00    0.00   clock network delay (propagated)
                          4.00    4.00 ^ input external delay
                  0.01    0.01    4.01 ^ tx_start (in)
     1    0.00                           tx_start (net)
                  0.01    0.00    4.01 ^ input11/A (sky130_fd_sc_hd__clkbuf_1)
                  0.06    0.07    4.08 ^ input11/X (sky130_fd_sc_hd__clkbuf_1)
     1    0.01                           net11 (net)
                  0.06    0.00    4.08 ^ _216_/D_N (sky130_fd_sc_hd__or4b_2)
                  0.11    0.37    4.45 v _216_/X (sky130_fd_sc_hd__or4b_2)
     3    0.01                           _088_ (net)
                  0.11    0.00    4.45 v _223_/A (sky130_fd_sc_hd__clkbuf_4)
                  0.09    0.18    4.63 v _223_/X (sky130_fd_sc_hd__clkbuf_4)
    10    0.05                           _094_ (net)
                  0.09    0.00    4.63 v _234_/A1 (sky130_fd_sc_hd__a21oi_4)
                  0.21    0.20    4.83 ^ _234_/Y (sky130_fd_sc_hd__a21oi_4)
     8    0.04                           _102_ (net)
                  0.21    0.00    4.83 ^ _255_/A (sky130_fd_sc_hd__inv_2)
                  0.04    0.02    4.85 v _255_/Y (sky130_fd_sc_hd__inv_2)
     1    0.00                           _116_ (net)
                  0.04    0.00    4.85 v _257_/A2 (sky130_fd_sc_hd__a22o_1)
                  0.03    0.12    4.96 v _257_/X (sky130_fd_sc_hd__a22o_1)
     1    0.00                           _034_ (net)
                  0.03    0.00    4.97 v _295_/D (sky130_fd_sc_hd__dfrtp_1)
                                  4.97   data arrival time

                         20.00   20.00   clock clk (rise edge)
                          0.00   20.00   clock source latency
                  0.05    0.03   20.03 ^ clk (in)
     1    0.01                           clk (net)
                  0.05    0.00   20.03 ^ clkbuf_0_clk/A (sky130_fd_sc_hd__clkbuf_16)
                  0.05    0.10   20.13 ^ clkbuf_0_clk/X (sky130_fd_sc_hd__clkbuf_16)
     4    0.05                           clknet_0_clk (net)
                  0.05    0.00   20.13 ^ clkbuf_2_0__f_clk/A (sky130_fd_sc_hd__clkbuf_16)
                  0.04    0.09   20.23 ^ clkbuf_2_0__f_clk/X (sky130_fd_sc_hd__clkbuf_16)
     9    0.03                           clknet_2_0__leaf_clk (net)
                  0.04    0.00   20.23 ^ _295_/CLK (sky130_fd_sc_hd__dfrtp_1)
                         -0.25   19.98   clock uncertainty
                          0.00   19.98   clock reconvergence pessimism
                         -0.06   19.92   library setup time
                                 19.92   data required time
-----------------------------------------------------------------------------
                                 19.92   data required time
                                 -4.97   data arrival time
-----------------------------------------------------------------------------
                                 14.95   slack (MET)


Startpoint: tx_start (input port clocked by clk)
Endpoint: _287_ (rising edge-triggered flip-flop clocked by clk)
Path Group: clk
Path Type: max
Corner: Fastest

Fanout     Cap    Slew   Delay    Time   Description
-----------------------------------------------------------------------------
                          0.00    0.00   clock clk (rise edge)
                          0.00    0.00   clock network delay (propagated)
                          4.00    4.00 ^ input external delay
                  0.01    0.01    4.01 ^ tx_start (in)
     1    0.00                           tx_start (net)
                  0.01    0.00    4.01 ^ input11/A (sky130_fd_sc_hd__clkbuf_1)
                  0.06    0.07    4.08 ^ input11/X (sky130_fd_sc_hd__clkbuf_1)
     1    0.01                           net11 (net)
                  0.06    0.00    4.08 ^ _216_/D_N (sky130_fd_sc_hd__or4b_2)
                  0.11    0.37    4.45 v _216_/X (sky130_fd_sc_hd__or4b_2)
     3    0.01                           _088_ (net)
                  0.11    0.00    4.45 v _223_/A (sky130_fd_sc_hd__clkbuf_4)
                  0.09    0.18    4.63 v _223_/X (sky130_fd_sc_hd__clkbuf_4)
    10    0.05                           _094_ (net)
                  0.09    0.00    4.63 v _224_/A2 (sky130_fd_sc_hd__a21o_1)
                  0.04    0.14    4.77 v _224_/X (sky130_fd_sc_hd__a21o_1)
     2    0.01                           _095_ (net)
                  0.04    0.00    4.77 v _232_/A1_N (sky130_fd_sc_hd__a2bb2o_1)
                  0.03    0.16    4.93 ^ _232_/X (sky130_fd_sc_hd__a2bb2o_1)
     1    0.00                           _026_ (net)
                  0.03    0.00    4.93 ^ _287_/D (sky130_fd_sc_hd__dfrtp_1)
                                  4.93   data arrival time

                         20.00   20.00   clock clk (rise edge)
                          0.00   20.00   clock source latency
                  0.05    0.03   20.03 ^ clk (in)
     1    0.01                           clk (net)
                  0.05    0.00   20.03 ^ clkbuf_0_clk/A (sky130_fd_sc_hd__clkbuf_16)
                  0.05    0.10   20.13 ^ clkbuf_0_clk/X (sky130_fd_sc_hd__clkbuf_16)
     4    0.05                           clknet_0_clk (net)
                  0.05    0.00   20.13 ^ clkbuf_2_0__f_clk/A (sky130_fd_sc_hd__clkbuf_16)
                  0.04    0.09   20.23 ^ clkbuf_2_0__f_clk/X (sky130_fd_sc_hd__clkbuf_16)
     9    0.03                           clknet_2_0__leaf_clk (net)
                  0.04    0.00   20.23 ^ _287_/CLK (sky130_fd_sc_hd__dfrtp_1)
                         -0.25   19.98   clock uncertainty
                          0.00   19.98   clock reconvergence pessimism
                         -0.04   19.94   library setup time
                                 19.94   data required time
-----------------------------------------------------------------------------
                                 19.94   data required time
                                 -4.93   data arrival time
-----------------------------------------------------------------------------
                                 15.02   slack (MET)


Startpoint: _273_ (rising edge-triggered flip-flop clocked by clk)
Endpoint: sleep_ack (output port clocked by clk)
Path Group: clk
Path Type: max
Corner: Fastest

Fanout     Cap    Slew   Delay    Time   Description
-----------------------------------------------------------------------------
                          0.00    0.00   clock clk (rise edge)
                          0.00    0.00   clock source latency
                  0.05    0.03    0.03 ^ clk (in)
     1    0.01                           clk (net)
                  0.05    0.00    0.03 ^ clkbuf_0_clk/A (sky130_fd_sc_hd__clkbuf_16)
                  0.05    0.11    0.15 ^ clkbuf_0_clk/X (sky130_fd_sc_hd__clkbuf_16)
     4    0.05                           clknet_0_clk (net)
                  0.05    0.00    0.15 ^ clkbuf_2_2__f_clk/A (sky130_fd_sc_hd__clkbuf_16)
                  0.04    0.10    0.25 ^ clkbuf_2_2__f_clk/X (sky130_fd_sc_hd__clkbuf_16)
     8    0.02                           clknet_2_2__leaf_clk (net)
                  0.04    0.00    0.25 ^ _273_/CLK (sky130_fd_sc_hd__dfrtp_2)
                  0.07    0.31    0.56 v _273_/Q (sky130_fd_sc_hd__dfrtp_2)
     5    0.02                           net12 (net)
                  0.07    0.00    0.56 v output12/A (sky130_fd_sc_hd__clkbuf_4)
                  0.07    0.14    0.70 v output12/X (sky130_fd_sc_hd__clkbuf_4)
     1    0.03                           sleep_ack (net)
                  0.07    0.00    0.70 v sleep_ack (out)
                                  0.70   data arrival time

                         20.00   20.00   clock clk (rise edge)
                          0.00   20.00   clock network delay (propagated)
                         -0.25   19.75   clock uncertainty
                          0.00   19.75   clock reconvergence pessimism
                         -4.00   15.75   output external delay
                                 15.75   data required time
-----------------------------------------------------------------------------
                                 15.75   data required time
                                 -0.70   data arrival time
-----------------------------------------------------------------------------
                                 15.05   slack (MET)


Startpoint: tx_start (input port clocked by clk)
Endpoint: _285_ (rising edge-triggered flip-flop clocked by clk)
Path Group: clk
Path Type: max
Corner: Fastest

Fanout     Cap    Slew   Delay    Time   Description
-----------------------------------------------------------------------------
                          0.00    0.00   clock clk (rise edge)
                          0.00    0.00   clock network delay (propagated)
                          4.00    4.00 ^ input external delay
                  0.01    0.01    4.01 ^ tx_start (in)
     1    0.00                           tx_start (net)
                  0.01    0.00    4.01 ^ input11/A (sky130_fd_sc_hd__clkbuf_1)
                  0.06    0.07    4.08 ^ input11/X (sky130_fd_sc_hd__clkbuf_1)
     1    0.01                           net11 (net)
                  0.06    0.00    4.08 ^ _216_/D_N (sky130_fd_sc_hd__or4b_2)
                  0.11    0.37    4.45 v _216_/X (sky130_fd_sc_hd__or4b_2)
     3    0.01                           _088_ (net)
                  0.11    0.00    4.45 v _223_/A (sky130_fd_sc_hd__clkbuf_4)
                  0.09    0.18    4.63 v _223_/X (sky130_fd_sc_hd__clkbuf_4)
    10    0.05                           _094_ (net)
                  0.09    0.00    4.63 v _224_/A2 (sky130_fd_sc_hd__a21o_1)
                  0.04    0.14    4.77 v _224_/X (sky130_fd_sc_hd__a21o_1)
     2    0.01                           _095_ (net)
                  0.04    0.00    4.77 v _225_/B2 (sky130_fd_sc_hd__o22a_1)
                  0.03    0.10    4.87 v _225_/X (sky130_fd_sc_hd__o22a_1)
     1    0.00                           _024_ (net)
                  0.03    0.00    4.87 v _285_/D (sky130_fd_sc_hd__dfrtp_1)
                                  4.87   data arrival time

                         20.00   20.00   clock clk (rise edge)
                          0.00   20.00   clock source latency
                  0.05    0.03   20.03 ^ clk (in)
     1    0.01                           clk (net)
                  0.05    0.00   20.03 ^ clkbuf_0_clk/A (sky130_fd_sc_hd__clkbuf_16)
                  0.05    0.10   20.13 ^ clkbuf_0_clk/X (sky130_fd_sc_hd__clkbuf_16)
     4    0.05                           clknet_0_clk (net)
                  0.05    0.00   20.13 ^ clkbuf_2_1__f_clk/A (sky130_fd_sc_hd__clkbuf_16)
                  0.04    0.10   20.23 ^ clkbuf_2_1__f_clk/X (sky130_fd_sc_hd__clkbuf_16)
    11    0.03                           clknet_2_1__leaf_clk (net)
                  0.04    0.00   20.23 ^ _285_/CLK (sky130_fd_sc_hd__dfrtp_1)
                         -0.25   19.98   clock uncertainty
                          0.00   19.98   clock reconvergence pessimism
                         -0.06   19.92   library setup time
                                 19.92   data required time
-----------------------------------------------------------------------------
                                 19.92   data required time
                                 -4.87   data arrival time
-----------------------------------------------------------------------------
                                 15.05   slack (MET)


Startpoint: tx_start (input port clocked by clk)
Endpoint: _286_ (rising edge-triggered flip-flop clocked by clk)
Path Group: clk
Path Type: max
Corner: Fastest

Fanout     Cap    Slew   Delay    Time   Description
-----------------------------------------------------------------------------
                          0.00    0.00   clock clk (rise edge)
                          0.00    0.00   clock network delay (propagated)
                          4.00    4.00 ^ input external delay
                  0.01    0.01    4.01 ^ tx_start (in)
     1    0.00                           tx_start (net)
                  0.01    0.00    4.01 ^ input11/A (sky130_fd_sc_hd__clkbuf_1)
                  0.06    0.07    4.08 ^ input11/X (sky130_fd_sc_hd__clkbuf_1)
     1    0.01                           net11 (net)
                  0.06    0.00    4.08 ^ _216_/D_N (sky130_fd_sc_hd__or4b_2)
                  0.11    0.37    4.45 v _216_/X (sky130_fd_sc_hd__or4b_2)
     3    0.01                           _088_ (net)
                  0.11    0.00    4.45 v _217_/A2 (sky130_fd_sc_hd__a21oi_2)
                  0.13    0.15    4.61 ^ _217_/Y (sky130_fd_sc_hd__a21oi_2)
     4    0.01                           _089_ (net)
                  0.13    0.00    4.61 ^ _228_/A3 (sky130_fd_sc_hd__a31o_1)
                  0.03    0.11    4.71 ^ _228_/X (sky130_fd_sc_hd__a31o_1)
     1    0.00                           _098_ (net)
                  0.03    0.00    4.71 ^ _229_/B (sky130_fd_sc_hd__and2_1)
                  0.04    0.08    4.80 ^ _229_/X (sky130_fd_sc_hd__and2_1)
     1    0.00                           _099_ (net)
                  0.04    0.00    4.80 ^ _230_/A (sky130_fd_sc_hd__clkbuf_1)
                  0.03    0.05    4.85 ^ _230_/X (sky130_fd_sc_hd__clkbuf_1)
     1    0.00                           _025_ (net)
                  0.03    0.00    4.85 ^ _286_/D (sky130_fd_sc_hd__dfrtp_1)
                                  4.85   data arrival time

                         20.00   20.00   clock clk (rise edge)
                          0.00   20.00   clock source latency
                  0.05    0.03   20.03 ^ clk (in)
     1    0.01                           clk (net)
                  0.05    0.00   20.03 ^ clkbuf_0_clk/A (sky130_fd_sc_hd__clkbuf_16)
                  0.05    0.10   20.13 ^ clkbuf_0_clk/X (sky130_fd_sc_hd__clkbuf_16)
     4    0.05                           clknet_0_clk (net)
                  0.05    0.00   20.13 ^ clkbuf_2_1__f_clk/A (sky130_fd_sc_hd__clkbuf_16)
                  0.04    0.10   20.23 ^ clkbuf_2_1__f_clk/X (sky130_fd_sc_hd__clkbuf_16)
    11    0.03                           clknet_2_1__leaf_clk (net)
                  0.04    0.00   20.23 ^ _286_/CLK (sky130_fd_sc_hd__dfrtp_1)
                         -0.25   19.98   clock uncertainty
                          0.00   19.98   clock reconvergence pessimism
                         -0.03   19.95   library setup time
                                 19.95   data required time
-----------------------------------------------------------------------------
                                 19.95   data required time
                                 -4.85   data arrival time
-----------------------------------------------------------------------------
                                 15.10   slack (MET)


Startpoint: tx_start (input port clocked by clk)
Endpoint: _284_ (rising edge-triggered flip-flop clocked by clk)
Path Group: clk
Path Type: max
Corner: Fastest

Fanout     Cap    Slew   Delay    Time   Description
-----------------------------------------------------------------------------
                          0.00    0.00   clock clk (rise edge)
                          0.00    0.00   clock network delay (propagated)
                          4.00    4.00 ^ input external delay
                  0.01    0.01    4.01 ^ tx_start (in)
     1    0.00                           tx_start (net)
                  0.01    0.00    4.01 ^ input11/A (sky130_fd_sc_hd__clkbuf_1)
                  0.06    0.07    4.08 ^ input11/X (sky130_fd_sc_hd__clkbuf_1)
     1    0.01                           net11 (net)
                  0.06    0.00    4.08 ^ _216_/D_N (sky130_fd_sc_hd__or4b_2)
                  0.11    0.37    4.45 v _216_/X (sky130_fd_sc_hd__or4b_2)
     3    0.01                           _088_ (net)
                  0.11    0.00    4.45 v _217_/A2 (sky130_fd_sc_hd__a21oi_2)
                  0.13    0.15    4.61 ^ _217_/Y (sky130_fd_sc_hd__a21oi_2)
     4    0.01                           _089_ (net)
                  0.13    0.00    4.61 ^ _219_/B (sky130_fd_sc_hd__and2_1)
                  0.06    0.12    4.72 ^ _219_/X (sky130_fd_sc_hd__and2_1)
     2    0.01                           _091_ (net)
                  0.06    0.00    4.72 ^ _220_/B1_N (sky130_fd_sc_hd__o21ba_1)
                  0.03    0.10    4.82 v _220_/X (sky130_fd_sc_hd__o21ba_1)
     1    0.00                           _023_ (net)
                  0.03    0.00    4.82 v _284_/D (sky130_fd_sc_hd__dfrtp_1)
                                  4.82   data arrival time

                         20.00   20.00   clock clk (rise edge)
                          0.00   20.00   clock source latency
                  0.05    0.03   20.03 ^ clk (in)
     1    0.01                           clk (net)
                  0.05    0.00   20.03 ^ clkbuf_0_clk/A (sky130_fd_sc_hd__clkbuf_16)
                  0.05    0.10   20.13 ^ clkbuf_0_clk/X (sky130_fd_sc_hd__clkbuf_16)
     4    0.05                           clknet_0_clk (net)
                  0.05    0.00   20.13 ^ clkbuf_2_1__f_clk/A (sky130_fd_sc_hd__clkbuf_16)
                  0.04    0.10   20.23 ^ clkbuf_2_1__f_clk/X (sky130_fd_sc_hd__clkbuf_16)
    11    0.03                           clknet_2_1__leaf_clk (net)
                  0.04    0.00   20.23 ^ _284_/CLK (sky130_fd_sc_hd__dfrtp_1)
                         -0.25   19.98   clock uncertainty
                          0.00   19.98   clock reconvergence pessimism
                         -0.06   19.92   library setup time
                                 19.92   data required time
-----------------------------------------------------------------------------
                                 19.92   data required time
                                 -4.82   data arrival time
-----------------------------------------------------------------------------
                                 15.10   slack (MET)


Startpoint: tx_start (input port clocked by clk)
Endpoint: _296_ (rising edge-triggered flip-flop clocked by clk)
Path Group: clk
Path Type: max
Corner: Fastest

Fanout     Cap    Slew   Delay    Time   Description
-----------------------------------------------------------------------------
                          0.00    0.00   clock clk (rise edge)
                          0.00    0.00   clock network delay (propagated)
                          4.00    4.00 ^ input external delay
                  0.01    0.01    4.01 ^ tx_start (in)
     1    0.00                           tx_start (net)
                  0.01    0.00    4.01 ^ input11/A (sky130_fd_sc_hd__clkbuf_1)
                  0.06    0.07    4.08 ^ input11/X (sky130_fd_sc_hd__clkbuf_1)
     1    0.01                           net11 (net)
                  0.06    0.00    4.08 ^ _216_/D_N (sky130_fd_sc_hd__or4b_2)
                  0.11    0.37    4.45 v _216_/X (sky130_fd_sc_hd__or4b_2)
     3    0.01                           _088_ (net)
                  0.11    0.00    4.45 v _223_/A (sky130_fd_sc_hd__clkbuf_4)
                  0.09    0.18    4.63 v _223_/X (sky130_fd_sc_hd__clkbuf_4)
    10    0.05                           _094_ (net)
                  0.09    0.00    4.63 v _259_/A1 (sky130_fd_sc_hd__a21oi_1)
                  0.08    0.09    4.72 ^ _259_/Y (sky130_fd_sc_hd__a21oi_1)
     1    0.00                           _119_ (net)
                  0.08    0.00    4.73 ^ _260_/B1 (sky130_fd_sc_hd__a21o_1)
                  0.04    0.06    4.79 ^ _260_/X (sky130_fd_sc_hd__a21o_1)
     1    0.00                           _035_ (net)
                  0.04    0.00    4.79 ^ _296_/D (sky130_fd_sc_hd__dfrtp_4)
                                  4.79   data arrival time

                         20.00   20.00   clock clk (rise edge)
                          0.00   20.00   clock source latency
                  0.05    0.03   20.03 ^ clk (in)
     1    0.01                           clk (net)
                  0.05    0.00   20.03 ^ clkbuf_0_clk/A (sky130_fd_sc_hd__clkbuf_16)
                  0.05    0.10   20.13 ^ clkbuf_0_clk/X (sky130_fd_sc_hd__clkbuf_16)
     4    0.05                           clknet_0_clk (net)
                  0.05    0.00   20.13 ^ clkbuf_2_1__f_clk/A (sky130_fd_sc_hd__clkbuf_16)
                  0.04    0.10   20.23 ^ clkbuf_2_1__f_clk/X (sky130_fd_sc_hd__clkbuf_16)
    11    0.03                           clknet_2_1__leaf_clk (net)
                  0.04    0.00   20.23 ^ _296_/CLK (sky130_fd_sc_hd__dfrtp_4)
                         -0.25   19.98   clock uncertainty
                          0.00   19.98   clock reconvergence pessimism
                         -0.04   19.94   library setup time
                                 19.94   data required time
-----------------------------------------------------------------------------
                                 19.94   data required time
                                 -4.79   data arrival time
-----------------------------------------------------------------------------
                                 15.16   slack (MET)


Startpoint: sleep (input port clocked by clk)
Endpoint: _273_ (rising edge-triggered flip-flop clocked by clk)
Path Group: clk
Path Type: max
Corner: Fastest

Fanout     Cap    Slew   Delay    Time   Description
-----------------------------------------------------------------------------
                          0.00    0.00   clock clk (rise edge)
                          0.00    0.00   clock network delay (propagated)
                          4.00    4.00 v input external delay
                  0.01    0.00    4.00 v sleep (in)
     1    0.00                           sleep (net)
                  0.01    0.00    4.00 v input2/A (sky130_fd_sc_hd__buf_1)
                  0.06    0.09    4.09 v input2/X (sky130_fd_sc_hd__buf_1)
     2    0.01                           net2 (net)
                  0.06    0.00    4.09 v _178_/B (sky130_fd_sc_hd__and2b_1)
                  0.03    0.11    4.20 v _178_/X (sky130_fd_sc_hd__and2b_1)
     1    0.00                           _061_ (net)
                  0.03    0.00    4.20 v _179_/A (sky130_fd_sc_hd__clkbuf_1)
                  0.02    0.06    4.26 v _179_/X (sky130_fd_sc_hd__clkbuf_1)
     1    0.00                           _012_ (net)
                  0.02    0.00    4.26 v _273_/D (sky130_fd_sc_hd__dfrtp_2)
                                  4.26   data arrival time

                         20.00   20.00   clock clk (rise edge)
                          0.00   20.00   clock source latency
                  0.05    0.03   20.03 ^ clk (in)
     1    0.01                           clk (net)
                  0.05    0.00   20.03 ^ clkbuf_0_clk/A (sky130_fd_sc_hd__clkbuf_16)
                  0.05    0.10   20.13 ^ clkbuf_0_clk/X (sky130_fd_sc_hd__clkbuf_16)
     4    0.05                           clknet_0_clk (net)
                  0.05    0.00   20.13 ^ clkbuf_2_2__f_clk/A (sky130_fd_sc_hd__clkbuf_16)
                  0.04    0.09   20.23 ^ clkbuf_2_2__f_clk/X (sky130_fd_sc_hd__clkbuf_16)
     8    0.02                           clknet_2_2__leaf_clk (net)
                  0.04    0.00   20.23 ^ _273_/CLK (sky130_fd_sc_hd__dfrtp_2)
                         -0.25   19.98   clock uncertainty
                          0.00   19.98   clock reconvergence pessimism
                         -0.06   19.92   library setup time
                                 19.92   data required time
-----------------------------------------------------------------------------
                                 19.92   data required time
                                 -4.26   data arrival time
-----------------------------------------------------------------------------
                                 15.66   slack (MET)


Startpoint: sleep (input port clocked by clk)
Endpoint: _272_ (rising edge-triggered flip-flop clocked by clk)
Path Group: clk
Path Type: max
Corner: Fastest

Fanout     Cap    Slew   Delay    Time   Description
-----------------------------------------------------------------------------
                          0.00    0.00   clock clk (rise edge)
                          0.00    0.00   clock network delay (propagated)
                          4.00    4.00 v input external delay
                  0.01    0.00    4.00 v sleep (in)
     1    0.00                           sleep (net)
                  0.01    0.00    4.00 v input2/A (sky130_fd_sc_hd__buf_1)
                  0.06    0.09    4.09 v input2/X (sky130_fd_sc_hd__buf_1)
     2    0.01                           net2 (net)
                  0.06    0.00    4.09 v _177_/B1 (sky130_fd_sc_hd__o21a_1)
                  0.03    0.07    4.17 v _177_/X (sky130_fd_sc_hd__o21a_1)
     1    0.00                           _011_ (net)
                  0.03    0.00    4.17 v _272_/D (sky130_fd_sc_hd__dfrtp_1)
                                  4.17   data arrival time

                         20.00   20.00   clock clk (rise edge)
                          0.00   20.00   clock source latency
                  0.05    0.03   20.03 ^ clk (in)
     1    0.01                           clk (net)
                  0.05    0.00   20.03 ^ clkbuf_0_clk/A (sky130_fd_sc_hd__clkbuf_16)
                  0.05    0.10   20.13 ^ clkbuf_0_clk/X (sky130_fd_sc_hd__clkbuf_16)
     4    0.05                           clknet_0_clk (net)
                  0.05    0.00   20.13 ^ clkbuf_2_2__f_clk/A (sky130_fd_sc_hd__clkbuf_16)
                  0.04    0.09   20.23 ^ clkbuf_2_2__f_clk/X (sky130_fd_sc_hd__clkbuf_16)
     8    0.02                           clknet_2_2__leaf_clk (net)
                  0.04    0.00   20.23 ^ _272_/CLK (sky130_fd_sc_hd__dfrtp_1)
                         -0.25   19.98   clock uncertainty
                          0.00   19.98   clock reconvergence pessimism
                         -0.06   19.92   library setup time
                                 19.92   data required time
-----------------------------------------------------------------------------
                                 19.92   data required time
                                 -4.17   data arrival time
-----------------------------------------------------------------------------
                                 15.75   slack (MET)


Startpoint: rst_n (input port clocked by clk)
Endpoint: _297_ (recovery check against rising-edge clock clk)
Path Group: asynchronous
Path Type: max
Corner: Fastest

Fanout     Cap    Slew   Delay    Time   Description
-----------------------------------------------------------------------------
                          0.00    0.00   clock clk (rise edge)
                          0.00    0.00   clock network delay (propagated)
                          4.00    4.00 ^ input external delay
                  0.01    0.01    4.01 ^ rst_n (in)
     1    0.00                           rst_n (net)
                  0.01    0.00    4.01 ^ input1/A (sky130_fd_sc_hd__clkbuf_2)
                  0.10    0.12    4.13 ^ input1/X (sky130_fd_sc_hd__clkbuf_2)
     4    0.02                           net1 (net)
                  0.10    0.00    4.13 ^ fanout17/A (sky130_fd_sc_hd__clkbuf_4)
                  0.11    0.18    4.30 ^ fanout17/X (sky130_fd_sc_hd__clkbuf_4)
    10    0.05                           net17 (net)
                  0.11    0.00    4.31 ^ _297_/RESET_B (sky130_fd_sc_hd__dfrtp_4)
                                  4.31   data arrival time

                         20.00   20.00   clock clk (rise edge)
                          0.00   20.00   clock source latency
                  0.05    0.03   20.03 ^ clk (in)
     1    0.01                           clk (net)
                  0.05    0.00   20.03 ^ clkbuf_0_clk/A (sky130_fd_sc_hd__clkbuf_16)
                  0.05    0.10   20.13 ^ clkbuf_0_clk/X (sky130_fd_sc_hd__clkbuf_16)
     4    0.05                           clknet_0_clk (net)
                  0.05    0.00   20.13 ^ clkbuf_2_1__f_clk/A (sky130_fd_sc_hd__clkbuf_16)
                  0.04    0.10   20.23 ^ clkbuf_2_1__f_clk/X (sky130_fd_sc_hd__clkbuf_16)
    11    0.03                           clknet_2_1__leaf_clk (net)
                  0.04    0.00   20.23 ^ _297_/CLK (sky130_fd_sc_hd__dfrtp_4)
                         -0.25   19.98   clock uncertainty
                          0.00   19.98   clock reconvergence pessimism
                          0.12   20.10   library recovery time
                                 20.10   data required time
-----------------------------------------------------------------------------
                                 20.10   data required time
                                 -4.31   data arrival time
-----------------------------------------------------------------------------
                                 15.79   slack (MET)


Startpoint: rst_n (input port clocked by clk)
Endpoint: _296_ (recovery check against rising-edge clock clk)
Path Group: asynchronous
Path Type: max
Corner: Fastest

Fanout     Cap    Slew   Delay    Time   Description
-----------------------------------------------------------------------------
                          0.00    0.00   clock clk (rise edge)
                          0.00    0.00   clock network delay (propagated)
                          4.00    4.00 ^ input external delay
                  0.01    0.01    4.01 ^ rst_n (in)
     1    0.00                           rst_n (net)
                  0.01    0.00    4.01 ^ input1/A (sky130_fd_sc_hd__clkbuf_2)
                  0.10    0.12    4.13 ^ input1/X (sky130_fd_sc_hd__clkbuf_2)
     4    0.02                           net1 (net)
                  0.10    0.00    4.13 ^ fanout17/A (sky130_fd_sc_hd__clkbuf_4)
                  0.11    0.18    4.30 ^ fanout17/X (sky130_fd_sc_hd__clkbuf_4)
    10    0.05                           net17 (net)
                  0.11    0.00    4.31 ^ _296_/RESET_B (sky130_fd_sc_hd__dfrtp_4)
                                  4.31   data arrival time

                         20.00   20.00   clock clk (rise edge)
                          0.00   20.00   clock source latency
                  0.05    0.03   20.03 ^ clk (in)
     1    0.01                           clk (net)
                  0.05    0.00   20.03 ^ clkbuf_0_clk/A (sky130_fd_sc_hd__clkbuf_16)
                  0.05    0.10   20.13 ^ clkbuf_0_clk/X (sky130_fd_sc_hd__clkbuf_16)
     4    0.05                           clknet_0_clk (net)
                  0.05    0.00   20.13 ^ clkbuf_2_1__f_clk/A (sky130_fd_sc_hd__clkbuf_16)
                  0.04    0.10   20.23 ^ clkbuf_2_1__f_clk/X (sky130_fd_sc_hd__clkbuf_16)
    11    0.03                           clknet_2_1__leaf_clk (net)
                  0.04    0.00   20.23 ^ _296_/CLK (sky130_fd_sc_hd__dfrtp_4)
                         -0.25   19.98   clock uncertainty
                          0.00   19.98   clock reconvergence pessimism
                          0.12   20.10   library recovery time
                                 20.10   data required time
-----------------------------------------------------------------------------
                                 20.10   data required time
                                 -4.31   data arrival time
-----------------------------------------------------------------------------
                                 15.79   slack (MET)


Startpoint: rst_n (input port clocked by clk)
Endpoint: _274_ (recovery check against rising-edge clock clk)
Path Group: asynchronous
Path Type: max
Corner: Fastest

Fanout     Cap    Slew   Delay    Time   Description
-----------------------------------------------------------------------------
                          0.00    0.00   clock clk (rise edge)
                          0.00    0.00   clock network delay (propagated)
                          4.00    4.00 ^ input external delay
                  0.01    0.01    4.01 ^ rst_n (in)
     1    0.00                           rst_n (net)
                  0.01    0.00    4.01 ^ input1/A (sky130_fd_sc_hd__clkbuf_2)
                  0.10    0.12    4.13 ^ input1/X (sky130_fd_sc_hd__clkbuf_2)
     4    0.02                           net1 (net)
                  0.10    0.00    4.13 ^ fanout16/A (sky130_fd_sc_hd__clkbuf_4)
                  0.10    0.17    4.29 ^ fanout16/X (sky130_fd_sc_hd__clkbuf_4)
     8    0.04                           net16 (net)
                  0.10    0.00    4.30 ^ _274_/RESET_B (sky130_fd_sc_hd__dfrtp_4)
                                  4.30   data arrival time

                         20.00   20.00   clock clk (rise edge)
                          0.00   20.00   clock source latency
                  0.05    0.03   20.03 ^ clk (in)
     1    0.01                           clk (net)
                  0.05    0.00   20.03 ^ clkbuf_0_clk/A (sky130_fd_sc_hd__clkbuf_16)
                  0.05    0.10   20.13 ^ clkbuf_0_clk/X (sky130_fd_sc_hd__clkbuf_16)
     4    0.05                           clknet_0_clk (net)
                  0.05    0.00   20.13 ^ clkbuf_2_2__f_clk/A (sky130_fd_sc_hd__clkbuf_16)
                  0.04    0.09   20.23 ^ clkbuf_2_2__f_clk/X (sky130_fd_sc_hd__clkbuf_16)
     8    0.02                           clknet_2_2__leaf_clk (net)
                  0.04    0.00   20.23 ^ _274_/CLK (sky130_fd_sc_hd__dfrtp_4)
                         -0.25   19.98   clock uncertainty
                          0.00   19.98   clock reconvergence pessimism
                          0.12   20.10   library recovery time
                                 20.10   data required time
-----------------------------------------------------------------------------
                                 20.10   data required time
                                 -4.30   data arrival time
-----------------------------------------------------------------------------
                                 15.80   slack (MET)


Startpoint: rst_n (input port clocked by clk)
Endpoint: _276_ (recovery check against rising-edge clock clk)
Path Group: asynchronous
Path Type: max
Corner: Fastest

Fanout     Cap    Slew   Delay    Time   Description
-----------------------------------------------------------------------------
                          0.00    0.00   clock clk (rise edge)
                          0.00    0.00   clock network delay (propagated)
                          4.00    4.00 ^ input external delay
                  0.01    0.01    4.01 ^ rst_n (in)
     1    0.00                           rst_n (net)
                  0.01    0.00    4.01 ^ input1/A (sky130_fd_sc_hd__clkbuf_2)
                  0.10    0.12    4.13 ^ input1/X (sky130_fd_sc_hd__clkbuf_2)
     4    0.02                           net1 (net)
                  0.10    0.00    4.13 ^ fanout16/A (sky130_fd_sc_hd__clkbuf_4)
                  0.10    0.17    4.29 ^ fanout16/X (sky130_fd_sc_hd__clkbuf_4)
     8    0.04                           net16 (net)
                  0.10    0.00    4.30 ^ _276_/RESET_B (sky130_fd_sc_hd__dfrtp_2)
                                  4.30   data arrival time

                         20.00   20.00   clock clk (rise edge)
                          0.00   20.00   clock source latency
                  0.05    0.03   20.03 ^ clk (in)
     1    0.01                           clk (net)
                  0.05    0.00   20.03 ^ clkbuf_0_clk/A (sky130_fd_sc_hd__clkbuf_16)
                  0.05    0.10   20.13 ^ clkbuf_0_clk/X (sky130_fd_sc_hd__clkbuf_16)
     4    0.05                           clknet_0_clk (net)
                  0.05    0.00   20.13 ^ clkbuf_2_2__f_clk/A (sky130_fd_sc_hd__clkbuf_16)
                  0.04    0.09   20.23 ^ clkbuf_2_2__f_clk/X (sky130_fd_sc_hd__clkbuf_16)
     8    0.02                           clknet_2_2__leaf_clk (net)
                  0.04    0.00   20.23 ^ _276_/CLK (sky130_fd_sc_hd__dfrtp_2)
                         -0.25   19.98   clock uncertainty
                          0.00   19.98   clock reconvergence pessimism
                          0.12   20.10   library recovery time
                                 20.10   data required time
-----------------------------------------------------------------------------
                                 20.10   data required time
                                 -4.30   data arrival time
-----------------------------------------------------------------------------
                                 15.80   slack (MET)


Startpoint: rst_n (input port clocked by clk)
Endpoint: _275_ (recovery check against rising-edge clock clk)
Path Group: asynchronous
Path Type: max
Corner: Fastest

Fanout     Cap    Slew   Delay    Time   Description
-----------------------------------------------------------------------------
                          0.00    0.00   clock clk (rise edge)
                          0.00    0.00   clock network delay (propagated)
                          4.00    4.00 ^ input external delay
                  0.01    0.01    4.01 ^ rst_n (in)
     1    0.00                           rst_n (net)
                  0.01    0.00    4.01 ^ input1/A (sky130_fd_sc_hd__clkbuf_2)
                  0.10    0.12    4.13 ^ input1/X (sky130_fd_sc_hd__clkbuf_2)
     4    0.02                           net1 (net)
                  0.10    0.00    4.13 ^ fanout16/A (sky130_fd_sc_hd__clkbuf_4)
                  0.10    0.17    4.29 ^ fanout16/X (sky130_fd_sc_hd__clkbuf_4)
     8    0.04                           net16 (net)
                  0.10    0.00    4.30 ^ _275_/RESET_B (sky130_fd_sc_hd__dfrtp_2)
                                  4.30   data arrival time

                         20.00   20.00   clock clk (rise edge)
                          0.00   20.00   clock source latency
                  0.05    0.03   20.03 ^ clk (in)
     1    0.01                           clk (net)
                  0.05    0.00   20.03 ^ clkbuf_0_clk/A (sky130_fd_sc_hd__clkbuf_16)
                  0.05    0.10   20.13 ^ clkbuf_0_clk/X (sky130_fd_sc_hd__clkbuf_16)
     4    0.05                           clknet_0_clk (net)
                  0.05    0.00   20.13 ^ clkbuf_2_2__f_clk/A (sky130_fd_sc_hd__clkbuf_16)
                  0.04    0.09   20.23 ^ clkbuf_2_2__f_clk/X (sky130_fd_sc_hd__clkbuf_16)
     8    0.02                           clknet_2_2__leaf_clk (net)
                  0.04    0.00   20.23 ^ _275_/CLK (sky130_fd_sc_hd__dfrtp_2)
                         -0.25   19.98   clock uncertainty
                          0.00   19.98   clock reconvergence pessimism
                          0.12   20.10   library recovery time
                                 20.10   data required time
-----------------------------------------------------------------------------
                                 20.10   data required time
                                 -4.30   data arrival time
-----------------------------------------------------------------------------
                                 15.80   slack (MET)


Startpoint: rst_n (input port clocked by clk)
Endpoint: _272_ (recovery check against rising-edge clock clk)
Path Group: asynchronous
Path Type: max
Corner: Fastest

Fanout     Cap    Slew   Delay    Time   Description
-----------------------------------------------------------------------------
                          0.00    0.00   clock clk (rise edge)
                          0.00    0.00   clock network delay (propagated)
                          4.00    4.00 ^ input external delay
                  0.01    0.01    4.01 ^ rst_n (in)
     1    0.00                           rst_n (net)
                  0.01    0.00    4.01 ^ input1/A (sky130_fd_sc_hd__clkbuf_2)
                  0.10    0.12    4.13 ^ input1/X (sky130_fd_sc_hd__clkbuf_2)
     4    0.02                           net1 (net)
                  0.10    0.00    4.13 ^ fanout15/A (sky130_fd_sc_hd__clkbuf_4)
                  0.11    0.18    4.30 ^ fanout15/X (sky130_fd_sc_hd__clkbuf_4)
    10    0.05                           net15 (net)
                  0.11    0.00    4.31 ^ _272_/RESET_B (sky130_fd_sc_hd__dfrtp_1)
                                  4.31   data arrival time

                         20.00   20.00   clock clk (rise edge)
                          0.00   20.00   clock source latency
                  0.05    0.03   20.03 ^ clk (in)
     1    0.01                           clk (net)
                  0.05    0.00   20.03 ^ clkbuf_0_clk/A (sky130_fd_sc_hd__clkbuf_16)
                  0.05    0.10   20.13 ^ clkbuf_0_clk/X (sky130_fd_sc_hd__clkbuf_16)
     4    0.05                           clknet_0_clk (net)
                  0.05    0.00   20.13 ^ clkbuf_2_2__f_clk/A (sky130_fd_sc_hd__clkbuf_16)
                  0.04    0.09   20.23 ^ clkbuf_2_2__f_clk/X (sky130_fd_sc_hd__clkbuf_16)
     8    0.02                           clknet_2_2__leaf_clk (net)
                  0.04    0.00   20.23 ^ _272_/CLK (sky130_fd_sc_hd__dfrtp_1)
                         -0.25   19.98   clock uncertainty
                          0.00   19.98   clock reconvergence pessimism
                          0.13   20.11   library recovery time
                                 20.11   data required time
-----------------------------------------------------------------------------
                                 20.11   data required time
                                 -4.31   data arrival time
-----------------------------------------------------------------------------
                                 15.80   slack (MET)


Startpoint: rst_n (input port clocked by clk)
Endpoint: _273_ (recovery check against rising-edge clock clk)
Path Group: asynchronous
Path Type: max
Corner: Fastest

Fanout     Cap    Slew   Delay    Time   Description
-----------------------------------------------------------------------------
                          0.00    0.00   clock clk (rise edge)
                          0.00    0.00   clock network delay (propagated)
                          4.00    4.00 ^ input external delay
                  0.01    0.01    4.01 ^ rst_n (in)
     1    0.00                           rst_n (net)
                  0.01    0.00    4.01 ^ input1/A (sky130_fd_sc_hd__clkbuf_2)
                  0.10    0.12    4.13 ^ input1/X (sky130_fd_sc_hd__clkbuf_2)
     4    0.02                           net1 (net)
                  0.10    0.00    4.13 ^ fanout16/A (sky130_fd_sc_hd__clkbuf_4)
                  0.10    0.17    4.29 ^ fanout16/X (sky130_fd_sc_hd__clkbuf_4)
     8    0.04                           net16 (net)
                  0.10    0.00    4.29 ^ _273_/RESET_B (sky130_fd_sc_hd__dfrtp_2)
                                  4.29   data arrival time

                         20.00   20.00   clock clk (rise edge)
                          0.00   20.00   clock source latency
                  0.05    0.03   20.03 ^ clk (in)
     1    0.01                           clk (net)
                  0.05    0.00   20.03 ^ clkbuf_0_clk/A (sky130_fd_sc_hd__clkbuf_16)
                  0.05    0.10   20.13 ^ clkbuf_0_clk/X (sky130_fd_sc_hd__clkbuf_16)
     4    0.05                           clknet_0_clk (net)
                  0.05    0.00   20.13 ^ clkbuf_2_2__f_clk/A (sky130_fd_sc_hd__clkbuf_16)
                  0.04    0.09   20.23 ^ clkbuf_2_2__f_clk/X (sky130_fd_sc_hd__clkbuf_16)
     8    0.02                           clknet_2_2__leaf_clk (net)
                  0.04    0.00   20.23 ^ _273_/CLK (sky130_fd_sc_hd__dfrtp_2)
                         -0.25   19.98   clock uncertainty
                          0.00   19.98   clock reconvergence pessimism
                          0.12   20.10   library recovery time
                                 20.10   data required time
-----------------------------------------------------------------------------
                                 20.10   data required time
                                 -4.29   data arrival time
-----------------------------------------------------------------------------
                                 15.81   slack (MET)


Startpoint: rst_n (input port clocked by clk)
Endpoint: _293_ (recovery check against rising-edge clock clk)
Path Group: asynchronous
Path Type: max
Corner: Fastest

Fanout     Cap    Slew   Delay    Time   Description
-----------------------------------------------------------------------------
                          0.00    0.00   clock clk (rise edge)
                          0.00    0.00   clock network delay (propagated)
                          4.00    4.00 ^ input external delay
                  0.01    0.01    4.01 ^ rst_n (in)
     1    0.00                           rst_n (net)
                  0.01    0.00    4.01 ^ input1/A (sky130_fd_sc_hd__clkbuf_2)
                  0.10    0.12    4.13 ^ input1/X (sky130_fd_sc_hd__clkbuf_2)
     4    0.02                           net1 (net)
                  0.10    0.00    4.13 ^ fanout15/A (sky130_fd_sc_hd__clkbuf_4)
                  0.11    0.18    4.30 ^ fanout15/X (sky130_fd_sc_hd__clkbuf_4)
    10    0.05                           net15 (net)
                  0.11    0.00    4.31 ^ _293_/RESET_B (sky130_fd_sc_hd__dfrtp_1)
                                  4.31   data arrival time

                         20.00   20.00   clock clk (rise edge)
                          0.00   20.00   clock source latency
                  0.05    0.03   20.03 ^ clk (in)
     1    0.01                           clk (net)
                  0.05    0.00   20.03 ^ clkbuf_0_clk/A (sky130_fd_sc_hd__clkbuf_16)
                  0.05    0.10   20.13 ^ clkbuf_0_clk/X (sky130_fd_sc_hd__clkbuf_16)
     4    0.05                           clknet_0_clk (net)
                  0.05    0.00   20.13 ^ clkbuf_2_0__f_clk/A (sky130_fd_sc_hd__clkbuf_16)
                  0.04    0.09   20.23 ^ clkbuf_2_0__f_clk/X (sky130_fd_sc_hd__clkbuf_16)
     9    0.03                           clknet_2_0__leaf_clk (net)
                  0.04    0.00   20.23 ^ _293_/CLK (sky130_fd_sc_hd__dfrtp_1)
                         -0.25   19.98   clock uncertainty
                          0.00   19.98   clock reconvergence pessimism
                          0.13   20.11   library recovery time
                                 20.11   data required time
-----------------------------------------------------------------------------
                                 20.11   data required time
                                 -4.31   data arrival time
-----------------------------------------------------------------------------
                                 15.81   slack (MET)


Startpoint: rst_n (input port clocked by clk)
Endpoint: _291_ (recovery check against rising-edge clock clk)
Path Group: asynchronous
Path Type: max
Corner: Fastest

Fanout     Cap    Slew   Delay    Time   Description
-----------------------------------------------------------------------------
                          0.00    0.00   clock clk (rise edge)
                          0.00    0.00   clock network delay (propagated)
                          4.00    4.00 ^ input external delay
                  0.01    0.01    4.01 ^ rst_n (in)
     1    0.00                           rst_n (net)
                  0.01    0.00    4.01 ^ input1/A (sky130_fd_sc_hd__clkbuf_2)
                  0.10    0.12    4.13 ^ input1/X (sky130_fd_sc_hd__clkbuf_2)
     4    0.02                           net1 (net)
                  0.10    0.00    4.13 ^ fanout15/A (sky130_fd_sc_hd__clkbuf_4)
                  0.11    0.18    4.30 ^ fanout15/X (sky130_fd_sc_hd__clkbuf_4)
    10    0.05                           net15 (net)
                  0.11    0.00    4.31 ^ _291_/RESET_B (sky130_fd_sc_hd__dfrtp_1)
                                  4.31   data arrival time

                         20.00   20.00   clock clk (rise edge)
                          0.00   20.00   clock source latency
                  0.05    0.03   20.03 ^ clk (in)
     1    0.01                           clk (net)
                  0.05    0.00   20.03 ^ clkbuf_0_clk/A (sky130_fd_sc_hd__clkbuf_16)
                  0.05    0.10   20.13 ^ clkbuf_0_clk/X (sky130_fd_sc_hd__clkbuf_16)
     4    0.05                           clknet_0_clk (net)
                  0.05    0.00   20.13 ^ clkbuf_2_0__f_clk/A (sky130_fd_sc_hd__clkbuf_16)
                  0.04    0.09   20.23 ^ clkbuf_2_0__f_clk/X (sky130_fd_sc_hd__clkbuf_16)
     9    0.03                           clknet_2_0__leaf_clk (net)
                  0.04    0.00   20.23 ^ _291_/CLK (sky130_fd_sc_hd__dfrtp_1)
                         -0.25   19.98   clock uncertainty
                          0.00   19.98   clock reconvergence pessimism
                          0.13   20.11   library recovery time
                                 20.11   data required time
-----------------------------------------------------------------------------
                                 20.11   data required time
                                 -4.31   data arrival time
-----------------------------------------------------------------------------
                                 15.81   slack (MET)


Startpoint: rst_n (input port clocked by clk)
Endpoint: _294_ (recovery check against rising-edge clock clk)
Path Group: asynchronous
Path Type: max
Corner: Fastest

Fanout     Cap    Slew   Delay    Time   Description
-----------------------------------------------------------------------------
                          0.00    0.00   clock clk (rise edge)
                          0.00    0.00   clock network delay (propagated)
                          4.00    4.00 ^ input external delay
                  0.01    0.01    4.01 ^ rst_n (in)
     1    0.00                           rst_n (net)
                  0.01    0.00    4.01 ^ input1/A (sky130_fd_sc_hd__clkbuf_2)
                  0.10    0.12    4.13 ^ input1/X (sky130_fd_sc_hd__clkbuf_2)
     4    0.02                           net1 (net)
                  0.10    0.00    4.13 ^ fanout15/A (sky130_fd_sc_hd__clkbuf_4)
                  0.11    0.18    4.30 ^ fanout15/X (sky130_fd_sc_hd__clkbuf_4)
    10    0.05                           net15 (net)
                  0.11    0.00    4.31 ^ _294_/RESET_B (sky130_fd_sc_hd__dfrtp_1)
                                  4.31   data arrival time

                         20.00   20.00   clock clk (rise edge)
                          0.00   20.00   clock source latency
                  0.05    0.03   20.03 ^ clk (in)
     1    0.01                           clk (net)
                  0.05    0.00   20.03 ^ clkbuf_0_clk/A (sky130_fd_sc_hd__clkbuf_16)
                  0.05    0.10   20.13 ^ clkbuf_0_clk/X (sky130_fd_sc_hd__clkbuf_16)
     4    0.05                           clknet_0_clk (net)
                  0.05    0.00   20.13 ^ clkbuf_2_0__f_clk/A (sky130_fd_sc_hd__clkbuf_16)
                  0.04    0.09   20.23 ^ clkbuf_2_0__f_clk/X (sky130_fd_sc_hd__clkbuf_16)
     9    0.03                           clknet_2_0__leaf_clk (net)
                  0.04    0.00   20.23 ^ _294_/CLK (sky130_fd_sc_hd__dfrtp_1)
                         -0.25   19.98   clock uncertainty
                          0.00   19.98   clock reconvergence pessimism
                          0.13   20.11   library recovery time
                                 20.11   data required time
-----------------------------------------------------------------------------
                                 20.11   data required time
                                 -4.31   data arrival time
-----------------------------------------------------------------------------
                                 15.81   slack (MET)


Startpoint: rst_n (input port clocked by clk)
Endpoint: _292_ (recovery check against rising-edge clock clk)
Path Group: asynchronous
Path Type: max
Corner: Fastest

Fanout     Cap    Slew   Delay    Time   Description
-----------------------------------------------------------------------------
                          0.00    0.00   clock clk (rise edge)
                          0.00    0.00   clock network delay (propagated)
                          4.00    4.00 ^ input external delay
                  0.01    0.01    4.01 ^ rst_n (in)
     1    0.00                           rst_n (net)
                  0.01    0.00    4.01 ^ input1/A (sky130_fd_sc_hd__clkbuf_2)
                  0.10    0.12    4.13 ^ input1/X (sky130_fd_sc_hd__clkbuf_2)
     4    0.02                           net1 (net)
                  0.10    0.00    4.13 ^ fanout15/A (sky130_fd_sc_hd__clkbuf_4)
                  0.11    0.18    4.30 ^ fanout15/X (sky130_fd_sc_hd__clkbuf_4)
    10    0.05                           net15 (net)
                  0.11    0.00    4.31 ^ _292_/RESET_B (sky130_fd_sc_hd__dfrtp_1)
                                  4.31   data arrival time

                         20.00   20.00   clock clk (rise edge)
                          0.00   20.00   clock source latency
                  0.05    0.03   20.03 ^ clk (in)
     1    0.01                           clk (net)
                  0.05    0.00   20.03 ^ clkbuf_0_clk/A (sky130_fd_sc_hd__clkbuf_16)
                  0.05    0.10   20.13 ^ clkbuf_0_clk/X (sky130_fd_sc_hd__clkbuf_16)
     4    0.05                           clknet_0_clk (net)
                  0.05    0.00   20.13 ^ clkbuf_2_0__f_clk/A (sky130_fd_sc_hd__clkbuf_16)
                  0.04    0.09   20.23 ^ clkbuf_2_0__f_clk/X (sky130_fd_sc_hd__clkbuf_16)
     9    0.03                           clknet_2_0__leaf_clk (net)
                  0.04    0.00   20.23 ^ _292_/CLK (sky130_fd_sc_hd__dfrtp_1)
                         -0.25   19.98   clock uncertainty
                          0.00   19.98   clock reconvergence pessimism
                          0.13   20.11   library recovery time
                                 20.11   data required time
-----------------------------------------------------------------------------
                                 20.11   data required time
                                 -4.31   data arrival time
-----------------------------------------------------------------------------
                                 15.81   slack (MET)


Startpoint: rst_n (input port clocked by clk)
Endpoint: _289_ (recovery check against rising-edge clock clk)
Path Group: asynchronous
Path Type: max
Corner: Fastest

Fanout     Cap    Slew   Delay    Time   Description
-----------------------------------------------------------------------------
                          0.00    0.00   clock clk (rise edge)
                          0.00    0.00   clock network delay (propagated)
                          4.00    4.00 ^ input external delay
                  0.01    0.01    4.01 ^ rst_n (in)
     1    0.00                           rst_n (net)
                  0.01    0.00    4.01 ^ input1/A (sky130_fd_sc_hd__clkbuf_2)
                  0.10    0.12    4.13 ^ input1/X (sky130_fd_sc_hd__clkbuf_2)
     4    0.02                           net1 (net)
                  0.10    0.00    4.13 ^ fanout15/A (sky130_fd_sc_hd__clkbuf_4)
                  0.11    0.18    4.30 ^ fanout15/X (sky130_fd_sc_hd__clkbuf_4)
    10    0.05                           net15 (net)
                  0.11    0.00    4.31 ^ _289_/RESET_B (sky130_fd_sc_hd__dfrtp_1)
                                  4.31   data arrival time

                         20.00   20.00   clock clk (rise edge)
                          0.00   20.00   clock source latency
                  0.05    0.03   20.03 ^ clk (in)
     1    0.01                           clk (net)
                  0.05    0.00   20.03 ^ clkbuf_0_clk/A (sky130_fd_sc_hd__clkbuf_16)
                  0.05    0.10   20.13 ^ clkbuf_0_clk/X (sky130_fd_sc_hd__clkbuf_16)
     4    0.05                           clknet_0_clk (net)
                  0.05    0.00   20.13 ^ clkbuf_2_0__f_clk/A (sky130_fd_sc_hd__clkbuf_16)
                  0.04    0.09   20.23 ^ clkbuf_2_0__f_clk/X (sky130_fd_sc_hd__clkbuf_16)
     9    0.03                           clknet_2_0__leaf_clk (net)
                  0.04    0.00   20.23 ^ _289_/CLK (sky130_fd_sc_hd__dfrtp_1)
                         -0.25   19.98   clock uncertainty
                          0.00   19.98   clock reconvergence pessimism
                          0.13   20.11   library recovery time
                                 20.11   data required time
-----------------------------------------------------------------------------
                                 20.11   data required time
                                 -4.31   data arrival time
-----------------------------------------------------------------------------
                                 15.81   slack (MET)


Startpoint: rst_n (input port clocked by clk)
Endpoint: _290_ (recovery check against rising-edge clock clk)
Path Group: asynchronous
Path Type: max
Corner: Fastest

Fanout     Cap    Slew   Delay    Time   Description
-----------------------------------------------------------------------------
                          0.00    0.00   clock clk (rise edge)
                          0.00    0.00   clock network delay (propagated)
                          4.00    4.00 ^ input external delay
                  0.01    0.01    4.01 ^ rst_n (in)
     1    0.00                           rst_n (net)
                  0.01    0.00    4.01 ^ input1/A (sky130_fd_sc_hd__clkbuf_2)
                  0.10    0.12    4.13 ^ input1/X (sky130_fd_sc_hd__clkbuf_2)
     4    0.02                           net1 (net)
                  0.10    0.00    4.13 ^ fanout15/A (sky130_fd_sc_hd__clkbuf_4)
                  0.11    0.18    4.30 ^ fanout15/X (sky130_fd_sc_hd__clkbuf_4)
    10    0.05                           net15 (net)
                  0.11    0.00    4.31 ^ _290_/RESET_B (sky130_fd_sc_hd__dfrtp_1)
                                  4.31   data arrival time

                         20.00   20.00   clock clk (rise edge)
                          0.00   20.00   clock source latency
                  0.05    0.03   20.03 ^ clk (in)
     1    0.01                           clk (net)
                  0.05    0.00   20.03 ^ clkbuf_0_clk/A (sky130_fd_sc_hd__clkbuf_16)
                  0.05    0.10   20.13 ^ clkbuf_0_clk/X (sky130_fd_sc_hd__clkbuf_16)
     4    0.05                           clknet_0_clk (net)
                  0.05    0.00   20.13 ^ clkbuf_2_0__f_clk/A (sky130_fd_sc_hd__clkbuf_16)
                  0.04    0.09   20.23 ^ clkbuf_2_0__f_clk/X (sky130_fd_sc_hd__clkbuf_16)
     9    0.03                           clknet_2_0__leaf_clk (net)
                  0.04    0.00   20.23 ^ _290_/CLK (sky130_fd_sc_hd__dfrtp_1)
                         -0.25   19.98   clock uncertainty
                          0.00   19.98   clock reconvergence pessimism
                          0.13   20.11   library recovery time
                                 20.11   data required time
-----------------------------------------------------------------------------
                                 20.11   data required time
                                 -4.31   data arrival time
-----------------------------------------------------------------------------
                                 15.81   slack (MET)


Startpoint: rst_n (input port clocked by clk)
Endpoint: _269_ (recovery check against rising-edge clock clk)
Path Group: asynchronous
Path Type: max
Corner: Fastest

Fanout     Cap    Slew   Delay    Time   Description
-----------------------------------------------------------------------------
                          0.00    0.00   clock clk (rise edge)
                          0.00    0.00   clock network delay (propagated)
                          4.00    4.00 ^ input external delay
                  0.01    0.01    4.01 ^ rst_n (in)
     1    0.00                           rst_n (net)
                  0.01    0.00    4.01 ^ input1/A (sky130_fd_sc_hd__clkbuf_2)
                  0.10    0.12    4.13 ^ input1/X (sky130_fd_sc_hd__clkbuf_2)
     4    0.02                           net1 (net)
                  0.10    0.00    4.13 ^ fanout18/A (sky130_fd_sc_hd__clkbuf_4)
                  0.10    0.17    4.30 ^ fanout18/X (sky130_fd_sc_hd__clkbuf_4)
     9    0.04                           net18 (net)
                  0.10    0.00    4.30 ^ _269_/RESET_B (sky130_fd_sc_hd__dfrtp_2)
                                  4.30   data arrival time

                         20.00   20.00   clock clk (rise edge)
                          0.00   20.00   clock source latency
                  0.05    0.03   20.03 ^ clk (in)
     1    0.01                           clk (net)
                  0.05    0.00   20.03 ^ clkbuf_0_clk/A (sky130_fd_sc_hd__clkbuf_16)
                  0.05    0.10   20.13 ^ clkbuf_0_clk/X (sky130_fd_sc_hd__clkbuf_16)
     4    0.05                           clknet_0_clk (net)
                  0.05    0.00   20.13 ^ clkbuf_2_1__f_clk/A (sky130_fd_sc_hd__clkbuf_16)
                  0.04    0.10   20.23 ^ clkbuf_2_1__f_clk/X (sky130_fd_sc_hd__clkbuf_16)
    11    0.03                           clknet_2_1__leaf_clk (net)
                  0.04    0.00   20.23 ^ _269_/CLK (sky130_fd_sc_hd__dfrtp_2)
                         -0.25   19.98   clock uncertainty
                          0.00   19.98   clock reconvergence pessimism
                          0.12   20.11   library recovery time
                                 20.11   data required time
-----------------------------------------------------------------------------
                                 20.11   data required time
                                 -4.30   data arrival time
-----------------------------------------------------------------------------
                                 15.81   slack (MET)


Startpoint: rst_n (input port clocked by clk)
Endpoint: _288_ (recovery check against rising-edge clock clk)
Path Group: asynchronous
Path Type: max
Corner: Fastest

Fanout     Cap    Slew   Delay    Time   Description
-----------------------------------------------------------------------------
                          0.00    0.00   clock clk (rise edge)
                          0.00    0.00   clock network delay (propagated)
                          4.00    4.00 ^ input external delay
                  0.01    0.01    4.01 ^ rst_n (in)
     1    0.00                           rst_n (net)
                  0.01    0.00    4.01 ^ input1/A (sky130_fd_sc_hd__clkbuf_2)
                  0.10    0.12    4.13 ^ input1/X (sky130_fd_sc_hd__clkbuf_2)
     4    0.02                           net1 (net)
                  0.10    0.00    4.13 ^ fanout15/A (sky130_fd_sc_hd__clkbuf_4)
                  0.11    0.18    4.30 ^ fanout15/X (sky130_fd_sc_hd__clkbuf_4)
    10    0.05                           net15 (net)
                  0.11    0.00    4.31 ^ _288_/RESET_B (sky130_fd_sc_hd__dfrtp_1)
                                  4.31   data arrival time

                         20.00   20.00   clock clk (rise edge)
                          0.00   20.00   clock source latency
                  0.05    0.03   20.03 ^ clk (in)
     1    0.01                           clk (net)
                  0.05    0.00   20.03 ^ clkbuf_0_clk/A (sky130_fd_sc_hd__clkbuf_16)
                  0.05    0.10   20.13 ^ clkbuf_0_clk/X (sky130_fd_sc_hd__clkbuf_16)
     4    0.05                           clknet_0_clk (net)
                  0.05    0.00   20.13 ^ clkbuf_2_0__f_clk/A (sky130_fd_sc_hd__clkbuf_16)
                  0.04    0.09   20.23 ^ clkbuf_2_0__f_clk/X (sky130_fd_sc_hd__clkbuf_16)
     9    0.03                           clknet_2_0__leaf_clk (net)
                  0.04    0.00   20.23 ^ _288_/CLK (sky130_fd_sc_hd__dfrtp_1)
                         -0.25   19.98   clock uncertainty
                          0.00   19.98   clock reconvergence pessimism
                          0.13   20.11   library recovery time
                                 20.11   data required time
-----------------------------------------------------------------------------
                                 20.11   data required time
                                 -4.31   data arrival time
-----------------------------------------------------------------------------
                                 15.81   slack (MET)


Startpoint: rst_n (input port clocked by clk)
Endpoint: _295_ (recovery check against rising-edge clock clk)
Path Group: asynchronous
Path Type: max
Corner: Fastest

Fanout     Cap    Slew   Delay    Time   Description
-----------------------------------------------------------------------------
                          0.00    0.00   clock clk (rise edge)
                          0.00    0.00   clock network delay (propagated)
                          4.00    4.00 ^ input external delay
                  0.01    0.01    4.01 ^ rst_n (in)
     1    0.00                           rst_n (net)
                  0.01    0.00    4.01 ^ input1/A (sky130_fd_sc_hd__clkbuf_2)
                  0.10    0.12    4.13 ^ input1/X (sky130_fd_sc_hd__clkbuf_2)
     4    0.02                           net1 (net)
                  0.10    0.00    4.13 ^ fanout15/A (sky130_fd_sc_hd__clkbuf_4)
                  0.11    0.18    4.30 ^ fanout15/X (sky130_fd_sc_hd__clkbuf_4)
    10    0.05                           net15 (net)
                  0.11    0.00    4.30 ^ _295_/RESET_B (sky130_fd_sc_hd__dfrtp_1)
                                  4.30   data arrival time

                         20.00   20.00   clock clk (rise edge)
                          0.00   20.00   clock source latency
                  0.05    0.03   20.03 ^ clk (in)
     1    0.01                           clk (net)
                  0.05    0.00   20.03 ^ clkbuf_0_clk/A (sky130_fd_sc_hd__clkbuf_16)
                  0.05    0.10   20.13 ^ clkbuf_0_clk/X (sky130_fd_sc_hd__clkbuf_16)
     4    0.05                           clknet_0_clk (net)
                  0.05    0.00   20.13 ^ clkbuf_2_0__f_clk/A (sky130_fd_sc_hd__clkbuf_16)
                  0.04    0.09   20.23 ^ clkbuf_2_0__f_clk/X (sky130_fd_sc_hd__clkbuf_16)
     9    0.03                           clknet_2_0__leaf_clk (net)
                  0.04    0.00   20.23 ^ _295_/CLK (sky130_fd_sc_hd__dfrtp_1)
                         -0.25   19.98   clock uncertainty
                          0.00   19.98   clock reconvergence pessimism
                          0.13   20.11   library recovery time
                                 20.11   data required time
-----------------------------------------------------------------------------
                                 20.11   data required time
                                 -4.30   data arrival time
-----------------------------------------------------------------------------
                                 15.81   slack (MET)


Startpoint: rst_n (input port clocked by clk)
Endpoint: _287_ (recovery check against rising-edge clock clk)
Path Group: asynchronous
Path Type: max
Corner: Fastest

Fanout     Cap    Slew   Delay    Time   Description
-----------------------------------------------------------------------------
                          0.00    0.00   clock clk (rise edge)
                          0.00    0.00   clock network delay (propagated)
                          4.00    4.00 ^ input external delay
                  0.01    0.01    4.01 ^ rst_n (in)
     1    0.00                           rst_n (net)
                  0.01    0.00    4.01 ^ input1/A (sky130_fd_sc_hd__clkbuf_2)
                  0.10    0.12    4.13 ^ input1/X (sky130_fd_sc_hd__clkbuf_2)
     4    0.02                           net1 (net)
                  0.10    0.00    4.13 ^ fanout15/A (sky130_fd_sc_hd__clkbuf_4)
                  0.11    0.18    4.30 ^ fanout15/X (sky130_fd_sc_hd__clkbuf_4)
    10    0.05                           net15 (net)
                  0.11    0.00    4.30 ^ _287_/RESET_B (sky130_fd_sc_hd__dfrtp_1)
                                  4.30   data arrival time

                         20.00   20.00   clock clk (rise edge)
                          0.00   20.00   clock source latency
                  0.05    0.03   20.03 ^ clk (in)
     1    0.01                           clk (net)
                  0.05    0.00   20.03 ^ clkbuf_0_clk/A (sky130_fd_sc_hd__clkbuf_16)
                  0.05    0.10   20.13 ^ clkbuf_0_clk/X (sky130_fd_sc_hd__clkbuf_16)
     4    0.05                           clknet_0_clk (net)
                  0.05    0.00   20.13 ^ clkbuf_2_0__f_clk/A (sky130_fd_sc_hd__clkbuf_16)
                  0.04    0.09   20.23 ^ clkbuf_2_0__f_clk/X (sky130_fd_sc_hd__clkbuf_16)
     9    0.03                           clknet_2_0__leaf_clk (net)
                  0.04    0.00   20.23 ^ _287_/CLK (sky130_fd_sc_hd__dfrtp_1)
                         -0.25   19.98   clock uncertainty
                          0.00   19.98   clock reconvergence pessimism
                          0.13   20.11   library recovery time
                                 20.11   data required time
-----------------------------------------------------------------------------
                                 20.11   data required time
                                 -4.30   data arrival time
-----------------------------------------------------------------------------
                                 15.81   slack (MET)


Startpoint: rst_n (input port clocked by clk)
Endpoint: _298_ (recovery check against rising-edge clock clk)
Path Group: asynchronous
Path Type: max
Corner: Fastest

Fanout     Cap    Slew   Delay    Time   Description
-----------------------------------------------------------------------------
                          0.00    0.00   clock clk (rise edge)
                          0.00    0.00   clock network delay (propagated)
                          4.00    4.00 ^ input external delay
                  0.01    0.01    4.01 ^ rst_n (in)
     1    0.00                           rst_n (net)
                  0.01    0.00    4.01 ^ input1/A (sky130_fd_sc_hd__clkbuf_2)
                  0.10    0.12    4.13 ^ input1/X (sky130_fd_sc_hd__clkbuf_2)
     4    0.02                           net1 (net)
                  0.10    0.00    4.13 ^ fanout17/A (sky130_fd_sc_hd__clkbuf_4)
                  0.11    0.18    4.30 ^ fanout17/X (sky130_fd_sc_hd__clkbuf_4)
    10    0.05                           net17 (net)
                  0.11    0.00    4.31 ^ _298_/RESET_B (sky130_fd_sc_hd__dfrtp_1)
                                  4.31   data arrival time

                         20.00   20.00   clock clk (rise edge)
                          0.00   20.00   clock source latency
                  0.05    0.03   20.03 ^ clk (in)
     1    0.01                           clk (net)
                  0.05    0.00   20.03 ^ clkbuf_0_clk/A (sky130_fd_sc_hd__clkbuf_16)
                  0.05    0.10   20.13 ^ clkbuf_0_clk/X (sky130_fd_sc_hd__clkbuf_16)
     4    0.05                           clknet_0_clk (net)
                  0.05    0.00   20.13 ^ clkbuf_2_1__f_clk/A (sky130_fd_sc_hd__clkbuf_16)
                  0.04    0.10   20.23 ^ clkbuf_2_1__f_clk/X (sky130_fd_sc_hd__clkbuf_16)
    11    0.03                           clknet_2_1__leaf_clk (net)
                  0.04    0.00   20.23 ^ _298_/CLK (sky130_fd_sc_hd__dfrtp_1)
                         -0.25   19.98   clock uncertainty
                          0.00   19.98   clock reconvergence pessimism
                          0.13   20.12   library recovery time
                                 20.12   data required time
-----------------------------------------------------------------------------
                                 20.12   data required time
                                 -4.31   data arrival time
-----------------------------------------------------------------------------
                                 15.81   slack (MET)


Startpoint: rst_n (input port clocked by clk)
Endpoint: _268_ (recovery check against rising-edge clock clk)
Path Group: asynchronous
Path Type: max
Corner: Fastest

Fanout     Cap    Slew   Delay    Time   Description
-----------------------------------------------------------------------------
                          0.00    0.00   clock clk (rise edge)
                          0.00    0.00   clock network delay (propagated)
                          4.00    4.00 ^ input external delay
                  0.01    0.01    4.01 ^ rst_n (in)
     1    0.00                           rst_n (net)
                  0.01    0.00    4.01 ^ input1/A (sky130_fd_sc_hd__clkbuf_2)
                  0.10    0.12    4.13 ^ input1/X (sky130_fd_sc_hd__clkbuf_2)
     4    0.02                           net1 (net)
                  0.10    0.00    4.13 ^ fanout17/A (sky130_fd_sc_hd__clkbuf_4)
                  0.11    0.18    4.30 ^ fanout17/X (sky130_fd_sc_hd__clkbuf_4)
    10    0.05                           net17 (net)
                  0.11    0.00    4.31 ^ _268_/RESET_B (sky130_fd_sc_hd__dfrtp_1)
                                  4.31   data arrival time

                         20.00   20.00   clock clk (rise edge)
                          0.00   20.00   clock source latency
                  0.05    0.03   20.03 ^ clk (in)
     1    0.01                           clk (net)
                  0.05    0.00   20.03 ^ clkbuf_0_clk/A (sky130_fd_sc_hd__clkbuf_16)
                  0.05    0.10   20.13 ^ clkbuf_0_clk/X (sky130_fd_sc_hd__clkbuf_16)
     4    0.05                           clknet_0_clk (net)
                  0.05    0.00   20.13 ^ clkbuf_2_1__f_clk/A (sky130_fd_sc_hd__clkbuf_16)
                  0.04    0.10   20.23 ^ clkbuf_2_1__f_clk/X (sky130_fd_sc_hd__clkbuf_16)
    11    0.03                           clknet_2_1__leaf_clk (net)
                  0.04    0.00   20.23 ^ _268_/CLK (sky130_fd_sc_hd__dfrtp_1)
                         -0.25   19.98   clock uncertainty
                          0.00   19.98   clock reconvergence pessimism
                          0.13   20.12   library recovery time
                                 20.12   data required time
-----------------------------------------------------------------------------
                                 20.12   data required time
                                 -4.31   data arrival time
-----------------------------------------------------------------------------
                                 15.81   slack (MET)


Startpoint: rst_n (input port clocked by clk)
Endpoint: _267_ (recovery check against rising-edge clock clk)
Path Group: asynchronous
Path Type: max
Corner: Fastest

Fanout     Cap    Slew   Delay    Time   Description
-----------------------------------------------------------------------------
                          0.00    0.00   clock clk (rise edge)
                          0.00    0.00   clock network delay (propagated)
                          4.00    4.00 ^ input external delay
                  0.01    0.01    4.01 ^ rst_n (in)
     1    0.00                           rst_n (net)
                  0.01    0.00    4.01 ^ input1/A (sky130_fd_sc_hd__clkbuf_2)
                  0.10    0.12    4.13 ^ input1/X (sky130_fd_sc_hd__clkbuf_2)
     4    0.02                           net1 (net)
                  0.10    0.00    4.13 ^ fanout17/A (sky130_fd_sc_hd__clkbuf_4)
                  0.11    0.18    4.30 ^ fanout17/X (sky130_fd_sc_hd__clkbuf_4)
    10    0.05                           net17 (net)
                  0.11    0.00    4.30 ^ _267_/RESET_B (sky130_fd_sc_hd__dfrtp_1)
                                  4.30   data arrival time

                         20.00   20.00   clock clk (rise edge)
                          0.00   20.00   clock source latency
                  0.05    0.03   20.03 ^ clk (in)
     1    0.01                           clk (net)
                  0.05    0.00   20.03 ^ clkbuf_0_clk/A (sky130_fd_sc_hd__clkbuf_16)
                  0.05    0.10   20.13 ^ clkbuf_0_clk/X (sky130_fd_sc_hd__clkbuf_16)
     4    0.05                           clknet_0_clk (net)
                  0.05    0.00   20.13 ^ clkbuf_2_1__f_clk/A (sky130_fd_sc_hd__clkbuf_16)
                  0.04    0.10   20.23 ^ clkbuf_2_1__f_clk/X (sky130_fd_sc_hd__clkbuf_16)
    11    0.03                           clknet_2_1__leaf_clk (net)
                  0.04    0.00   20.23 ^ _267_/CLK (sky130_fd_sc_hd__dfrtp_1)
                         -0.25   19.98   clock uncertainty
                          0.00   19.98   clock reconvergence pessimism
                          0.13   20.12   library recovery time
                                 20.12   data required time
-----------------------------------------------------------------------------
                                 20.12   data required time
                                 -4.30   data arrival time
-----------------------------------------------------------------------------
                                 15.81   slack (MET)


Startpoint: rst_n (input port clocked by clk)
Endpoint: _286_ (recovery check against rising-edge clock clk)
Path Group: asynchronous
Path Type: max
Corner: Fastest

Fanout     Cap    Slew   Delay    Time   Description
-----------------------------------------------------------------------------
                          0.00    0.00   clock clk (rise edge)
                          0.00    0.00   clock network delay (propagated)
                          4.00    4.00 ^ input external delay
                  0.01    0.01    4.01 ^ rst_n (in)
     1    0.00                           rst_n (net)
                  0.01    0.00    4.01 ^ input1/A (sky130_fd_sc_hd__clkbuf_2)
                  0.10    0.12    4.13 ^ input1/X (sky130_fd_sc_hd__clkbuf_2)
     4    0.02                           net1 (net)
                  0.10    0.00    4.13 ^ fanout17/A (sky130_fd_sc_hd__clkbuf_4)
                  0.11    0.18    4.30 ^ fanout17/X (sky130_fd_sc_hd__clkbuf_4)
    10    0.05                           net17 (net)
                  0.11    0.00    4.31 ^ _286_/RESET_B (sky130_fd_sc_hd__dfrtp_1)
                                  4.31   data arrival time

                         20.00   20.00   clock clk (rise edge)
                          0.00   20.00   clock source latency
                  0.05    0.03   20.03 ^ clk (in)
     1    0.01                           clk (net)
                  0.05    0.00   20.03 ^ clkbuf_0_clk/A (sky130_fd_sc_hd__clkbuf_16)
                  0.05    0.10   20.13 ^ clkbuf_0_clk/X (sky130_fd_sc_hd__clkbuf_16)
     4    0.05                           clknet_0_clk (net)
                  0.05    0.00   20.13 ^ clkbuf_2_1__f_clk/A (sky130_fd_sc_hd__clkbuf_16)
                  0.04    0.10   20.23 ^ clkbuf_2_1__f_clk/X (sky130_fd_sc_hd__clkbuf_16)
    11    0.03                           clknet_2_1__leaf_clk (net)
                  0.04    0.00   20.23 ^ _286_/CLK (sky130_fd_sc_hd__dfrtp_1)
                         -0.25   19.98   clock uncertainty
                          0.00   19.98   clock reconvergence pessimism
                          0.13   20.12   library recovery time
                                 20.12   data required time
-----------------------------------------------------------------------------
                                 20.12   data required time
                                 -4.31   data arrival time
-----------------------------------------------------------------------------
                                 15.81   slack (MET)


Startpoint: rst_n (input port clocked by clk)
Endpoint: _270_ (recovery check against rising-edge clock clk)
Path Group: asynchronous
Path Type: max
Corner: Fastest

Fanout     Cap    Slew   Delay    Time   Description
-----------------------------------------------------------------------------
                          0.00    0.00   clock clk (rise edge)
                          0.00    0.00   clock network delay (propagated)
                          4.00    4.00 ^ input external delay
                  0.01    0.01    4.01 ^ rst_n (in)
     1    0.00                           rst_n (net)
                  0.01    0.00    4.01 ^ input1/A (sky130_fd_sc_hd__clkbuf_2)
                  0.10    0.12    4.13 ^ input1/X (sky130_fd_sc_hd__clkbuf_2)
     4    0.02                           net1 (net)
                  0.10    0.00    4.13 ^ fanout17/A (sky130_fd_sc_hd__clkbuf_4)
                  0.11    0.18    4.30 ^ fanout17/X (sky130_fd_sc_hd__clkbuf_4)
    10    0.05                           net17 (net)
                  0.11    0.00    4.30 ^ _270_/RESET_B (sky130_fd_sc_hd__dfrtp_1)
                                  4.30   data arrival time

                         20.00   20.00   clock clk (rise edge)
                          0.00   20.00   clock source latency
                  0.05    0.03   20.03 ^ clk (in)
     1    0.01                           clk (net)
                  0.05    0.00   20.03 ^ clkbuf_0_clk/A (sky130_fd_sc_hd__clkbuf_16)
                  0.05    0.10   20.13 ^ clkbuf_0_clk/X (sky130_fd_sc_hd__clkbuf_16)
     4    0.05                           clknet_0_clk (net)
                  0.05    0.00   20.13 ^ clkbuf_2_1__f_clk/A (sky130_fd_sc_hd__clkbuf_16)
                  0.04    0.10   20.23 ^ clkbuf_2_1__f_clk/X (sky130_fd_sc_hd__clkbuf_16)
    11    0.03                           clknet_2_1__leaf_clk (net)
                  0.04    0.00   20.23 ^ _270_/CLK (sky130_fd_sc_hd__dfrtp_1)
                         -0.25   19.98   clock uncertainty
                          0.00   19.98   clock reconvergence pessimism
                          0.13   20.12   library recovery time
                                 20.12   data required time
-----------------------------------------------------------------------------
                                 20.12   data required time
                                 -4.30   data arrival time
-----------------------------------------------------------------------------
                                 15.81   slack (MET)


Startpoint: rst_n (input port clocked by clk)
Endpoint: _284_ (recovery check against rising-edge clock clk)
Path Group: asynchronous
Path Type: max
Corner: Fastest

Fanout     Cap    Slew   Delay    Time   Description
-----------------------------------------------------------------------------
                          0.00    0.00   clock clk (rise edge)
                          0.00    0.00   clock network delay (propagated)
                          4.00    4.00 ^ input external delay
                  0.01    0.01    4.01 ^ rst_n (in)
     1    0.00                           rst_n (net)
                  0.01    0.00    4.01 ^ input1/A (sky130_fd_sc_hd__clkbuf_2)
                  0.10    0.12    4.13 ^ input1/X (sky130_fd_sc_hd__clkbuf_2)
     4    0.02                           net1 (net)
                  0.10    0.00    4.13 ^ fanout17/A (sky130_fd_sc_hd__clkbuf_4)
                  0.11    0.18    4.30 ^ fanout17/X (sky130_fd_sc_hd__clkbuf_4)
    10    0.05                           net17 (net)
                  0.11    0.00    4.31 ^ _284_/RESET_B (sky130_fd_sc_hd__dfrtp_1)
                                  4.31   data arrival time

                         20.00   20.00   clock clk (rise edge)
                          0.00   20.00   clock source latency
                  0.05    0.03   20.03 ^ clk (in)
     1    0.01                           clk (net)
                  0.05    0.00   20.03 ^ clkbuf_0_clk/A (sky130_fd_sc_hd__clkbuf_16)
                  0.05    0.10   20.13 ^ clkbuf_0_clk/X (sky130_fd_sc_hd__clkbuf_16)
     4    0.05                           clknet_0_clk (net)
                  0.05    0.00   20.13 ^ clkbuf_2_1__f_clk/A (sky130_fd_sc_hd__clkbuf_16)
                  0.04    0.10   20.23 ^ clkbuf_2_1__f_clk/X (sky130_fd_sc_hd__clkbuf_16)
    11    0.03                           clknet_2_1__leaf_clk (net)
                  0.04    0.00   20.23 ^ _284_/CLK (sky130_fd_sc_hd__dfrtp_1)
                         -0.25   19.98   clock uncertainty
                          0.00   19.98   clock reconvergence pessimism
                          0.13   20.12   library recovery time
                                 20.12   data required time
-----------------------------------------------------------------------------
                                 20.12   data required time
                                 -4.31   data arrival time
-----------------------------------------------------------------------------
                                 15.81   slack (MET)


Startpoint: rst_n (input port clocked by clk)
Endpoint: _285_ (recovery check against rising-edge clock clk)
Path Group: asynchronous
Path Type: max
Corner: Fastest

Fanout     Cap    Slew   Delay    Time   Description
-----------------------------------------------------------------------------
                          0.00    0.00   clock clk (rise edge)
                          0.00    0.00   clock network delay (propagated)
                          4.00    4.00 ^ input external delay
                  0.01    0.01    4.01 ^ rst_n (in)
     1    0.00                           rst_n (net)
                  0.01    0.00    4.01 ^ input1/A (sky130_fd_sc_hd__clkbuf_2)
                  0.10    0.12    4.13 ^ input1/X (sky130_fd_sc_hd__clkbuf_2)
     4    0.02                           net1 (net)
                  0.10    0.00    4.13 ^ fanout17/A (sky130_fd_sc_hd__clkbuf_4)
                  0.11    0.18    4.30 ^ fanout17/X (sky130_fd_sc_hd__clkbuf_4)
    10    0.05                           net17 (net)
                  0.11    0.00    4.30 ^ _285_/RESET_B (sky130_fd_sc_hd__dfrtp_1)
                                  4.30   data arrival time

                         20.00   20.00   clock clk (rise edge)
                          0.00   20.00   clock source latency
                  0.05    0.03   20.03 ^ clk (in)
     1    0.01                           clk (net)
                  0.05    0.00   20.03 ^ clkbuf_0_clk/A (sky130_fd_sc_hd__clkbuf_16)
                  0.05    0.10   20.13 ^ clkbuf_0_clk/X (sky130_fd_sc_hd__clkbuf_16)
     4    0.05                           clknet_0_clk (net)
                  0.05    0.00   20.13 ^ clkbuf_2_1__f_clk/A (sky130_fd_sc_hd__clkbuf_16)
                  0.04    0.10   20.23 ^ clkbuf_2_1__f_clk/X (sky130_fd_sc_hd__clkbuf_16)
    11    0.03                           clknet_2_1__leaf_clk (net)
                  0.04    0.00   20.23 ^ _285_/CLK (sky130_fd_sc_hd__dfrtp_1)
                         -0.25   19.98   clock uncertainty
                          0.00   19.98   clock reconvergence pessimism
                          0.13   20.12   library recovery time
                                 20.12   data required time
-----------------------------------------------------------------------------
                                 20.12   data required time
                                 -4.30   data arrival time
-----------------------------------------------------------------------------
                                 15.81   slack (MET)


Startpoint: rst_n (input port clocked by clk)
Endpoint: _266_ (recovery check against rising-edge clock clk)
Path Group: asynchronous
Path Type: max
Corner: Fastest

Fanout     Cap    Slew   Delay    Time   Description
-----------------------------------------------------------------------------
                          0.00    0.00   clock clk (rise edge)
                          0.00    0.00   clock network delay (propagated)
                          4.00    4.00 ^ input external delay
                  0.01    0.01    4.01 ^ rst_n (in)
     1    0.00                           rst_n (net)
                  0.01    0.00    4.01 ^ input1/A (sky130_fd_sc_hd__clkbuf_2)
                  0.10    0.12    4.13 ^ input1/X (sky130_fd_sc_hd__clkbuf_2)
     4    0.02                           net1 (net)
                  0.10    0.00    4.13 ^ fanout17/A (sky130_fd_sc_hd__clkbuf_4)
                  0.11    0.18    4.30 ^ fanout17/X (sky130_fd_sc_hd__clkbuf_4)
    10    0.05                           net17 (net)
                  0.11    0.00    4.30 ^ _266_/RESET_B (sky130_fd_sc_hd__dfrtp_1)
                                  4.30   data arrival time

                         20.00   20.00   clock clk (rise edge)
                          0.00   20.00   clock source latency
                  0.05    0.03   20.03 ^ clk (in)
     1    0.01                           clk (net)
                  0.05    0.00   20.03 ^ clkbuf_0_clk/A (sky130_fd_sc_hd__clkbuf_16)
                  0.05    0.10   20.13 ^ clkbuf_0_clk/X (sky130_fd_sc_hd__clkbuf_16)
     4    0.05                           clknet_0_clk (net)
                  0.05    0.00   20.13 ^ clkbuf_2_1__f_clk/A (sky130_fd_sc_hd__clkbuf_16)
                  0.04    0.10   20.23 ^ clkbuf_2_1__f_clk/X (sky130_fd_sc_hd__clkbuf_16)
    11    0.03                           clknet_2_1__leaf_clk (net)
                  0.04    0.00   20.23 ^ _266_/CLK (sky130_fd_sc_hd__dfrtp_1)
                         -0.25   19.98   clock uncertainty
                          0.00   19.98   clock reconvergence pessimism
                          0.13   20.12   library recovery time
                                 20.12   data required time
-----------------------------------------------------------------------------
                                 20.12   data required time
                                 -4.30   data arrival time
-----------------------------------------------------------------------------
                                 15.81   slack (MET)


Startpoint: rst_n (input port clocked by clk)
Endpoint: _277_ (recovery check against rising-edge clock clk)
Path Group: asynchronous
Path Type: max
Corner: Fastest

Fanout     Cap    Slew   Delay    Time   Description
-----------------------------------------------------------------------------
                          0.00    0.00   clock clk (rise edge)
                          0.00    0.00   clock network delay (propagated)
                          4.00    4.00 ^ input external delay
                  0.01    0.01    4.01 ^ rst_n (in)
     1    0.00                           rst_n (net)
                  0.01    0.00    4.01 ^ input1/A (sky130_fd_sc_hd__clkbuf_2)
                  0.10    0.12    4.13 ^ input1/X (sky130_fd_sc_hd__clkbuf_2)
     4    0.02                           net1 (net)
                  0.10    0.00    4.13 ^ fanout16/A (sky130_fd_sc_hd__clkbuf_4)
                  0.10    0.17    4.29 ^ fanout16/X (sky130_fd_sc_hd__clkbuf_4)
     8    0.04                           net16 (net)
                  0.10    0.00    4.30 ^ _277_/RESET_B (sky130_fd_sc_hd__dfrtp_1)
                                  4.30   data arrival time

                         20.00   20.00   clock clk (rise edge)
                          0.00   20.00   clock source latency
                  0.05    0.03   20.03 ^ clk (in)
     1    0.01                           clk (net)
                  0.05    0.00   20.03 ^ clkbuf_0_clk/A (sky130_fd_sc_hd__clkbuf_16)
                  0.05    0.10   20.13 ^ clkbuf_0_clk/X (sky130_fd_sc_hd__clkbuf_16)
     4    0.05                           clknet_0_clk (net)
                  0.05    0.00   20.13 ^ clkbuf_2_2__f_clk/A (sky130_fd_sc_hd__clkbuf_16)
                  0.04    0.09   20.23 ^ clkbuf_2_2__f_clk/X (sky130_fd_sc_hd__clkbuf_16)
     8    0.02                           clknet_2_2__leaf_clk (net)
                  0.04    0.00   20.23 ^ _277_/CLK (sky130_fd_sc_hd__dfrtp_1)
                         -0.25   19.98   clock uncertainty
                          0.00   19.98   clock reconvergence pessimism
                          0.13   20.11   library recovery time
                                 20.11   data required time
-----------------------------------------------------------------------------
                                 20.11   data required time
                                 -4.30   data arrival time
-----------------------------------------------------------------------------
                                 15.82   slack (MET)


Startpoint: rst_n (input port clocked by clk)
Endpoint: _283_ (recovery check against rising-edge clock clk)
Path Group: asynchronous
Path Type: max
Corner: Fastest

Fanout     Cap    Slew   Delay    Time   Description
-----------------------------------------------------------------------------
                          0.00    0.00   clock clk (rise edge)
                          0.00    0.00   clock network delay (propagated)
                          4.00    4.00 ^ input external delay
                  0.01    0.01    4.01 ^ rst_n (in)
     1    0.00                           rst_n (net)
                  0.01    0.00    4.01 ^ input1/A (sky130_fd_sc_hd__clkbuf_2)
                  0.10    0.12    4.13 ^ input1/X (sky130_fd_sc_hd__clkbuf_2)
     4    0.02                           net1 (net)
                  0.10    0.00    4.13 ^ fanout16/A (sky130_fd_sc_hd__clkbuf_4)
                  0.10    0.17    4.29 ^ fanout16/X (sky130_fd_sc_hd__clkbuf_4)
     8    0.04                           net16 (net)
                  0.10    0.00    4.30 ^ _283_/RESET_B (sky130_fd_sc_hd__dfrtp_1)
                                  4.30   data arrival time

                         20.00   20.00   clock clk (rise edge)
                          0.00   20.00   clock source latency
                  0.05    0.03   20.03 ^ clk (in)
     1    0.01                           clk (net)
                  0.05    0.00   20.03 ^ clkbuf_0_clk/A (sky130_fd_sc_hd__clkbuf_16)
                  0.05    0.10   20.13 ^ clkbuf_0_clk/X (sky130_fd_sc_hd__clkbuf_16)
     4    0.05                           clknet_0_clk (net)
                  0.05    0.00   20.13 ^ clkbuf_2_2__f_clk/A (sky130_fd_sc_hd__clkbuf_16)
                  0.04    0.09   20.23 ^ clkbuf_2_2__f_clk/X (sky130_fd_sc_hd__clkbuf_16)
     8    0.02                           clknet_2_2__leaf_clk (net)
                  0.04    0.00   20.23 ^ _283_/CLK (sky130_fd_sc_hd__dfrtp_1)
                         -0.25   19.98   clock uncertainty
                          0.00   19.98   clock reconvergence pessimism
                          0.13   20.11   library recovery time
                                 20.11   data required time
-----------------------------------------------------------------------------
                                 20.11   data required time
                                 -4.30   data arrival time
-----------------------------------------------------------------------------
                                 15.82   slack (MET)


Startpoint: rst_n (input port clocked by clk)
Endpoint: _281_ (recovery check against rising-edge clock clk)
Path Group: asynchronous
Path Type: max
Corner: Fastest

Fanout     Cap    Slew   Delay    Time   Description
-----------------------------------------------------------------------------
                          0.00    0.00   clock clk (rise edge)
                          0.00    0.00   clock network delay (propagated)
                          4.00    4.00 ^ input external delay
                  0.01    0.01    4.01 ^ rst_n (in)
     1    0.00                           rst_n (net)
                  0.01    0.00    4.01 ^ input1/A (sky130_fd_sc_hd__clkbuf_2)
                  0.10    0.12    4.13 ^ input1/X (sky130_fd_sc_hd__clkbuf_2)
     4    0.02                           net1 (net)
                  0.10    0.00    4.13 ^ fanout18/A (sky130_fd_sc_hd__clkbuf_4)
                  0.10    0.17    4.30 ^ fanout18/X (sky130_fd_sc_hd__clkbuf_4)
     9    0.04                           net18 (net)
                  0.10    0.00    4.30 ^ _281_/RESET_B (sky130_fd_sc_hd__dfrtp_1)
                                  4.30   data arrival time

                         20.00   20.00   clock clk (rise edge)
                          0.00   20.00   clock source latency
                  0.05    0.03   20.03 ^ clk (in)
     1    0.01                           clk (net)
                  0.05    0.00   20.03 ^ clkbuf_0_clk/A (sky130_fd_sc_hd__clkbuf_16)
                  0.05    0.10   20.13 ^ clkbuf_0_clk/X (sky130_fd_sc_hd__clkbuf_16)
     4    0.05                           clknet_0_clk (net)
                  0.05    0.00   20.13 ^ clkbuf_2_3__f_clk/A (sky130_fd_sc_hd__clkbuf_16)
                  0.04    0.10   20.23 ^ clkbuf_2_3__f_clk/X (sky130_fd_sc_hd__clkbuf_16)
     9    0.03                           clknet_2_3__leaf_clk (net)
                  0.04    0.00   20.23 ^ _281_/CLK (sky130_fd_sc_hd__dfrtp_1)
                         -0.25   19.98   clock uncertainty
                          0.00   19.98   clock reconvergence pessimism
                          0.13   20.12   library recovery time
                                 20.12   data required time
-----------------------------------------------------------------------------
                                 20.12   data required time
                                 -4.30   data arrival time
-----------------------------------------------------------------------------
                                 15.82   slack (MET)


Startpoint: rst_n (input port clocked by clk)
Endpoint: _282_ (recovery check against rising-edge clock clk)
Path Group: asynchronous
Path Type: max
Corner: Fastest

Fanout     Cap    Slew   Delay    Time   Description
-----------------------------------------------------------------------------
                          0.00    0.00   clock clk (rise edge)
                          0.00    0.00   clock network delay (propagated)
                          4.00    4.00 ^ input external delay
                  0.01    0.01    4.01 ^ rst_n (in)
     1    0.00                           rst_n (net)
                  0.01    0.00    4.01 ^ input1/A (sky130_fd_sc_hd__clkbuf_2)
                  0.10    0.12    4.13 ^ input1/X (sky130_fd_sc_hd__clkbuf_2)
     4    0.02                           net1 (net)
                  0.10    0.00    4.13 ^ fanout16/A (sky130_fd_sc_hd__clkbuf_4)
                  0.10    0.17    4.29 ^ fanout16/X (sky130_fd_sc_hd__clkbuf_4)
     8    0.04                           net16 (net)
                  0.10    0.00    4.30 ^ _282_/RESET_B (sky130_fd_sc_hd__dfrtp_1)
                                  4.30   data arrival time

                         20.00   20.00   clock clk (rise edge)
                          0.00   20.00   clock source latency
                  0.05    0.03   20.03 ^ clk (in)
     1    0.01                           clk (net)
                  0.05    0.00   20.03 ^ clkbuf_0_clk/A (sky130_fd_sc_hd__clkbuf_16)
                  0.05    0.10   20.13 ^ clkbuf_0_clk/X (sky130_fd_sc_hd__clkbuf_16)
     4    0.05                           clknet_0_clk (net)
                  0.05    0.00   20.13 ^ clkbuf_2_2__f_clk/A (sky130_fd_sc_hd__clkbuf_16)
                  0.04    0.09   20.23 ^ clkbuf_2_2__f_clk/X (sky130_fd_sc_hd__clkbuf_16)
     8    0.02                           clknet_2_2__leaf_clk (net)
                  0.04    0.00   20.23 ^ _282_/CLK (sky130_fd_sc_hd__dfrtp_1)
                         -0.25   19.98   clock uncertainty
                          0.00   19.98   clock reconvergence pessimism
                          0.13   20.11   library recovery time
                                 20.11   data required time
-----------------------------------------------------------------------------
                                 20.11   data required time
                                 -4.30   data arrival time
-----------------------------------------------------------------------------
                                 15.82   slack (MET)


Startpoint: rst_n (input port clocked by clk)
Endpoint: _263_ (recovery check against rising-edge clock clk)
Path Group: asynchronous
Path Type: max
Corner: Fastest

Fanout     Cap    Slew   Delay    Time   Description
-----------------------------------------------------------------------------
                          0.00    0.00   clock clk (rise edge)
                          0.00    0.00   clock network delay (propagated)
                          4.00    4.00 ^ input external delay
                  0.01    0.01    4.01 ^ rst_n (in)
     1    0.00                           rst_n (net)
                  0.01    0.00    4.01 ^ input1/A (sky130_fd_sc_hd__clkbuf_2)
                  0.10    0.12    4.13 ^ input1/X (sky130_fd_sc_hd__clkbuf_2)
     4    0.02                           net1 (net)
                  0.10    0.00    4.13 ^ fanout18/A (sky130_fd_sc_hd__clkbuf_4)
                  0.10    0.17    4.30 ^ fanout18/X (sky130_fd_sc_hd__clkbuf_4)
     9    0.04                           net18 (net)
                  0.10    0.00    4.30 ^ _263_/RESET_B (sky130_fd_sc_hd__dfrtp_1)
                                  4.30   data arrival time

                         20.00   20.00   clock clk (rise edge)
                          0.00   20.00   clock source latency
                  0.05    0.03   20.03 ^ clk (in)
     1    0.01                           clk (net)
                  0.05    0.00   20.03 ^ clkbuf_0_clk/A (sky130_fd_sc_hd__clkbuf_16)
                  0.05    0.10   20.13 ^ clkbuf_0_clk/X (sky130_fd_sc_hd__clkbuf_16)
     4    0.05                           clknet_0_clk (net)
                  0.05    0.00   20.13 ^ clkbuf_2_3__f_clk/A (sky130_fd_sc_hd__clkbuf_16)
                  0.04    0.10   20.23 ^ clkbuf_2_3__f_clk/X (sky130_fd_sc_hd__clkbuf_16)
     9    0.03                           clknet_2_3__leaf_clk (net)
                  0.04    0.00   20.23 ^ _263_/CLK (sky130_fd_sc_hd__dfrtp_1)
                         -0.25   19.98   clock uncertainty
                          0.00   19.98   clock reconvergence pessimism
                          0.13   20.12   library recovery time
                                 20.12   data required time
-----------------------------------------------------------------------------
                                 20.12   data required time
                                 -4.30   data arrival time
-----------------------------------------------------------------------------
                                 15.82   slack (MET)


Startpoint: rst_n (input port clocked by clk)
Endpoint: _262_ (recovery check against rising-edge clock clk)
Path Group: asynchronous
Path Type: max
Corner: Fastest

Fanout     Cap    Slew   Delay    Time   Description
-----------------------------------------------------------------------------
                          0.00    0.00   clock clk (rise edge)
                          0.00    0.00   clock network delay (propagated)
                          4.00    4.00 ^ input external delay
                  0.01    0.01    4.01 ^ rst_n (in)
     1    0.00                           rst_n (net)
                  0.01    0.00    4.01 ^ input1/A (sky130_fd_sc_hd__clkbuf_2)
                  0.10    0.12    4.13 ^ input1/X (sky130_fd_sc_hd__clkbuf_2)
     4    0.02                           net1 (net)
                  0.10    0.00    4.13 ^ fanout18/A (sky130_fd_sc_hd__clkbuf_4)
                  0.10    0.17    4.30 ^ fanout18/X (sky130_fd_sc_hd__clkbuf_4)
     9    0.04                           net18 (net)
                  0.10    0.00    4.30 ^ _262_/RESET_B (sky130_fd_sc_hd__dfrtp_1)
                                  4.30   data arrival time

                         20.00   20.00   clock clk (rise edge)
                          0.00   20.00   clock source latency
                  0.05    0.03   20.03 ^ clk (in)
     1    0.01                           clk (net)
                  0.05    0.00   20.03 ^ clkbuf_0_clk/A (sky130_fd_sc_hd__clkbuf_16)
                  0.05    0.10   20.13 ^ clkbuf_0_clk/X (sky130_fd_sc_hd__clkbuf_16)
     4    0.05                           clknet_0_clk (net)
                  0.05    0.00   20.13 ^ clkbuf_2_3__f_clk/A (sky130_fd_sc_hd__clkbuf_16)
                  0.04    0.10   20.23 ^ clkbuf_2_3__f_clk/X (sky130_fd_sc_hd__clkbuf_16)
     9    0.03                           clknet_2_3__leaf_clk (net)
                  0.04    0.00   20.23 ^ _262_/CLK (sky130_fd_sc_hd__dfrtp_1)
                         -0.25   19.98   clock uncertainty
                          0.00   19.98   clock reconvergence pessimism
                          0.13   20.12   library recovery time
                                 20.12   data required time
-----------------------------------------------------------------------------
                                 20.12   data required time
                                 -4.30   data arrival time
-----------------------------------------------------------------------------
                                 15.82   slack (MET)


Startpoint: rst_n (input port clocked by clk)
Endpoint: _279_ (recovery check against rising-edge clock clk)
Path Group: asynchronous
Path Type: max
Corner: Fastest

Fanout     Cap    Slew   Delay    Time   Description
-----------------------------------------------------------------------------
                          0.00    0.00   clock clk (rise edge)
                          0.00    0.00   clock network delay (propagated)
                          4.00    4.00 ^ input external delay
                  0.01    0.01    4.01 ^ rst_n (in)
     1    0.00                           rst_n (net)
                  0.01    0.00    4.01 ^ input1/A (sky130_fd_sc_hd__clkbuf_2)
                  0.10    0.12    4.13 ^ input1/X (sky130_fd_sc_hd__clkbuf_2)
     4    0.02                           net1 (net)
                  0.10    0.00    4.13 ^ fanout18/A (sky130_fd_sc_hd__clkbuf_4)
                  0.10    0.17    4.30 ^ fanout18/X (sky130_fd_sc_hd__clkbuf_4)
     9    0.04                           net18 (net)
                  0.10    0.00    4.30 ^ _279_/RESET_B (sky130_fd_sc_hd__dfrtp_1)
                                  4.30   data arrival time

                         20.00   20.00   clock clk (rise edge)
                          0.00   20.00   clock source latency
                  0.05    0.03   20.03 ^ clk (in)
     1    0.01                           clk (net)
                  0.05    0.00   20.03 ^ clkbuf_0_clk/A (sky130_fd_sc_hd__clkbuf_16)
                  0.05    0.10   20.13 ^ clkbuf_0_clk/X (sky130_fd_sc_hd__clkbuf_16)
     4    0.05                           clknet_0_clk (net)
                  0.05    0.00   20.13 ^ clkbuf_2_3__f_clk/A (sky130_fd_sc_hd__clkbuf_16)
                  0.04    0.10   20.23 ^ clkbuf_2_3__f_clk/X (sky130_fd_sc_hd__clkbuf_16)
     9    0.03                           clknet_2_3__leaf_clk (net)
                  0.04    0.00   20.23 ^ _279_/CLK (sky130_fd_sc_hd__dfrtp_1)
                         -0.25   19.98   clock uncertainty
                          0.00   19.98   clock reconvergence pessimism
                          0.13   20.12   library recovery time
                                 20.12   data required time
-----------------------------------------------------------------------------
                                 20.12   data required time
                                 -4.30   data arrival time
-----------------------------------------------------------------------------
                                 15.82   slack (MET)


Startpoint: rst_n (input port clocked by clk)
Endpoint: _280_ (recovery check against rising-edge clock clk)
Path Group: asynchronous
Path Type: max
Corner: Fastest

Fanout     Cap    Slew   Delay    Time   Description
-----------------------------------------------------------------------------
                          0.00    0.00   clock clk (rise edge)
                          0.00    0.00   clock network delay (propagated)
                          4.00    4.00 ^ input external delay
                  0.01    0.01    4.01 ^ rst_n (in)
     1    0.00                           rst_n (net)
                  0.01    0.00    4.01 ^ input1/A (sky130_fd_sc_hd__clkbuf_2)
                  0.10    0.12    4.13 ^ input1/X (sky130_fd_sc_hd__clkbuf_2)
     4    0.02                           net1 (net)
                  0.10    0.00    4.13 ^ fanout18/A (sky130_fd_sc_hd__clkbuf_4)
                  0.10    0.17    4.30 ^ fanout18/X (sky130_fd_sc_hd__clkbuf_4)
     9    0.04                           net18 (net)
                  0.10    0.00    4.30 ^ _280_/RESET_B (sky130_fd_sc_hd__dfrtp_1)
                                  4.30   data arrival time

                         20.00   20.00   clock clk (rise edge)
                          0.00   20.00   clock source latency
                  0.05    0.03   20.03 ^ clk (in)
     1    0.01                           clk (net)
                  0.05    0.00   20.03 ^ clkbuf_0_clk/A (sky130_fd_sc_hd__clkbuf_16)
                  0.05    0.10   20.13 ^ clkbuf_0_clk/X (sky130_fd_sc_hd__clkbuf_16)
     4    0.05                           clknet_0_clk (net)
                  0.05    0.00   20.13 ^ clkbuf_2_3__f_clk/A (sky130_fd_sc_hd__clkbuf_16)
                  0.04    0.10   20.23 ^ clkbuf_2_3__f_clk/X (sky130_fd_sc_hd__clkbuf_16)
     9    0.03                           clknet_2_3__leaf_clk (net)
                  0.04    0.00   20.23 ^ _280_/CLK (sky130_fd_sc_hd__dfrtp_1)
                         -0.25   19.98   clock uncertainty
                          0.00   19.98   clock reconvergence pessimism
                          0.13   20.12   library recovery time
                                 20.12   data required time
-----------------------------------------------------------------------------
                                 20.12   data required time
                                 -4.30   data arrival time
-----------------------------------------------------------------------------
                                 15.82   slack (MET)


Startpoint: rst_n (input port clocked by clk)
Endpoint: _265_ (recovery check against rising-edge clock clk)
Path Group: asynchronous
Path Type: max
Corner: Fastest

Fanout     Cap    Slew   Delay    Time   Description
-----------------------------------------------------------------------------
                          0.00    0.00   clock clk (rise edge)
                          0.00    0.00   clock network delay (propagated)
                          4.00    4.00 ^ input external delay
                  0.01    0.01    4.01 ^ rst_n (in)
     1    0.00                           rst_n (net)
                  0.01    0.00    4.01 ^ input1/A (sky130_fd_sc_hd__clkbuf_2)
                  0.10    0.12    4.13 ^ input1/X (sky130_fd_sc_hd__clkbuf_2)
     4    0.02                           net1 (net)
                  0.10    0.00    4.13 ^ fanout18/A (sky130_fd_sc_hd__clkbuf_4)
                  0.10    0.17    4.30 ^ fanout18/X (sky130_fd_sc_hd__clkbuf_4)
     9    0.04                           net18 (net)
                  0.10    0.00    4.30 ^ _265_/RESET_B (sky130_fd_sc_hd__dfrtp_1)
                                  4.30   data arrival time

                         20.00   20.00   clock clk (rise edge)
                          0.00   20.00   clock source latency
                  0.05    0.03   20.03 ^ clk (in)
     1    0.01                           clk (net)
                  0.05    0.00   20.03 ^ clkbuf_0_clk/A (sky130_fd_sc_hd__clkbuf_16)
                  0.05    0.10   20.13 ^ clkbuf_0_clk/X (sky130_fd_sc_hd__clkbuf_16)
     4    0.05                           clknet_0_clk (net)
                  0.05    0.00   20.13 ^ clkbuf_2_3__f_clk/A (sky130_fd_sc_hd__clkbuf_16)
                  0.04    0.10   20.23 ^ clkbuf_2_3__f_clk/X (sky130_fd_sc_hd__clkbuf_16)
     9    0.03                           clknet_2_3__leaf_clk (net)
                  0.04    0.00   20.23 ^ _265_/CLK (sky130_fd_sc_hd__dfrtp_1)
                         -0.25   19.98   clock uncertainty
                          0.00   19.98   clock reconvergence pessimism
                          0.13   20.12   library recovery time
                                 20.12   data required time
-----------------------------------------------------------------------------
                                 20.12   data required time
                                 -4.30   data arrival time
-----------------------------------------------------------------------------
                                 15.82   slack (MET)


Startpoint: rst_n (input port clocked by clk)
Endpoint: _264_ (recovery check against rising-edge clock clk)
Path Group: asynchronous
Path Type: max
Corner: Fastest

Fanout     Cap    Slew   Delay    Time   Description
-----------------------------------------------------------------------------
                          0.00    0.00   clock clk (rise edge)
                          0.00    0.00   clock network delay (propagated)
                          4.00    4.00 ^ input external delay
                  0.01    0.01    4.01 ^ rst_n (in)
     1    0.00                           rst_n (net)
                  0.01    0.00    4.01 ^ input1/A (sky130_fd_sc_hd__clkbuf_2)
                  0.10    0.12    4.13 ^ input1/X (sky130_fd_sc_hd__clkbuf_2)
     4    0.02                           net1 (net)
                  0.10    0.00    4.13 ^ fanout18/A (sky130_fd_sc_hd__clkbuf_4)
                  0.10    0.17    4.30 ^ fanout18/X (sky130_fd_sc_hd__clkbuf_4)
     9    0.04                           net18 (net)
                  0.10    0.00    4.30 ^ _264_/RESET_B (sky130_fd_sc_hd__dfrtp_1)
                                  4.30   data arrival time

                         20.00   20.00   clock clk (rise edge)
                          0.00   20.00   clock source latency
                  0.05    0.03   20.03 ^ clk (in)
     1    0.01                           clk (net)
                  0.05    0.00   20.03 ^ clkbuf_0_clk/A (sky130_fd_sc_hd__clkbuf_16)
                  0.05    0.10   20.13 ^ clkbuf_0_clk/X (sky130_fd_sc_hd__clkbuf_16)
     4    0.05                           clknet_0_clk (net)
                  0.05    0.00   20.13 ^ clkbuf_2_3__f_clk/A (sky130_fd_sc_hd__clkbuf_16)
                  0.04    0.10   20.23 ^ clkbuf_2_3__f_clk/X (sky130_fd_sc_hd__clkbuf_16)
     9    0.03                           clknet_2_3__leaf_clk (net)
                  0.04    0.00   20.23 ^ _264_/CLK (sky130_fd_sc_hd__dfrtp_1)
                         -0.25   19.98   clock uncertainty
                          0.00   19.98   clock reconvergence pessimism
                          0.13   20.12   library recovery time
                                 20.12   data required time
-----------------------------------------------------------------------------
                                 20.12   data required time
                                 -4.30   data arrival time
-----------------------------------------------------------------------------
                                 15.82   slack (MET)


Startpoint: rst_n (input port clocked by clk)
Endpoint: _271_ (recovery check against rising-edge clock clk)
Path Group: asynchronous
Path Type: max
Corner: Fastest

Fanout     Cap    Slew   Delay    Time   Description
-----------------------------------------------------------------------------
                          0.00    0.00   clock clk (rise edge)
                          0.00    0.00   clock network delay (propagated)
                          4.00    4.00 ^ input external delay
                  0.01    0.01    4.01 ^ rst_n (in)
     1    0.00                           rst_n (net)
                  0.01    0.00    4.01 ^ input1/A (sky130_fd_sc_hd__clkbuf_2)
                  0.10    0.12    4.13 ^ input1/X (sky130_fd_sc_hd__clkbuf_2)
     4    0.02                           net1 (net)
                  0.10    0.00    4.13 ^ fanout18/A (sky130_fd_sc_hd__clkbuf_4)
                  0.10    0.17    4.30 ^ fanout18/X (sky130_fd_sc_hd__clkbuf_4)
     9    0.04                           net18 (net)
                  0.10    0.00    4.30 ^ _271_/RESET_B (sky130_fd_sc_hd__dfrtp_1)
                                  4.30   data arrival time

                         20.00   20.00   clock clk (rise edge)
                          0.00   20.00   clock source latency
                  0.05    0.03   20.03 ^ clk (in)
     1    0.01                           clk (net)
                  0.05    0.00   20.03 ^ clkbuf_0_clk/A (sky130_fd_sc_hd__clkbuf_16)
                  0.05    0.10   20.13 ^ clkbuf_0_clk/X (sky130_fd_sc_hd__clkbuf_16)
     4    0.05                           clknet_0_clk (net)
                  0.05    0.00   20.13 ^ clkbuf_2_3__f_clk/A (sky130_fd_sc_hd__clkbuf_16)
                  0.04    0.10   20.23 ^ clkbuf_2_3__f_clk/X (sky130_fd_sc_hd__clkbuf_16)
     9    0.03                           clknet_2_3__leaf_clk (net)
                  0.04    0.00   20.23 ^ _271_/CLK (sky130_fd_sc_hd__dfrtp_1)
                         -0.25   19.98   clock uncertainty
                          0.00   19.98   clock reconvergence pessimism
                          0.13   20.12   library recovery time
                                 20.12   data required time
-----------------------------------------------------------------------------
                                 20.12   data required time
                                 -4.30   data arrival time
-----------------------------------------------------------------------------
                                 15.82   slack (MET)


Startpoint: rst_n (input port clocked by clk)
Endpoint: _278_ (recovery check against rising-edge clock clk)
Path Group: asynchronous
Path Type: max
Corner: Fastest

Fanout     Cap    Slew   Delay    Time   Description
-----------------------------------------------------------------------------
                          0.00    0.00   clock clk (rise edge)
                          0.00    0.00   clock network delay (propagated)
                          4.00    4.00 ^ input external delay
                  0.01    0.01    4.01 ^ rst_n (in)
     1    0.00                           rst_n (net)
                  0.01    0.00    4.01 ^ input1/A (sky130_fd_sc_hd__clkbuf_2)
                  0.10    0.12    4.13 ^ input1/X (sky130_fd_sc_hd__clkbuf_2)
     4    0.02                           net1 (net)
                  0.10    0.00    4.13 ^ fanout16/A (sky130_fd_sc_hd__clkbuf_4)
                  0.10    0.17    4.29 ^ fanout16/X (sky130_fd_sc_hd__clkbuf_4)
     8    0.04                           net16 (net)
                  0.10    0.00    4.29 ^ _278_/RESET_B (sky130_fd_sc_hd__dfrtp_1)
                                  4.29   data arrival time

                         20.00   20.00   clock clk (rise edge)
                          0.00   20.00   clock source latency
                  0.05    0.03   20.03 ^ clk (in)
     1    0.01                           clk (net)
                  0.05    0.00   20.03 ^ clkbuf_0_clk/A (sky130_fd_sc_hd__clkbuf_16)
                  0.05    0.10   20.13 ^ clkbuf_0_clk/X (sky130_fd_sc_hd__clkbuf_16)
     4    0.05                           clknet_0_clk (net)
                  0.05    0.00   20.13 ^ clkbuf_2_3__f_clk/A (sky130_fd_sc_hd__clkbuf_16)
                  0.04    0.10   20.23 ^ clkbuf_2_3__f_clk/X (sky130_fd_sc_hd__clkbuf_16)
     9    0.03                           clknet_2_3__leaf_clk (net)
                  0.04    0.00   20.23 ^ _278_/CLK (sky130_fd_sc_hd__dfrtp_1)
                         -0.25   19.98   clock uncertainty
                          0.00   19.98   clock reconvergence pessimism
                          0.14   20.12   library recovery time
                                 20.12   data required time
-----------------------------------------------------------------------------
                                 20.12   data required time
                                 -4.29   data arrival time
-----------------------------------------------------------------------------
                                 15.82   slack (MET)


Startpoint: _263_ (rising edge-triggered flip-flop clocked by clk)
Endpoint: _266_ (rising edge-triggered flip-flop clocked by clk)
Path Group: clk
Path Type: max
Corner: Fastest

Fanout     Cap    Slew   Delay    Time   Description
-----------------------------------------------------------------------------
                          0.00    0.00   clock clk (rise edge)
                          0.00    0.00   clock source latency
                  0.05    0.03    0.03 ^ clk (in)
     1    0.01                           clk (net)
                  0.05    0.00    0.03 ^ clkbuf_0_clk/A (sky130_fd_sc_hd__clkbuf_16)
                  0.05    0.11    0.15 ^ clkbuf_0_clk/X (sky130_fd_sc_hd__clkbuf_16)
     4    0.05                           clknet_0_clk (net)
                  0.05    0.00    0.15 ^ clkbuf_2_3__f_clk/A (sky130_fd_sc_hd__clkbuf_16)
                  0.04    0.11    0.25 ^ clkbuf_2_3__f_clk/X (sky130_fd_sc_hd__clkbuf_16)
     9    0.03                           clknet_2_3__leaf_clk (net)
                  0.04    0.00    0.26 ^ _263_/CLK (sky130_fd_sc_hd__dfrtp_1)
                  0.06    0.28    0.54 v _263_/Q (sky130_fd_sc_hd__dfrtp_1)
     4    0.01                           baud_counter[1] (net)
                  0.06    0.00    0.54 v _137_/A (sky130_fd_sc_hd__or4b_1)
                  0.06    0.29    0.83 v _137_/X (sky130_fd_sc_hd__or4b_1)
     1    0.00                           _126_ (net)
                  0.06    0.00    0.83 v _138_/D (sky130_fd_sc_hd__or4_1)
                  0.09    0.26    1.09 v _138_/X (sky130_fd_sc_hd__or4_1)
     3    0.01                           _127_ (net)
                  0.09    0.00    1.10 v _155_/B_N (sky130_fd_sc_hd__nor2b_1)
                  0.06    0.14    1.23 v _155_/Y (sky130_fd_sc_hd__nor2b_1)
     4    0.01                           _045_ (net)
                  0.06    0.00    1.23 v _157_/A2 (sky130_fd_sc_hd__a32o_1)
                  0.04    0.14    1.38 v _157_/X (sky130_fd_sc_hd__a32o_1)
     1    0.00                           _005_ (net)
                  0.04    0.00    1.38 v _266_/D (sky130_fd_sc_hd__dfrtp_1)
                                  1.38   data arrival time

                         20.00   20.00   clock clk (rise edge)
                          0.00   20.00   clock source latency
                  0.05    0.03   20.03 ^ clk (in)
     1    0.01                           clk (net)
                  0.05    0.00   20.03 ^ clkbuf_0_clk/A (sky130_fd_sc_hd__clkbuf_16)
                  0.05    0.10   20.13 ^ clkbuf_0_clk/X (sky130_fd_sc_hd__clkbuf_16)
     4    0.05                           clknet_0_clk (net)
                  0.05    0.00   20.13 ^ clkbuf_2_1__f_clk/A (sky130_fd_sc_hd__clkbuf_16)
                  0.04    0.10   20.23 ^ clkbuf_2_1__f_clk/X (sky130_fd_sc_hd__clkbuf_16)
    11    0.03                           clknet_2_1__leaf_clk (net)
                  0.04    0.00   20.23 ^ _266_/CLK (sky130_fd_sc_hd__dfrtp_1)
                         -0.25   19.98   clock uncertainty
                          0.01   20.00   clock reconvergence pessimism
                         -0.06   19.93   library setup time
                                 19.93   data required time
-----------------------------------------------------------------------------
                                 19.93   data required time
                                 -1.38   data arrival time
-----------------------------------------------------------------------------
                                 18.56   slack (MET)


Startpoint: _263_ (rising edge-triggered flip-flop clocked by clk)
Endpoint: _270_ (rising edge-triggered flip-flop clocked by clk)
Path Group: clk
Path Type: max
Corner: Fastest

Fanout     Cap    Slew   Delay    Time   Description
-----------------------------------------------------------------------------
                          0.00    0.00   clock clk (rise edge)
                          0.00    0.00   clock source latency
                  0.05    0.03    0.03 ^ clk (in)
     1    0.01                           clk (net)
                  0.05    0.00    0.03 ^ clkbuf_0_clk/A (sky130_fd_sc_hd__clkbuf_16)
                  0.05    0.11    0.15 ^ clkbuf_0_clk/X (sky130_fd_sc_hd__clkbuf_16)
     4    0.05                           clknet_0_clk (net)
                  0.05    0.00    0.15 ^ clkbuf_2_3__f_clk/A (sky130_fd_sc_hd__clkbuf_16)
                  0.04    0.11    0.25 ^ clkbuf_2_3__f_clk/X (sky130_fd_sc_hd__clkbuf_16)
     9    0.03                           clknet_2_3__leaf_clk (net)
                  0.04    0.00    0.26 ^ _263_/CLK (sky130_fd_sc_hd__dfrtp_1)
                  0.06    0.28    0.54 v _263_/Q (sky130_fd_sc_hd__dfrtp_1)
     4    0.01                           baud_counter[1] (net)
                  0.06    0.00    0.54 v _137_/A (sky130_fd_sc_hd__or4b_1)
                  0.06    0.29    0.83 v _137_/X (sky130_fd_sc_hd__or4b_1)
     1    0.00                           _126_ (net)
                  0.06    0.00    0.83 v _138_/D (sky130_fd_sc_hd__or4_1)
                  0.09    0.26    1.09 v _138_/X (sky130_fd_sc_hd__or4_1)
     3    0.01                           _127_ (net)
                  0.09    0.00    1.10 v _155_/B_N (sky130_fd_sc_hd__nor2b_1)
                  0.06    0.14    1.23 v _155_/Y (sky130_fd_sc_hd__nor2b_1)
     4    0.01                           _045_ (net)
                  0.06    0.00    1.23 v _169_/A1 (sky130_fd_sc_hd__a32o_1)
                  0.04    0.12    1.36 v _169_/X (sky130_fd_sc_hd__a32o_1)
     1    0.00                           _009_ (net)
                  0.04    0.00    1.36 v _270_/D (sky130_fd_sc_hd__dfrtp_1)
                                  1.36   data arrival time

                         20.00   20.00   clock clk (rise edge)
                          0.00   20.00   clock source latency
                  0.05    0.03   20.03 ^ clk (in)
     1    0.01                           clk (net)
                  0.05    0.00   20.03 ^ clkbuf_0_clk/A (sky130_fd_sc_hd__clkbuf_16)
                  0.05    0.10   20.13 ^ clkbuf_0_clk/X (sky130_fd_sc_hd__clkbuf_16)
     4    0.05                           clknet_0_clk (net)
                  0.05    0.00   20.13 ^ clkbuf_2_1__f_clk/A (sky130_fd_sc_hd__clkbuf_16)
                  0.04    0.10   20.23 ^ clkbuf_2_1__f_clk/X (sky130_fd_sc_hd__clkbuf_16)
    11    0.03                           clknet_2_1__leaf_clk (net)
                  0.04    0.00   20.23 ^ _270_/CLK (sky130_fd_sc_hd__dfrtp_1)
                         -0.25   19.98   clock uncertainty
                          0.01   20.00   clock reconvergence pessimism
                         -0.06   19.93   library setup time
                                 19.93   data required time
-----------------------------------------------------------------------------
                                 19.93   data required time
                                 -1.36   data arrival time
-----------------------------------------------------------------------------
                                 18.58   slack (MET)


Startpoint: _263_ (rising edge-triggered flip-flop clocked by clk)
Endpoint: _267_ (rising edge-triggered flip-flop clocked by clk)
Path Group: clk
Path Type: max
Corner: Fastest

Fanout     Cap    Slew   Delay    Time   Description
-----------------------------------------------------------------------------
                          0.00    0.00   clock clk (rise edge)
                          0.00    0.00   clock source latency
                  0.05    0.03    0.03 ^ clk (in)
     1    0.01                           clk (net)
                  0.05    0.00    0.03 ^ clkbuf_0_clk/A (sky130_fd_sc_hd__clkbuf_16)
                  0.05    0.11    0.15 ^ clkbuf_0_clk/X (sky130_fd_sc_hd__clkbuf_16)
     4    0.05                           clknet_0_clk (net)
                  0.05    0.00    0.15 ^ clkbuf_2_3__f_clk/A (sky130_fd_sc_hd__clkbuf_16)
                  0.04    0.11    0.25 ^ clkbuf_2_3__f_clk/X (sky130_fd_sc_hd__clkbuf_16)
     9    0.03                           clknet_2_3__leaf_clk (net)
                  0.04    0.00    0.26 ^ _263_/CLK (sky130_fd_sc_hd__dfrtp_1)
                  0.06    0.28    0.54 v _263_/Q (sky130_fd_sc_hd__dfrtp_1)
     4    0.01                           baud_counter[1] (net)
                  0.06    0.00    0.54 v _137_/A (sky130_fd_sc_hd__or4b_1)
                  0.06    0.29    0.83 v _137_/X (sky130_fd_sc_hd__or4b_1)
     1    0.00                           _126_ (net)
                  0.06    0.00    0.83 v _138_/D (sky130_fd_sc_hd__or4_1)
                  0.09    0.26    1.09 v _138_/X (sky130_fd_sc_hd__or4_1)
     3    0.01                           _127_ (net)
                  0.09    0.00    1.10 v _155_/B_N (sky130_fd_sc_hd__nor2b_1)
                  0.06    0.14    1.23 v _155_/Y (sky130_fd_sc_hd__nor2b_1)
     4    0.01                           _045_ (net)
                  0.06    0.00    1.23 v _160_/A1 (sky130_fd_sc_hd__a32o_1)
                  0.03    0.12    1.35 v _160_/X (sky130_fd_sc_hd__a32o_1)
     1    0.00                           _006_ (net)
                  0.03    0.00    1.35 v _267_/D (sky130_fd_sc_hd__dfrtp_1)
                                  1.35   data arrival time

                         20.00   20.00   clock clk (rise edge)
                          0.00   20.00   clock source latency
                  0.05    0.03   20.03 ^ clk (in)
     1    0.01                           clk (net)
                  0.05    0.00   20.03 ^ clkbuf_0_clk/A (sky130_fd_sc_hd__clkbuf_16)
                  0.05    0.10   20.13 ^ clkbuf_0_clk/X (sky130_fd_sc_hd__clkbuf_16)
     4    0.05                           clknet_0_clk (net)
                  0.05    0.00   20.13 ^ clkbuf_2_1__f_clk/A (sky130_fd_sc_hd__clkbuf_16)
                  0.04    0.10   20.23 ^ clkbuf_2_1__f_clk/X (sky130_fd_sc_hd__clkbuf_16)
    11    0.03                           clknet_2_1__leaf_clk (net)
                  0.04    0.00   20.23 ^ _267_/CLK (sky130_fd_sc_hd__dfrtp_1)
                         -0.25   19.98   clock uncertainty
                          0.01   20.00   clock reconvergence pessimism
                         -0.06   19.93   library setup time
                                 19.93   data required time
-----------------------------------------------------------------------------
                                 19.93   data required time
                                 -1.35   data arrival time
-----------------------------------------------------------------------------
                                 18.58   slack (MET)


Startpoint: _263_ (rising edge-triggered flip-flop clocked by clk)
Endpoint: _269_ (rising edge-triggered flip-flop clocked by clk)
Path Group: clk
Path Type: max
Corner: Fastest

Fanout     Cap    Slew   Delay    Time   Description
-----------------------------------------------------------------------------
                          0.00    0.00   clock clk (rise edge)
                          0.00    0.00   clock source latency
                  0.05    0.03    0.03 ^ clk (in)
     1    0.01                           clk (net)
                  0.05    0.00    0.03 ^ clkbuf_0_clk/A (sky130_fd_sc_hd__clkbuf_16)
                  0.05    0.11    0.15 ^ clkbuf_0_clk/X (sky130_fd_sc_hd__clkbuf_16)
     4    0.05                           clknet_0_clk (net)
                  0.05    0.00    0.15 ^ clkbuf_2_3__f_clk/A (sky130_fd_sc_hd__clkbuf_16)
                  0.04    0.11    0.25 ^ clkbuf_2_3__f_clk/X (sky130_fd_sc_hd__clkbuf_16)
     9    0.03                           clknet_2_3__leaf_clk (net)
                  0.04    0.00    0.26 ^ _263_/CLK (sky130_fd_sc_hd__dfrtp_1)
                  0.06    0.28    0.54 v _263_/Q (sky130_fd_sc_hd__dfrtp_1)
     4    0.01                           baud_counter[1] (net)
                  0.06    0.00    0.54 v _137_/A (sky130_fd_sc_hd__or4b_1)
                  0.06    0.29    0.83 v _137_/X (sky130_fd_sc_hd__or4b_1)
     1    0.00                           _126_ (net)
                  0.06    0.00    0.83 v _138_/D (sky130_fd_sc_hd__or4_1)
                  0.09    0.26    1.09 v _138_/X (sky130_fd_sc_hd__or4_1)
     3    0.01                           _127_ (net)
                  0.09    0.00    1.10 v _155_/B_N (sky130_fd_sc_hd__nor2b_1)
                  0.06    0.14    1.23 v _155_/Y (sky130_fd_sc_hd__nor2b_1)
     4    0.01                           _045_ (net)
                  0.06    0.00    1.23 v _165_/B1 (sky130_fd_sc_hd__a22o_1)
                  0.03    0.09    1.33 v _165_/X (sky130_fd_sc_hd__a22o_1)
     1    0.00                           _008_ (net)
                  0.03    0.00    1.33 v _269_/D (sky130_fd_sc_hd__dfrtp_2)
                                  1.33   data arrival time

                         20.00   20.00   clock clk (rise edge)
                          0.00   20.00   clock source latency
                  0.05    0.03   20.03 ^ clk (in)
     1    0.01                           clk (net)
                  0.05    0.00   20.03 ^ clkbuf_0_clk/A (sky130_fd_sc_hd__clkbuf_16)
                  0.05    0.10   20.13 ^ clkbuf_0_clk/X (sky130_fd_sc_hd__clkbuf_16)
     4    0.05                           clknet_0_clk (net)
                  0.05    0.00   20.13 ^ clkbuf_2_1__f_clk/A (sky130_fd_sc_hd__clkbuf_16)
                  0.04    0.10   20.23 ^ clkbuf_2_1__f_clk/X (sky130_fd_sc_hd__clkbuf_16)
    11    0.03                           clknet_2_1__leaf_clk (net)
                  0.04    0.00   20.23 ^ _269_/CLK (sky130_fd_sc_hd__dfrtp_2)
                         -0.25   19.98   clock uncertainty
                          0.01   20.00   clock reconvergence pessimism
                         -0.06   19.94   library setup time
                                 19.94   data required time
-----------------------------------------------------------------------------
                                 19.94   data required time
                                 -1.33   data arrival time
-----------------------------------------------------------------------------
                                 18.61   slack (MET)


Startpoint: _297_ (rising edge-triggered flip-flop clocked by clk)
Endpoint: _276_ (rising edge-triggered flip-flop clocked by clk)
Path Group: clk
Path Type: max
Corner: Fastest

Fanout     Cap    Slew   Delay    Time   Description
-----------------------------------------------------------------------------
                          0.00    0.00   clock clk (rise edge)
                          0.00    0.00   clock source latency
                  0.05    0.03    0.03 ^ clk (in)
     1    0.01                           clk (net)
                  0.05    0.00    0.03 ^ clkbuf_0_clk/A (sky130_fd_sc_hd__clkbuf_16)
                  0.05    0.11    0.15 ^ clkbuf_0_clk/X (sky130_fd_sc_hd__clkbuf_16)
     4    0.05                           clknet_0_clk (net)
                  0.05    0.00    0.15 ^ clkbuf_2_1__f_clk/A (sky130_fd_sc_hd__clkbuf_16)
                  0.04    0.11    0.26 ^ clkbuf_2_1__f_clk/X (sky130_fd_sc_hd__clkbuf_16)
    11    0.03                           clknet_2_1__leaf_clk (net)
                  0.04    0.00    0.26 ^ _297_/CLK (sky130_fd_sc_hd__dfrtp_4)
                  0.07    0.35    0.61 v _297_/Q (sky130_fd_sc_hd__dfrtp_4)
     8    0.03                           state[1] (net)
                  0.07    0.00    0.61 v _181_/A (sky130_fd_sc_hd__or4b_2)
                  0.11    0.43    1.04 v _181_/X (sky130_fd_sc_hd__or4b_2)
     3    0.02                           _063_ (net)
                  0.11    0.00    1.04 v _190_/B (sky130_fd_sc_hd__nor2_2)
                  0.18    0.17    1.21 ^ _190_/Y (sky130_fd_sc_hd__nor2_2)
     6    0.02                           _070_ (net)
                  0.18    0.00    1.21 ^ _193_/A2 (sky130_fd_sc_hd__a32o_1)
                  0.04    0.12    1.33 ^ _193_/X (sky130_fd_sc_hd__a32o_1)
     1    0.00                           _015_ (net)
                  0.04    0.00    1.33 ^ _276_/D (sky130_fd_sc_hd__dfrtp_2)
                                  1.33   data arrival time

                         20.00   20.00   clock clk (rise edge)
                          0.00   20.00   clock source latency
                  0.05    0.03   20.03 ^ clk (in)
     1    0.01                           clk (net)
                  0.05    0.00   20.03 ^ clkbuf_0_clk/A (sky130_fd_sc_hd__clkbuf_16)
                  0.05    0.10   20.13 ^ clkbuf_0_clk/X (sky130_fd_sc_hd__clkbuf_16)
     4    0.05                           clknet_0_clk (net)
                  0.05    0.00   20.13 ^ clkbuf_2_2__f_clk/A (sky130_fd_sc_hd__clkbuf_16)
                  0.04    0.09   20.23 ^ clkbuf_2_2__f_clk/X (sky130_fd_sc_hd__clkbuf_16)
     8    0.02                           clknet_2_2__leaf_clk (net)
                  0.04    0.00   20.23 ^ _276_/CLK (sky130_fd_sc_hd__dfrtp_2)
                         -0.25   19.98   clock uncertainty
                          0.01   19.99   clock reconvergence pessimism
                         -0.04   19.95   library setup time
                                 19.95   data required time
-----------------------------------------------------------------------------
                                 19.95   data required time
                                 -1.33   data arrival time
-----------------------------------------------------------------------------
                                 18.62   slack (MET)


Startpoint: _297_ (rising edge-triggered flip-flop clocked by clk)
Endpoint: _281_ (rising edge-triggered flip-flop clocked by clk)
Path Group: clk
Path Type: max
Corner: Fastest

Fanout     Cap    Slew   Delay    Time   Description
-----------------------------------------------------------------------------
                          0.00    0.00   clock clk (rise edge)
                          0.00    0.00   clock source latency
                  0.05    0.03    0.03 ^ clk (in)
     1    0.01                           clk (net)
                  0.05    0.00    0.03 ^ clkbuf_0_clk/A (sky130_fd_sc_hd__clkbuf_16)
                  0.05    0.11    0.15 ^ clkbuf_0_clk/X (sky130_fd_sc_hd__clkbuf_16)
     4    0.05                           clknet_0_clk (net)
                  0.05    0.00    0.15 ^ clkbuf_2_1__f_clk/A (sky130_fd_sc_hd__clkbuf_16)
                  0.04    0.11    0.26 ^ clkbuf_2_1__f_clk/X (sky130_fd_sc_hd__clkbuf_16)
    11    0.03                           clknet_2_1__leaf_clk (net)
                  0.04    0.00    0.26 ^ _297_/CLK (sky130_fd_sc_hd__dfrtp_4)
                  0.07    0.35    0.61 v _297_/Q (sky130_fd_sc_hd__dfrtp_4)
     8    0.03                           state[1] (net)
                  0.07    0.00    0.61 v _181_/A (sky130_fd_sc_hd__or4b_2)
                  0.11    0.43    1.04 v _181_/X (sky130_fd_sc_hd__or4b_2)
     3    0.02                           _063_ (net)
                  0.11    0.00    1.04 v _190_/B (sky130_fd_sc_hd__nor2_2)
                  0.18    0.17    1.21 ^ _190_/Y (sky130_fd_sc_hd__nor2_2)
     6    0.02                           _070_ (net)
                  0.18    0.00    1.21 ^ _210_/A1 (sky130_fd_sc_hd__a32o_1)
                  0.04    0.12    1.33 ^ _210_/X (sky130_fd_sc_hd__a32o_1)
     1    0.00                           _020_ (net)
                  0.04    0.00    1.33 ^ _281_/D (sky130_fd_sc_hd__dfrtp_1)
                                  1.33   data arrival time

                         20.00   20.00   clock clk (rise edge)
                          0.00   20.00   clock source latency
                  0.05    0.03   20.03 ^ clk (in)
     1    0.01                           clk (net)
                  0.05    0.00   20.03 ^ clkbuf_0_clk/A (sky130_fd_sc_hd__clkbuf_16)
                  0.05    0.10   20.13 ^ clkbuf_0_clk/X (sky130_fd_sc_hd__clkbuf_16)
     4    0.05                           clknet_0_clk (net)
                  0.05    0.00   20.13 ^ clkbuf_2_3__f_clk/A (sky130_fd_sc_hd__clkbuf_16)
                  0.04    0.10   20.23 ^ clkbuf_2_3__f_clk/X (sky130_fd_sc_hd__clkbuf_16)
     9    0.03                           clknet_2_3__leaf_clk (net)
                  0.04    0.00   20.23 ^ _281_/CLK (sky130_fd_sc_hd__dfrtp_1)
                         -0.25   19.98   clock uncertainty
                          0.01   20.00   clock reconvergence pessimism
                         -0.04   19.96   library setup time
                                 19.96   data required time
-----------------------------------------------------------------------------
                                 19.96   data required time
                                 -1.33   data arrival time
-----------------------------------------------------------------------------
                                 18.62   slack (MET)


Startpoint: _297_ (rising edge-triggered flip-flop clocked by clk)
Endpoint: _277_ (rising edge-triggered flip-flop clocked by clk)
Path Group: clk
Path Type: max
Corner: Fastest

Fanout     Cap    Slew   Delay    Time   Description
-----------------------------------------------------------------------------
                          0.00    0.00   clock clk (rise edge)
                          0.00    0.00   clock source latency
                  0.05    0.03    0.03 ^ clk (in)
     1    0.01                           clk (net)
                  0.05    0.00    0.03 ^ clkbuf_0_clk/A (sky130_fd_sc_hd__clkbuf_16)
                  0.05    0.11    0.15 ^ clkbuf_0_clk/X (sky130_fd_sc_hd__clkbuf_16)
     4    0.05                           clknet_0_clk (net)
                  0.05    0.00    0.15 ^ clkbuf_2_1__f_clk/A (sky130_fd_sc_hd__clkbuf_16)
                  0.04    0.11    0.26 ^ clkbuf_2_1__f_clk/X (sky130_fd_sc_hd__clkbuf_16)
    11    0.03                           clknet_2_1__leaf_clk (net)
                  0.04    0.00    0.26 ^ _297_/CLK (sky130_fd_sc_hd__dfrtp_4)
                  0.07    0.35    0.61 v _297_/Q (sky130_fd_sc_hd__dfrtp_4)
     8    0.03                           state[1] (net)
                  0.07    0.00    0.61 v _181_/A (sky130_fd_sc_hd__or4b_2)
                  0.11    0.43    1.04 v _181_/X (sky130_fd_sc_hd__or4b_2)
     3    0.02                           _063_ (net)
                  0.11    0.00    1.04 v _190_/B (sky130_fd_sc_hd__nor2_2)
                  0.18    0.17    1.21 ^ _190_/Y (sky130_fd_sc_hd__nor2_2)
     6    0.02                           _070_ (net)
                  0.18    0.00    1.21 ^ _197_/A1 (sky130_fd_sc_hd__a32o_1)
                  0.04    0.12    1.33 ^ _197_/X (sky130_fd_sc_hd__a32o_1)
     1    0.00                           _016_ (net)
                  0.04    0.00    1.33 ^ _277_/D (sky130_fd_sc_hd__dfrtp_1)
                                  1.33   data arrival time

                         20.00   20.00   clock clk (rise edge)
                          0.00   20.00   clock source latency
                  0.05    0.03   20.03 ^ clk (in)
     1    0.01                           clk (net)
                  0.05    0.00   20.03 ^ clkbuf_0_clk/A (sky130_fd_sc_hd__clkbuf_16)
                  0.05    0.10   20.13 ^ clkbuf_0_clk/X (sky130_fd_sc_hd__clkbuf_16)
     4    0.05                           clknet_0_clk (net)
                  0.05    0.00   20.13 ^ clkbuf_2_2__f_clk/A (sky130_fd_sc_hd__clkbuf_16)
                  0.04    0.09   20.23 ^ clkbuf_2_2__f_clk/X (sky130_fd_sc_hd__clkbuf_16)
     8    0.02                           clknet_2_2__leaf_clk (net)
                  0.04    0.00   20.23 ^ _277_/CLK (sky130_fd_sc_hd__dfrtp_1)
                         -0.25   19.98   clock uncertainty
                          0.01   19.99   clock reconvergence pessimism
                         -0.04   19.95   library setup time
                                 19.95   data required time
-----------------------------------------------------------------------------
                                 19.95   data required time
                                 -1.33   data arrival time
-----------------------------------------------------------------------------
                                 18.63   slack (MET)


Startpoint: _264_ (rising edge-triggered flip-flop clocked by clk)
Endpoint: _271_ (rising edge-triggered flip-flop clocked by clk)
Path Group: clk
Path Type: max
Corner: Fastest

Fanout     Cap    Slew   Delay    Time   Description
-----------------------------------------------------------------------------
                          0.00    0.00   clock clk (rise edge)
                          0.00    0.00   clock source latency
                  0.05    0.03    0.03 ^ clk (in)
     1    0.01                           clk (net)
                  0.05    0.00    0.03 ^ clkbuf_0_clk/A (sky130_fd_sc_hd__clkbuf_16)
                  0.05    0.11    0.15 ^ clkbuf_0_clk/X (sky130_fd_sc_hd__clkbuf_16)
     4    0.05                           clknet_0_clk (net)
                  0.05    0.00    0.15 ^ clkbuf_2_3__f_clk/A (sky130_fd_sc_hd__clkbuf_16)
                  0.04    0.11    0.25 ^ clkbuf_2_3__f_clk/X (sky130_fd_sc_hd__clkbuf_16)
     9    0.03                           clknet_2_3__leaf_clk (net)
                  0.04    0.00    0.26 ^ _264_/CLK (sky130_fd_sc_hd__dfrtp_1)
                  0.11    0.29    0.54 ^ _264_/Q (sky130_fd_sc_hd__dfrtp_1)
     5    0.02                           baud_counter[2] (net)
                  0.11    0.00    0.54 ^ _153_/D (sky130_fd_sc_hd__and4_1)
                  0.14    0.22    0.76 ^ _153_/X (sky130_fd_sc_hd__and4_1)
     6    0.02                           _043_ (net)
                  0.14    0.00    0.77 ^ _168_/C_N (sky130_fd_sc_hd__or4bb_1)
                  0.08    0.31    1.08 v _168_/X (sky130_fd_sc_hd__or4bb_1)
     2    0.01                           _054_ (net)
                  0.08    0.00    1.08 v _170_/B (sky130_fd_sc_hd__or2_1)
                  0.04    0.15    1.22 v _170_/X (sky130_fd_sc_hd__or2_1)
     1    0.01                           _055_ (net)
                  0.04    0.00    1.22 v _171_/B (sky130_fd_sc_hd__xnor2_1)
                  0.04    0.09    1.31 v _171_/Y (sky130_fd_sc_hd__xnor2_1)
     1    0.00                           _010_ (net)
                  0.04    0.00    1.31 v _271_/D (sky130_fd_sc_hd__dfrtp_1)
                                  1.31   data arrival time

                         20.00   20.00   clock clk (rise edge)
                          0.00   20.00   clock source latency
                  0.05    0.03   20.03 ^ clk (in)
     1    0.01                           clk (net)
                  0.05    0.00   20.03 ^ clkbuf_0_clk/A (sky130_fd_sc_hd__clkbuf_16)
                  0.05    0.10   20.13 ^ clkbuf_0_clk/X (sky130_fd_sc_hd__clkbuf_16)
     4    0.05                           clknet_0_clk (net)
                  0.05    0.00   20.13 ^ clkbuf_2_3__f_clk/A (sky130_fd_sc_hd__clkbuf_16)
                  0.04    0.10   20.23 ^ clkbuf_2_3__f_clk/X (sky130_fd_sc_hd__clkbuf_16)
     9    0.03                           clknet_2_3__leaf_clk (net)
                  0.04    0.00   20.23 ^ _271_/CLK (sky130_fd_sc_hd__dfrtp_1)
                         -0.25   19.98   clock uncertainty
                          0.02   20.01   clock reconvergence pessimism
                         -0.07   19.94   library setup time
                                 19.94   data required time
-----------------------------------------------------------------------------
                                 19.94   data required time
                                 -1.31   data arrival time
-----------------------------------------------------------------------------
                                 18.63   slack (MET)


Startpoint: _297_ (rising edge-triggered flip-flop clocked by clk)
Endpoint: _278_ (rising edge-triggered flip-flop clocked by clk)
Path Group: clk
Path Type: max
Corner: Fastest

Fanout     Cap    Slew   Delay    Time   Description
-----------------------------------------------------------------------------
                          0.00    0.00   clock clk (rise edge)
                          0.00    0.00   clock source latency
                  0.05    0.03    0.03 ^ clk (in)
     1    0.01                           clk (net)
                  0.05    0.00    0.03 ^ clkbuf_0_clk/A (sky130_fd_sc_hd__clkbuf_16)
                  0.05    0.11    0.15 ^ clkbuf_0_clk/X (sky130_fd_sc_hd__clkbuf_16)
     4    0.05                           clknet_0_clk (net)
                  0.05    0.00    0.15 ^ clkbuf_2_1__f_clk/A (sky130_fd_sc_hd__clkbuf_16)
                  0.04    0.11    0.26 ^ clkbuf_2_1__f_clk/X (sky130_fd_sc_hd__clkbuf_16)
    11    0.03                           clknet_2_1__leaf_clk (net)
                  0.04    0.00    0.26 ^ _297_/CLK (sky130_fd_sc_hd__dfrtp_4)
                  0.07    0.35    0.61 v _297_/Q (sky130_fd_sc_hd__dfrtp_4)
     8    0.03                           state[1] (net)
                  0.07    0.00    0.61 v _181_/A (sky130_fd_sc_hd__or4b_2)
                  0.11    0.43    1.04 v _181_/X (sky130_fd_sc_hd__or4b_2)
     3    0.02                           _063_ (net)
                  0.11    0.00    1.04 v _190_/B (sky130_fd_sc_hd__nor2_2)
                  0.18    0.17    1.21 ^ _190_/Y (sky130_fd_sc_hd__nor2_2)
     6    0.02                           _070_ (net)
                  0.18    0.00    1.21 ^ _200_/A1 (sky130_fd_sc_hd__a32o_1)
                  0.04    0.12    1.33 ^ _200_/X (sky130_fd_sc_hd__a32o_1)
     1    0.00                           _017_ (net)
                  0.04    0.00    1.33 ^ _278_/D (sky130_fd_sc_hd__dfrtp_1)
                                  1.33   data arrival time

                         20.00   20.00   clock clk (rise edge)
                          0.00   20.00   clock source latency
                  0.05    0.03   20.03 ^ clk (in)
     1    0.01                           clk (net)
                  0.05    0.00   20.03 ^ clkbuf_0_clk/A (sky130_fd_sc_hd__clkbuf_16)
                  0.05    0.10   20.13 ^ clkbuf_0_clk/X (sky130_fd_sc_hd__clkbuf_16)
     4    0.05                           clknet_0_clk (net)
                  0.05    0.00   20.13 ^ clkbuf_2_3__f_clk/A (sky130_fd_sc_hd__clkbuf_16)
                  0.04    0.10   20.23 ^ clkbuf_2_3__f_clk/X (sky130_fd_sc_hd__clkbuf_16)
     9    0.03                           clknet_2_3__leaf_clk (net)
                  0.04    0.00   20.23 ^ _278_/CLK (sky130_fd_sc_hd__dfrtp_1)
                         -0.25   19.98   clock uncertainty
                          0.01   19.99   clock reconvergence pessimism
                         -0.04   19.96   library setup time
                                 19.96   data required time
-----------------------------------------------------------------------------
                                 19.96   data required time
                                 -1.33   data arrival time
-----------------------------------------------------------------------------
                                 18.63   slack (MET)


Startpoint: _297_ (rising edge-triggered flip-flop clocked by clk)
Endpoint: _280_ (rising edge-triggered flip-flop clocked by clk)
Path Group: clk
Path Type: max
Corner: Fastest

Fanout     Cap    Slew   Delay    Time   Description
-----------------------------------------------------------------------------
                          0.00    0.00   clock clk (rise edge)
                          0.00    0.00   clock source latency
                  0.05    0.03    0.03 ^ clk (in)
     1    0.01                           clk (net)
                  0.05    0.00    0.03 ^ clkbuf_0_clk/A (sky130_fd_sc_hd__clkbuf_16)
                  0.05    0.11    0.15 ^ clkbuf_0_clk/X (sky130_fd_sc_hd__clkbuf_16)
     4    0.05                           clknet_0_clk (net)
                  0.05    0.00    0.15 ^ clkbuf_2_1__f_clk/A (sky130_fd_sc_hd__clkbuf_16)
                  0.04    0.11    0.26 ^ clkbuf_2_1__f_clk/X (sky130_fd_sc_hd__clkbuf_16)
    11    0.03                           clknet_2_1__leaf_clk (net)
                  0.04    0.00    0.26 ^ _297_/CLK (sky130_fd_sc_hd__dfrtp_4)
                  0.07    0.35    0.61 v _297_/Q (sky130_fd_sc_hd__dfrtp_4)
     8    0.03                           state[1] (net)
                  0.07    0.00    0.61 v _181_/A (sky130_fd_sc_hd__or4b_2)
                  0.11    0.43    1.04 v _181_/X (sky130_fd_sc_hd__or4b_2)
     3    0.02                           _063_ (net)
                  0.11    0.00    1.04 v _190_/B (sky130_fd_sc_hd__nor2_2)
                  0.18    0.17    1.21 ^ _190_/Y (sky130_fd_sc_hd__nor2_2)
     6    0.02                           _070_ (net)
                  0.18    0.00    1.21 ^ _207_/A1 (sky130_fd_sc_hd__a32o_1)
                  0.04    0.12    1.33 ^ _207_/X (sky130_fd_sc_hd__a32o_1)
     1    0.00                           _019_ (net)
                  0.04    0.00    1.33 ^ _280_/D (sky130_fd_sc_hd__dfrtp_1)
                                  1.33   data arrival time

                         20.00   20.00   clock clk (rise edge)
                          0.00   20.00   clock source latency
                  0.05    0.03   20.03 ^ clk (in)
     1    0.01                           clk (net)
                  0.05    0.00   20.03 ^ clkbuf_0_clk/A (sky130_fd_sc_hd__clkbuf_16)
                  0.05    0.10   20.13 ^ clkbuf_0_clk/X (sky130_fd_sc_hd__clkbuf_16)
     4    0.05                           clknet_0_clk (net)
                  0.05    0.00   20.13 ^ clkbuf_2_3__f_clk/A (sky130_fd_sc_hd__clkbuf_16)
                  0.04    0.10   20.23 ^ clkbuf_2_3__f_clk/X (sky130_fd_sc_hd__clkbuf_16)
     9    0.03                           clknet_2_3__leaf_clk (net)
                  0.04    0.00   20.23 ^ _280_/CLK (sky130_fd_sc_hd__dfrtp_1)
                         -0.25   19.98   clock uncertainty
                          0.01   20.00   clock reconvergence pessimism
                         -0.04   19.96   library setup time
                                 19.96   data required time
-----------------------------------------------------------------------------
                                 19.96   data required time
                                 -1.33   data arrival time
-----------------------------------------------------------------------------
                                 18.63   slack (MET)


Startpoint: _297_ (rising edge-triggered flip-flop clocked by clk)
Endpoint: _279_ (rising edge-triggered flip-flop clocked by clk)
Path Group: clk
Path Type: max
Corner: Fastest

Fanout     Cap    Slew   Delay    Time   Description
-----------------------------------------------------------------------------
                          0.00    0.00   clock clk (rise edge)
                          0.00    0.00   clock source latency
                  0.05    0.03    0.03 ^ clk (in)
     1    0.01                           clk (net)
                  0.05    0.00    0.03 ^ clkbuf_0_clk/A (sky130_fd_sc_hd__clkbuf_16)
                  0.05    0.11    0.15 ^ clkbuf_0_clk/X (sky130_fd_sc_hd__clkbuf_16)
     4    0.05                           clknet_0_clk (net)
                  0.05    0.00    0.15 ^ clkbuf_2_1__f_clk/A (sky130_fd_sc_hd__clkbuf_16)
                  0.04    0.11    0.26 ^ clkbuf_2_1__f_clk/X (sky130_fd_sc_hd__clkbuf_16)
    11    0.03                           clknet_2_1__leaf_clk (net)
                  0.04    0.00    0.26 ^ _297_/CLK (sky130_fd_sc_hd__dfrtp_4)
                  0.07    0.35    0.61 v _297_/Q (sky130_fd_sc_hd__dfrtp_4)
     8    0.03                           state[1] (net)
                  0.07    0.00    0.61 v _181_/A (sky130_fd_sc_hd__or4b_2)
                  0.11    0.43    1.04 v _181_/X (sky130_fd_sc_hd__or4b_2)
     3    0.02                           _063_ (net)
                  0.11    0.00    1.04 v _192_/B (sky130_fd_sc_hd__nor2_2)
                  0.18    0.17    1.21 ^ _192_/Y (sky130_fd_sc_hd__nor2_2)
     6    0.02                           _072_ (net)
                  0.18    0.00    1.21 ^ _204_/A2 (sky130_fd_sc_hd__a22o_1)
                  0.04    0.11    1.32 ^ _204_/X (sky130_fd_sc_hd__a22o_1)
     1    0.00                           _018_ (net)
                  0.04    0.00    1.32 ^ _279_/D (sky130_fd_sc_hd__dfrtp_1)
                                  1.32   data arrival time

                         20.00   20.00   clock clk (rise edge)
                          0.00   20.00   clock source latency
                  0.05    0.03   20.03 ^ clk (in)
     1    0.01                           clk (net)
                  0.05    0.00   20.03 ^ clkbuf_0_clk/A (sky130_fd_sc_hd__clkbuf_16)
                  0.05    0.10   20.13 ^ clkbuf_0_clk/X (sky130_fd_sc_hd__clkbuf_16)
     4    0.05                           clknet_0_clk (net)
                  0.05    0.00   20.13 ^ clkbuf_2_3__f_clk/A (sky130_fd_sc_hd__clkbuf_16)
                  0.04    0.10   20.23 ^ clkbuf_2_3__f_clk/X (sky130_fd_sc_hd__clkbuf_16)
     9    0.03                           clknet_2_3__leaf_clk (net)
                  0.04    0.00   20.23 ^ _279_/CLK (sky130_fd_sc_hd__dfrtp_1)
                         -0.25   19.98   clock uncertainty
                          0.01   20.00   clock reconvergence pessimism
                         -0.04   19.96   library setup time
                                 19.96   data required time
-----------------------------------------------------------------------------
                                 19.96   data required time
                                 -1.32   data arrival time
-----------------------------------------------------------------------------
                                 18.64   slack (MET)


Startpoint: _268_ (rising edge-triggered flip-flop clocked by clk)
Endpoint: _263_ (rising edge-triggered flip-flop clocked by clk)
Path Group: clk
Path Type: max
Corner: Fastest

Fanout     Cap    Slew   Delay    Time   Description
-----------------------------------------------------------------------------
                          0.00    0.00   clock clk (rise edge)
                          0.00    0.00   clock source latency
                  0.05    0.03    0.03 ^ clk (in)
     1    0.01                           clk (net)
                  0.05    0.00    0.03 ^ clkbuf_0_clk/A (sky130_fd_sc_hd__clkbuf_16)
                  0.05    0.11    0.15 ^ clkbuf_0_clk/X (sky130_fd_sc_hd__clkbuf_16)
     4    0.05                           clknet_0_clk (net)
                  0.05    0.00    0.15 ^ clkbuf_2_1__f_clk/A (sky130_fd_sc_hd__clkbuf_16)
                  0.04    0.11    0.26 ^ clkbuf_2_1__f_clk/X (sky130_fd_sc_hd__clkbuf_16)
    11    0.03                           clknet_2_1__leaf_clk (net)
                  0.04    0.00    0.26 ^ _268_/CLK (sky130_fd_sc_hd__dfrtp_1)
                  0.07    0.29    0.54 v _268_/Q (sky130_fd_sc_hd__dfrtp_1)
     4    0.01                           baud_counter[6] (net)
                  0.07    0.00    0.54 v _135_/A (sky130_fd_sc_hd__or3b_1)
                  0.05    0.22    0.76 v _135_/X (sky130_fd_sc_hd__or3b_1)
     1    0.00                           _124_ (net)
                  0.05    0.00    0.76 v _138_/B (sky130_fd_sc_hd__or4_1)
                  0.09    0.33    1.09 v _138_/X (sky130_fd_sc_hd__or4_1)
     3    0.01                           _127_ (net)
                  0.09    0.00    1.09 v _148_/A2 (sky130_fd_sc_hd__o211a_1)
                  0.03    0.14    1.23 v _148_/X (sky130_fd_sc_hd__o211a_1)
     1    0.00                           _002_ (net)
                  0.03    0.00    1.23 v _263_/D (sky130_fd_sc_hd__dfrtp_1)
                                  1.23   data arrival time

                         20.00   20.00   clock clk (rise edge)
                          0.00   20.00   clock source latency
                  0.05    0.03   20.03 ^ clk (in)
     1    0.01                           clk (net)
                  0.05    0.00   20.03 ^ clkbuf_0_clk/A (sky130_fd_sc_hd__clkbuf_16)
                  0.05    0.10   20.13 ^ clkbuf_0_clk/X (sky130_fd_sc_hd__clkbuf_16)
     4    0.05                           clknet_0_clk (net)
                  0.05    0.00   20.13 ^ clkbuf_2_3__f_clk/A (sky130_fd_sc_hd__clkbuf_16)
                  0.04    0.10   20.23 ^ clkbuf_2_3__f_clk/X (sky130_fd_sc_hd__clkbuf_16)
     9    0.03                           clknet_2_3__leaf_clk (net)
                  0.04    0.00   20.23 ^ _263_/CLK (sky130_fd_sc_hd__dfrtp_1)
                         -0.25   19.98   clock uncertainty
                          0.01   20.00   clock reconvergence pessimism
                         -0.06   19.93   library setup time
                                 19.93   data required time
-----------------------------------------------------------------------------
                                 19.93   data required time
                                 -1.23   data arrival time
-----------------------------------------------------------------------------
                                 18.71   slack (MET)


Startpoint: _297_ (rising edge-triggered flip-flop clocked by clk)
Endpoint: _274_ (rising edge-triggered flip-flop clocked by clk)
Path Group: clk
Path Type: max
Corner: Fastest

Fanout     Cap    Slew   Delay    Time   Description
-----------------------------------------------------------------------------
                          0.00    0.00   clock clk (rise edge)
                          0.00    0.00   clock source latency
                  0.05    0.03    0.03 ^ clk (in)
     1    0.01                           clk (net)
                  0.05    0.00    0.03 ^ clkbuf_0_clk/A (sky130_fd_sc_hd__clkbuf_16)
                  0.05    0.11    0.15 ^ clkbuf_0_clk/X (sky130_fd_sc_hd__clkbuf_16)
     4    0.05                           clknet_0_clk (net)
                  0.05    0.00    0.15 ^ clkbuf_2_1__f_clk/A (sky130_fd_sc_hd__clkbuf_16)
                  0.04    0.11    0.26 ^ clkbuf_2_1__f_clk/X (sky130_fd_sc_hd__clkbuf_16)
    11    0.03                           clknet_2_1__leaf_clk (net)
                  0.04    0.00    0.26 ^ _297_/CLK (sky130_fd_sc_hd__dfrtp_4)
                  0.07    0.35    0.61 v _297_/Q (sky130_fd_sc_hd__dfrtp_4)
     8    0.03                           state[1] (net)
                  0.07    0.00    0.61 v _181_/A (sky130_fd_sc_hd__or4b_2)
                  0.11    0.43    1.04 v _181_/X (sky130_fd_sc_hd__or4b_2)
     3    0.02                           _063_ (net)
                  0.11    0.00    1.04 v _182_/B1 (sky130_fd_sc_hd__a21oi_1)
                  0.08    0.08    1.11 ^ _182_/Y (sky130_fd_sc_hd__a21oi_1)
     1    0.00                           _064_ (net)
                  0.08    0.00    1.11 ^ _183_/B1 (sky130_fd_sc_hd__o21a_1)
                  0.03    0.07    1.18 ^ _183_/X (sky130_fd_sc_hd__o21a_1)
     1    0.00                           _013_ (net)
                  0.03    0.00    1.18 ^ _274_/D (sky130_fd_sc_hd__dfrtp_4)
                                  1.18   data arrival time

                         20.00   20.00   clock clk (rise edge)
                          0.00   20.00   clock source latency
                  0.05    0.03   20.03 ^ clk (in)
     1    0.01                           clk (net)
                  0.05    0.00   20.03 ^ clkbuf_0_clk/A (sky130_fd_sc_hd__clkbuf_16)
                  0.05    0.10   20.13 ^ clkbuf_0_clk/X (sky130_fd_sc_hd__clkbuf_16)
     4    0.05                           clknet_0_clk (net)
                  0.05    0.00   20.13 ^ clkbuf_2_2__f_clk/A (sky130_fd_sc_hd__clkbuf_16)
                  0.04    0.09   20.23 ^ clkbuf_2_2__f_clk/X (sky130_fd_sc_hd__clkbuf_16)
     8    0.02                           clknet_2_2__leaf_clk (net)
                  0.04    0.00   20.23 ^ _274_/CLK (sky130_fd_sc_hd__dfrtp_4)
                         -0.25   19.98   clock uncertainty
                          0.01   19.99   clock reconvergence pessimism
                         -0.04   19.95   library setup time
                                 19.95   data required time
-----------------------------------------------------------------------------
                                 19.95   data required time
                                 -1.18   data arrival time
-----------------------------------------------------------------------------
                                 18.77   slack (MET)


Startpoint: _264_ (rising edge-triggered flip-flop clocked by clk)
Endpoint: _268_ (rising edge-triggered flip-flop clocked by clk)
Path Group: clk
Path Type: max
Corner: Fastest

Fanout     Cap    Slew   Delay    Time   Description
-----------------------------------------------------------------------------
                          0.00    0.00   clock clk (rise edge)
                          0.00    0.00   clock source latency
                  0.05    0.03    0.03 ^ clk (in)
     1    0.01                           clk (net)
                  0.05    0.00    0.03 ^ clkbuf_0_clk/A (sky130_fd_sc_hd__clkbuf_16)
                  0.05    0.11    0.15 ^ clkbuf_0_clk/X (sky130_fd_sc_hd__clkbuf_16)
     4    0.05                           clknet_0_clk (net)
                  0.05    0.00    0.15 ^ clkbuf_2_3__f_clk/A (sky130_fd_sc_hd__clkbuf_16)
                  0.04    0.11    0.25 ^ clkbuf_2_3__f_clk/X (sky130_fd_sc_hd__clkbuf_16)
     9    0.03                           clknet_2_3__leaf_clk (net)
                  0.04    0.00    0.26 ^ _264_/CLK (sky130_fd_sc_hd__dfrtp_1)
                  0.11    0.29    0.54 ^ _264_/Q (sky130_fd_sc_hd__dfrtp_1)
     5    0.02                           baud_counter[2] (net)
                  0.11    0.00    0.54 ^ _153_/D (sky130_fd_sc_hd__and4_1)
                  0.14    0.22    0.76 ^ _153_/X (sky130_fd_sc_hd__and4_1)
     6    0.02                           _043_ (net)
                  0.14    0.00    0.77 ^ _159_/B_N (sky130_fd_sc_hd__or2b_1)
                  0.05    0.16    0.93 v _159_/X (sky130_fd_sc_hd__or2b_1)
     2    0.01                           _048_ (net)
                  0.05    0.00    0.93 v _161_/B (sky130_fd_sc_hd__or2_1)
                  0.04    0.14    1.06 v _161_/X (sky130_fd_sc_hd__or2_1)
     1    0.00                           _049_ (net)
                  0.04    0.00    1.06 v _162_/B (sky130_fd_sc_hd__xnor2_1)
                  0.04    0.09    1.15 v _162_/Y (sky130_fd_sc_hd__xnor2_1)
     1    0.00                           _007_ (net)
                  0.04    0.00    1.15 v _268_/D (sky130_fd_sc_hd__dfrtp_1)
                                  1.15   data arrival time

                         20.00   20.00   clock clk (rise edge)
                          0.00   20.00   clock source latency
                  0.05    0.03   20.03 ^ clk (in)
     1    0.01                           clk (net)
                  0.05    0.00   20.03 ^ clkbuf_0_clk/A (sky130_fd_sc_hd__clkbuf_16)
                  0.05    0.10   20.13 ^ clkbuf_0_clk/X (sky130_fd_sc_hd__clkbuf_16)
     4    0.05                           clknet_0_clk (net)
                  0.05    0.00   20.13 ^ clkbuf_2_1__f_clk/A (sky130_fd_sc_hd__clkbuf_16)
                  0.04    0.10   20.23 ^ clkbuf_2_1__f_clk/X (sky130_fd_sc_hd__clkbuf_16)
    11    0.03                           clknet_2_1__leaf_clk (net)
                  0.04    0.00   20.23 ^ _268_/CLK (sky130_fd_sc_hd__dfrtp_1)
                         -0.25   19.98   clock uncertainty
                          0.01   20.00   clock reconvergence pessimism
                         -0.06   19.93   library setup time
                                 19.93   data required time
-----------------------------------------------------------------------------
                                 19.93   data required time
                                 -1.15   data arrival time
-----------------------------------------------------------------------------
                                 18.78   slack (MET)


Startpoint: _263_ (rising edge-triggered flip-flop clocked by clk)
Endpoint: _298_ (rising edge-triggered flip-flop clocked by clk)
Path Group: clk
Path Type: max
Corner: Fastest

Fanout     Cap    Slew   Delay    Time   Description
-----------------------------------------------------------------------------
                          0.00    0.00   clock clk (rise edge)
                          0.00    0.00   clock source latency
                  0.05    0.03    0.03 ^ clk (in)
     1    0.01                           clk (net)
                  0.05    0.00    0.03 ^ clkbuf_0_clk/A (sky130_fd_sc_hd__clkbuf_16)
                  0.05    0.11    0.15 ^ clkbuf_0_clk/X (sky130_fd_sc_hd__clkbuf_16)
     4    0.05                           clknet_0_clk (net)
                  0.05    0.00    0.15 ^ clkbuf_2_3__f_clk/A (sky130_fd_sc_hd__clkbuf_16)
                  0.04    0.11    0.25 ^ clkbuf_2_3__f_clk/X (sky130_fd_sc_hd__clkbuf_16)
     9    0.03                           clknet_2_3__leaf_clk (net)
                  0.04    0.00    0.26 ^ _263_/CLK (sky130_fd_sc_hd__dfrtp_1)
                  0.06    0.28    0.54 v _263_/Q (sky130_fd_sc_hd__dfrtp_1)
     4    0.01                           baud_counter[1] (net)
                  0.06    0.00    0.54 v _137_/A (sky130_fd_sc_hd__or4b_1)
                  0.06    0.29    0.83 v _137_/X (sky130_fd_sc_hd__or4b_1)
     1    0.00                           _126_ (net)
                  0.06    0.00    0.83 v _138_/D (sky130_fd_sc_hd__or4_1)
                  0.09    0.26    1.09 v _138_/X (sky130_fd_sc_hd__or4_1)
     3    0.01                           _127_ (net)
                  0.09    0.00    1.10 v _139_/B (sky130_fd_sc_hd__nor2_1)
                  0.06    0.07    1.16 ^ _139_/Y (sky130_fd_sc_hd__nor2_1)
     1    0.00                           _000_ (net)
                  0.06    0.00    1.16 ^ _298_/D (sky130_fd_sc_hd__dfrtp_1)
                                  1.16   data arrival time

                         20.00   20.00   clock clk (rise edge)
                          0.00   20.00   clock source latency
                  0.05    0.03   20.03 ^ clk (in)
     1    0.01                           clk (net)
                  0.05    0.00   20.03 ^ clkbuf_0_clk/A (sky130_fd_sc_hd__clkbuf_16)
                  0.05    0.10   20.13 ^ clkbuf_0_clk/X (sky130_fd_sc_hd__clkbuf_16)
     4    0.05                           clknet_0_clk (net)
                  0.05    0.00   20.13 ^ clkbuf_2_1__f_clk/A (sky130_fd_sc_hd__clkbuf_16)
                  0.04    0.10   20.23 ^ clkbuf_2_1__f_clk/X (sky130_fd_sc_hd__clkbuf_16)
    11    0.03                           clknet_2_1__leaf_clk (net)
                  0.04    0.00   20.23 ^ _298_/CLK (sky130_fd_sc_hd__dfrtp_1)
                         -0.25   19.98   clock uncertainty
                          0.01   20.00   clock reconvergence pessimism
                         -0.04   19.96   library setup time
                                 19.96   data required time
-----------------------------------------------------------------------------
                                 19.96   data required time
                                 -1.16   data arrival time
-----------------------------------------------------------------------------
                                 18.79   slack (MET)


Startpoint: _278_ (rising edge-triggered flip-flop clocked by clk)
Endpoint: _275_ (rising edge-triggered flip-flop clocked by clk)
Path Group: clk
Path Type: max
Corner: Fastest

Fanout     Cap    Slew   Delay    Time   Description
-----------------------------------------------------------------------------
                          0.00    0.00   clock clk (rise edge)
                          0.00    0.00   clock source latency
                  0.05    0.03    0.03 ^ clk (in)
     1    0.01                           clk (net)
                  0.05    0.00    0.03 ^ clkbuf_0_clk/A (sky130_fd_sc_hd__clkbuf_16)
                  0.05    0.11    0.15 ^ clkbuf_0_clk/X (sky130_fd_sc_hd__clkbuf_16)
     4    0.05                           clknet_0_clk (net)
                  0.05    0.00    0.15 ^ clkbuf_2_3__f_clk/A (sky130_fd_sc_hd__clkbuf_16)
                  0.04    0.11    0.25 ^ clkbuf_2_3__f_clk/X (sky130_fd_sc_hd__clkbuf_16)
     9    0.03                           clknet_2_3__leaf_clk (net)
                  0.04    0.00    0.26 ^ _278_/CLK (sky130_fd_sc_hd__dfrtp_1)
                  0.07    0.29    0.54 v _278_/Q (sky130_fd_sc_hd__dfrtp_1)
     5    0.01                           idle_counter[4] (net)
                  0.07    0.00    0.54 v _172_/D (sky130_fd_sc_hd__and4_1)
                  0.07    0.18    0.72 v _172_/X (sky130_fd_sc_hd__and4_1)
     3    0.01                           _056_ (net)
                  0.07    0.00    0.72 v _180_/A1 (sky130_fd_sc_hd__a21oi_2)
                  0.16    0.16    0.88 ^ _180_/Y (sky130_fd_sc_hd__a21oi_2)
     5    0.02                           _062_ (net)
                  0.16    0.00    0.88 ^ _185_/C (sky130_fd_sc_hd__nand3_1)
                  0.05    0.06    0.94 v _185_/Y (sky130_fd_sc_hd__nand3_1)
     1    0.00                           _066_ (net)
                  0.05    0.00    0.94 v _187_/B (sky130_fd_sc_hd__and3_1)
                  0.03    0.11    1.05 v _187_/X (sky130_fd_sc_hd__and3_1)
     1    0.00                           _068_ (net)
                  0.03    0.00    1.05 v _188_/A (sky130_fd_sc_hd__clkbuf_1)
                  0.02    0.06    1.11 v _188_/X (sky130_fd_sc_hd__clkbuf_1)
     1    0.00                           _014_ (net)
                  0.02    0.00    1.11 v _275_/D (sky130_fd_sc_hd__dfrtp_2)
                                  1.11   data arrival time

                         20.00   20.00   clock clk (rise edge)
                          0.00   20.00   clock source latency
                  0.05    0.03   20.03 ^ clk (in)
     1    0.01                           clk (net)
                  0.05    0.00   20.03 ^ clkbuf_0_clk/A (sky130_fd_sc_hd__clkbuf_16)
                  0.05    0.10   20.13 ^ clkbuf_0_clk/X (sky130_fd_sc_hd__clkbuf_16)
     4    0.05                           clknet_0_clk (net)
                  0.05    0.00   20.13 ^ clkbuf_2_2__f_clk/A (sky130_fd_sc_hd__clkbuf_16)
                  0.04    0.09   20.23 ^ clkbuf_2_2__f_clk/X (sky130_fd_sc_hd__clkbuf_16)
     8    0.02                           clknet_2_2__leaf_clk (net)
                  0.04    0.00   20.23 ^ _275_/CLK (sky130_fd_sc_hd__dfrtp_2)
                         -0.25   19.98   clock uncertainty
                          0.01   19.99   clock reconvergence pessimism
                         -0.06   19.93   library setup time
                                 19.93   data required time
-----------------------------------------------------------------------------
                                 19.93   data required time
                                 -1.11   data arrival time
-----------------------------------------------------------------------------
                                 18.82   slack (MET)


Startpoint: _264_ (rising edge-triggered flip-flop clocked by clk)
Endpoint: _264_ (rising edge-triggered flip-flop clocked by clk)
Path Group: clk
Path Type: max
Corner: Fastest

Fanout     Cap    Slew   Delay    Time   Description
-----------------------------------------------------------------------------
                          0.00    0.00   clock clk (rise edge)
                          0.00    0.00   clock source latency
                  0.05    0.03    0.03 ^ clk (in)
     1    0.01                           clk (net)
                  0.05    0.00    0.03 ^ clkbuf_0_clk/A (sky130_fd_sc_hd__clkbuf_16)
                  0.05    0.11    0.15 ^ clkbuf_0_clk/X (sky130_fd_sc_hd__clkbuf_16)
     4    0.05                           clknet_0_clk (net)
                  0.05    0.00    0.15 ^ clkbuf_2_3__f_clk/A (sky130_fd_sc_hd__clkbuf_16)
                  0.04    0.11    0.25 ^ clkbuf_2_3__f_clk/X (sky130_fd_sc_hd__clkbuf_16)
     9    0.03                           clknet_2_3__leaf_clk (net)
                  0.04    0.00    0.26 ^ _264_/CLK (sky130_fd_sc_hd__dfrtp_1)
                  0.08    0.30    0.55 v _264_/Q (sky130_fd_sc_hd__dfrtp_1)
     5    0.02                           baud_counter[2] (net)
                  0.08    0.00    0.55 v hold12/A (sky130_fd_sc_hd__dlygate4sd3_1)
                  0.05    0.43    0.98 v hold12/X (sky130_fd_sc_hd__dlygate4sd3_1)
     1    0.01                           net30 (net)
                  0.05    0.00    0.98 v _149_/A (sky130_fd_sc_hd__xnor2_1)
                  0.04    0.09    1.07 v _149_/Y (sky130_fd_sc_hd__xnor2_1)
     1    0.00                           _003_ (net)
                  0.04    0.00    1.07 v _264_/D (sky130_fd_sc_hd__dfrtp_1)
                                  1.07   data arrival time

                         20.00   20.00   clock clk (rise edge)
                          0.00   20.00   clock source latency
                  0.05    0.03   20.03 ^ clk (in)
     1    0.01                           clk (net)
                  0.05    0.00   20.03 ^ clkbuf_0_clk/A (sky130_fd_sc_hd__clkbuf_16)
                  0.05    0.10   20.13 ^ clkbuf_0_clk/X (sky130_fd_sc_hd__clkbuf_16)
     4    0.05                           clknet_0_clk (net)
                  0.05    0.00   20.13 ^ clkbuf_2_3__f_clk/A (sky130_fd_sc_hd__clkbuf_16)
                  0.04    0.10   20.23 ^ clkbuf_2_3__f_clk/X (sky130_fd_sc_hd__clkbuf_16)
     9    0.03                           clknet_2_3__leaf_clk (net)
                  0.04    0.00   20.23 ^ _264_/CLK (sky130_fd_sc_hd__dfrtp_1)
                         -0.25   19.98   clock uncertainty
                          0.02   20.01   clock reconvergence pessimism
                         -0.06   19.94   library setup time
                                 19.94   data required time
-----------------------------------------------------------------------------
                                 19.94   data required time
                                 -1.07   data arrival time
-----------------------------------------------------------------------------
                                 18.87   slack (MET)


Startpoint: _297_ (rising edge-triggered flip-flop clocked by clk)
Endpoint: _283_ (rising edge-triggered flip-flop clocked by clk)
Path Group: clk
Path Type: max
Corner: Fastest

Fanout     Cap    Slew   Delay    Time   Description
-----------------------------------------------------------------------------
                          0.00    0.00   clock clk (rise edge)
                          0.00    0.00   clock source latency
                  0.05    0.03    0.03 ^ clk (in)
     1    0.01                           clk (net)
                  0.05    0.00    0.03 ^ clkbuf_0_clk/A (sky130_fd_sc_hd__clkbuf_16)
                  0.05    0.11    0.15 ^ clkbuf_0_clk/X (sky130_fd_sc_hd__clkbuf_16)
     4    0.05                           clknet_0_clk (net)
                  0.05    0.00    0.15 ^ clkbuf_2_1__f_clk/A (sky130_fd_sc_hd__clkbuf_16)
                  0.04    0.11    0.26 ^ clkbuf_2_1__f_clk/X (sky130_fd_sc_hd__clkbuf_16)
    11    0.03                           clknet_2_1__leaf_clk (net)
                  0.04    0.00    0.26 ^ _297_/CLK (sky130_fd_sc_hd__dfrtp_4)
                  0.07    0.35    0.61 v _297_/Q (sky130_fd_sc_hd__dfrtp_4)
     8    0.03                           state[1] (net)
                  0.07    0.00    0.61 v _131_/A (sky130_fd_sc_hd__nor2_1)
                  0.14    0.13    0.74 ^ _131_/Y (sky130_fd_sc_hd__nor2_1)
     3    0.01                           _121_ (net)
                  0.14    0.00    0.74 ^ _184_/B (sky130_fd_sc_hd__and3b_1)
                  0.08    0.16    0.90 ^ _184_/X (sky130_fd_sc_hd__and3b_1)
     3    0.01                           _065_ (net)
                  0.08    0.00    0.90 ^ _213_/B (sky130_fd_sc_hd__and2_1)
                  0.04    0.09    0.99 ^ _213_/X (sky130_fd_sc_hd__and2_1)
     1    0.00                           _086_ (net)
                  0.04    0.00    0.99 ^ _214_/A (sky130_fd_sc_hd__clkbuf_1)
                  0.03    0.06    1.05 ^ _214_/X (sky130_fd_sc_hd__clkbuf_1)
     1    0.00                           _022_ (net)
                  0.03    0.00    1.05 ^ _283_/D (sky130_fd_sc_hd__dfrtp_1)
                                  1.05   data arrival time

                         20.00   20.00   clock clk (rise edge)
                          0.00   20.00   clock source latency
                  0.05    0.03   20.03 ^ clk (in)
     1    0.01                           clk (net)
                  0.05    0.00   20.03 ^ clkbuf_0_clk/A (sky130_fd_sc_hd__clkbuf_16)
                  0.05    0.10   20.13 ^ clkbuf_0_clk/X (sky130_fd_sc_hd__clkbuf_16)
     4    0.05                           clknet_0_clk (net)
                  0.05    0.00   20.13 ^ clkbuf_2_2__f_clk/A (sky130_fd_sc_hd__clkbuf_16)
                  0.04    0.09   20.23 ^ clkbuf_2_2__f_clk/X (sky130_fd_sc_hd__clkbuf_16)
     8    0.02                           clknet_2_2__leaf_clk (net)
                  0.04    0.00   20.23 ^ _283_/CLK (sky130_fd_sc_hd__dfrtp_1)
                         -0.25   19.98   clock uncertainty
                          0.01   19.99   clock reconvergence pessimism
                         -0.04   19.96   library setup time
                                 19.96   data required time
-----------------------------------------------------------------------------
                                 19.96   data required time
                                 -1.05   data arrival time
-----------------------------------------------------------------------------
                                 18.91   slack (MET)


Startpoint: _282_ (rising edge-triggered flip-flop clocked by clk)
Endpoint: _282_ (rising edge-triggered flip-flop clocked by clk)
Path Group: clk
Path Type: max
Corner: Fastest

Fanout     Cap    Slew   Delay    Time   Description
-----------------------------------------------------------------------------
                          0.00    0.00   clock clk (rise edge)
                          0.00    0.00   clock source latency
                  0.05    0.03    0.03 ^ clk (in)
     1    0.01                           clk (net)
                  0.05    0.00    0.03 ^ clkbuf_0_clk/A (sky130_fd_sc_hd__clkbuf_16)
                  0.05    0.11    0.15 ^ clkbuf_0_clk/X (sky130_fd_sc_hd__clkbuf_16)
     4    0.05                           clknet_0_clk (net)
                  0.05    0.00    0.15 ^ clkbuf_2_2__f_clk/A (sky130_fd_sc_hd__clkbuf_16)
                  0.04    0.10    0.25 ^ clkbuf_2_2__f_clk/X (sky130_fd_sc_hd__clkbuf_16)
     8    0.02                           clknet_2_2__leaf_clk (net)
                  0.04    0.00    0.25 ^ _282_/CLK (sky130_fd_sc_hd__dfrtp_1)
                  0.04    0.26    0.51 v _282_/Q (sky130_fd_sc_hd__dfrtp_1)
     2    0.01                           idle_counter[8] (net)
                  0.04    0.00    0.51 v hold3/A (sky130_fd_sc_hd__dlygate4sd3_1)
                  0.04    0.40    0.91 v hold3/X (sky130_fd_sc_hd__dlygate4sd3_1)
     1    0.00                           net21 (net)
                  0.04    0.00    0.91 v _212_/A1 (sky130_fd_sc_hd__o21a_1)
                  0.03    0.11    1.03 v _212_/X (sky130_fd_sc_hd__o21a_1)
     1    0.00                           _021_ (net)
                  0.03    0.00    1.03 v _282_/D (sky130_fd_sc_hd__dfrtp_1)
                                  1.03   data arrival time

                         20.00   20.00   clock clk (rise edge)
                          0.00   20.00   clock source latency
                  0.05    0.03   20.03 ^ clk (in)
     1    0.01                           clk (net)
                  0.05    0.00   20.03 ^ clkbuf_0_clk/A (sky130_fd_sc_hd__clkbuf_16)
                  0.05    0.10   20.13 ^ clkbuf_0_clk/X (sky130_fd_sc_hd__clkbuf_16)
     4    0.05                           clknet_0_clk (net)
                  0.05    0.00   20.13 ^ clkbuf_2_2__f_clk/A (sky130_fd_sc_hd__clkbuf_16)
                  0.04    0.09   20.23 ^ clkbuf_2_2__f_clk/X (sky130_fd_sc_hd__clkbuf_16)
     8    0.02                           clknet_2_2__leaf_clk (net)
                  0.04    0.00   20.23 ^ _282_/CLK (sky130_fd_sc_hd__dfrtp_1)
                         -0.25   19.98   clock uncertainty
                          0.02   20.00   clock reconvergence pessimism
                         -0.06   19.94   library setup time
                                 19.94   data required time
-----------------------------------------------------------------------------
                                 19.94   data required time
                                 -1.03   data arrival time
-----------------------------------------------------------------------------
                                 18.91   slack (MET)


Startpoint: _273_ (rising edge-triggered flip-flop clocked by clk)
Endpoint: _297_ (rising edge-triggered flip-flop clocked by clk)
Path Group: clk
Path Type: max
Corner: Fastest

Fanout     Cap    Slew   Delay    Time   Description
-----------------------------------------------------------------------------
                          0.00    0.00   clock clk (rise edge)
                          0.00    0.00   clock source latency
                  0.05    0.03    0.03 ^ clk (in)
     1    0.01                           clk (net)
                  0.05    0.00    0.03 ^ clkbuf_0_clk/A (sky130_fd_sc_hd__clkbuf_16)
                  0.05    0.11    0.15 ^ clkbuf_0_clk/X (sky130_fd_sc_hd__clkbuf_16)
     4    0.05                           clknet_0_clk (net)
                  0.05    0.00    0.15 ^ clkbuf_2_2__f_clk/A (sky130_fd_sc_hd__clkbuf_16)
                  0.04    0.10    0.25 ^ clkbuf_2_2__f_clk/X (sky130_fd_sc_hd__clkbuf_16)
     8    0.02                           clknet_2_2__leaf_clk (net)
                  0.04    0.00    0.25 ^ _273_/CLK (sky130_fd_sc_hd__dfrtp_2)
                  0.07    0.31    0.56 v _273_/Q (sky130_fd_sc_hd__dfrtp_2)
     5    0.02                           net12 (net)
                  0.07    0.00    0.56 v _130_/A (sky130_fd_sc_hd__clkbuf_4)
                  0.07    0.15    0.71 v _130_/X (sky130_fd_sc_hd__clkbuf_4)
    10    0.04                           _120_ (net)
                  0.07    0.00    0.71 v _132_/A (sky130_fd_sc_hd__nor2_1)
                  0.18    0.17    0.88 ^ _132_/Y (sky130_fd_sc_hd__nor2_1)
     3    0.02                           net14 (net)
                  0.18    0.00    0.88 ^ _261_/A2 (sky130_fd_sc_hd__a32o_1)
                  0.04    0.12    1.00 ^ _261_/X (sky130_fd_sc_hd__a32o_1)
     1    0.00                           _036_ (net)
                  0.04    0.00    1.00 ^ _297_/D (sky130_fd_sc_hd__dfrtp_4)
                                  1.00   data arrival time

                         20.00   20.00   clock clk (rise edge)
                          0.00   20.00   clock source latency
                  0.05    0.03   20.03 ^ clk (in)
     1    0.01                           clk (net)
                  0.05    0.00   20.03 ^ clkbuf_0_clk/A (sky130_fd_sc_hd__clkbuf_16)
                  0.05    0.10   20.13 ^ clkbuf_0_clk/X (sky130_fd_sc_hd__clkbuf_16)
     4    0.05                           clknet_0_clk (net)
                  0.05    0.00   20.13 ^ clkbuf_2_1__f_clk/A (sky130_fd_sc_hd__clkbuf_16)
                  0.04    0.10   20.23 ^ clkbuf_2_1__f_clk/X (sky130_fd_sc_hd__clkbuf_16)
    11    0.03                           clknet_2_1__leaf_clk (net)
                  0.04    0.00   20.23 ^ _297_/CLK (sky130_fd_sc_hd__dfrtp_4)
                         -0.25   19.98   clock uncertainty
                          0.01   20.00   clock reconvergence pessimism
                         -0.04   19.96   library setup time
                                 19.96   data required time
-----------------------------------------------------------------------------
                                 19.96   data required time
                                 -1.00   data arrival time
-----------------------------------------------------------------------------
                                 18.96   slack (MET)


Startpoint: _273_ (rising edge-triggered flip-flop clocked by clk)
Endpoint: _265_ (rising edge-triggered flip-flop clocked by clk)
Path Group: clk
Path Type: max
Corner: Fastest

Fanout     Cap    Slew   Delay    Time   Description
-----------------------------------------------------------------------------
                          0.00    0.00   clock clk (rise edge)
                          0.00    0.00   clock source latency
                  0.05    0.03    0.03 ^ clk (in)
     1    0.01                           clk (net)
                  0.05    0.00    0.03 ^ clkbuf_0_clk/A (sky130_fd_sc_hd__clkbuf_16)
                  0.05    0.11    0.15 ^ clkbuf_0_clk/X (sky130_fd_sc_hd__clkbuf_16)
     4    0.05                           clknet_0_clk (net)
                  0.05    0.00    0.15 ^ clkbuf_2_2__f_clk/A (sky130_fd_sc_hd__clkbuf_16)
                  0.04    0.10    0.25 ^ clkbuf_2_2__f_clk/X (sky130_fd_sc_hd__clkbuf_16)
     8    0.02                           clknet_2_2__leaf_clk (net)
                  0.04    0.00    0.25 ^ _273_/CLK (sky130_fd_sc_hd__dfrtp_2)
                  0.07    0.31    0.56 v _273_/Q (sky130_fd_sc_hd__dfrtp_2)
     5    0.02                           net12 (net)
                  0.07    0.00    0.56 v _143_/A_N (sky130_fd_sc_hd__and2b_1)
                  0.07    0.16    0.72 ^ _143_/X (sky130_fd_sc_hd__and2b_1)
     3    0.01                           _037_ (net)
                  0.07    0.00    0.72 ^ _146_/B (sky130_fd_sc_hd__nand2_1)
                  0.08    0.08    0.80 v _146_/Y (sky130_fd_sc_hd__nand2_1)
     3    0.01                           _039_ (net)
                  0.08    0.00    0.81 v _150_/B (sky130_fd_sc_hd__nand2_1)
                  0.06    0.07    0.88 ^ _150_/Y (sky130_fd_sc_hd__nand2_1)
     1    0.01                           _041_ (net)
                  0.06    0.00    0.88 ^ _152_/A (sky130_fd_sc_hd__xnor2_1)
                  0.10    0.09    0.96 ^ _152_/Y (sky130_fd_sc_hd__xnor2_1)
     1    0.00                           _004_ (net)
                  0.10    0.00    0.96 ^ _265_/D (sky130_fd_sc_hd__dfrtp_1)
                                  0.96   data arrival time

                         20.00   20.00   clock clk (rise edge)
                          0.00   20.00   clock source latency
                  0.05    0.03   20.03 ^ clk (in)
     1    0.01                           clk (net)
                  0.05    0.00   20.03 ^ clkbuf_0_clk/A (sky130_fd_sc_hd__clkbuf_16)
                  0.05    0.10   20.13 ^ clkbuf_0_clk/X (sky130_fd_sc_hd__clkbuf_16)
     4    0.05                           clknet_0_clk (net)
                  0.05    0.00   20.13 ^ clkbuf_2_3__f_clk/A (sky130_fd_sc_hd__clkbuf_16)
                  0.04    0.10   20.23 ^ clkbuf_2_3__f_clk/X (sky130_fd_sc_hd__clkbuf_16)
     9    0.03                           clknet_2_3__leaf_clk (net)
                  0.04    0.00   20.23 ^ _265_/CLK (sky130_fd_sc_hd__dfrtp_1)
                         -0.25   19.98   clock uncertainty
                          0.01   20.00   clock reconvergence pessimism
                         -0.04   19.95   library setup time
                                 19.95   data required time
-----------------------------------------------------------------------------
                                 19.95   data required time
                                 -0.96   data arrival time
-----------------------------------------------------------------------------
                                 18.99   slack (MET)


Startpoint: _273_ (rising edge-triggered flip-flop clocked by clk)
Endpoint: _262_ (rising edge-triggered flip-flop clocked by clk)
Path Group: clk
Path Type: max
Corner: Fastest

Fanout     Cap    Slew   Delay    Time   Description
-----------------------------------------------------------------------------
                          0.00    0.00   clock clk (rise edge)
                          0.00    0.00   clock source latency
                  0.05    0.03    0.03 ^ clk (in)
     1    0.01                           clk (net)
                  0.05    0.00    0.03 ^ clkbuf_0_clk/A (sky130_fd_sc_hd__clkbuf_16)
                  0.05    0.11    0.15 ^ clkbuf_0_clk/X (sky130_fd_sc_hd__clkbuf_16)
     4    0.05                           clknet_0_clk (net)
                  0.05    0.00    0.15 ^ clkbuf_2_2__f_clk/A (sky130_fd_sc_hd__clkbuf_16)
                  0.04    0.10    0.25 ^ clkbuf_2_2__f_clk/X (sky130_fd_sc_hd__clkbuf_16)
     8    0.02                           clknet_2_2__leaf_clk (net)
                  0.04    0.00    0.25 ^ _273_/CLK (sky130_fd_sc_hd__dfrtp_2)
                  0.07    0.31    0.56 v _273_/Q (sky130_fd_sc_hd__dfrtp_2)
     5    0.02                           net12 (net)
                  0.07    0.00    0.56 v _130_/A (sky130_fd_sc_hd__clkbuf_4)
                  0.07    0.15    0.71 v _130_/X (sky130_fd_sc_hd__clkbuf_4)
    10    0.04                           _120_ (net)
                  0.07    0.00    0.71 v _144_/B (sky130_fd_sc_hd__and2b_1)
                  0.03    0.11    0.82 v _144_/X (sky130_fd_sc_hd__and2b_1)
     1    0.00                           _038_ (net)
                  0.03    0.00    0.82 v _145_/B (sky130_fd_sc_hd__nor2_1)
                  0.05    0.05    0.87 ^ _145_/Y (sky130_fd_sc_hd__nor2_1)
     1    0.00                           _001_ (net)
                  0.05    0.00    0.87 ^ _262_/D (sky130_fd_sc_hd__dfrtp_1)
                                  0.87   data arrival time

                         20.00   20.00   clock clk (rise edge)
                          0.00   20.00   clock source latency
                  0.05    0.03   20.03 ^ clk (in)
     1    0.01                           clk (net)
                  0.05    0.00   20.03 ^ clkbuf_0_clk/A (sky130_fd_sc_hd__clkbuf_16)
                  0.05    0.10   20.13 ^ clkbuf_0_clk/X (sky130_fd_sc_hd__clkbuf_16)
     4    0.05                           clknet_0_clk (net)
                  0.05    0.00   20.13 ^ clkbuf_2_3__f_clk/A (sky130_fd_sc_hd__clkbuf_16)
                  0.04    0.10   20.23 ^ clkbuf_2_3__f_clk/X (sky130_fd_sc_hd__clkbuf_16)
     9    0.03                           clknet_2_3__leaf_clk (net)
                  0.04    0.00   20.23 ^ _262_/CLK (sky130_fd_sc_hd__dfrtp_1)
                         -0.25   19.98   clock uncertainty
                          0.01   20.00   clock reconvergence pessimism
                         -0.04   19.96   library setup time
                                 19.96   data required time
-----------------------------------------------------------------------------
                                 19.96   data required time
                                 -0.87   data arrival time
-----------------------------------------------------------------------------
                                 19.09   slack (MET)



======================= Slowest Corner ===================================

Startpoint: tx_start (input port clocked by clk)
Endpoint: _288_ (rising edge-triggered flip-flop clocked by clk)
Path Group: clk
Path Type: max
Corner: Slowest

Fanout     Cap    Slew   Delay    Time   Description
-----------------------------------------------------------------------------
                          0.00    0.00   clock clk (rise edge)
                          0.00    0.00   clock network delay (propagated)
                          4.00    4.00 ^ input external delay
                  0.03    0.02    4.02 ^ tx_start (in)
     1    0.00                           tx_start (net)
                  0.03    0.00    4.02 ^ input11/A (sky130_fd_sc_hd__clkbuf_1)
                  0.14    0.19    4.21 ^ input11/X (sky130_fd_sc_hd__clkbuf_1)
     1    0.01                           net11 (net)
                  0.14    0.00    4.21 ^ _216_/D_N (sky130_fd_sc_hd__or4b_2)
                  0.29    1.64    5.85 v _216_/X (sky130_fd_sc_hd__or4b_2)
     3    0.01                           _088_ (net)
                  0.29    0.00    5.85 v _223_/A (sky130_fd_sc_hd__clkbuf_4)
                  0.17    0.48    6.33 v _223_/X (sky130_fd_sc_hd__clkbuf_4)
    10    0.05                           _094_ (net)
                  0.17    0.00    6.33 v _233_/S (sky130_fd_sc_hd__mux2_1)
                  0.12    0.79    7.12 v _233_/X (sky130_fd_sc_hd__mux2_1)
     1    0.00                           _101_ (net)
                  0.12    0.00    7.12 v _235_/A1 (sky130_fd_sc_hd__mux2_1)
                  0.11    0.71    7.83 v _235_/X (sky130_fd_sc_hd__mux2_1)
     1    0.00                           _103_ (net)
                  0.11    0.00    7.83 v _236_/A (sky130_fd_sc_hd__clkbuf_1)
                  0.05    0.19    8.02 v _236_/X (sky130_fd_sc_hd__clkbuf_1)
     1    0.00                           _027_ (net)
                  0.05    0.00    8.02 v _288_/D (sky130_fd_sc_hd__dfrtp_1)
                                  8.02   data arrival time

                         20.00   20.00   clock clk (rise edge)
                          0.00   20.00   clock source latency
                  0.11    0.07   20.07 ^ clk (in)
     1    0.01                           clk (net)
                  0.11    0.00   20.07 ^ clkbuf_0_clk/A (sky130_fd_sc_hd__clkbuf_16)
                  0.10    0.26   20.33 ^ clkbuf_0_clk/X (sky130_fd_sc_hd__clkbuf_16)
     4    0.04                           clknet_0_clk (net)
                  0.10    0.00   20.33 ^ clkbuf_2_0__f_clk/A (sky130_fd_sc_hd__clkbuf_16)
                  0.08    0.23   20.56 ^ clkbuf_2_0__f_clk/X (sky130_fd_sc_hd__clkbuf_16)
     9    0.03                           clknet_2_0__leaf_clk (net)
                  0.08    0.00   20.56 ^ _288_/CLK (sky130_fd_sc_hd__dfrtp_1)
                         -0.25   20.31   clock uncertainty
                          0.00   20.31   clock reconvergence pessimism
                         -0.27   20.05   library setup time
                                 20.05   data required time
-----------------------------------------------------------------------------
                                 20.05   data required time
                                 -8.02   data arrival time
-----------------------------------------------------------------------------
                                 12.03   slack (MET)


Startpoint: tx_start (input port clocked by clk)
Endpoint: _289_ (rising edge-triggered flip-flop clocked by clk)
Path Group: clk
Path Type: max
Corner: Slowest

Fanout     Cap    Slew   Delay    Time   Description
-----------------------------------------------------------------------------
                          0.00    0.00   clock clk (rise edge)
                          0.00    0.00   clock network delay (propagated)
                          4.00    4.00 ^ input external delay
                  0.03    0.02    4.02 ^ tx_start (in)
     1    0.00                           tx_start (net)
                  0.03    0.00    4.02 ^ input11/A (sky130_fd_sc_hd__clkbuf_1)
                  0.14    0.19    4.21 ^ input11/X (sky130_fd_sc_hd__clkbuf_1)
     1    0.01                           net11 (net)
                  0.14    0.00    4.21 ^ _216_/D_N (sky130_fd_sc_hd__or4b_2)
                  0.29    1.64    5.85 v _216_/X (sky130_fd_sc_hd__or4b_2)
     3    0.01                           _088_ (net)
                  0.29    0.00    5.85 v _223_/A (sky130_fd_sc_hd__clkbuf_4)
                  0.17    0.48    6.33 v _223_/X (sky130_fd_sc_hd__clkbuf_4)
    10    0.05                           _094_ (net)
                  0.17    0.00    6.33 v _237_/S (sky130_fd_sc_hd__mux2_1)
                  0.12    0.77    7.11 v _237_/X (sky130_fd_sc_hd__mux2_1)
     1    0.00                           _104_ (net)
                  0.12    0.00    7.11 v _238_/A1 (sky130_fd_sc_hd__mux2_1)
                  0.11    0.70    7.81 v _238_/X (sky130_fd_sc_hd__mux2_1)
     1    0.00                           _105_ (net)
                  0.11    0.00    7.81 v _239_/A (sky130_fd_sc_hd__clkbuf_1)
                  0.04    0.18    7.99 v _239_/X (sky130_fd_sc_hd__clkbuf_1)
     1    0.00                           _028_ (net)
                  0.04    0.00    7.99 v _289_/D (sky130_fd_sc_hd__dfrtp_1)
                                  7.99   data arrival time

                         20.00   20.00   clock clk (rise edge)
                          0.00   20.00   clock source latency
                  0.11    0.07   20.07 ^ clk (in)
     1    0.01                           clk (net)
                  0.11    0.00   20.07 ^ clkbuf_0_clk/A (sky130_fd_sc_hd__clkbuf_16)
                  0.10    0.26   20.33 ^ clkbuf_0_clk/X (sky130_fd_sc_hd__clkbuf_16)
     4    0.04                           clknet_0_clk (net)
                  0.10    0.00   20.33 ^ clkbuf_2_0__f_clk/A (sky130_fd_sc_hd__clkbuf_16)
                  0.08    0.23   20.56 ^ clkbuf_2_0__f_clk/X (sky130_fd_sc_hd__clkbuf_16)
     9    0.03                           clknet_2_0__leaf_clk (net)
                  0.08    0.00   20.56 ^ _289_/CLK (sky130_fd_sc_hd__dfrtp_1)
                         -0.25   20.31   clock uncertainty
                          0.00   20.31   clock reconvergence pessimism
                         -0.26   20.05   library setup time
                                 20.05   data required time
-----------------------------------------------------------------------------
                                 20.05   data required time
                                 -7.99   data arrival time
-----------------------------------------------------------------------------
                                 12.06   slack (MET)


Startpoint: tx_start (input port clocked by clk)
Endpoint: _292_ (rising edge-triggered flip-flop clocked by clk)
Path Group: clk
Path Type: max
Corner: Slowest

Fanout     Cap    Slew   Delay    Time   Description
-----------------------------------------------------------------------------
                          0.00    0.00   clock clk (rise edge)
                          0.00    0.00   clock network delay (propagated)
                          4.00    4.00 ^ input external delay
                  0.03    0.02    4.02 ^ tx_start (in)
     1    0.00                           tx_start (net)
                  0.03    0.00    4.02 ^ input11/A (sky130_fd_sc_hd__clkbuf_1)
                  0.14    0.19    4.21 ^ input11/X (sky130_fd_sc_hd__clkbuf_1)
     1    0.01                           net11 (net)
                  0.14    0.00    4.21 ^ _216_/D_N (sky130_fd_sc_hd__or4b_2)
                  0.29    1.64    5.85 v _216_/X (sky130_fd_sc_hd__or4b_2)
     3    0.01                           _088_ (net)
                  0.29    0.00    5.85 v _223_/A (sky130_fd_sc_hd__clkbuf_4)
                  0.17    0.48    6.33 v _223_/X (sky130_fd_sc_hd__clkbuf_4)
    10    0.05                           _094_ (net)
                  0.17    0.00    6.33 v _246_/S (sky130_fd_sc_hd__mux2_1)
                  0.11    0.76    7.10 v _246_/X (sky130_fd_sc_hd__mux2_1)
     1    0.00                           _110_ (net)
                  0.11    0.00    7.10 v _247_/A1 (sky130_fd_sc_hd__mux2_1)
                  0.11    0.70    7.80 v _247_/X (sky130_fd_sc_hd__mux2_1)
     1    0.00                           _111_ (net)
                  0.11    0.00    7.80 v _248_/A (sky130_fd_sc_hd__clkbuf_1)
                  0.04    0.18    7.98 v _248_/X (sky130_fd_sc_hd__clkbuf_1)
     1    0.00                           _031_ (net)
                  0.04    0.00    7.99 v _292_/D (sky130_fd_sc_hd__dfrtp_1)
                                  7.99   data arrival time

                         20.00   20.00   clock clk (rise edge)
                          0.00   20.00   clock source latency
                  0.11    0.07   20.07 ^ clk (in)
     1    0.01                           clk (net)
                  0.11    0.00   20.07 ^ clkbuf_0_clk/A (sky130_fd_sc_hd__clkbuf_16)
                  0.10    0.26   20.33 ^ clkbuf_0_clk/X (sky130_fd_sc_hd__clkbuf_16)
     4    0.04                           clknet_0_clk (net)
                  0.10    0.00   20.33 ^ clkbuf_2_0__f_clk/A (sky130_fd_sc_hd__clkbuf_16)
                  0.08    0.23   20.56 ^ clkbuf_2_0__f_clk/X (sky130_fd_sc_hd__clkbuf_16)
     9    0.03                           clknet_2_0__leaf_clk (net)
                  0.08    0.00   20.56 ^ _292_/CLK (sky130_fd_sc_hd__dfrtp_1)
                         -0.25   20.31   clock uncertainty
                          0.00   20.31   clock reconvergence pessimism
                         -0.26   20.05   library setup time
                                 20.05   data required time
-----------------------------------------------------------------------------
                                 20.05   data required time
                                 -7.99   data arrival time
-----------------------------------------------------------------------------
                                 12.06   slack (MET)


Startpoint: tx_start (input port clocked by clk)
Endpoint: _291_ (rising edge-triggered flip-flop clocked by clk)
Path Group: clk
Path Type: max
Corner: Slowest

Fanout     Cap    Slew   Delay    Time   Description
-----------------------------------------------------------------------------
                          0.00    0.00   clock clk (rise edge)
                          0.00    0.00   clock network delay (propagated)
                          4.00    4.00 ^ input external delay
                  0.03    0.02    4.02 ^ tx_start (in)
     1    0.00                           tx_start (net)
                  0.03    0.00    4.02 ^ input11/A (sky130_fd_sc_hd__clkbuf_1)
                  0.14    0.19    4.21 ^ input11/X (sky130_fd_sc_hd__clkbuf_1)
     1    0.01                           net11 (net)
                  0.14    0.00    4.21 ^ _216_/D_N (sky130_fd_sc_hd__or4b_2)
                  0.29    1.64    5.85 v _216_/X (sky130_fd_sc_hd__or4b_2)
     3    0.01                           _088_ (net)
                  0.29    0.00    5.85 v _223_/A (sky130_fd_sc_hd__clkbuf_4)
                  0.17    0.48    6.33 v _223_/X (sky130_fd_sc_hd__clkbuf_4)
    10    0.05                           _094_ (net)
                  0.17    0.00    6.33 v _243_/S (sky130_fd_sc_hd__mux2_1)
                  0.11    0.77    7.10 v _243_/X (sky130_fd_sc_hd__mux2_1)
     1    0.00                           _108_ (net)
                  0.11    0.00    7.10 v _244_/A1 (sky130_fd_sc_hd__mux2_1)
                  0.10    0.69    7.79 v _244_/X (sky130_fd_sc_hd__mux2_1)
     1    0.00                           _109_ (net)
                  0.10    0.00    7.79 v _245_/A (sky130_fd_sc_hd__clkbuf_1)
                  0.05    0.18    7.97 v _245_/X (sky130_fd_sc_hd__clkbuf_1)
     1    0.00                           _030_ (net)
                  0.05    0.00    7.97 v _291_/D (sky130_fd_sc_hd__dfrtp_1)
                                  7.97   data arrival time

                         20.00   20.00   clock clk (rise edge)
                          0.00   20.00   clock source latency
                  0.11    0.07   20.07 ^ clk (in)
     1    0.01                           clk (net)
                  0.11    0.00   20.07 ^ clkbuf_0_clk/A (sky130_fd_sc_hd__clkbuf_16)
                  0.10    0.26   20.33 ^ clkbuf_0_clk/X (sky130_fd_sc_hd__clkbuf_16)
     4    0.04                           clknet_0_clk (net)
                  0.10    0.00   20.33 ^ clkbuf_2_0__f_clk/A (sky130_fd_sc_hd__clkbuf_16)
                  0.08    0.23   20.56 ^ clkbuf_2_0__f_clk/X (sky130_fd_sc_hd__clkbuf_16)
     9    0.03                           clknet_2_0__leaf_clk (net)
                  0.08    0.00   20.56 ^ _291_/CLK (sky130_fd_sc_hd__dfrtp_1)
                         -0.25   20.31   clock uncertainty
                          0.00   20.31   clock reconvergence pessimism
                         -0.26   20.05   library setup time
                                 20.05   data required time
-----------------------------------------------------------------------------
                                 20.05   data required time
                                 -7.97   data arrival time
-----------------------------------------------------------------------------
                                 12.08   slack (MET)


Startpoint: tx_start (input port clocked by clk)
Endpoint: _293_ (rising edge-triggered flip-flop clocked by clk)
Path Group: clk
Path Type: max
Corner: Slowest

Fanout     Cap    Slew   Delay    Time   Description
-----------------------------------------------------------------------------
                          0.00    0.00   clock clk (rise edge)
                          0.00    0.00   clock network delay (propagated)
                          4.00    4.00 ^ input external delay
                  0.03    0.02    4.02 ^ tx_start (in)
     1    0.00                           tx_start (net)
                  0.03    0.00    4.02 ^ input11/A (sky130_fd_sc_hd__clkbuf_1)
                  0.14    0.19    4.21 ^ input11/X (sky130_fd_sc_hd__clkbuf_1)
     1    0.01                           net11 (net)
                  0.14    0.00    4.21 ^ _216_/D_N (sky130_fd_sc_hd__or4b_2)
                  0.29    1.64    5.85 v _216_/X (sky130_fd_sc_hd__or4b_2)
     3    0.01                           _088_ (net)
                  0.29    0.00    5.85 v _223_/A (sky130_fd_sc_hd__clkbuf_4)
                  0.17    0.48    6.33 v _223_/X (sky130_fd_sc_hd__clkbuf_4)
    10    0.05                           _094_ (net)
                  0.17    0.00    6.33 v _249_/S (sky130_fd_sc_hd__mux2_1)
                  0.10    0.75    7.08 v _249_/X (sky130_fd_sc_hd__mux2_1)
     1    0.00                           _112_ (net)
                  0.10    0.00    7.08 v _250_/A1 (sky130_fd_sc_hd__mux2_1)
                  0.11    0.69    7.78 v _250_/X (sky130_fd_sc_hd__mux2_1)
     1    0.00                           _113_ (net)
                  0.11    0.00    7.78 v _251_/A (sky130_fd_sc_hd__clkbuf_1)
                  0.05    0.18    7.96 v _251_/X (sky130_fd_sc_hd__clkbuf_1)
     1    0.00                           _032_ (net)
                  0.05    0.00    7.96 v _293_/D (sky130_fd_sc_hd__dfrtp_1)
                                  7.96   data arrival time

                         20.00   20.00   clock clk (rise edge)
                          0.00   20.00   clock source latency
                  0.11    0.07   20.07 ^ clk (in)
     1    0.01                           clk (net)
                  0.11    0.00   20.07 ^ clkbuf_0_clk/A (sky130_fd_sc_hd__clkbuf_16)
                  0.10    0.26   20.33 ^ clkbuf_0_clk/X (sky130_fd_sc_hd__clkbuf_16)
     4    0.04                           clknet_0_clk (net)
                  0.10    0.00   20.33 ^ clkbuf_2_0__f_clk/A (sky130_fd_sc_hd__clkbuf_16)
                  0.08    0.23   20.56 ^ clkbuf_2_0__f_clk/X (sky130_fd_sc_hd__clkbuf_16)
     9    0.03                           clknet_2_0__leaf_clk (net)
                  0.08    0.00   20.56 ^ _293_/CLK (sky130_fd_sc_hd__dfrtp_1)
                         -0.25   20.31   clock uncertainty
                          0.00   20.31   clock reconvergence pessimism
                         -0.26   20.05   library setup time
                                 20.05   data required time
-----------------------------------------------------------------------------
                                 20.05   data required time
                                 -7.96   data arrival time
-----------------------------------------------------------------------------
                                 12.09   slack (MET)


Startpoint: tx_start (input port clocked by clk)
Endpoint: _290_ (rising edge-triggered flip-flop clocked by clk)
Path Group: clk
Path Type: max
Corner: Slowest

Fanout     Cap    Slew   Delay    Time   Description
-----------------------------------------------------------------------------
                          0.00    0.00   clock clk (rise edge)
                          0.00    0.00   clock network delay (propagated)
                          4.00    4.00 ^ input external delay
                  0.03    0.02    4.02 ^ tx_start (in)
     1    0.00                           tx_start (net)
                  0.03    0.00    4.02 ^ input11/A (sky130_fd_sc_hd__clkbuf_1)
                  0.14    0.19    4.21 ^ input11/X (sky130_fd_sc_hd__clkbuf_1)
     1    0.01                           net11 (net)
                  0.14    0.00    4.21 ^ _216_/D_N (sky130_fd_sc_hd__or4b_2)
                  0.29    1.64    5.85 v _216_/X (sky130_fd_sc_hd__or4b_2)
     3    0.01                           _088_ (net)
                  0.29    0.00    5.85 v _223_/A (sky130_fd_sc_hd__clkbuf_4)
                  0.17    0.48    6.33 v _223_/X (sky130_fd_sc_hd__clkbuf_4)
    10    0.05                           _094_ (net)
                  0.17    0.00    6.33 v _240_/S (sky130_fd_sc_hd__mux2_1)
                  0.10    0.75    7.08 v _240_/X (sky130_fd_sc_hd__mux2_1)
     1    0.00                           _106_ (net)
                  0.10    0.00    7.08 v _241_/A1 (sky130_fd_sc_hd__mux2_1)
                  0.10    0.68    7.77 v _241_/X (sky130_fd_sc_hd__mux2_1)
     1    0.00                           _107_ (net)
                  0.10    0.00    7.77 v _242_/A (sky130_fd_sc_hd__clkbuf_1)
                  0.04    0.18    7.95 v _242_/X (sky130_fd_sc_hd__clkbuf_1)
     1    0.00                           _029_ (net)
                  0.04    0.00    7.95 v _290_/D (sky130_fd_sc_hd__dfrtp_1)
                                  7.95   data arrival time

                         20.00   20.00   clock clk (rise edge)
                          0.00   20.00   clock source latency
                  0.11    0.07   20.07 ^ clk (in)
     1    0.01                           clk (net)
                  0.11    0.00   20.07 ^ clkbuf_0_clk/A (sky130_fd_sc_hd__clkbuf_16)
                  0.10    0.26   20.33 ^ clkbuf_0_clk/X (sky130_fd_sc_hd__clkbuf_16)
     4    0.04                           clknet_0_clk (net)
                  0.10    0.00   20.33 ^ clkbuf_2_0__f_clk/A (sky130_fd_sc_hd__clkbuf_16)
                  0.08    0.23   20.56 ^ clkbuf_2_0__f_clk/X (sky130_fd_sc_hd__clkbuf_16)
     9    0.03                           clknet_2_0__leaf_clk (net)
                  0.08    0.00   20.56 ^ _290_/CLK (sky130_fd_sc_hd__dfrtp_1)
                         -0.25   20.31   clock uncertainty
                          0.00   20.31   clock reconvergence pessimism
                         -0.26   20.05   library setup time
                                 20.05   data required time
-----------------------------------------------------------------------------
                                 20.05   data required time
                                 -7.95   data arrival time
-----------------------------------------------------------------------------
                                 12.10   slack (MET)


Startpoint: tx_start (input port clocked by clk)
Endpoint: _294_ (rising edge-triggered flip-flop clocked by clk)
Path Group: clk
Path Type: max
Corner: Slowest

Fanout     Cap    Slew   Delay    Time   Description
-----------------------------------------------------------------------------
                          0.00    0.00   clock clk (rise edge)
                          0.00    0.00   clock network delay (propagated)
                          4.00    4.00 ^ input external delay
                  0.03    0.02    4.02 ^ tx_start (in)
     1    0.00                           tx_start (net)
                  0.03    0.00    4.02 ^ input11/A (sky130_fd_sc_hd__clkbuf_1)
                  0.14    0.19    4.21 ^ input11/X (sky130_fd_sc_hd__clkbuf_1)
     1    0.01                           net11 (net)
                  0.14    0.00    4.21 ^ _216_/D_N (sky130_fd_sc_hd__or4b_2)
                  0.29    1.64    5.85 v _216_/X (sky130_fd_sc_hd__or4b_2)
     3    0.01                           _088_ (net)
                  0.29    0.00    5.85 v _223_/A (sky130_fd_sc_hd__clkbuf_4)
                  0.17    0.48    6.33 v _223_/X (sky130_fd_sc_hd__clkbuf_4)
    10    0.05                           _094_ (net)
                  0.17    0.00    6.33 v _234_/A1 (sky130_fd_sc_hd__a21oi_4)
                  0.45    0.50    6.83 ^ _234_/Y (sky130_fd_sc_hd__a21oi_4)
     8    0.04                           _102_ (net)
                  0.45    0.00    6.83 ^ _253_/S (sky130_fd_sc_hd__mux2_1)
                  0.11    0.85    7.68 v _253_/X (sky130_fd_sc_hd__mux2_1)
     1    0.00                           _115_ (net)
                  0.11    0.00    7.68 v _254_/A (sky130_fd_sc_hd__clkbuf_1)
                  0.05    0.19    7.87 v _254_/X (sky130_fd_sc_hd__clkbuf_1)
     1    0.00                           _033_ (net)
                  0.05    0.00    7.87 v _294_/D (sky130_fd_sc_hd__dfrtp_1)
                                  7.87   data arrival time

                         20.00   20.00   clock clk (rise edge)
                          0.00   20.00   clock source latency
                  0.11    0.07   20.07 ^ clk (in)
     1    0.01                           clk (net)
                  0.11    0.00   20.07 ^ clkbuf_0_clk/A (sky130_fd_sc_hd__clkbuf_16)
                  0.10    0.26   20.33 ^ clkbuf_0_clk/X (sky130_fd_sc_hd__clkbuf_16)
     4    0.04                           clknet_0_clk (net)
                  0.10    0.00   20.33 ^ clkbuf_2_0__f_clk/A (sky130_fd_sc_hd__clkbuf_16)
                  0.08    0.23   20.56 ^ clkbuf_2_0__f_clk/X (sky130_fd_sc_hd__clkbuf_16)
     9    0.03                           clknet_2_0__leaf_clk (net)
                  0.08    0.00   20.56 ^ _294_/CLK (sky130_fd_sc_hd__dfrtp_1)
                         -0.25   20.31   clock uncertainty
                          0.00   20.31   clock reconvergence pessimism
                         -0.27   20.05   library setup time
                                 20.05   data required time
-----------------------------------------------------------------------------
                                 20.05   data required time
                                 -7.87   data arrival time
-----------------------------------------------------------------------------
                                 12.17   slack (MET)


Startpoint: _273_ (rising edge-triggered flip-flop clocked by clk)
Endpoint: tx (output port clocked by clk)
Path Group: clk
Path Type: max
Corner: Slowest

Fanout     Cap    Slew   Delay    Time   Description
-----------------------------------------------------------------------------
                          0.00    0.00   clock clk (rise edge)
                          0.00    0.00   clock source latency
                  0.11    0.08    0.08 ^ clk (in)
     1    0.01                           clk (net)
                  0.11    0.00    0.08 ^ clkbuf_0_clk/A (sky130_fd_sc_hd__clkbuf_16)
                  0.10    0.29    0.36 ^ clkbuf_0_clk/X (sky130_fd_sc_hd__clkbuf_16)
     4    0.04                           clknet_0_clk (net)
                  0.10    0.00    0.36 ^ clkbuf_2_2__f_clk/A (sky130_fd_sc_hd__clkbuf_16)
                  0.07    0.25    0.62 ^ clkbuf_2_2__f_clk/X (sky130_fd_sc_hd__clkbuf_16)
     8    0.02                           clknet_2_2__leaf_clk (net)
                  0.07    0.00    0.62 ^ _273_/CLK (sky130_fd_sc_hd__dfrtp_2)
                  0.15    0.95    1.57 v _273_/Q (sky130_fd_sc_hd__dfrtp_2)
     5    0.02                           net12 (net)
                  0.15    0.00    1.57 v _130_/A (sky130_fd_sc_hd__clkbuf_4)
                  0.15    0.39    1.96 v _130_/X (sky130_fd_sc_hd__clkbuf_4)
    10    0.04                           _120_ (net)
                  0.15    0.00    1.96 v _132_/A (sky130_fd_sc_hd__nor2_1)
                  0.46    0.47    2.43 ^ _132_/Y (sky130_fd_sc_hd__nor2_1)
     3    0.01                           net14 (net)
                  0.46    0.00    2.43 ^ _142_/B1 (sky130_fd_sc_hd__o211ai_1)
                  0.25    0.42    2.85 v _142_/Y (sky130_fd_sc_hd__o211ai_1)
     1    0.01                           net13 (net)
                  0.25    0.00    2.85 v output13/A (sky130_fd_sc_hd__clkbuf_4)
                  0.14    0.43    3.28 v output13/X (sky130_fd_sc_hd__clkbuf_4)
     1    0.03                           tx (net)
                  0.14    0.00    3.28 v tx (out)
                                  3.28   data arrival time

                         20.00   20.00   clock clk (rise edge)
                          0.00   20.00   clock network delay (propagated)
                         -0.25   19.75   clock uncertainty
                          0.00   19.75   clock reconvergence pessimism
                         -4.00   15.75   output external delay
                                 15.75   data required time
-----------------------------------------------------------------------------
                                 15.75   data required time
                                 -3.28   data arrival time
-----------------------------------------------------------------------------
                                 12.47   slack (MET)


Startpoint: tx_start (input port clocked by clk)
Endpoint: _295_ (rising edge-triggered flip-flop clocked by clk)
Path Group: clk
Path Type: max
Corner: Slowest

Fanout     Cap    Slew   Delay    Time   Description
-----------------------------------------------------------------------------
                          0.00    0.00   clock clk (rise edge)
                          0.00    0.00   clock network delay (propagated)
                          4.00    4.00 ^ input external delay
                  0.03    0.02    4.02 ^ tx_start (in)
     1    0.00                           tx_start (net)
                  0.03    0.00    4.02 ^ input11/A (sky130_fd_sc_hd__clkbuf_1)
                  0.14    0.19    4.21 ^ input11/X (sky130_fd_sc_hd__clkbuf_1)
     1    0.01                           net11 (net)
                  0.14    0.00    4.21 ^ _216_/D_N (sky130_fd_sc_hd__or4b_2)
                  0.29    1.64    5.85 v _216_/X (sky130_fd_sc_hd__or4b_2)
     3    0.01                           _088_ (net)
                  0.29    0.00    5.85 v _223_/A (sky130_fd_sc_hd__clkbuf_4)
                  0.17    0.48    6.33 v _223_/X (sky130_fd_sc_hd__clkbuf_4)
    10    0.05                           _094_ (net)
                  0.17    0.00    6.33 v _234_/A1 (sky130_fd_sc_hd__a21oi_4)
                  0.45    0.50    6.83 ^ _234_/Y (sky130_fd_sc_hd__a21oi_4)
     8    0.04                           _102_ (net)
                  0.45    0.00    6.83 ^ _255_/A (sky130_fd_sc_hd__inv_2)
                  0.08    0.15    6.98 v _255_/Y (sky130_fd_sc_hd__inv_2)
     1    0.00                           _116_ (net)
                  0.08    0.00    6.98 v _257_/A2 (sky130_fd_sc_hd__a22o_1)
                  0.07    0.43    7.41 v _257_/X (sky130_fd_sc_hd__a22o_1)
     1    0.00                           _034_ (net)
                  0.07    0.00    7.41 v _295_/D (sky130_fd_sc_hd__dfrtp_1)
                                  7.41   data arrival time

                         20.00   20.00   clock clk (rise edge)
                          0.00   20.00   clock source latency
                  0.11    0.07   20.07 ^ clk (in)
     1    0.01                           clk (net)
                  0.11    0.00   20.07 ^ clkbuf_0_clk/A (sky130_fd_sc_hd__clkbuf_16)
                  0.10    0.26   20.33 ^ clkbuf_0_clk/X (sky130_fd_sc_hd__clkbuf_16)
     4    0.04                           clknet_0_clk (net)
                  0.10    0.00   20.33 ^ clkbuf_2_0__f_clk/A (sky130_fd_sc_hd__clkbuf_16)
                  0.08    0.23   20.56 ^ clkbuf_2_0__f_clk/X (sky130_fd_sc_hd__clkbuf_16)
     9    0.03                           clknet_2_0__leaf_clk (net)
                  0.08    0.00   20.56 ^ _295_/CLK (sky130_fd_sc_hd__dfrtp_1)
                         -0.25   20.31   clock uncertainty
                          0.00   20.31   clock reconvergence pessimism
                         -0.27   20.04   library setup time
                                 20.04   data required time
-----------------------------------------------------------------------------
                                 20.04   data required time
                                 -7.41   data arrival time
-----------------------------------------------------------------------------
                                 12.63   slack (MET)


Startpoint: _273_ (rising edge-triggered flip-flop clocked by clk)
Endpoint: tx_busy (output port clocked by clk)
Path Group: clk
Path Type: max
Corner: Slowest

Fanout     Cap    Slew   Delay    Time   Description
-----------------------------------------------------------------------------
                          0.00    0.00   clock clk (rise edge)
                          0.00    0.00   clock source latency
                  0.11    0.08    0.08 ^ clk (in)
     1    0.01                           clk (net)
                  0.11    0.00    0.08 ^ clkbuf_0_clk/A (sky130_fd_sc_hd__clkbuf_16)
                  0.10    0.29    0.36 ^ clkbuf_0_clk/X (sky130_fd_sc_hd__clkbuf_16)
     4    0.04                           clknet_0_clk (net)
                  0.10    0.00    0.36 ^ clkbuf_2_2__f_clk/A (sky130_fd_sc_hd__clkbuf_16)
                  0.07    0.25    0.62 ^ clkbuf_2_2__f_clk/X (sky130_fd_sc_hd__clkbuf_16)
     8    0.02                           clknet_2_2__leaf_clk (net)
                  0.07    0.00    0.62 ^ _273_/CLK (sky130_fd_sc_hd__dfrtp_2)
                  0.15    0.95    1.57 v _273_/Q (sky130_fd_sc_hd__dfrtp_2)
     5    0.02                           net12 (net)
                  0.15    0.00    1.57 v _130_/A (sky130_fd_sc_hd__clkbuf_4)
                  0.15    0.39    1.96 v _130_/X (sky130_fd_sc_hd__clkbuf_4)
    10    0.04                           _120_ (net)
                  0.15    0.00    1.96 v _132_/A (sky130_fd_sc_hd__nor2_1)
                  0.46    0.47    2.43 ^ _132_/Y (sky130_fd_sc_hd__nor2_1)
     3    0.01                           net14 (net)
                  0.46    0.00    2.43 ^ output14/A (sky130_fd_sc_hd__clkbuf_4)
                  0.18    0.53    2.96 ^ output14/X (sky130_fd_sc_hd__clkbuf_4)
     1    0.03                           tx_busy (net)
                  0.18    0.00    2.96 ^ tx_busy (out)
                                  2.96   data arrival time

                         20.00   20.00   clock clk (rise edge)
                          0.00   20.00   clock network delay (propagated)
                         -0.25   19.75   clock uncertainty
                          0.00   19.75   clock reconvergence pessimism
                         -4.00   15.75   output external delay
                                 15.75   data required time
-----------------------------------------------------------------------------
                                 15.75   data required time
                                 -2.96   data arrival time
-----------------------------------------------------------------------------
                                 12.79   slack (MET)


Startpoint: tx_start (input port clocked by clk)
Endpoint: _287_ (rising edge-triggered flip-flop clocked by clk)
Path Group: clk
Path Type: max
Corner: Slowest

Fanout     Cap    Slew   Delay    Time   Description
-----------------------------------------------------------------------------
                          0.00    0.00   clock clk (rise edge)
                          0.00    0.00   clock network delay (propagated)
                          4.00    4.00 ^ input external delay
                  0.03    0.02    4.02 ^ tx_start (in)
     1    0.00                           tx_start (net)
                  0.03    0.00    4.02 ^ input11/A (sky130_fd_sc_hd__clkbuf_1)
                  0.14    0.19    4.21 ^ input11/X (sky130_fd_sc_hd__clkbuf_1)
     1    0.01                           net11 (net)
                  0.14    0.00    4.21 ^ _216_/D_N (sky130_fd_sc_hd__or4b_2)
                  0.29    1.64    5.85 v _216_/X (sky130_fd_sc_hd__or4b_2)
     3    0.01                           _088_ (net)
                  0.29    0.00    5.85 v _217_/A2 (sky130_fd_sc_hd__a21oi_2)
                  0.29    0.45    6.30 ^ _217_/Y (sky130_fd_sc_hd__a21oi_2)
     4    0.01                           _089_ (net)
                  0.29    0.00    6.30 ^ _227_/B1 (sky130_fd_sc_hd__o21ai_1)
                  0.15    0.26    6.56 v _227_/Y (sky130_fd_sc_hd__o21ai_1)
     2    0.01                           _097_ (net)
                  0.15    0.00    6.56 v _232_/B1 (sky130_fd_sc_hd__a2bb2o_1)
                  0.10    0.64    7.20 v _232_/X (sky130_fd_sc_hd__a2bb2o_1)
     1    0.00                           _026_ (net)
                  0.10    0.00    7.20 v _287_/D (sky130_fd_sc_hd__dfrtp_1)
                                  7.20   data arrival time

                         20.00   20.00   clock clk (rise edge)
                          0.00   20.00   clock source latency
                  0.11    0.07   20.07 ^ clk (in)
     1    0.01                           clk (net)
                  0.11    0.00   20.07 ^ clkbuf_0_clk/A (sky130_fd_sc_hd__clkbuf_16)
                  0.10    0.26   20.33 ^ clkbuf_0_clk/X (sky130_fd_sc_hd__clkbuf_16)
     4    0.04                           clknet_0_clk (net)
                  0.10    0.00   20.33 ^ clkbuf_2_0__f_clk/A (sky130_fd_sc_hd__clkbuf_16)
                  0.08    0.23   20.56 ^ clkbuf_2_0__f_clk/X (sky130_fd_sc_hd__clkbuf_16)
     9    0.03                           clknet_2_0__leaf_clk (net)
                  0.08    0.00   20.56 ^ _287_/CLK (sky130_fd_sc_hd__dfrtp_1)
                         -0.25   20.31   clock uncertainty
                          0.00   20.31   clock reconvergence pessimism
                         -0.29   20.03   library setup time
                                 20.03   data required time
-----------------------------------------------------------------------------
                                 20.03   data required time
                                 -7.20   data arrival time
-----------------------------------------------------------------------------
                                 12.83   slack (MET)


Startpoint: tx_start (input port clocked by clk)
Endpoint: _285_ (rising edge-triggered flip-flop clocked by clk)
Path Group: clk
Path Type: max
Corner: Slowest

Fanout     Cap    Slew   Delay    Time   Description
-----------------------------------------------------------------------------
                          0.00    0.00   clock clk (rise edge)
                          0.00    0.00   clock network delay (propagated)
                          4.00    4.00 ^ input external delay
                  0.03    0.02    4.02 ^ tx_start (in)
     1    0.00                           tx_start (net)
                  0.03    0.00    4.02 ^ input11/A (sky130_fd_sc_hd__clkbuf_1)
                  0.14    0.19    4.21 ^ input11/X (sky130_fd_sc_hd__clkbuf_1)
     1    0.01                           net11 (net)
                  0.14    0.00    4.21 ^ _216_/D_N (sky130_fd_sc_hd__or4b_2)
                  0.29    1.64    5.85 v _216_/X (sky130_fd_sc_hd__or4b_2)
     3    0.01                           _088_ (net)
                  0.29    0.00    5.85 v _223_/A (sky130_fd_sc_hd__clkbuf_4)
                  0.17    0.48    6.33 v _223_/X (sky130_fd_sc_hd__clkbuf_4)
    10    0.05                           _094_ (net)
                  0.17    0.00    6.33 v _224_/A2 (sky130_fd_sc_hd__a21o_1)
                  0.09    0.41    6.74 v _224_/X (sky130_fd_sc_hd__a21o_1)
     2    0.01                           _095_ (net)
                  0.09    0.00    6.74 v _225_/B2 (sky130_fd_sc_hd__o22a_1)
                  0.09    0.34    7.09 v _225_/X (sky130_fd_sc_hd__o22a_1)
     1    0.00                           _024_ (net)
                  0.09    0.00    7.09 v _285_/D (sky130_fd_sc_hd__dfrtp_1)
                                  7.09   data arrival time

                         20.00   20.00   clock clk (rise edge)
                          0.00   20.00   clock source latency
                  0.11    0.07   20.07 ^ clk (in)
     1    0.01                           clk (net)
                  0.11    0.00   20.07 ^ clkbuf_0_clk/A (sky130_fd_sc_hd__clkbuf_16)
                  0.10    0.26   20.33 ^ clkbuf_0_clk/X (sky130_fd_sc_hd__clkbuf_16)
     4    0.04                           clknet_0_clk (net)
                  0.10    0.00   20.33 ^ clkbuf_2_1__f_clk/A (sky130_fd_sc_hd__clkbuf_16)
                  0.08    0.24   20.57 ^ clkbuf_2_1__f_clk/X (sky130_fd_sc_hd__clkbuf_16)
    11    0.03                           clknet_2_1__leaf_clk (net)
                  0.08    0.00   20.57 ^ _285_/CLK (sky130_fd_sc_hd__dfrtp_1)
                         -0.25   20.32   clock uncertainty
                          0.00   20.32   clock reconvergence pessimism
                         -0.28   20.04   library setup time
                                 20.04   data required time
-----------------------------------------------------------------------------
                                 20.04   data required time
                                 -7.09   data arrival time
-----------------------------------------------------------------------------
                                 12.95   slack (MET)


Startpoint: tx_start (input port clocked by clk)
Endpoint: _286_ (rising edge-triggered flip-flop clocked by clk)
Path Group: clk
Path Type: max
Corner: Slowest

Fanout     Cap    Slew   Delay    Time   Description
-----------------------------------------------------------------------------
                          0.00    0.00   clock clk (rise edge)
                          0.00    0.00   clock network delay (propagated)
                          4.00    4.00 ^ input external delay
                  0.03    0.02    4.02 ^ tx_start (in)
     1    0.00                           tx_start (net)
                  0.03    0.00    4.02 ^ input11/A (sky130_fd_sc_hd__clkbuf_1)
                  0.14    0.19    4.21 ^ input11/X (sky130_fd_sc_hd__clkbuf_1)
     1    0.01                           net11 (net)
                  0.14    0.00    4.21 ^ _216_/D_N (sky130_fd_sc_hd__or4b_2)
                  0.29    1.64    5.85 v _216_/X (sky130_fd_sc_hd__or4b_2)
     3    0.01                           _088_ (net)
                  0.29    0.00    5.85 v _217_/A2 (sky130_fd_sc_hd__a21oi_2)
                  0.29    0.45    6.30 ^ _217_/Y (sky130_fd_sc_hd__a21oi_2)
     4    0.01                           _089_ (net)
                  0.29    0.00    6.30 ^ _227_/B1 (sky130_fd_sc_hd__o21ai_1)
                  0.15    0.26    6.56 v _227_/Y (sky130_fd_sc_hd__o21ai_1)
     2    0.01                           _097_ (net)
                  0.15    0.00    6.56 v _229_/A (sky130_fd_sc_hd__and2_1)
                  0.07    0.33    6.89 v _229_/X (sky130_fd_sc_hd__and2_1)
     1    0.00                           _099_ (net)
                  0.07    0.00    6.89 v _230_/A (sky130_fd_sc_hd__clkbuf_1)
                  0.04    0.16    7.05 v _230_/X (sky130_fd_sc_hd__clkbuf_1)
     1    0.00                           _025_ (net)
                  0.04    0.00    7.05 v _286_/D (sky130_fd_sc_hd__dfrtp_1)
                                  7.05   data arrival time

                         20.00   20.00   clock clk (rise edge)
                          0.00   20.00   clock source latency
                  0.11    0.07   20.07 ^ clk (in)
     1    0.01                           clk (net)
                  0.11    0.00   20.07 ^ clkbuf_0_clk/A (sky130_fd_sc_hd__clkbuf_16)
                  0.10    0.26   20.33 ^ clkbuf_0_clk/X (sky130_fd_sc_hd__clkbuf_16)
     4    0.04                           clknet_0_clk (net)
                  0.10    0.00   20.33 ^ clkbuf_2_1__f_clk/A (sky130_fd_sc_hd__clkbuf_16)
                  0.08    0.24   20.57 ^ clkbuf_2_1__f_clk/X (sky130_fd_sc_hd__clkbuf_16)
    11    0.03                           clknet_2_1__leaf_clk (net)
                  0.08    0.00   20.57 ^ _286_/CLK (sky130_fd_sc_hd__dfrtp_1)
                         -0.25   20.32   clock uncertainty
                          0.00   20.32   clock reconvergence pessimism
                         -0.26   20.06   library setup time
                                 20.06   data required time
-----------------------------------------------------------------------------
                                 20.06   data required time
                                 -7.05   data arrival time
-----------------------------------------------------------------------------
                                 13.01   slack (MET)


Startpoint: tx_start (input port clocked by clk)
Endpoint: _284_ (rising edge-triggered flip-flop clocked by clk)
Path Group: clk
Path Type: max
Corner: Slowest

Fanout     Cap    Slew   Delay    Time   Description
-----------------------------------------------------------------------------
                          0.00    0.00   clock clk (rise edge)
                          0.00    0.00   clock network delay (propagated)
                          4.00    4.00 ^ input external delay
                  0.03    0.02    4.02 ^ tx_start (in)
     1    0.00                           tx_start (net)
                  0.03    0.00    4.02 ^ input11/A (sky130_fd_sc_hd__clkbuf_1)
                  0.14    0.19    4.21 ^ input11/X (sky130_fd_sc_hd__clkbuf_1)
     1    0.01                           net11 (net)
                  0.14    0.00    4.21 ^ _216_/D_N (sky130_fd_sc_hd__or4b_2)
                  0.29    1.64    5.85 v _216_/X (sky130_fd_sc_hd__or4b_2)
     3    0.01                           _088_ (net)
                  0.29    0.00    5.85 v _217_/A2 (sky130_fd_sc_hd__a21oi_2)
                  0.29    0.45    6.30 ^ _217_/Y (sky130_fd_sc_hd__a21oi_2)
     4    0.01                           _089_ (net)
                  0.29    0.00    6.30 ^ _219_/B (sky130_fd_sc_hd__and2_1)
                  0.13    0.36    6.67 ^ _219_/X (sky130_fd_sc_hd__and2_1)
     2    0.01                           _091_ (net)
                  0.13    0.00    6.67 ^ _220_/B1_N (sky130_fd_sc_hd__o21ba_1)
                  0.07    0.30    6.97 v _220_/X (sky130_fd_sc_hd__o21ba_1)
     1    0.00                           _023_ (net)
                  0.07    0.00    6.97 v _284_/D (sky130_fd_sc_hd__dfrtp_1)
                                  6.97   data arrival time

                         20.00   20.00   clock clk (rise edge)
                          0.00   20.00   clock source latency
                  0.11    0.07   20.07 ^ clk (in)
     1    0.01                           clk (net)
                  0.11    0.00   20.07 ^ clkbuf_0_clk/A (sky130_fd_sc_hd__clkbuf_16)
                  0.10    0.26   20.33 ^ clkbuf_0_clk/X (sky130_fd_sc_hd__clkbuf_16)
     4    0.04                           clknet_0_clk (net)
                  0.10    0.00   20.33 ^ clkbuf_2_1__f_clk/A (sky130_fd_sc_hd__clkbuf_16)
                  0.08    0.24   20.57 ^ clkbuf_2_1__f_clk/X (sky130_fd_sc_hd__clkbuf_16)
    11    0.03                           clknet_2_1__leaf_clk (net)
                  0.08    0.00   20.57 ^ _284_/CLK (sky130_fd_sc_hd__dfrtp_1)
                         -0.25   20.32   clock uncertainty
                          0.00   20.32   clock reconvergence pessimism
                         -0.27   20.05   library setup time
                                 20.05   data required time
-----------------------------------------------------------------------------
                                 20.05   data required time
                                 -6.97   data arrival time
-----------------------------------------------------------------------------
                                 13.08   slack (MET)


Startpoint: tx_start (input port clocked by clk)
Endpoint: _296_ (rising edge-triggered flip-flop clocked by clk)
Path Group: clk
Path Type: max
Corner: Slowest

Fanout     Cap    Slew   Delay    Time   Description
-----------------------------------------------------------------------------
                          0.00    0.00   clock clk (rise edge)
                          0.00    0.00   clock network delay (propagated)
                          4.00    4.00 ^ input external delay
                  0.03    0.02    4.02 ^ tx_start (in)
     1    0.00                           tx_start (net)
                  0.03    0.00    4.02 ^ input11/A (sky130_fd_sc_hd__clkbuf_1)
                  0.14    0.19    4.21 ^ input11/X (sky130_fd_sc_hd__clkbuf_1)
     1    0.01                           net11 (net)
                  0.14    0.00    4.21 ^ _216_/D_N (sky130_fd_sc_hd__or4b_2)
                  0.29    1.64    5.85 v _216_/X (sky130_fd_sc_hd__or4b_2)
     3    0.01                           _088_ (net)
                  0.29    0.00    5.85 v _223_/A (sky130_fd_sc_hd__clkbuf_4)
                  0.17    0.48    6.33 v _223_/X (sky130_fd_sc_hd__clkbuf_4)
    10    0.05                           _094_ (net)
                  0.17    0.00    6.33 v _259_/A1 (sky130_fd_sc_hd__a21oi_1)
                  0.18    0.27    6.60 ^ _259_/Y (sky130_fd_sc_hd__a21oi_1)
     1    0.00                           _119_ (net)
                  0.18    0.00    6.60 ^ _260_/B1 (sky130_fd_sc_hd__a21o_1)
                  0.08    0.20    6.80 ^ _260_/X (sky130_fd_sc_hd__a21o_1)
     1    0.00                           _035_ (net)
                  0.08    0.00    6.80 ^ _296_/D (sky130_fd_sc_hd__dfrtp_4)
                                  6.80   data arrival time

                         20.00   20.00   clock clk (rise edge)
                          0.00   20.00   clock source latency
                  0.11    0.07   20.07 ^ clk (in)
     1    0.01                           clk (net)
                  0.11    0.00   20.07 ^ clkbuf_0_clk/A (sky130_fd_sc_hd__clkbuf_16)
                  0.10    0.26   20.33 ^ clkbuf_0_clk/X (sky130_fd_sc_hd__clkbuf_16)
     4    0.04                           clknet_0_clk (net)
                  0.10    0.00   20.33 ^ clkbuf_2_1__f_clk/A (sky130_fd_sc_hd__clkbuf_16)
                  0.08    0.24   20.57 ^ clkbuf_2_1__f_clk/X (sky130_fd_sc_hd__clkbuf_16)
    11    0.03                           clknet_2_1__leaf_clk (net)
                  0.08    0.00   20.57 ^ _296_/CLK (sky130_fd_sc_hd__dfrtp_4)
                         -0.25   20.32   clock uncertainty
                          0.00   20.32   clock reconvergence pessimism
                         -0.14   20.18   library setup time
                                 20.18   data required time
-----------------------------------------------------------------------------
                                 20.18   data required time
                                 -6.80   data arrival time
-----------------------------------------------------------------------------
                                 13.38   slack (MET)


Startpoint: _273_ (rising edge-triggered flip-flop clocked by clk)
Endpoint: sleep_ack (output port clocked by clk)
Path Group: clk
Path Type: max
Corner: Slowest

Fanout     Cap    Slew   Delay    Time   Description
-----------------------------------------------------------------------------
                          0.00    0.00   clock clk (rise edge)
                          0.00    0.00   clock source latency
                  0.11    0.08    0.08 ^ clk (in)
     1    0.01                           clk (net)
                  0.11    0.00    0.08 ^ clkbuf_0_clk/A (sky130_fd_sc_hd__clkbuf_16)
                  0.10    0.29    0.36 ^ clkbuf_0_clk/X (sky130_fd_sc_hd__clkbuf_16)
     4    0.04                           clknet_0_clk (net)
                  0.10    0.00    0.36 ^ clkbuf_2_2__f_clk/A (sky130_fd_sc_hd__clkbuf_16)
                  0.07    0.25    0.62 ^ clkbuf_2_2__f_clk/X (sky130_fd_sc_hd__clkbuf_16)
     8    0.02                           clknet_2_2__leaf_clk (net)
                  0.07    0.00    0.62 ^ _273_/CLK (sky130_fd_sc_hd__dfrtp_2)
                  0.15    0.95    1.57 v _273_/Q (sky130_fd_sc_hd__dfrtp_2)
     5    0.02                           net12 (net)
                  0.15    0.00    1.57 v output12/A (sky130_fd_sc_hd__clkbuf_4)
                  0.14    0.38    1.95 v output12/X (sky130_fd_sc_hd__clkbuf_4)
     1    0.03                           sleep_ack (net)
                  0.14    0.00    1.95 v sleep_ack (out)
                                  1.95   data arrival time

                         20.00   20.00   clock clk (rise edge)
                          0.00   20.00   clock network delay (propagated)
                         -0.25   19.75   clock uncertainty
                          0.00   19.75   clock reconvergence pessimism
                         -4.00   15.75   output external delay
                                 15.75   data required time
-----------------------------------------------------------------------------
                                 15.75   data required time
                                 -1.95   data arrival time
-----------------------------------------------------------------------------
                                 13.80   slack (MET)


Startpoint: _263_ (rising edge-triggered flip-flop clocked by clk)
Endpoint: _266_ (rising edge-triggered flip-flop clocked by clk)
Path Group: clk
Path Type: max
Corner: Slowest

Fanout     Cap    Slew   Delay    Time   Description
-----------------------------------------------------------------------------
                          0.00    0.00   clock clk (rise edge)
                          0.00    0.00   clock source latency
                  0.11    0.08    0.08 ^ clk (in)
     1    0.01                           clk (net)
                  0.11    0.00    0.08 ^ clkbuf_0_clk/A (sky130_fd_sc_hd__clkbuf_16)
                  0.10    0.29    0.36 ^ clkbuf_0_clk/X (sky130_fd_sc_hd__clkbuf_16)
     4    0.04                           clknet_0_clk (net)
                  0.10    0.00    0.36 ^ clkbuf_2_3__f_clk/A (sky130_fd_sc_hd__clkbuf_16)
                  0.08    0.26    0.63 ^ clkbuf_2_3__f_clk/X (sky130_fd_sc_hd__clkbuf_16)
     9    0.03                           clknet_2_3__leaf_clk (net)
                  0.08    0.00    0.63 ^ _263_/CLK (sky130_fd_sc_hd__dfrtp_1)
                  0.14    0.85    1.48 v _263_/Q (sky130_fd_sc_hd__dfrtp_1)
     4    0.01                           baud_counter[1] (net)
                  0.14    0.00    1.48 v _137_/A (sky130_fd_sc_hd__or4b_1)
                  0.17    1.26    2.74 v _137_/X (sky130_fd_sc_hd__or4b_1)
     1    0.00                           _126_ (net)
                  0.17    0.00    2.74 v _138_/D (sky130_fd_sc_hd__or4_1)
                  0.25    1.16    3.90 v _138_/X (sky130_fd_sc_hd__or4_1)
     3    0.01                           _127_ (net)
                  0.25    0.00    3.90 v _155_/B_N (sky130_fd_sc_hd__nor2b_1)
                  0.13    0.44    4.34 v _155_/Y (sky130_fd_sc_hd__nor2b_1)
     4    0.01                           _045_ (net)
                  0.13    0.00    4.34 v _157_/A2 (sky130_fd_sc_hd__a32o_1)
                  0.08    0.50    4.85 v _157_/X (sky130_fd_sc_hd__a32o_1)
     1    0.00                           _005_ (net)
                  0.08    0.00    4.85 v _266_/D (sky130_fd_sc_hd__dfrtp_1)
                                  4.85   data arrival time

                         20.00   20.00   clock clk (rise edge)
                          0.00   20.00   clock source latency
                  0.11    0.07   20.07 ^ clk (in)
     1    0.01                           clk (net)
                  0.11    0.00   20.07 ^ clkbuf_0_clk/A (sky130_fd_sc_hd__clkbuf_16)
                  0.10    0.26   20.33 ^ clkbuf_0_clk/X (sky130_fd_sc_hd__clkbuf_16)
     4    0.04                           clknet_0_clk (net)
                  0.10    0.00   20.33 ^ clkbuf_2_1__f_clk/A (sky130_fd_sc_hd__clkbuf_16)
                  0.08    0.24   20.57 ^ clkbuf_2_1__f_clk/X (sky130_fd_sc_hd__clkbuf_16)
    11    0.03                           clknet_2_1__leaf_clk (net)
                  0.08    0.00   20.57 ^ _266_/CLK (sky130_fd_sc_hd__dfrtp_1)
                         -0.25   20.32   clock uncertainty
                          0.03   20.35   clock reconvergence pessimism
                         -0.28   20.07   library setup time
                                 20.07   data required time
-----------------------------------------------------------------------------
                                 20.07   data required time
                                 -4.85   data arrival time
-----------------------------------------------------------------------------
                                 15.23   slack (MET)


Startpoint: sleep (input port clocked by clk)
Endpoint: _273_ (rising edge-triggered flip-flop clocked by clk)
Path Group: clk
Path Type: max
Corner: Slowest

Fanout     Cap    Slew   Delay    Time   Description
-----------------------------------------------------------------------------
                          0.00    0.00   clock clk (rise edge)
                          0.00    0.00   clock network delay (propagated)
                          4.00    4.00 v input external delay
                  0.02    0.01    4.01 v sleep (in)
     1    0.00                           sleep (net)
                  0.02    0.00    4.01 v input2/A (sky130_fd_sc_hd__buf_1)
                  0.15    0.23    4.24 v input2/X (sky130_fd_sc_hd__buf_1)
     2    0.01                           net2 (net)
                  0.15    0.00    4.24 v _178_/B (sky130_fd_sc_hd__and2b_1)
                  0.07    0.37    4.61 v _178_/X (sky130_fd_sc_hd__and2b_1)
     1    0.00                           _061_ (net)
                  0.07    0.00    4.61 v _179_/A (sky130_fd_sc_hd__clkbuf_1)
                  0.05    0.16    4.77 v _179_/X (sky130_fd_sc_hd__clkbuf_1)
     1    0.00                           _012_ (net)
                  0.05    0.00    4.77 v _273_/D (sky130_fd_sc_hd__dfrtp_2)
                                  4.77   data arrival time

                         20.00   20.00   clock clk (rise edge)
                          0.00   20.00   clock source latency
                  0.11    0.07   20.07 ^ clk (in)
     1    0.01                           clk (net)
                  0.11    0.00   20.07 ^ clkbuf_0_clk/A (sky130_fd_sc_hd__clkbuf_16)
                  0.10    0.26   20.33 ^ clkbuf_0_clk/X (sky130_fd_sc_hd__clkbuf_16)
     4    0.04                           clknet_0_clk (net)
                  0.10    0.00   20.33 ^ clkbuf_2_2__f_clk/A (sky130_fd_sc_hd__clkbuf_16)
                  0.07    0.23   20.56 ^ clkbuf_2_2__f_clk/X (sky130_fd_sc_hd__clkbuf_16)
     8    0.02                           clknet_2_2__leaf_clk (net)
                  0.07    0.00   20.56 ^ _273_/CLK (sky130_fd_sc_hd__dfrtp_2)
                         -0.25   20.31   clock uncertainty
                          0.00   20.31   clock reconvergence pessimism
                         -0.27   20.04   library setup time
                                 20.04   data required time
-----------------------------------------------------------------------------
                                 20.04   data required time
                                 -4.77   data arrival time
-----------------------------------------------------------------------------
                                 15.27   slack (MET)


Startpoint: _263_ (rising edge-triggered flip-flop clocked by clk)
Endpoint: _270_ (rising edge-triggered flip-flop clocked by clk)
Path Group: clk
Path Type: max
Corner: Slowest

Fanout     Cap    Slew   Delay    Time   Description
-----------------------------------------------------------------------------
                          0.00    0.00   clock clk (rise edge)
                          0.00    0.00   clock source latency
                  0.11    0.08    0.08 ^ clk (in)
     1    0.01                           clk (net)
                  0.11    0.00    0.08 ^ clkbuf_0_clk/A (sky130_fd_sc_hd__clkbuf_16)
                  0.10    0.29    0.36 ^ clkbuf_0_clk/X (sky130_fd_sc_hd__clkbuf_16)
     4    0.04                           clknet_0_clk (net)
                  0.10    0.00    0.36 ^ clkbuf_2_3__f_clk/A (sky130_fd_sc_hd__clkbuf_16)
                  0.08    0.26    0.63 ^ clkbuf_2_3__f_clk/X (sky130_fd_sc_hd__clkbuf_16)
     9    0.03                           clknet_2_3__leaf_clk (net)
                  0.08    0.00    0.63 ^ _263_/CLK (sky130_fd_sc_hd__dfrtp_1)
                  0.14    0.85    1.48 v _263_/Q (sky130_fd_sc_hd__dfrtp_1)
     4    0.01                           baud_counter[1] (net)
                  0.14    0.00    1.48 v _137_/A (sky130_fd_sc_hd__or4b_1)
                  0.17    1.26    2.74 v _137_/X (sky130_fd_sc_hd__or4b_1)
     1    0.00                           _126_ (net)
                  0.17    0.00    2.74 v _138_/D (sky130_fd_sc_hd__or4_1)
                  0.25    1.16    3.90 v _138_/X (sky130_fd_sc_hd__or4_1)
     3    0.01                           _127_ (net)
                  0.25    0.00    3.90 v _155_/B_N (sky130_fd_sc_hd__nor2b_1)
                  0.13    0.44    4.34 v _155_/Y (sky130_fd_sc_hd__nor2b_1)
     4    0.01                           _045_ (net)
                  0.13    0.00    4.34 v _169_/A1 (sky130_fd_sc_hd__a32o_1)
                  0.08    0.45    4.79 v _169_/X (sky130_fd_sc_hd__a32o_1)
     1    0.00                           _009_ (net)
                  0.08    0.00    4.79 v _270_/D (sky130_fd_sc_hd__dfrtp_1)
                                  4.79   data arrival time

                         20.00   20.00   clock clk (rise edge)
                          0.00   20.00   clock source latency
                  0.11    0.07   20.07 ^ clk (in)
     1    0.01                           clk (net)
                  0.11    0.00   20.07 ^ clkbuf_0_clk/A (sky130_fd_sc_hd__clkbuf_16)
                  0.10    0.26   20.33 ^ clkbuf_0_clk/X (sky130_fd_sc_hd__clkbuf_16)
     4    0.04                           clknet_0_clk (net)
                  0.10    0.00   20.33 ^ clkbuf_2_1__f_clk/A (sky130_fd_sc_hd__clkbuf_16)
                  0.08    0.24   20.57 ^ clkbuf_2_1__f_clk/X (sky130_fd_sc_hd__clkbuf_16)
    11    0.03                           clknet_2_1__leaf_clk (net)
                  0.08    0.00   20.57 ^ _270_/CLK (sky130_fd_sc_hd__dfrtp_1)
                         -0.25   20.32   clock uncertainty
                          0.03   20.35   clock reconvergence pessimism
                         -0.28   20.08   library setup time
                                 20.08   data required time
-----------------------------------------------------------------------------
                                 20.08   data required time
                                 -4.79   data arrival time
-----------------------------------------------------------------------------
                                 15.28   slack (MET)


Startpoint: _263_ (rising edge-triggered flip-flop clocked by clk)
Endpoint: _267_ (rising edge-triggered flip-flop clocked by clk)
Path Group: clk
Path Type: max
Corner: Slowest

Fanout     Cap    Slew   Delay    Time   Description
-----------------------------------------------------------------------------
                          0.00    0.00   clock clk (rise edge)
                          0.00    0.00   clock source latency
                  0.11    0.08    0.08 ^ clk (in)
     1    0.01                           clk (net)
                  0.11    0.00    0.08 ^ clkbuf_0_clk/A (sky130_fd_sc_hd__clkbuf_16)
                  0.10    0.29    0.36 ^ clkbuf_0_clk/X (sky130_fd_sc_hd__clkbuf_16)
     4    0.04                           clknet_0_clk (net)
                  0.10    0.00    0.36 ^ clkbuf_2_3__f_clk/A (sky130_fd_sc_hd__clkbuf_16)
                  0.08    0.26    0.63 ^ clkbuf_2_3__f_clk/X (sky130_fd_sc_hd__clkbuf_16)
     9    0.03                           clknet_2_3__leaf_clk (net)
                  0.08    0.00    0.63 ^ _263_/CLK (sky130_fd_sc_hd__dfrtp_1)
                  0.14    0.85    1.48 v _263_/Q (sky130_fd_sc_hd__dfrtp_1)
     4    0.01                           baud_counter[1] (net)
                  0.14    0.00    1.48 v _137_/A (sky130_fd_sc_hd__or4b_1)
                  0.17    1.26    2.74 v _137_/X (sky130_fd_sc_hd__or4b_1)
     1    0.00                           _126_ (net)
                  0.17    0.00    2.74 v _138_/D (sky130_fd_sc_hd__or4_1)
                  0.25    1.16    3.90 v _138_/X (sky130_fd_sc_hd__or4_1)
     3    0.01                           _127_ (net)
                  0.25    0.00    3.90 v _155_/B_N (sky130_fd_sc_hd__nor2b_1)
                  0.13    0.44    4.34 v _155_/Y (sky130_fd_sc_hd__nor2b_1)
     4    0.01                           _045_ (net)
                  0.13    0.00    4.34 v _160_/A1 (sky130_fd_sc_hd__a32o_1)
                  0.07    0.44    4.78 v _160_/X (sky130_fd_sc_hd__a32o_1)
     1    0.00                           _006_ (net)
                  0.07    0.00    4.78 v _267_/D (sky130_fd_sc_hd__dfrtp_1)
                                  4.78   data arrival time

                         20.00   20.00   clock clk (rise edge)
                          0.00   20.00   clock source latency
                  0.11    0.07   20.07 ^ clk (in)
     1    0.01                           clk (net)
                  0.11    0.00   20.07 ^ clkbuf_0_clk/A (sky130_fd_sc_hd__clkbuf_16)
                  0.10    0.26   20.33 ^ clkbuf_0_clk/X (sky130_fd_sc_hd__clkbuf_16)
     4    0.04                           clknet_0_clk (net)
                  0.10    0.00   20.33 ^ clkbuf_2_1__f_clk/A (sky130_fd_sc_hd__clkbuf_16)
                  0.08    0.24   20.57 ^ clkbuf_2_1__f_clk/X (sky130_fd_sc_hd__clkbuf_16)
    11    0.03                           clknet_2_1__leaf_clk (net)
                  0.08    0.00   20.57 ^ _267_/CLK (sky130_fd_sc_hd__dfrtp_1)
                         -0.25   20.32   clock uncertainty
                          0.03   20.35   clock reconvergence pessimism
                         -0.27   20.08   library setup time
                                 20.08   data required time
-----------------------------------------------------------------------------
                                 20.08   data required time
                                 -4.78   data arrival time
-----------------------------------------------------------------------------
                                 15.30   slack (MET)


Startpoint: _263_ (rising edge-triggered flip-flop clocked by clk)
Endpoint: _269_ (rising edge-triggered flip-flop clocked by clk)
Path Group: clk
Path Type: max
Corner: Slowest

Fanout     Cap    Slew   Delay    Time   Description
-----------------------------------------------------------------------------
                          0.00    0.00   clock clk (rise edge)
                          0.00    0.00   clock source latency
                  0.11    0.08    0.08 ^ clk (in)
     1    0.01                           clk (net)
                  0.11    0.00    0.08 ^ clkbuf_0_clk/A (sky130_fd_sc_hd__clkbuf_16)
                  0.10    0.29    0.36 ^ clkbuf_0_clk/X (sky130_fd_sc_hd__clkbuf_16)
     4    0.04                           clknet_0_clk (net)
                  0.10    0.00    0.36 ^ clkbuf_2_3__f_clk/A (sky130_fd_sc_hd__clkbuf_16)
                  0.08    0.26    0.63 ^ clkbuf_2_3__f_clk/X (sky130_fd_sc_hd__clkbuf_16)
     9    0.03                           clknet_2_3__leaf_clk (net)
                  0.08    0.00    0.63 ^ _263_/CLK (sky130_fd_sc_hd__dfrtp_1)
                  0.14    0.85    1.48 v _263_/Q (sky130_fd_sc_hd__dfrtp_1)
     4    0.01                           baud_counter[1] (net)
                  0.14    0.00    1.48 v _137_/A (sky130_fd_sc_hd__or4b_1)
                  0.17    1.26    2.74 v _137_/X (sky130_fd_sc_hd__or4b_1)
     1    0.00                           _126_ (net)
                  0.17    0.00    2.74 v _138_/D (sky130_fd_sc_hd__or4_1)
                  0.25    1.16    3.90 v _138_/X (sky130_fd_sc_hd__or4_1)
     3    0.01                           _127_ (net)
                  0.25    0.00    3.90 v _155_/B_N (sky130_fd_sc_hd__nor2b_1)
                  0.13    0.44    4.34 v _155_/Y (sky130_fd_sc_hd__nor2b_1)
     4    0.01                           _045_ (net)
                  0.13    0.00    4.34 v _165_/B1 (sky130_fd_sc_hd__a22o_1)
                  0.07    0.36    4.71 v _165_/X (sky130_fd_sc_hd__a22o_1)
     1    0.00                           _008_ (net)
                  0.07    0.00    4.71 v _269_/D (sky130_fd_sc_hd__dfrtp_2)
                                  4.71   data arrival time

                         20.00   20.00   clock clk (rise edge)
                          0.00   20.00   clock source latency
                  0.11    0.07   20.07 ^ clk (in)
     1    0.01                           clk (net)
                  0.11    0.00   20.07 ^ clkbuf_0_clk/A (sky130_fd_sc_hd__clkbuf_16)
                  0.10    0.26   20.33 ^ clkbuf_0_clk/X (sky130_fd_sc_hd__clkbuf_16)
     4    0.04                           clknet_0_clk (net)
                  0.10    0.00   20.33 ^ clkbuf_2_1__f_clk/A (sky130_fd_sc_hd__clkbuf_16)
                  0.08    0.24   20.57 ^ clkbuf_2_1__f_clk/X (sky130_fd_sc_hd__clkbuf_16)
    11    0.03                           clknet_2_1__leaf_clk (net)
                  0.08    0.00   20.57 ^ _269_/CLK (sky130_fd_sc_hd__dfrtp_2)
                         -0.25   20.32   clock uncertainty
                          0.03   20.35   clock reconvergence pessimism
                         -0.27   20.08   library setup time
                                 20.08   data required time
-----------------------------------------------------------------------------
                                 20.08   data required time
                                 -4.71   data arrival time
-----------------------------------------------------------------------------
                                 15.38   slack (MET)


Startpoint: sleep (input port clocked by clk)
Endpoint: _272_ (rising edge-triggered flip-flop clocked by clk)
Path Group: clk
Path Type: max
Corner: Slowest

Fanout     Cap    Slew   Delay    Time   Description
-----------------------------------------------------------------------------
                          0.00    0.00   clock clk (rise edge)
                          0.00    0.00   clock network delay (propagated)
                          4.00    4.00 v input external delay
                  0.02    0.01    4.01 v sleep (in)
     1    0.00                           sleep (net)
                  0.02    0.00    4.01 v input2/A (sky130_fd_sc_hd__buf_1)
                  0.15    0.23    4.24 v input2/X (sky130_fd_sc_hd__buf_1)
     2    0.01                           net2 (net)
                  0.15    0.00    4.24 v _177_/B1 (sky130_fd_sc_hd__o21a_1)
                  0.06    0.23    4.47 v _177_/X (sky130_fd_sc_hd__o21a_1)
     1    0.00                           _011_ (net)
                  0.06    0.00    4.47 v _272_/D (sky130_fd_sc_hd__dfrtp_1)
                                  4.47   data arrival time

                         20.00   20.00   clock clk (rise edge)
                          0.00   20.00   clock source latency
                  0.11    0.07   20.07 ^ clk (in)
     1    0.01                           clk (net)
                  0.11    0.00   20.07 ^ clkbuf_0_clk/A (sky130_fd_sc_hd__clkbuf_16)
                  0.10    0.26   20.33 ^ clkbuf_0_clk/X (sky130_fd_sc_hd__clkbuf_16)
     4    0.04                           clknet_0_clk (net)
                  0.10    0.00   20.33 ^ clkbuf_2_2__f_clk/A (sky130_fd_sc_hd__clkbuf_16)
                  0.07    0.23   20.56 ^ clkbuf_2_2__f_clk/X (sky130_fd_sc_hd__clkbuf_16)
     8    0.02                           clknet_2_2__leaf_clk (net)
                  0.07    0.00   20.56 ^ _272_/CLK (sky130_fd_sc_hd__dfrtp_1)
                         -0.25   20.31   clock uncertainty
                          0.00   20.31   clock reconvergence pessimism
                         -0.27   20.03   library setup time
                                 20.03   data required time
-----------------------------------------------------------------------------
                                 20.03   data required time
                                 -4.47   data arrival time
-----------------------------------------------------------------------------
                                 15.56   slack (MET)


Startpoint: _297_ (rising edge-triggered flip-flop clocked by clk)
Endpoint: _276_ (rising edge-triggered flip-flop clocked by clk)
Path Group: clk
Path Type: max
Corner: Slowest

Fanout     Cap    Slew   Delay    Time   Description
-----------------------------------------------------------------------------
                          0.00    0.00   clock clk (rise edge)
                          0.00    0.00   clock source latency
                  0.11    0.08    0.08 ^ clk (in)
     1    0.01                           clk (net)
                  0.11    0.00    0.08 ^ clkbuf_0_clk/A (sky130_fd_sc_hd__clkbuf_16)
                  0.10    0.29    0.36 ^ clkbuf_0_clk/X (sky130_fd_sc_hd__clkbuf_16)
     4    0.04                           clknet_0_clk (net)
                  0.10    0.00    0.36 ^ clkbuf_2_1__f_clk/A (sky130_fd_sc_hd__clkbuf_16)
                  0.08    0.26    0.63 ^ clkbuf_2_1__f_clk/X (sky130_fd_sc_hd__clkbuf_16)
    11    0.03                           clknet_2_1__leaf_clk (net)
                  0.08    0.00    0.63 ^ _297_/CLK (sky130_fd_sc_hd__dfrtp_4)
                  0.17    1.13    1.76 v _297_/Q (sky130_fd_sc_hd__dfrtp_4)
     8    0.03                           state[1] (net)
                  0.17    0.00    1.76 v _181_/A (sky130_fd_sc_hd__or4b_2)
                  0.31    1.86    3.62 v _181_/X (sky130_fd_sc_hd__or4b_2)
     3    0.02                           _063_ (net)
                  0.31    0.00    3.62 v _190_/B (sky130_fd_sc_hd__nor2_2)
                  0.44    0.50    4.11 ^ _190_/Y (sky130_fd_sc_hd__nor2_2)
     6    0.02                           _070_ (net)
                  0.44    0.00    4.11 ^ _193_/A2 (sky130_fd_sc_hd__a32o_1)
                  0.09    0.48    4.59 ^ _193_/X (sky130_fd_sc_hd__a32o_1)
     1    0.00                           _015_ (net)
                  0.09    0.00    4.59 ^ _276_/D (sky130_fd_sc_hd__dfrtp_2)
                                  4.59   data arrival time

                         20.00   20.00   clock clk (rise edge)
                          0.00   20.00   clock source latency
                  0.11    0.07   20.07 ^ clk (in)
     1    0.01                           clk (net)
                  0.11    0.00   20.07 ^ clkbuf_0_clk/A (sky130_fd_sc_hd__clkbuf_16)
                  0.10    0.26   20.33 ^ clkbuf_0_clk/X (sky130_fd_sc_hd__clkbuf_16)
     4    0.04                           clknet_0_clk (net)
                  0.10    0.00   20.33 ^ clkbuf_2_2__f_clk/A (sky130_fd_sc_hd__clkbuf_16)
                  0.07    0.23   20.56 ^ clkbuf_2_2__f_clk/X (sky130_fd_sc_hd__clkbuf_16)
     8    0.02                           clknet_2_2__leaf_clk (net)
                  0.07    0.00   20.56 ^ _276_/CLK (sky130_fd_sc_hd__dfrtp_2)
                         -0.25   20.31   clock uncertainty
                          0.03   20.34   clock reconvergence pessimism
                         -0.14   20.20   library setup time
                                 20.20   data required time
-----------------------------------------------------------------------------
                                 20.20   data required time
                                 -4.59   data arrival time
-----------------------------------------------------------------------------
                                 15.61   slack (MET)


Startpoint: _297_ (rising edge-triggered flip-flop clocked by clk)
Endpoint: _281_ (rising edge-triggered flip-flop clocked by clk)
Path Group: clk
Path Type: max
Corner: Slowest

Fanout     Cap    Slew   Delay    Time   Description
-----------------------------------------------------------------------------
                          0.00    0.00   clock clk (rise edge)
                          0.00    0.00   clock source latency
                  0.11    0.08    0.08 ^ clk (in)
     1    0.01                           clk (net)
                  0.11    0.00    0.08 ^ clkbuf_0_clk/A (sky130_fd_sc_hd__clkbuf_16)
                  0.10    0.29    0.36 ^ clkbuf_0_clk/X (sky130_fd_sc_hd__clkbuf_16)
     4    0.04                           clknet_0_clk (net)
                  0.10    0.00    0.36 ^ clkbuf_2_1__f_clk/A (sky130_fd_sc_hd__clkbuf_16)
                  0.08    0.26    0.63 ^ clkbuf_2_1__f_clk/X (sky130_fd_sc_hd__clkbuf_16)
    11    0.03                           clknet_2_1__leaf_clk (net)
                  0.08    0.00    0.63 ^ _297_/CLK (sky130_fd_sc_hd__dfrtp_4)
                  0.17    1.13    1.76 v _297_/Q (sky130_fd_sc_hd__dfrtp_4)
     8    0.03                           state[1] (net)
                  0.17    0.00    1.76 v _181_/A (sky130_fd_sc_hd__or4b_2)
                  0.31    1.86    3.62 v _181_/X (sky130_fd_sc_hd__or4b_2)
     3    0.02                           _063_ (net)
                  0.31    0.00    3.62 v _190_/B (sky130_fd_sc_hd__nor2_2)
                  0.44    0.50    4.11 ^ _190_/Y (sky130_fd_sc_hd__nor2_2)
     6    0.02                           _070_ (net)
                  0.44    0.00    4.11 ^ _210_/A1 (sky130_fd_sc_hd__a32o_1)
                  0.10    0.47    4.59 ^ _210_/X (sky130_fd_sc_hd__a32o_1)
     1    0.00                           _020_ (net)
                  0.10    0.00    4.59 ^ _281_/D (sky130_fd_sc_hd__dfrtp_1)
                                  4.59   data arrival time

                         20.00   20.00   clock clk (rise edge)
                          0.00   20.00   clock source latency
                  0.11    0.07   20.07 ^ clk (in)
     1    0.01                           clk (net)
                  0.11    0.00   20.07 ^ clkbuf_0_clk/A (sky130_fd_sc_hd__clkbuf_16)
                  0.10    0.26   20.33 ^ clkbuf_0_clk/X (sky130_fd_sc_hd__clkbuf_16)
     4    0.04                           clknet_0_clk (net)
                  0.10    0.00   20.33 ^ clkbuf_2_3__f_clk/A (sky130_fd_sc_hd__clkbuf_16)
                  0.08    0.24   20.57 ^ clkbuf_2_3__f_clk/X (sky130_fd_sc_hd__clkbuf_16)
     9    0.03                           clknet_2_3__leaf_clk (net)
                  0.08    0.00   20.57 ^ _281_/CLK (sky130_fd_sc_hd__dfrtp_1)
                         -0.25   20.32   clock uncertainty
                          0.03   20.35   clock reconvergence pessimism
                         -0.14   20.21   library setup time
                                 20.21   data required time
-----------------------------------------------------------------------------
                                 20.21   data required time
                                 -4.59   data arrival time
-----------------------------------------------------------------------------
                                 15.62   slack (MET)


Startpoint: _297_ (rising edge-triggered flip-flop clocked by clk)
Endpoint: _277_ (rising edge-triggered flip-flop clocked by clk)
Path Group: clk
Path Type: max
Corner: Slowest

Fanout     Cap    Slew   Delay    Time   Description
-----------------------------------------------------------------------------
                          0.00    0.00   clock clk (rise edge)
                          0.00    0.00   clock source latency
                  0.11    0.08    0.08 ^ clk (in)
     1    0.01                           clk (net)
                  0.11    0.00    0.08 ^ clkbuf_0_clk/A (sky130_fd_sc_hd__clkbuf_16)
                  0.10    0.29    0.36 ^ clkbuf_0_clk/X (sky130_fd_sc_hd__clkbuf_16)
     4    0.04                           clknet_0_clk (net)
                  0.10    0.00    0.36 ^ clkbuf_2_1__f_clk/A (sky130_fd_sc_hd__clkbuf_16)
                  0.08    0.26    0.63 ^ clkbuf_2_1__f_clk/X (sky130_fd_sc_hd__clkbuf_16)
    11    0.03                           clknet_2_1__leaf_clk (net)
                  0.08    0.00    0.63 ^ _297_/CLK (sky130_fd_sc_hd__dfrtp_4)
                  0.17    1.13    1.76 v _297_/Q (sky130_fd_sc_hd__dfrtp_4)
     8    0.03                           state[1] (net)
                  0.17    0.00    1.76 v _181_/A (sky130_fd_sc_hd__or4b_2)
                  0.31    1.86    3.62 v _181_/X (sky130_fd_sc_hd__or4b_2)
     3    0.02                           _063_ (net)
                  0.31    0.00    3.62 v _190_/B (sky130_fd_sc_hd__nor2_2)
                  0.44    0.50    4.11 ^ _190_/Y (sky130_fd_sc_hd__nor2_2)
     6    0.02                           _070_ (net)
                  0.44    0.00    4.11 ^ _197_/A1 (sky130_fd_sc_hd__a32o_1)
                  0.09    0.46    4.57 ^ _197_/X (sky130_fd_sc_hd__a32o_1)
     1    0.00                           _016_ (net)
                  0.09    0.00    4.57 ^ _277_/D (sky130_fd_sc_hd__dfrtp_1)
                                  4.57   data arrival time

                         20.00   20.00   clock clk (rise edge)
                          0.00   20.00   clock source latency
                  0.11    0.07   20.07 ^ clk (in)
     1    0.01                           clk (net)
                  0.11    0.00   20.07 ^ clkbuf_0_clk/A (sky130_fd_sc_hd__clkbuf_16)
                  0.10    0.26   20.33 ^ clkbuf_0_clk/X (sky130_fd_sc_hd__clkbuf_16)
     4    0.04                           clknet_0_clk (net)
                  0.10    0.00   20.33 ^ clkbuf_2_2__f_clk/A (sky130_fd_sc_hd__clkbuf_16)
                  0.07    0.23   20.56 ^ clkbuf_2_2__f_clk/X (sky130_fd_sc_hd__clkbuf_16)
     8    0.02                           clknet_2_2__leaf_clk (net)
                  0.07    0.00   20.56 ^ _277_/CLK (sky130_fd_sc_hd__dfrtp_1)
                         -0.25   20.31   clock uncertainty
                          0.03   20.34   clock reconvergence pessimism
                         -0.14   20.20   library setup time
                                 20.20   data required time
-----------------------------------------------------------------------------
                                 20.20   data required time
                                 -4.57   data arrival time
-----------------------------------------------------------------------------
                                 15.63   slack (MET)


Startpoint: _297_ (rising edge-triggered flip-flop clocked by clk)
Endpoint: _278_ (rising edge-triggered flip-flop clocked by clk)
Path Group: clk
Path Type: max
Corner: Slowest

Fanout     Cap    Slew   Delay    Time   Description
-----------------------------------------------------------------------------
                          0.00    0.00   clock clk (rise edge)
                          0.00    0.00   clock source latency
                  0.11    0.08    0.08 ^ clk (in)
     1    0.01                           clk (net)
                  0.11    0.00    0.08 ^ clkbuf_0_clk/A (sky130_fd_sc_hd__clkbuf_16)
                  0.10    0.29    0.36 ^ clkbuf_0_clk/X (sky130_fd_sc_hd__clkbuf_16)
     4    0.04                           clknet_0_clk (net)
                  0.10    0.00    0.36 ^ clkbuf_2_1__f_clk/A (sky130_fd_sc_hd__clkbuf_16)
                  0.08    0.26    0.63 ^ clkbuf_2_1__f_clk/X (sky130_fd_sc_hd__clkbuf_16)
    11    0.03                           clknet_2_1__leaf_clk (net)
                  0.08    0.00    0.63 ^ _297_/CLK (sky130_fd_sc_hd__dfrtp_4)
                  0.17    1.13    1.76 v _297_/Q (sky130_fd_sc_hd__dfrtp_4)
     8    0.03                           state[1] (net)
                  0.17    0.00    1.76 v _181_/A (sky130_fd_sc_hd__or4b_2)
                  0.31    1.86    3.62 v _181_/X (sky130_fd_sc_hd__or4b_2)
     3    0.02                           _063_ (net)
                  0.31    0.00    3.62 v _190_/B (sky130_fd_sc_hd__nor2_2)
                  0.44    0.50    4.11 ^ _190_/Y (sky130_fd_sc_hd__nor2_2)
     6    0.02                           _070_ (net)
                  0.44    0.00    4.11 ^ _200_/A1 (sky130_fd_sc_hd__a32o_1)
                  0.10    0.47    4.58 ^ _200_/X (sky130_fd_sc_hd__a32o_1)
     1    0.00                           _017_ (net)
                  0.10    0.00    4.58 ^ _278_/D (sky130_fd_sc_hd__dfrtp_1)
                                  4.58   data arrival time

                         20.00   20.00   clock clk (rise edge)
                          0.00   20.00   clock source latency
                  0.11    0.07   20.07 ^ clk (in)
     1    0.01                           clk (net)
                  0.11    0.00   20.07 ^ clkbuf_0_clk/A (sky130_fd_sc_hd__clkbuf_16)
                  0.10    0.26   20.33 ^ clkbuf_0_clk/X (sky130_fd_sc_hd__clkbuf_16)
     4    0.04                           clknet_0_clk (net)
                  0.10    0.00   20.33 ^ clkbuf_2_3__f_clk/A (sky130_fd_sc_hd__clkbuf_16)
                  0.08    0.24   20.57 ^ clkbuf_2_3__f_clk/X (sky130_fd_sc_hd__clkbuf_16)
     9    0.03                           clknet_2_3__leaf_clk (net)
                  0.08    0.00   20.57 ^ _278_/CLK (sky130_fd_sc_hd__dfrtp_1)
                         -0.25   20.32   clock uncertainty
                          0.03   20.35   clock reconvergence pessimism
                         -0.14   20.21   library setup time
                                 20.21   data required time
-----------------------------------------------------------------------------
                                 20.21   data required time
                                 -4.58   data arrival time
-----------------------------------------------------------------------------
                                 15.63   slack (MET)


Startpoint: _297_ (rising edge-triggered flip-flop clocked by clk)
Endpoint: _280_ (rising edge-triggered flip-flop clocked by clk)
Path Group: clk
Path Type: max
Corner: Slowest

Fanout     Cap    Slew   Delay    Time   Description
-----------------------------------------------------------------------------
                          0.00    0.00   clock clk (rise edge)
                          0.00    0.00   clock source latency
                  0.11    0.08    0.08 ^ clk (in)
     1    0.01                           clk (net)
                  0.11    0.00    0.08 ^ clkbuf_0_clk/A (sky130_fd_sc_hd__clkbuf_16)
                  0.10    0.29    0.36 ^ clkbuf_0_clk/X (sky130_fd_sc_hd__clkbuf_16)
     4    0.04                           clknet_0_clk (net)
                  0.10    0.00    0.36 ^ clkbuf_2_1__f_clk/A (sky130_fd_sc_hd__clkbuf_16)
                  0.08    0.26    0.63 ^ clkbuf_2_1__f_clk/X (sky130_fd_sc_hd__clkbuf_16)
    11    0.03                           clknet_2_1__leaf_clk (net)
                  0.08    0.00    0.63 ^ _297_/CLK (sky130_fd_sc_hd__dfrtp_4)
                  0.17    1.13    1.76 v _297_/Q (sky130_fd_sc_hd__dfrtp_4)
     8    0.03                           state[1] (net)
                  0.17    0.00    1.76 v _181_/A (sky130_fd_sc_hd__or4b_2)
                  0.31    1.86    3.62 v _181_/X (sky130_fd_sc_hd__or4b_2)
     3    0.02                           _063_ (net)
                  0.31    0.00    3.62 v _190_/B (sky130_fd_sc_hd__nor2_2)
                  0.44    0.50    4.11 ^ _190_/Y (sky130_fd_sc_hd__nor2_2)
     6    0.02                           _070_ (net)
                  0.44    0.00    4.11 ^ _207_/A1 (sky130_fd_sc_hd__a32o_1)
                  0.09    0.46    4.57 ^ _207_/X (sky130_fd_sc_hd__a32o_1)
     1    0.00                           _019_ (net)
                  0.09    0.00    4.57 ^ _280_/D (sky130_fd_sc_hd__dfrtp_1)
                                  4.57   data arrival time

                         20.00   20.00   clock clk (rise edge)
                          0.00   20.00   clock source latency
                  0.11    0.07   20.07 ^ clk (in)
     1    0.01                           clk (net)
                  0.11    0.00   20.07 ^ clkbuf_0_clk/A (sky130_fd_sc_hd__clkbuf_16)
                  0.10    0.26   20.33 ^ clkbuf_0_clk/X (sky130_fd_sc_hd__clkbuf_16)
     4    0.04                           clknet_0_clk (net)
                  0.10    0.00   20.33 ^ clkbuf_2_3__f_clk/A (sky130_fd_sc_hd__clkbuf_16)
                  0.08    0.24   20.57 ^ clkbuf_2_3__f_clk/X (sky130_fd_sc_hd__clkbuf_16)
     9    0.03                           clknet_2_3__leaf_clk (net)
                  0.08    0.00   20.57 ^ _280_/CLK (sky130_fd_sc_hd__dfrtp_1)
                         -0.25   20.32   clock uncertainty
                          0.03   20.35   clock reconvergence pessimism
                         -0.14   20.21   library setup time
                                 20.21   data required time
-----------------------------------------------------------------------------
                                 20.21   data required time
                                 -4.57   data arrival time
-----------------------------------------------------------------------------
                                 15.64   slack (MET)


Startpoint: _297_ (rising edge-triggered flip-flop clocked by clk)
Endpoint: _279_ (rising edge-triggered flip-flop clocked by clk)
Path Group: clk
Path Type: max
Corner: Slowest

Fanout     Cap    Slew   Delay    Time   Description
-----------------------------------------------------------------------------
                          0.00    0.00   clock clk (rise edge)
                          0.00    0.00   clock source latency
                  0.11    0.08    0.08 ^ clk (in)
     1    0.01                           clk (net)
                  0.11    0.00    0.08 ^ clkbuf_0_clk/A (sky130_fd_sc_hd__clkbuf_16)
                  0.10    0.29    0.36 ^ clkbuf_0_clk/X (sky130_fd_sc_hd__clkbuf_16)
     4    0.04                           clknet_0_clk (net)
                  0.10    0.00    0.36 ^ clkbuf_2_1__f_clk/A (sky130_fd_sc_hd__clkbuf_16)
                  0.08    0.26    0.63 ^ clkbuf_2_1__f_clk/X (sky130_fd_sc_hd__clkbuf_16)
    11    0.03                           clknet_2_1__leaf_clk (net)
                  0.08    0.00    0.63 ^ _297_/CLK (sky130_fd_sc_hd__dfrtp_4)
                  0.17    1.13    1.76 v _297_/Q (sky130_fd_sc_hd__dfrtp_4)
     8    0.03                           state[1] (net)
                  0.17    0.00    1.76 v _181_/A (sky130_fd_sc_hd__or4b_2)
                  0.31    1.86    3.62 v _181_/X (sky130_fd_sc_hd__or4b_2)
     3    0.02                           _063_ (net)
                  0.31    0.00    3.62 v _192_/B (sky130_fd_sc_hd__nor2_2)
                  0.44    0.49    4.11 ^ _192_/Y (sky130_fd_sc_hd__nor2_2)
     6    0.02                           _072_ (net)
                  0.44    0.00    4.11 ^ _204_/A2 (sky130_fd_sc_hd__a22o_1)
                  0.09    0.42    4.53 ^ _204_/X (sky130_fd_sc_hd__a22o_1)
     1    0.00                           _018_ (net)
                  0.09    0.00    4.53 ^ _279_/D (sky130_fd_sc_hd__dfrtp_1)
                                  4.53   data arrival time

                         20.00   20.00   clock clk (rise edge)
                          0.00   20.00   clock source latency
                  0.11    0.07   20.07 ^ clk (in)
     1    0.01                           clk (net)
                  0.11    0.00   20.07 ^ clkbuf_0_clk/A (sky130_fd_sc_hd__clkbuf_16)
                  0.10    0.26   20.33 ^ clkbuf_0_clk/X (sky130_fd_sc_hd__clkbuf_16)
     4    0.04                           clknet_0_clk (net)
                  0.10    0.00   20.33 ^ clkbuf_2_3__f_clk/A (sky130_fd_sc_hd__clkbuf_16)
                  0.08    0.24   20.57 ^ clkbuf_2_3__f_clk/X (sky130_fd_sc_hd__clkbuf_16)
     9    0.03                           clknet_2_3__leaf_clk (net)
                  0.08    0.00   20.57 ^ _279_/CLK (sky130_fd_sc_hd__dfrtp_1)
                         -0.25   20.32   clock uncertainty
                          0.03   20.35   clock reconvergence pessimism
                         -0.14   20.22   library setup time
                                 20.22   data required time
-----------------------------------------------------------------------------
                                 20.22   data required time
                                 -4.53   data arrival time
-----------------------------------------------------------------------------
                                 15.68   slack (MET)


Startpoint: _263_ (rising edge-triggered flip-flop clocked by clk)
Endpoint: _263_ (rising edge-triggered flip-flop clocked by clk)
Path Group: clk
Path Type: max
Corner: Slowest

Fanout     Cap    Slew   Delay    Time   Description
-----------------------------------------------------------------------------
                          0.00    0.00   clock clk (rise edge)
                          0.00    0.00   clock source latency
                  0.11    0.08    0.08 ^ clk (in)
     1    0.01                           clk (net)
                  0.11    0.00    0.08 ^ clkbuf_0_clk/A (sky130_fd_sc_hd__clkbuf_16)
                  0.10    0.29    0.36 ^ clkbuf_0_clk/X (sky130_fd_sc_hd__clkbuf_16)
     4    0.04                           clknet_0_clk (net)
                  0.10    0.00    0.36 ^ clkbuf_2_3__f_clk/A (sky130_fd_sc_hd__clkbuf_16)
                  0.08    0.26    0.63 ^ clkbuf_2_3__f_clk/X (sky130_fd_sc_hd__clkbuf_16)
     9    0.03                           clknet_2_3__leaf_clk (net)
                  0.08    0.00    0.63 ^ _263_/CLK (sky130_fd_sc_hd__dfrtp_1)
                  0.14    0.85    1.48 v _263_/Q (sky130_fd_sc_hd__dfrtp_1)
     4    0.01                           baud_counter[1] (net)
                  0.14    0.00    1.48 v _137_/A (sky130_fd_sc_hd__or4b_1)
                  0.17    1.26    2.74 v _137_/X (sky130_fd_sc_hd__or4b_1)
     1    0.00                           _126_ (net)
                  0.17    0.00    2.74 v _138_/D (sky130_fd_sc_hd__or4_1)
                  0.25    1.16    3.90 v _138_/X (sky130_fd_sc_hd__or4_1)
     3    0.01                           _127_ (net)
                  0.25    0.00    3.90 v _148_/A2 (sky130_fd_sc_hd__o211a_1)
                  0.07    0.47    4.37 v _148_/X (sky130_fd_sc_hd__o211a_1)
     1    0.00                           _002_ (net)
                  0.07    0.00    4.37 v _263_/D (sky130_fd_sc_hd__dfrtp_1)
                                  4.37   data arrival time

                         20.00   20.00   clock clk (rise edge)
                          0.00   20.00   clock source latency
                  0.11    0.07   20.07 ^ clk (in)
     1    0.01                           clk (net)
                  0.11    0.00   20.07 ^ clkbuf_0_clk/A (sky130_fd_sc_hd__clkbuf_16)
                  0.10    0.26   20.33 ^ clkbuf_0_clk/X (sky130_fd_sc_hd__clkbuf_16)
     4    0.04                           clknet_0_clk (net)
                  0.10    0.00   20.33 ^ clkbuf_2_3__f_clk/A (sky130_fd_sc_hd__clkbuf_16)
                  0.08    0.24   20.57 ^ clkbuf_2_3__f_clk/X (sky130_fd_sc_hd__clkbuf_16)
     9    0.03                           clknet_2_3__leaf_clk (net)
                  0.08    0.00   20.57 ^ _263_/CLK (sky130_fd_sc_hd__dfrtp_1)
                         -0.25   20.32   clock uncertainty
                          0.06   20.38   clock reconvergence pessimism
                         -0.27   20.10   library setup time
                                 20.10   data required time
-----------------------------------------------------------------------------
                                 20.10   data required time
                                 -4.37   data arrival time
-----------------------------------------------------------------------------
                                 15.74   slack (MET)


Startpoint: _264_ (rising edge-triggered flip-flop clocked by clk)
Endpoint: _271_ (rising edge-triggered flip-flop clocked by clk)
Path Group: clk
Path Type: max
Corner: Slowest

Fanout     Cap    Slew   Delay    Time   Description
-----------------------------------------------------------------------------
                          0.00    0.00   clock clk (rise edge)
                          0.00    0.00   clock source latency
                  0.11    0.08    0.08 ^ clk (in)
     1    0.01                           clk (net)
                  0.11    0.00    0.08 ^ clkbuf_0_clk/A (sky130_fd_sc_hd__clkbuf_16)
                  0.10    0.29    0.36 ^ clkbuf_0_clk/X (sky130_fd_sc_hd__clkbuf_16)
     4    0.04                           clknet_0_clk (net)
                  0.10    0.00    0.36 ^ clkbuf_2_3__f_clk/A (sky130_fd_sc_hd__clkbuf_16)
                  0.08    0.26    0.63 ^ clkbuf_2_3__f_clk/X (sky130_fd_sc_hd__clkbuf_16)
     9    0.03                           clknet_2_3__leaf_clk (net)
                  0.08    0.00    0.63 ^ _264_/CLK (sky130_fd_sc_hd__dfrtp_1)
                  0.23    0.82    1.44 ^ _264_/Q (sky130_fd_sc_hd__dfrtp_1)
     5    0.02                           baud_counter[2] (net)
                  0.23    0.00    1.44 ^ _153_/D (sky130_fd_sc_hd__and4_1)
                  0.31    0.67    2.11 ^ _153_/X (sky130_fd_sc_hd__and4_1)
     6    0.02                           _043_ (net)
                  0.31    0.00    2.11 ^ _168_/C_N (sky130_fd_sc_hd__or4bb_1)
                  0.22    1.32    3.43 v _168_/X (sky130_fd_sc_hd__or4bb_1)
     2    0.01                           _054_ (net)
                  0.22    0.00    3.43 v _170_/B (sky130_fd_sc_hd__or2_1)
                  0.12    0.57    4.00 v _170_/X (sky130_fd_sc_hd__or2_1)
     1    0.00                           _055_ (net)
                  0.12    0.00    4.00 v _171_/B (sky130_fd_sc_hd__xnor2_1)
                  0.10    0.24    4.24 v _171_/Y (sky130_fd_sc_hd__xnor2_1)
     1    0.00                           _010_ (net)
                  0.10    0.00    4.24 v _271_/D (sky130_fd_sc_hd__dfrtp_1)
                                  4.24   data arrival time

                         20.00   20.00   clock clk (rise edge)
                          0.00   20.00   clock source latency
                  0.11    0.07   20.07 ^ clk (in)
     1    0.01                           clk (net)
                  0.11    0.00   20.07 ^ clkbuf_0_clk/A (sky130_fd_sc_hd__clkbuf_16)
                  0.10    0.26   20.33 ^ clkbuf_0_clk/X (sky130_fd_sc_hd__clkbuf_16)
     4    0.04                           clknet_0_clk (net)
                  0.10    0.00   20.33 ^ clkbuf_2_3__f_clk/A (sky130_fd_sc_hd__clkbuf_16)
                  0.08    0.24   20.57 ^ clkbuf_2_3__f_clk/X (sky130_fd_sc_hd__clkbuf_16)
     9    0.03                           clknet_2_3__leaf_clk (net)
                  0.08    0.00   20.57 ^ _271_/CLK (sky130_fd_sc_hd__dfrtp_1)
                         -0.25   20.32   clock uncertainty
                          0.06   20.38   clock reconvergence pessimism
                         -0.29   20.09   library setup time
                                 20.09   data required time
-----------------------------------------------------------------------------
                                 20.09   data required time
                                 -4.24   data arrival time
-----------------------------------------------------------------------------
                                 15.85   slack (MET)


Startpoint: rst_n (input port clocked by clk)
Endpoint: _297_ (recovery check against rising-edge clock clk)
Path Group: asynchronous
Path Type: max
Corner: Slowest

Fanout     Cap    Slew   Delay    Time   Description
-----------------------------------------------------------------------------
                          0.00    0.00   clock clk (rise edge)
                          0.00    0.00   clock network delay (propagated)
                          4.00    4.00 ^ input external delay
                  0.04    0.02    4.02 ^ rst_n (in)
     1    0.00                           rst_n (net)
                  0.04    0.00    4.02 ^ input1/A (sky130_fd_sc_hd__clkbuf_2)
                  0.21    0.29    4.31 ^ input1/X (sky130_fd_sc_hd__clkbuf_2)
     4    0.02                           net1 (net)
                  0.21    0.00    4.31 ^ fanout17/A (sky130_fd_sc_hd__clkbuf_4)
                  0.22    0.45    4.76 ^ fanout17/X (sky130_fd_sc_hd__clkbuf_4)
    10    0.04                           net17 (net)
                  0.22    0.00    4.76 ^ _297_/RESET_B (sky130_fd_sc_hd__dfrtp_4)
                                  4.76   data arrival time

                         20.00   20.00   clock clk (rise edge)
                          0.00   20.00   clock source latency
                  0.11    0.07   20.07 ^ clk (in)
     1    0.01                           clk (net)
                  0.11    0.00   20.07 ^ clkbuf_0_clk/A (sky130_fd_sc_hd__clkbuf_16)
                  0.10    0.26   20.33 ^ clkbuf_0_clk/X (sky130_fd_sc_hd__clkbuf_16)
     4    0.04                           clknet_0_clk (net)
                  0.10    0.00   20.33 ^ clkbuf_2_1__f_clk/A (sky130_fd_sc_hd__clkbuf_16)
                  0.08    0.24   20.57 ^ clkbuf_2_1__f_clk/X (sky130_fd_sc_hd__clkbuf_16)
    11    0.03                           clknet_2_1__leaf_clk (net)
                  0.08    0.00   20.57 ^ _297_/CLK (sky130_fd_sc_hd__dfrtp_4)
                         -0.25   20.32   clock uncertainty
                          0.00   20.32   clock reconvergence pessimism
                          0.38   20.69   library recovery time
                                 20.69   data required time
-----------------------------------------------------------------------------
                                 20.69   data required time
                                 -4.76   data arrival time
-----------------------------------------------------------------------------
                                 15.94   slack (MET)


Startpoint: rst_n (input port clocked by clk)
Endpoint: _296_ (recovery check against rising-edge clock clk)
Path Group: asynchronous
Path Type: max
Corner: Slowest

Fanout     Cap    Slew   Delay    Time   Description
-----------------------------------------------------------------------------
                          0.00    0.00   clock clk (rise edge)
                          0.00    0.00   clock network delay (propagated)
                          4.00    4.00 ^ input external delay
                  0.04    0.02    4.02 ^ rst_n (in)
     1    0.00                           rst_n (net)
                  0.04    0.00    4.02 ^ input1/A (sky130_fd_sc_hd__clkbuf_2)
                  0.21    0.29    4.31 ^ input1/X (sky130_fd_sc_hd__clkbuf_2)
     4    0.02                           net1 (net)
                  0.21    0.00    4.31 ^ fanout17/A (sky130_fd_sc_hd__clkbuf_4)
                  0.22    0.45    4.76 ^ fanout17/X (sky130_fd_sc_hd__clkbuf_4)
    10    0.04                           net17 (net)
                  0.22    0.00    4.76 ^ _296_/RESET_B (sky130_fd_sc_hd__dfrtp_4)
                                  4.76   data arrival time

                         20.00   20.00   clock clk (rise edge)
                          0.00   20.00   clock source latency
                  0.11    0.07   20.07 ^ clk (in)
     1    0.01                           clk (net)
                  0.11    0.00   20.07 ^ clkbuf_0_clk/A (sky130_fd_sc_hd__clkbuf_16)
                  0.10    0.26   20.33 ^ clkbuf_0_clk/X (sky130_fd_sc_hd__clkbuf_16)
     4    0.04                           clknet_0_clk (net)
                  0.10    0.00   20.33 ^ clkbuf_2_1__f_clk/A (sky130_fd_sc_hd__clkbuf_16)
                  0.08    0.24   20.57 ^ clkbuf_2_1__f_clk/X (sky130_fd_sc_hd__clkbuf_16)
    11    0.03                           clknet_2_1__leaf_clk (net)
                  0.08    0.00   20.57 ^ _296_/CLK (sky130_fd_sc_hd__dfrtp_4)
                         -0.25   20.32   clock uncertainty
                          0.00   20.32   clock reconvergence pessimism
                          0.38   20.69   library recovery time
                                 20.69   data required time
-----------------------------------------------------------------------------
                                 20.69   data required time
                                 -4.76   data arrival time
-----------------------------------------------------------------------------
                                 15.94   slack (MET)


Startpoint: rst_n (input port clocked by clk)
Endpoint: _274_ (recovery check against rising-edge clock clk)
Path Group: asynchronous
Path Type: max
Corner: Slowest

Fanout     Cap    Slew   Delay    Time   Description
-----------------------------------------------------------------------------
                          0.00    0.00   clock clk (rise edge)
                          0.00    0.00   clock network delay (propagated)
                          4.00    4.00 ^ input external delay
                  0.04    0.02    4.02 ^ rst_n (in)
     1    0.00                           rst_n (net)
                  0.04    0.00    4.02 ^ input1/A (sky130_fd_sc_hd__clkbuf_2)
                  0.21    0.29    4.31 ^ input1/X (sky130_fd_sc_hd__clkbuf_2)
     4    0.02                           net1 (net)
                  0.21    0.00    4.31 ^ fanout16/A (sky130_fd_sc_hd__clkbuf_4)
                  0.20    0.43    4.74 ^ fanout16/X (sky130_fd_sc_hd__clkbuf_4)
     8    0.04                           net16 (net)
                  0.20    0.00    4.74 ^ _274_/RESET_B (sky130_fd_sc_hd__dfrtp_4)
                                  4.74   data arrival time

                         20.00   20.00   clock clk (rise edge)
                          0.00   20.00   clock source latency
                  0.11    0.07   20.07 ^ clk (in)
     1    0.01                           clk (net)
                  0.11    0.00   20.07 ^ clkbuf_0_clk/A (sky130_fd_sc_hd__clkbuf_16)
                  0.10    0.26   20.33 ^ clkbuf_0_clk/X (sky130_fd_sc_hd__clkbuf_16)
     4    0.04                           clknet_0_clk (net)
                  0.10    0.00   20.33 ^ clkbuf_2_2__f_clk/A (sky130_fd_sc_hd__clkbuf_16)
                  0.07    0.23   20.56 ^ clkbuf_2_2__f_clk/X (sky130_fd_sc_hd__clkbuf_16)
     8    0.02                           clknet_2_2__leaf_clk (net)
                  0.07    0.00   20.56 ^ _274_/CLK (sky130_fd_sc_hd__dfrtp_4)
                         -0.25   20.31   clock uncertainty
                          0.00   20.31   clock reconvergence pessimism
                          0.38   20.69   library recovery time
                                 20.69   data required time
-----------------------------------------------------------------------------
                                 20.69   data required time
                                 -4.74   data arrival time
-----------------------------------------------------------------------------
                                 15.95   slack (MET)


Startpoint: rst_n (input port clocked by clk)
Endpoint: _272_ (recovery check against rising-edge clock clk)
Path Group: asynchronous
Path Type: max
Corner: Slowest

Fanout     Cap    Slew   Delay    Time   Description
-----------------------------------------------------------------------------
                          0.00    0.00   clock clk (rise edge)
                          0.00    0.00   clock network delay (propagated)
                          4.00    4.00 ^ input external delay
                  0.04    0.02    4.02 ^ rst_n (in)
     1    0.00                           rst_n (net)
                  0.04    0.00    4.02 ^ input1/A (sky130_fd_sc_hd__clkbuf_2)
                  0.21    0.29    4.31 ^ input1/X (sky130_fd_sc_hd__clkbuf_2)
     4    0.02                           net1 (net)
                  0.21    0.00    4.31 ^ fanout15/A (sky130_fd_sc_hd__clkbuf_4)
                  0.22    0.45    4.76 ^ fanout15/X (sky130_fd_sc_hd__clkbuf_4)
    10    0.04                           net15 (net)
                  0.22    0.00    4.76 ^ _272_/RESET_B (sky130_fd_sc_hd__dfrtp_1)
                                  4.76   data arrival time

                         20.00   20.00   clock clk (rise edge)
                          0.00   20.00   clock source latency
                  0.11    0.07   20.07 ^ clk (in)
     1    0.01                           clk (net)
                  0.11    0.00   20.07 ^ clkbuf_0_clk/A (sky130_fd_sc_hd__clkbuf_16)
                  0.10    0.26   20.33 ^ clkbuf_0_clk/X (sky130_fd_sc_hd__clkbuf_16)
     4    0.04                           clknet_0_clk (net)
                  0.10    0.00   20.33 ^ clkbuf_2_2__f_clk/A (sky130_fd_sc_hd__clkbuf_16)
                  0.07    0.23   20.56 ^ clkbuf_2_2__f_clk/X (sky130_fd_sc_hd__clkbuf_16)
     8    0.02                           clknet_2_2__leaf_clk (net)
                  0.07    0.00   20.56 ^ _272_/CLK (sky130_fd_sc_hd__dfrtp_1)
                         -0.25   20.31   clock uncertainty
                          0.00   20.31   clock reconvergence pessimism
                          0.41   20.71   library recovery time
                                 20.71   data required time
-----------------------------------------------------------------------------
                                 20.71   data required time
                                 -4.76   data arrival time
-----------------------------------------------------------------------------
                                 15.96   slack (MET)


Startpoint: rst_n (input port clocked by clk)
Endpoint: _276_ (recovery check against rising-edge clock clk)
Path Group: asynchronous
Path Type: max
Corner: Slowest

Fanout     Cap    Slew   Delay    Time   Description
-----------------------------------------------------------------------------
                          0.00    0.00   clock clk (rise edge)
                          0.00    0.00   clock network delay (propagated)
                          4.00    4.00 ^ input external delay
                  0.04    0.02    4.02 ^ rst_n (in)
     1    0.00                           rst_n (net)
                  0.04    0.00    4.02 ^ input1/A (sky130_fd_sc_hd__clkbuf_2)
                  0.21    0.29    4.31 ^ input1/X (sky130_fd_sc_hd__clkbuf_2)
     4    0.02                           net1 (net)
                  0.21    0.00    4.31 ^ fanout16/A (sky130_fd_sc_hd__clkbuf_4)
                  0.20    0.43    4.74 ^ fanout16/X (sky130_fd_sc_hd__clkbuf_4)
     8    0.04                           net16 (net)
                  0.20    0.00    4.74 ^ _276_/RESET_B (sky130_fd_sc_hd__dfrtp_2)
                                  4.74   data arrival time

                         20.00   20.00   clock clk (rise edge)
                          0.00   20.00   clock source latency
                  0.11    0.07   20.07 ^ clk (in)
     1    0.01                           clk (net)
                  0.11    0.00   20.07 ^ clkbuf_0_clk/A (sky130_fd_sc_hd__clkbuf_16)
                  0.10    0.26   20.33 ^ clkbuf_0_clk/X (sky130_fd_sc_hd__clkbuf_16)
     4    0.04                           clknet_0_clk (net)
                  0.10    0.00   20.33 ^ clkbuf_2_2__f_clk/A (sky130_fd_sc_hd__clkbuf_16)
                  0.07    0.23   20.56 ^ clkbuf_2_2__f_clk/X (sky130_fd_sc_hd__clkbuf_16)
     8    0.02                           clknet_2_2__leaf_clk (net)
                  0.07    0.00   20.56 ^ _276_/CLK (sky130_fd_sc_hd__dfrtp_2)
                         -0.25   20.31   clock uncertainty
                          0.00   20.31   clock reconvergence pessimism
                          0.39   20.70   library recovery time
                                 20.70   data required time
-----------------------------------------------------------------------------
                                 20.70   data required time
                                 -4.74   data arrival time
-----------------------------------------------------------------------------
                                 15.96   slack (MET)


Startpoint: rst_n (input port clocked by clk)
Endpoint: _275_ (recovery check against rising-edge clock clk)
Path Group: asynchronous
Path Type: max
Corner: Slowest

Fanout     Cap    Slew   Delay    Time   Description
-----------------------------------------------------------------------------
                          0.00    0.00   clock clk (rise edge)
                          0.00    0.00   clock network delay (propagated)
                          4.00    4.00 ^ input external delay
                  0.04    0.02    4.02 ^ rst_n (in)
     1    0.00                           rst_n (net)
                  0.04    0.00    4.02 ^ input1/A (sky130_fd_sc_hd__clkbuf_2)
                  0.21    0.29    4.31 ^ input1/X (sky130_fd_sc_hd__clkbuf_2)
     4    0.02                           net1 (net)
                  0.21    0.00    4.31 ^ fanout16/A (sky130_fd_sc_hd__clkbuf_4)
                  0.20    0.43    4.74 ^ fanout16/X (sky130_fd_sc_hd__clkbuf_4)
     8    0.04                           net16 (net)
                  0.20    0.00    4.74 ^ _275_/RESET_B (sky130_fd_sc_hd__dfrtp_2)
                                  4.74   data arrival time

                         20.00   20.00   clock clk (rise edge)
                          0.00   20.00   clock source latency
                  0.11    0.07   20.07 ^ clk (in)
     1    0.01                           clk (net)
                  0.11    0.00   20.07 ^ clkbuf_0_clk/A (sky130_fd_sc_hd__clkbuf_16)
                  0.10    0.26   20.33 ^ clkbuf_0_clk/X (sky130_fd_sc_hd__clkbuf_16)
     4    0.04                           clknet_0_clk (net)
                  0.10    0.00   20.33 ^ clkbuf_2_2__f_clk/A (sky130_fd_sc_hd__clkbuf_16)
                  0.07    0.23   20.56 ^ clkbuf_2_2__f_clk/X (sky130_fd_sc_hd__clkbuf_16)
     8    0.02                           clknet_2_2__leaf_clk (net)
                  0.07    0.00   20.56 ^ _275_/CLK (sky130_fd_sc_hd__dfrtp_2)
                         -0.25   20.31   clock uncertainty
                          0.00   20.31   clock reconvergence pessimism
                          0.39   20.70   library recovery time
                                 20.70   data required time
-----------------------------------------------------------------------------
                                 20.70   data required time
                                 -4.74   data arrival time
-----------------------------------------------------------------------------
                                 15.96   slack (MET)


Startpoint: rst_n (input port clocked by clk)
Endpoint: _273_ (recovery check against rising-edge clock clk)
Path Group: asynchronous
Path Type: max
Corner: Slowest

Fanout     Cap    Slew   Delay    Time   Description
-----------------------------------------------------------------------------
                          0.00    0.00   clock clk (rise edge)
                          0.00    0.00   clock network delay (propagated)
                          4.00    4.00 ^ input external delay
                  0.04    0.02    4.02 ^ rst_n (in)
     1    0.00                           rst_n (net)
                  0.04    0.00    4.02 ^ input1/A (sky130_fd_sc_hd__clkbuf_2)
                  0.21    0.29    4.31 ^ input1/X (sky130_fd_sc_hd__clkbuf_2)
     4    0.02                           net1 (net)
                  0.21    0.00    4.31 ^ fanout16/A (sky130_fd_sc_hd__clkbuf_4)
                  0.20    0.43    4.74 ^ fanout16/X (sky130_fd_sc_hd__clkbuf_4)
     8    0.04                           net16 (net)
                  0.20    0.00    4.74 ^ _273_/RESET_B (sky130_fd_sc_hd__dfrtp_2)
                                  4.74   data arrival time

                         20.00   20.00   clock clk (rise edge)
                          0.00   20.00   clock source latency
                  0.11    0.07   20.07 ^ clk (in)
     1    0.01                           clk (net)
                  0.11    0.00   20.07 ^ clkbuf_0_clk/A (sky130_fd_sc_hd__clkbuf_16)
                  0.10    0.26   20.33 ^ clkbuf_0_clk/X (sky130_fd_sc_hd__clkbuf_16)
     4    0.04                           clknet_0_clk (net)
                  0.10    0.00   20.33 ^ clkbuf_2_2__f_clk/A (sky130_fd_sc_hd__clkbuf_16)
                  0.07    0.23   20.56 ^ clkbuf_2_2__f_clk/X (sky130_fd_sc_hd__clkbuf_16)
     8    0.02                           clknet_2_2__leaf_clk (net)
                  0.07    0.00   20.56 ^ _273_/CLK (sky130_fd_sc_hd__dfrtp_2)
                         -0.25   20.31   clock uncertainty
                          0.00   20.31   clock reconvergence pessimism
                          0.39   20.70   library recovery time
                                 20.70   data required time
-----------------------------------------------------------------------------
                                 20.70   data required time
                                 -4.74   data arrival time
-----------------------------------------------------------------------------
                                 15.96   slack (MET)


Startpoint: rst_n (input port clocked by clk)
Endpoint: _291_ (recovery check against rising-edge clock clk)
Path Group: asynchronous
Path Type: max
Corner: Slowest

Fanout     Cap    Slew   Delay    Time   Description
-----------------------------------------------------------------------------
                          0.00    0.00   clock clk (rise edge)
                          0.00    0.00   clock network delay (propagated)
                          4.00    4.00 ^ input external delay
                  0.04    0.02    4.02 ^ rst_n (in)
     1    0.00                           rst_n (net)
                  0.04    0.00    4.02 ^ input1/A (sky130_fd_sc_hd__clkbuf_2)
                  0.21    0.29    4.31 ^ input1/X (sky130_fd_sc_hd__clkbuf_2)
     4    0.02                           net1 (net)
                  0.21    0.00    4.31 ^ fanout15/A (sky130_fd_sc_hd__clkbuf_4)
                  0.22    0.45    4.76 ^ fanout15/X (sky130_fd_sc_hd__clkbuf_4)
    10    0.04                           net15 (net)
                  0.22    0.00    4.76 ^ _291_/RESET_B (sky130_fd_sc_hd__dfrtp_1)
                                  4.76   data arrival time

                         20.00   20.00   clock clk (rise edge)
                          0.00   20.00   clock source latency
                  0.11    0.07   20.07 ^ clk (in)
     1    0.01                           clk (net)
                  0.11    0.00   20.07 ^ clkbuf_0_clk/A (sky130_fd_sc_hd__clkbuf_16)
                  0.10    0.26   20.33 ^ clkbuf_0_clk/X (sky130_fd_sc_hd__clkbuf_16)
     4    0.04                           clknet_0_clk (net)
                  0.10    0.00   20.33 ^ clkbuf_2_0__f_clk/A (sky130_fd_sc_hd__clkbuf_16)
                  0.08    0.23   20.56 ^ clkbuf_2_0__f_clk/X (sky130_fd_sc_hd__clkbuf_16)
     9    0.03                           clknet_2_0__leaf_clk (net)
                  0.08    0.00   20.56 ^ _291_/CLK (sky130_fd_sc_hd__dfrtp_1)
                         -0.25   20.31   clock uncertainty
                          0.00   20.31   clock reconvergence pessimism
                          0.41   20.72   library recovery time
                                 20.72   data required time
-----------------------------------------------------------------------------
                                 20.72   data required time
                                 -4.76   data arrival time
-----------------------------------------------------------------------------
                                 15.96   slack (MET)


Startpoint: rst_n (input port clocked by clk)
Endpoint: _293_ (recovery check against rising-edge clock clk)
Path Group: asynchronous
Path Type: max
Corner: Slowest

Fanout     Cap    Slew   Delay    Time   Description
-----------------------------------------------------------------------------
                          0.00    0.00   clock clk (rise edge)
                          0.00    0.00   clock network delay (propagated)
                          4.00    4.00 ^ input external delay
                  0.04    0.02    4.02 ^ rst_n (in)
     1    0.00                           rst_n (net)
                  0.04    0.00    4.02 ^ input1/A (sky130_fd_sc_hd__clkbuf_2)
                  0.21    0.29    4.31 ^ input1/X (sky130_fd_sc_hd__clkbuf_2)
     4    0.02                           net1 (net)
                  0.21    0.00    4.31 ^ fanout15/A (sky130_fd_sc_hd__clkbuf_4)
                  0.22    0.45    4.76 ^ fanout15/X (sky130_fd_sc_hd__clkbuf_4)
    10    0.04                           net15 (net)
                  0.22    0.00    4.76 ^ _293_/RESET_B (sky130_fd_sc_hd__dfrtp_1)
                                  4.76   data arrival time

                         20.00   20.00   clock clk (rise edge)
                          0.00   20.00   clock source latency
                  0.11    0.07   20.07 ^ clk (in)
     1    0.01                           clk (net)
                  0.11    0.00   20.07 ^ clkbuf_0_clk/A (sky130_fd_sc_hd__clkbuf_16)
                  0.10    0.26   20.33 ^ clkbuf_0_clk/X (sky130_fd_sc_hd__clkbuf_16)
     4    0.04                           clknet_0_clk (net)
                  0.10    0.00   20.33 ^ clkbuf_2_0__f_clk/A (sky130_fd_sc_hd__clkbuf_16)
                  0.08    0.23   20.56 ^ clkbuf_2_0__f_clk/X (sky130_fd_sc_hd__clkbuf_16)
     9    0.03                           clknet_2_0__leaf_clk (net)
                  0.08    0.00   20.56 ^ _293_/CLK (sky130_fd_sc_hd__dfrtp_1)
                         -0.25   20.31   clock uncertainty
                          0.00   20.31   clock reconvergence pessimism
                          0.41   20.72   library recovery time
                                 20.72   data required time
-----------------------------------------------------------------------------
                                 20.72   data required time
                                 -4.76   data arrival time
-----------------------------------------------------------------------------
                                 15.96   slack (MET)


Startpoint: rst_n (input port clocked by clk)
Endpoint: _294_ (recovery check against rising-edge clock clk)
Path Group: asynchronous
Path Type: max
Corner: Slowest

Fanout     Cap    Slew   Delay    Time   Description
-----------------------------------------------------------------------------
                          0.00    0.00   clock clk (rise edge)
                          0.00    0.00   clock network delay (propagated)
                          4.00    4.00 ^ input external delay
                  0.04    0.02    4.02 ^ rst_n (in)
     1    0.00                           rst_n (net)
                  0.04    0.00    4.02 ^ input1/A (sky130_fd_sc_hd__clkbuf_2)
                  0.21    0.29    4.31 ^ input1/X (sky130_fd_sc_hd__clkbuf_2)
     4    0.02                           net1 (net)
                  0.21    0.00    4.31 ^ fanout15/A (sky130_fd_sc_hd__clkbuf_4)
                  0.22    0.45    4.76 ^ fanout15/X (sky130_fd_sc_hd__clkbuf_4)
    10    0.04                           net15 (net)
                  0.22    0.00    4.76 ^ _294_/RESET_B (sky130_fd_sc_hd__dfrtp_1)
                                  4.76   data arrival time

                         20.00   20.00   clock clk (rise edge)
                          0.00   20.00   clock source latency
                  0.11    0.07   20.07 ^ clk (in)
     1    0.01                           clk (net)
                  0.11    0.00   20.07 ^ clkbuf_0_clk/A (sky130_fd_sc_hd__clkbuf_16)
                  0.10    0.26   20.33 ^ clkbuf_0_clk/X (sky130_fd_sc_hd__clkbuf_16)
     4    0.04                           clknet_0_clk (net)
                  0.10    0.00   20.33 ^ clkbuf_2_0__f_clk/A (sky130_fd_sc_hd__clkbuf_16)
                  0.08    0.23   20.56 ^ clkbuf_2_0__f_clk/X (sky130_fd_sc_hd__clkbuf_16)
     9    0.03                           clknet_2_0__leaf_clk (net)
                  0.08    0.00   20.56 ^ _294_/CLK (sky130_fd_sc_hd__dfrtp_1)
                         -0.25   20.31   clock uncertainty
                          0.00   20.31   clock reconvergence pessimism
                          0.41   20.72   library recovery time
                                 20.72   data required time
-----------------------------------------------------------------------------
                                 20.72   data required time
                                 -4.76   data arrival time
-----------------------------------------------------------------------------
                                 15.96   slack (MET)


Startpoint: rst_n (input port clocked by clk)
Endpoint: _292_ (recovery check against rising-edge clock clk)
Path Group: asynchronous
Path Type: max
Corner: Slowest

Fanout     Cap    Slew   Delay    Time   Description
-----------------------------------------------------------------------------
                          0.00    0.00   clock clk (rise edge)
                          0.00    0.00   clock network delay (propagated)
                          4.00    4.00 ^ input external delay
                  0.04    0.02    4.02 ^ rst_n (in)
     1    0.00                           rst_n (net)
                  0.04    0.00    4.02 ^ input1/A (sky130_fd_sc_hd__clkbuf_2)
                  0.21    0.29    4.31 ^ input1/X (sky130_fd_sc_hd__clkbuf_2)
     4    0.02                           net1 (net)
                  0.21    0.00    4.31 ^ fanout15/A (sky130_fd_sc_hd__clkbuf_4)
                  0.22    0.45    4.76 ^ fanout15/X (sky130_fd_sc_hd__clkbuf_4)
    10    0.04                           net15 (net)
                  0.22    0.00    4.76 ^ _292_/RESET_B (sky130_fd_sc_hd__dfrtp_1)
                                  4.76   data arrival time

                         20.00   20.00   clock clk (rise edge)
                          0.00   20.00   clock source latency
                  0.11    0.07   20.07 ^ clk (in)
     1    0.01                           clk (net)
                  0.11    0.00   20.07 ^ clkbuf_0_clk/A (sky130_fd_sc_hd__clkbuf_16)
                  0.10    0.26   20.33 ^ clkbuf_0_clk/X (sky130_fd_sc_hd__clkbuf_16)
     4    0.04                           clknet_0_clk (net)
                  0.10    0.00   20.33 ^ clkbuf_2_0__f_clk/A (sky130_fd_sc_hd__clkbuf_16)
                  0.08    0.23   20.56 ^ clkbuf_2_0__f_clk/X (sky130_fd_sc_hd__clkbuf_16)
     9    0.03                           clknet_2_0__leaf_clk (net)
                  0.08    0.00   20.56 ^ _292_/CLK (sky130_fd_sc_hd__dfrtp_1)
                         -0.25   20.31   clock uncertainty
                          0.00   20.31   clock reconvergence pessimism
                          0.41   20.72   library recovery time
                                 20.72   data required time
-----------------------------------------------------------------------------
                                 20.72   data required time
                                 -4.76   data arrival time
-----------------------------------------------------------------------------
                                 15.96   slack (MET)


Startpoint: rst_n (input port clocked by clk)
Endpoint: _289_ (recovery check against rising-edge clock clk)
Path Group: asynchronous
Path Type: max
Corner: Slowest

Fanout     Cap    Slew   Delay    Time   Description
-----------------------------------------------------------------------------
                          0.00    0.00   clock clk (rise edge)
                          0.00    0.00   clock network delay (propagated)
                          4.00    4.00 ^ input external delay
                  0.04    0.02    4.02 ^ rst_n (in)
     1    0.00                           rst_n (net)
                  0.04    0.00    4.02 ^ input1/A (sky130_fd_sc_hd__clkbuf_2)
                  0.21    0.29    4.31 ^ input1/X (sky130_fd_sc_hd__clkbuf_2)
     4    0.02                           net1 (net)
                  0.21    0.00    4.31 ^ fanout15/A (sky130_fd_sc_hd__clkbuf_4)
                  0.22    0.45    4.76 ^ fanout15/X (sky130_fd_sc_hd__clkbuf_4)
    10    0.04                           net15 (net)
                  0.22    0.00    4.76 ^ _289_/RESET_B (sky130_fd_sc_hd__dfrtp_1)
                                  4.76   data arrival time

                         20.00   20.00   clock clk (rise edge)
                          0.00   20.00   clock source latency
                  0.11    0.07   20.07 ^ clk (in)
     1    0.01                           clk (net)
                  0.11    0.00   20.07 ^ clkbuf_0_clk/A (sky130_fd_sc_hd__clkbuf_16)
                  0.10    0.26   20.33 ^ clkbuf_0_clk/X (sky130_fd_sc_hd__clkbuf_16)
     4    0.04                           clknet_0_clk (net)
                  0.10    0.00   20.33 ^ clkbuf_2_0__f_clk/A (sky130_fd_sc_hd__clkbuf_16)
                  0.08    0.23   20.56 ^ clkbuf_2_0__f_clk/X (sky130_fd_sc_hd__clkbuf_16)
     9    0.03                           clknet_2_0__leaf_clk (net)
                  0.08    0.00   20.56 ^ _289_/CLK (sky130_fd_sc_hd__dfrtp_1)
                         -0.25   20.31   clock uncertainty
                          0.00   20.31   clock reconvergence pessimism
                          0.41   20.72   library recovery time
                                 20.72   data required time
-----------------------------------------------------------------------------
                                 20.72   data required time
                                 -4.76   data arrival time
-----------------------------------------------------------------------------
                                 15.96   slack (MET)


Startpoint: rst_n (input port clocked by clk)
Endpoint: _290_ (recovery check against rising-edge clock clk)
Path Group: asynchronous
Path Type: max
Corner: Slowest

Fanout     Cap    Slew   Delay    Time   Description
-----------------------------------------------------------------------------
                          0.00    0.00   clock clk (rise edge)
                          0.00    0.00   clock network delay (propagated)
                          4.00    4.00 ^ input external delay
                  0.04    0.02    4.02 ^ rst_n (in)
     1    0.00                           rst_n (net)
                  0.04    0.00    4.02 ^ input1/A (sky130_fd_sc_hd__clkbuf_2)
                  0.21    0.29    4.31 ^ input1/X (sky130_fd_sc_hd__clkbuf_2)
     4    0.02                           net1 (net)
                  0.21    0.00    4.31 ^ fanout15/A (sky130_fd_sc_hd__clkbuf_4)
                  0.22    0.45    4.76 ^ fanout15/X (sky130_fd_sc_hd__clkbuf_4)
    10    0.04                           net15 (net)
                  0.22    0.00    4.76 ^ _290_/RESET_B (sky130_fd_sc_hd__dfrtp_1)
                                  4.76   data arrival time

                         20.00   20.00   clock clk (rise edge)
                          0.00   20.00   clock source latency
                  0.11    0.07   20.07 ^ clk (in)
     1    0.01                           clk (net)
                  0.11    0.00   20.07 ^ clkbuf_0_clk/A (sky130_fd_sc_hd__clkbuf_16)
                  0.10    0.26   20.33 ^ clkbuf_0_clk/X (sky130_fd_sc_hd__clkbuf_16)
     4    0.04                           clknet_0_clk (net)
                  0.10    0.00   20.33 ^ clkbuf_2_0__f_clk/A (sky130_fd_sc_hd__clkbuf_16)
                  0.08    0.23   20.56 ^ clkbuf_2_0__f_clk/X (sky130_fd_sc_hd__clkbuf_16)
     9    0.03                           clknet_2_0__leaf_clk (net)
                  0.08    0.00   20.56 ^ _290_/CLK (sky130_fd_sc_hd__dfrtp_1)
                         -0.25   20.31   clock uncertainty
                          0.00   20.31   clock reconvergence pessimism
                          0.41   20.72   library recovery time
                                 20.72   data required time
-----------------------------------------------------------------------------
                                 20.72   data required time
                                 -4.76   data arrival time
-----------------------------------------------------------------------------
                                 15.96   slack (MET)


Startpoint: rst_n (input port clocked by clk)
Endpoint: _288_ (recovery check against rising-edge clock clk)
Path Group: asynchronous
Path Type: max
Corner: Slowest

Fanout     Cap    Slew   Delay    Time   Description
-----------------------------------------------------------------------------
                          0.00    0.00   clock clk (rise edge)
                          0.00    0.00   clock network delay (propagated)
                          4.00    4.00 ^ input external delay
                  0.04    0.02    4.02 ^ rst_n (in)
     1    0.00                           rst_n (net)
                  0.04    0.00    4.02 ^ input1/A (sky130_fd_sc_hd__clkbuf_2)
                  0.21    0.29    4.31 ^ input1/X (sky130_fd_sc_hd__clkbuf_2)
     4    0.02                           net1 (net)
                  0.21    0.00    4.31 ^ fanout15/A (sky130_fd_sc_hd__clkbuf_4)
                  0.22    0.45    4.76 ^ fanout15/X (sky130_fd_sc_hd__clkbuf_4)
    10    0.04                           net15 (net)
                  0.22    0.00    4.76 ^ _288_/RESET_B (sky130_fd_sc_hd__dfrtp_1)
                                  4.76   data arrival time

                         20.00   20.00   clock clk (rise edge)
                          0.00   20.00   clock source latency
                  0.11    0.07   20.07 ^ clk (in)
     1    0.01                           clk (net)
                  0.11    0.00   20.07 ^ clkbuf_0_clk/A (sky130_fd_sc_hd__clkbuf_16)
                  0.10    0.26   20.33 ^ clkbuf_0_clk/X (sky130_fd_sc_hd__clkbuf_16)
     4    0.04                           clknet_0_clk (net)
                  0.10    0.00   20.33 ^ clkbuf_2_0__f_clk/A (sky130_fd_sc_hd__clkbuf_16)
                  0.08    0.23   20.56 ^ clkbuf_2_0__f_clk/X (sky130_fd_sc_hd__clkbuf_16)
     9    0.03                           clknet_2_0__leaf_clk (net)
                  0.08    0.00   20.56 ^ _288_/CLK (sky130_fd_sc_hd__dfrtp_1)
                         -0.25   20.31   clock uncertainty
                          0.00   20.31   clock reconvergence pessimism
                          0.41   20.72   library recovery time
                                 20.72   data required time
-----------------------------------------------------------------------------
                                 20.72   data required time
                                 -4.76   data arrival time
-----------------------------------------------------------------------------
                                 15.96   slack (MET)


Startpoint: rst_n (input port clocked by clk)
Endpoint: _295_ (recovery check against rising-edge clock clk)
Path Group: asynchronous
Path Type: max
Corner: Slowest

Fanout     Cap    Slew   Delay    Time   Description
-----------------------------------------------------------------------------
                          0.00    0.00   clock clk (rise edge)
                          0.00    0.00   clock network delay (propagated)
                          4.00    4.00 ^ input external delay
                  0.04    0.02    4.02 ^ rst_n (in)
     1    0.00                           rst_n (net)
                  0.04    0.00    4.02 ^ input1/A (sky130_fd_sc_hd__clkbuf_2)
                  0.21    0.29    4.31 ^ input1/X (sky130_fd_sc_hd__clkbuf_2)
     4    0.02                           net1 (net)
                  0.21    0.00    4.31 ^ fanout15/A (sky130_fd_sc_hd__clkbuf_4)
                  0.22    0.45    4.76 ^ fanout15/X (sky130_fd_sc_hd__clkbuf_4)
    10    0.04                           net15 (net)
                  0.22    0.00    4.76 ^ _295_/RESET_B (sky130_fd_sc_hd__dfrtp_1)
                                  4.76   data arrival time

                         20.00   20.00   clock clk (rise edge)
                          0.00   20.00   clock source latency
                  0.11    0.07   20.07 ^ clk (in)
     1    0.01                           clk (net)
                  0.11    0.00   20.07 ^ clkbuf_0_clk/A (sky130_fd_sc_hd__clkbuf_16)
                  0.10    0.26   20.33 ^ clkbuf_0_clk/X (sky130_fd_sc_hd__clkbuf_16)
     4    0.04                           clknet_0_clk (net)
                  0.10    0.00   20.33 ^ clkbuf_2_0__f_clk/A (sky130_fd_sc_hd__clkbuf_16)
                  0.08    0.23   20.56 ^ clkbuf_2_0__f_clk/X (sky130_fd_sc_hd__clkbuf_16)
     9    0.03                           clknet_2_0__leaf_clk (net)
                  0.08    0.00   20.56 ^ _295_/CLK (sky130_fd_sc_hd__dfrtp_1)
                         -0.25   20.31   clock uncertainty
                          0.00   20.31   clock reconvergence pessimism
                          0.41   20.72   library recovery time
                                 20.72   data required time
-----------------------------------------------------------------------------
                                 20.72   data required time
                                 -4.76   data arrival time
-----------------------------------------------------------------------------
                                 15.96   slack (MET)


Startpoint: rst_n (input port clocked by clk)
Endpoint: _287_ (recovery check against rising-edge clock clk)
Path Group: asynchronous
Path Type: max
Corner: Slowest

Fanout     Cap    Slew   Delay    Time   Description
-----------------------------------------------------------------------------
                          0.00    0.00   clock clk (rise edge)
                          0.00    0.00   clock network delay (propagated)
                          4.00    4.00 ^ input external delay
                  0.04    0.02    4.02 ^ rst_n (in)
     1    0.00                           rst_n (net)
                  0.04    0.00    4.02 ^ input1/A (sky130_fd_sc_hd__clkbuf_2)
                  0.21    0.29    4.31 ^ input1/X (sky130_fd_sc_hd__clkbuf_2)
     4    0.02                           net1 (net)
                  0.21    0.00    4.31 ^ fanout15/A (sky130_fd_sc_hd__clkbuf_4)
                  0.22    0.45    4.76 ^ fanout15/X (sky130_fd_sc_hd__clkbuf_4)
    10    0.04                           net15 (net)
                  0.22    0.00    4.76 ^ _287_/RESET_B (sky130_fd_sc_hd__dfrtp_1)
                                  4.76   data arrival time

                         20.00   20.00   clock clk (rise edge)
                          0.00   20.00   clock source latency
                  0.11    0.07   20.07 ^ clk (in)
     1    0.01                           clk (net)
                  0.11    0.00   20.07 ^ clkbuf_0_clk/A (sky130_fd_sc_hd__clkbuf_16)
                  0.10    0.26   20.33 ^ clkbuf_0_clk/X (sky130_fd_sc_hd__clkbuf_16)
     4    0.04                           clknet_0_clk (net)
                  0.10    0.00   20.33 ^ clkbuf_2_0__f_clk/A (sky130_fd_sc_hd__clkbuf_16)
                  0.08    0.23   20.56 ^ clkbuf_2_0__f_clk/X (sky130_fd_sc_hd__clkbuf_16)
     9    0.03                           clknet_2_0__leaf_clk (net)
                  0.08    0.00   20.56 ^ _287_/CLK (sky130_fd_sc_hd__dfrtp_1)
                         -0.25   20.31   clock uncertainty
                          0.00   20.31   clock reconvergence pessimism
                          0.41   20.72   library recovery time
                                 20.72   data required time
-----------------------------------------------------------------------------
                                 20.72   data required time
                                 -4.76   data arrival time
-----------------------------------------------------------------------------
                                 15.96   slack (MET)


Startpoint: rst_n (input port clocked by clk)
Endpoint: _269_ (recovery check against rising-edge clock clk)
Path Group: asynchronous
Path Type: max
Corner: Slowest

Fanout     Cap    Slew   Delay    Time   Description
-----------------------------------------------------------------------------
                          0.00    0.00   clock clk (rise edge)
                          0.00    0.00   clock network delay (propagated)
                          4.00    4.00 ^ input external delay
                  0.04    0.02    4.02 ^ rst_n (in)
     1    0.00                           rst_n (net)
                  0.04    0.00    4.02 ^ input1/A (sky130_fd_sc_hd__clkbuf_2)
                  0.21    0.29    4.31 ^ input1/X (sky130_fd_sc_hd__clkbuf_2)
     4    0.02                           net1 (net)
                  0.21    0.00    4.31 ^ fanout18/A (sky130_fd_sc_hd__clkbuf_4)
                  0.21    0.43    4.74 ^ fanout18/X (sky130_fd_sc_hd__clkbuf_4)
     9    0.04                           net18 (net)
                  0.21    0.00    4.74 ^ _269_/RESET_B (sky130_fd_sc_hd__dfrtp_2)
                                  4.74   data arrival time

                         20.00   20.00   clock clk (rise edge)
                          0.00   20.00   clock source latency
                  0.11    0.07   20.07 ^ clk (in)
     1    0.01                           clk (net)
                  0.11    0.00   20.07 ^ clkbuf_0_clk/A (sky130_fd_sc_hd__clkbuf_16)
                  0.10    0.26   20.33 ^ clkbuf_0_clk/X (sky130_fd_sc_hd__clkbuf_16)
     4    0.04                           clknet_0_clk (net)
                  0.10    0.00   20.33 ^ clkbuf_2_1__f_clk/A (sky130_fd_sc_hd__clkbuf_16)
                  0.08    0.24   20.57 ^ clkbuf_2_1__f_clk/X (sky130_fd_sc_hd__clkbuf_16)
    11    0.03                           clknet_2_1__leaf_clk (net)
                  0.08    0.00   20.57 ^ _269_/CLK (sky130_fd_sc_hd__dfrtp_2)
                         -0.25   20.32   clock uncertainty
                          0.00   20.32   clock reconvergence pessimism
                          0.39   20.71   library recovery time
                                 20.71   data required time
-----------------------------------------------------------------------------
                                 20.71   data required time
                                 -4.74   data arrival time
-----------------------------------------------------------------------------
                                 15.97   slack (MET)


Startpoint: rst_n (input port clocked by clk)
Endpoint: _298_ (recovery check against rising-edge clock clk)
Path Group: asynchronous
Path Type: max
Corner: Slowest

Fanout     Cap    Slew   Delay    Time   Description
-----------------------------------------------------------------------------
                          0.00    0.00   clock clk (rise edge)
                          0.00    0.00   clock network delay (propagated)
                          4.00    4.00 ^ input external delay
                  0.04    0.02    4.02 ^ rst_n (in)
     1    0.00                           rst_n (net)
                  0.04    0.00    4.02 ^ input1/A (sky130_fd_sc_hd__clkbuf_2)
                  0.21    0.29    4.31 ^ input1/X (sky130_fd_sc_hd__clkbuf_2)
     4    0.02                           net1 (net)
                  0.21    0.00    4.31 ^ fanout17/A (sky130_fd_sc_hd__clkbuf_4)
                  0.22    0.45    4.76 ^ fanout17/X (sky130_fd_sc_hd__clkbuf_4)
    10    0.04                           net17 (net)
                  0.22    0.00    4.76 ^ _298_/RESET_B (sky130_fd_sc_hd__dfrtp_1)
                                  4.76   data arrival time

                         20.00   20.00   clock clk (rise edge)
                          0.00   20.00   clock source latency
                  0.11    0.07   20.07 ^ clk (in)
     1    0.01                           clk (net)
                  0.11    0.00   20.07 ^ clkbuf_0_clk/A (sky130_fd_sc_hd__clkbuf_16)
                  0.10    0.26   20.33 ^ clkbuf_0_clk/X (sky130_fd_sc_hd__clkbuf_16)
     4    0.04                           clknet_0_clk (net)
                  0.10    0.00   20.33 ^ clkbuf_2_1__f_clk/A (sky130_fd_sc_hd__clkbuf_16)
                  0.08    0.24   20.57 ^ clkbuf_2_1__f_clk/X (sky130_fd_sc_hd__clkbuf_16)
    11    0.03                           clknet_2_1__leaf_clk (net)
                  0.08    0.00   20.57 ^ _298_/CLK (sky130_fd_sc_hd__dfrtp_1)
                         -0.25   20.32   clock uncertainty
                          0.00   20.32   clock reconvergence pessimism
                          0.41   20.73   library recovery time
                                 20.73   data required time
-----------------------------------------------------------------------------
                                 20.73   data required time
                                 -4.76   data arrival time
-----------------------------------------------------------------------------
                                 15.97   slack (MET)


Startpoint: rst_n (input port clocked by clk)
Endpoint: _268_ (recovery check against rising-edge clock clk)
Path Group: asynchronous
Path Type: max
Corner: Slowest

Fanout     Cap    Slew   Delay    Time   Description
-----------------------------------------------------------------------------
                          0.00    0.00   clock clk (rise edge)
                          0.00    0.00   clock network delay (propagated)
                          4.00    4.00 ^ input external delay
                  0.04    0.02    4.02 ^ rst_n (in)
     1    0.00                           rst_n (net)
                  0.04    0.00    4.02 ^ input1/A (sky130_fd_sc_hd__clkbuf_2)
                  0.21    0.29    4.31 ^ input1/X (sky130_fd_sc_hd__clkbuf_2)
     4    0.02                           net1 (net)
                  0.21    0.00    4.31 ^ fanout17/A (sky130_fd_sc_hd__clkbuf_4)
                  0.22    0.45    4.76 ^ fanout17/X (sky130_fd_sc_hd__clkbuf_4)
    10    0.04                           net17 (net)
                  0.22    0.00    4.76 ^ _268_/RESET_B (sky130_fd_sc_hd__dfrtp_1)
                                  4.76   data arrival time

                         20.00   20.00   clock clk (rise edge)
                          0.00   20.00   clock source latency
                  0.11    0.07   20.07 ^ clk (in)
     1    0.01                           clk (net)
                  0.11    0.00   20.07 ^ clkbuf_0_clk/A (sky130_fd_sc_hd__clkbuf_16)
                  0.10    0.26   20.33 ^ clkbuf_0_clk/X (sky130_fd_sc_hd__clkbuf_16)
     4    0.04                           clknet_0_clk (net)
                  0.10    0.00   20.33 ^ clkbuf_2_1__f_clk/A (sky130_fd_sc_hd__clkbuf_16)
                  0.08    0.24   20.57 ^ clkbuf_2_1__f_clk/X (sky130_fd_sc_hd__clkbuf_16)
    11    0.03                           clknet_2_1__leaf_clk (net)
                  0.08    0.00   20.57 ^ _268_/CLK (sky130_fd_sc_hd__dfrtp_1)
                         -0.25   20.32   clock uncertainty
                          0.00   20.32   clock reconvergence pessimism
                          0.41   20.73   library recovery time
                                 20.73   data required time
-----------------------------------------------------------------------------
                                 20.73   data required time
                                 -4.76   data arrival time
-----------------------------------------------------------------------------
                                 15.97   slack (MET)


Startpoint: rst_n (input port clocked by clk)
Endpoint: _267_ (recovery check against rising-edge clock clk)
Path Group: asynchronous
Path Type: max
Corner: Slowest

Fanout     Cap    Slew   Delay    Time   Description
-----------------------------------------------------------------------------
                          0.00    0.00   clock clk (rise edge)
                          0.00    0.00   clock network delay (propagated)
                          4.00    4.00 ^ input external delay
                  0.04    0.02    4.02 ^ rst_n (in)
     1    0.00                           rst_n (net)
                  0.04    0.00    4.02 ^ input1/A (sky130_fd_sc_hd__clkbuf_2)
                  0.21    0.29    4.31 ^ input1/X (sky130_fd_sc_hd__clkbuf_2)
     4    0.02                           net1 (net)
                  0.21    0.00    4.31 ^ fanout17/A (sky130_fd_sc_hd__clkbuf_4)
                  0.22    0.45    4.76 ^ fanout17/X (sky130_fd_sc_hd__clkbuf_4)
    10    0.04                           net17 (net)
                  0.22    0.00    4.76 ^ _267_/RESET_B (sky130_fd_sc_hd__dfrtp_1)
                                  4.76   data arrival time

                         20.00   20.00   clock clk (rise edge)
                          0.00   20.00   clock source latency
                  0.11    0.07   20.07 ^ clk (in)
     1    0.01                           clk (net)
                  0.11    0.00   20.07 ^ clkbuf_0_clk/A (sky130_fd_sc_hd__clkbuf_16)
                  0.10    0.26   20.33 ^ clkbuf_0_clk/X (sky130_fd_sc_hd__clkbuf_16)
     4    0.04                           clknet_0_clk (net)
                  0.10    0.00   20.33 ^ clkbuf_2_1__f_clk/A (sky130_fd_sc_hd__clkbuf_16)
                  0.08    0.24   20.57 ^ clkbuf_2_1__f_clk/X (sky130_fd_sc_hd__clkbuf_16)
    11    0.03                           clknet_2_1__leaf_clk (net)
                  0.08    0.00   20.57 ^ _267_/CLK (sky130_fd_sc_hd__dfrtp_1)
                         -0.25   20.32   clock uncertainty
                          0.00   20.32   clock reconvergence pessimism
                          0.41   20.73   library recovery time
                                 20.73   data required time
-----------------------------------------------------------------------------
                                 20.73   data required time
                                 -4.76   data arrival time
-----------------------------------------------------------------------------
                                 15.97   slack (MET)


Startpoint: rst_n (input port clocked by clk)
Endpoint: _270_ (recovery check against rising-edge clock clk)
Path Group: asynchronous
Path Type: max
Corner: Slowest

Fanout     Cap    Slew   Delay    Time   Description
-----------------------------------------------------------------------------
                          0.00    0.00   clock clk (rise edge)
                          0.00    0.00   clock network delay (propagated)
                          4.00    4.00 ^ input external delay
                  0.04    0.02    4.02 ^ rst_n (in)
     1    0.00                           rst_n (net)
                  0.04    0.00    4.02 ^ input1/A (sky130_fd_sc_hd__clkbuf_2)
                  0.21    0.29    4.31 ^ input1/X (sky130_fd_sc_hd__clkbuf_2)
     4    0.02                           net1 (net)
                  0.21    0.00    4.31 ^ fanout17/A (sky130_fd_sc_hd__clkbuf_4)
                  0.22    0.45    4.76 ^ fanout17/X (sky130_fd_sc_hd__clkbuf_4)
    10    0.04                           net17 (net)
                  0.22    0.00    4.76 ^ _270_/RESET_B (sky130_fd_sc_hd__dfrtp_1)
                                  4.76   data arrival time

                         20.00   20.00   clock clk (rise edge)
                          0.00   20.00   clock source latency
                  0.11    0.07   20.07 ^ clk (in)
     1    0.01                           clk (net)
                  0.11    0.00   20.07 ^ clkbuf_0_clk/A (sky130_fd_sc_hd__clkbuf_16)
                  0.10    0.26   20.33 ^ clkbuf_0_clk/X (sky130_fd_sc_hd__clkbuf_16)
     4    0.04                           clknet_0_clk (net)
                  0.10    0.00   20.33 ^ clkbuf_2_1__f_clk/A (sky130_fd_sc_hd__clkbuf_16)
                  0.08    0.24   20.57 ^ clkbuf_2_1__f_clk/X (sky130_fd_sc_hd__clkbuf_16)
    11    0.03                           clknet_2_1__leaf_clk (net)
                  0.08    0.00   20.57 ^ _270_/CLK (sky130_fd_sc_hd__dfrtp_1)
                         -0.25   20.32   clock uncertainty
                          0.00   20.32   clock reconvergence pessimism
                          0.41   20.73   library recovery time
                                 20.73   data required time
-----------------------------------------------------------------------------
                                 20.73   data required time
                                 -4.76   data arrival time
-----------------------------------------------------------------------------
                                 15.97   slack (MET)


Startpoint: rst_n (input port clocked by clk)
Endpoint: _286_ (recovery check against rising-edge clock clk)
Path Group: asynchronous
Path Type: max
Corner: Slowest

Fanout     Cap    Slew   Delay    Time   Description
-----------------------------------------------------------------------------
                          0.00    0.00   clock clk (rise edge)
                          0.00    0.00   clock network delay (propagated)
                          4.00    4.00 ^ input external delay
                  0.04    0.02    4.02 ^ rst_n (in)
     1    0.00                           rst_n (net)
                  0.04    0.00    4.02 ^ input1/A (sky130_fd_sc_hd__clkbuf_2)
                  0.21    0.29    4.31 ^ input1/X (sky130_fd_sc_hd__clkbuf_2)
     4    0.02                           net1 (net)
                  0.21    0.00    4.31 ^ fanout17/A (sky130_fd_sc_hd__clkbuf_4)
                  0.22    0.45    4.76 ^ fanout17/X (sky130_fd_sc_hd__clkbuf_4)
    10    0.04                           net17 (net)
                  0.22    0.00    4.76 ^ _286_/RESET_B (sky130_fd_sc_hd__dfrtp_1)
                                  4.76   data arrival time

                         20.00   20.00   clock clk (rise edge)
                          0.00   20.00   clock source latency
                  0.11    0.07   20.07 ^ clk (in)
     1    0.01                           clk (net)
                  0.11    0.00   20.07 ^ clkbuf_0_clk/A (sky130_fd_sc_hd__clkbuf_16)
                  0.10    0.26   20.33 ^ clkbuf_0_clk/X (sky130_fd_sc_hd__clkbuf_16)
     4    0.04                           clknet_0_clk (net)
                  0.10    0.00   20.33 ^ clkbuf_2_1__f_clk/A (sky130_fd_sc_hd__clkbuf_16)
                  0.08    0.24   20.57 ^ clkbuf_2_1__f_clk/X (sky130_fd_sc_hd__clkbuf_16)
    11    0.03                           clknet_2_1__leaf_clk (net)
                  0.08    0.00   20.57 ^ _286_/CLK (sky130_fd_sc_hd__dfrtp_1)
                         -0.25   20.32   clock uncertainty
                          0.00   20.32   clock reconvergence pessimism
                          0.41   20.73   library recovery time
                                 20.73   data required time
-----------------------------------------------------------------------------
                                 20.73   data required time
                                 -4.76   data arrival time
-----------------------------------------------------------------------------
                                 15.97   slack (MET)


Startpoint: rst_n (input port clocked by clk)
Endpoint: _284_ (recovery check against rising-edge clock clk)
Path Group: asynchronous
Path Type: max
Corner: Slowest

Fanout     Cap    Slew   Delay    Time   Description
-----------------------------------------------------------------------------
                          0.00    0.00   clock clk (rise edge)
                          0.00    0.00   clock network delay (propagated)
                          4.00    4.00 ^ input external delay
                  0.04    0.02    4.02 ^ rst_n (in)
     1    0.00                           rst_n (net)
                  0.04    0.00    4.02 ^ input1/A (sky130_fd_sc_hd__clkbuf_2)
                  0.21    0.29    4.31 ^ input1/X (sky130_fd_sc_hd__clkbuf_2)
     4    0.02                           net1 (net)
                  0.21    0.00    4.31 ^ fanout17/A (sky130_fd_sc_hd__clkbuf_4)
                  0.22    0.45    4.76 ^ fanout17/X (sky130_fd_sc_hd__clkbuf_4)
    10    0.04                           net17 (net)
                  0.22    0.00    4.76 ^ _284_/RESET_B (sky130_fd_sc_hd__dfrtp_1)
                                  4.76   data arrival time

                         20.00   20.00   clock clk (rise edge)
                          0.00   20.00   clock source latency
                  0.11    0.07   20.07 ^ clk (in)
     1    0.01                           clk (net)
                  0.11    0.00   20.07 ^ clkbuf_0_clk/A (sky130_fd_sc_hd__clkbuf_16)
                  0.10    0.26   20.33 ^ clkbuf_0_clk/X (sky130_fd_sc_hd__clkbuf_16)
     4    0.04                           clknet_0_clk (net)
                  0.10    0.00   20.33 ^ clkbuf_2_1__f_clk/A (sky130_fd_sc_hd__clkbuf_16)
                  0.08    0.24   20.57 ^ clkbuf_2_1__f_clk/X (sky130_fd_sc_hd__clkbuf_16)
    11    0.03                           clknet_2_1__leaf_clk (net)
                  0.08    0.00   20.57 ^ _284_/CLK (sky130_fd_sc_hd__dfrtp_1)
                         -0.25   20.32   clock uncertainty
                          0.00   20.32   clock reconvergence pessimism
                          0.41   20.73   library recovery time
                                 20.73   data required time
-----------------------------------------------------------------------------
                                 20.73   data required time
                                 -4.76   data arrival time
-----------------------------------------------------------------------------
                                 15.97   slack (MET)


Startpoint: rst_n (input port clocked by clk)
Endpoint: _285_ (recovery check against rising-edge clock clk)
Path Group: asynchronous
Path Type: max
Corner: Slowest

Fanout     Cap    Slew   Delay    Time   Description
-----------------------------------------------------------------------------
                          0.00    0.00   clock clk (rise edge)
                          0.00    0.00   clock network delay (propagated)
                          4.00    4.00 ^ input external delay
                  0.04    0.02    4.02 ^ rst_n (in)
     1    0.00                           rst_n (net)
                  0.04    0.00    4.02 ^ input1/A (sky130_fd_sc_hd__clkbuf_2)
                  0.21    0.29    4.31 ^ input1/X (sky130_fd_sc_hd__clkbuf_2)
     4    0.02                           net1 (net)
                  0.21    0.00    4.31 ^ fanout17/A (sky130_fd_sc_hd__clkbuf_4)
                  0.22    0.45    4.76 ^ fanout17/X (sky130_fd_sc_hd__clkbuf_4)
    10    0.04                           net17 (net)
                  0.22    0.00    4.76 ^ _285_/RESET_B (sky130_fd_sc_hd__dfrtp_1)
                                  4.76   data arrival time

                         20.00   20.00   clock clk (rise edge)
                          0.00   20.00   clock source latency
                  0.11    0.07   20.07 ^ clk (in)
     1    0.01                           clk (net)
                  0.11    0.00   20.07 ^ clkbuf_0_clk/A (sky130_fd_sc_hd__clkbuf_16)
                  0.10    0.26   20.33 ^ clkbuf_0_clk/X (sky130_fd_sc_hd__clkbuf_16)
     4    0.04                           clknet_0_clk (net)
                  0.10    0.00   20.33 ^ clkbuf_2_1__f_clk/A (sky130_fd_sc_hd__clkbuf_16)
                  0.08    0.24   20.57 ^ clkbuf_2_1__f_clk/X (sky130_fd_sc_hd__clkbuf_16)
    11    0.03                           clknet_2_1__leaf_clk (net)
                  0.08    0.00   20.57 ^ _285_/CLK (sky130_fd_sc_hd__dfrtp_1)
                         -0.25   20.32   clock uncertainty
                          0.00   20.32   clock reconvergence pessimism
                          0.41   20.73   library recovery time
                                 20.73   data required time
-----------------------------------------------------------------------------
                                 20.73   data required time
                                 -4.76   data arrival time
-----------------------------------------------------------------------------
                                 15.97   slack (MET)


Startpoint: rst_n (input port clocked by clk)
Endpoint: _266_ (recovery check against rising-edge clock clk)
Path Group: asynchronous
Path Type: max
Corner: Slowest

Fanout     Cap    Slew   Delay    Time   Description
-----------------------------------------------------------------------------
                          0.00    0.00   clock clk (rise edge)
                          0.00    0.00   clock network delay (propagated)
                          4.00    4.00 ^ input external delay
                  0.04    0.02    4.02 ^ rst_n (in)
     1    0.00                           rst_n (net)
                  0.04    0.00    4.02 ^ input1/A (sky130_fd_sc_hd__clkbuf_2)
                  0.21    0.29    4.31 ^ input1/X (sky130_fd_sc_hd__clkbuf_2)
     4    0.02                           net1 (net)
                  0.21    0.00    4.31 ^ fanout17/A (sky130_fd_sc_hd__clkbuf_4)
                  0.22    0.45    4.76 ^ fanout17/X (sky130_fd_sc_hd__clkbuf_4)
    10    0.04                           net17 (net)
                  0.22    0.00    4.76 ^ _266_/RESET_B (sky130_fd_sc_hd__dfrtp_1)
                                  4.76   data arrival time

                         20.00   20.00   clock clk (rise edge)
                          0.00   20.00   clock source latency
                  0.11    0.07   20.07 ^ clk (in)
     1    0.01                           clk (net)
                  0.11    0.00   20.07 ^ clkbuf_0_clk/A (sky130_fd_sc_hd__clkbuf_16)
                  0.10    0.26   20.33 ^ clkbuf_0_clk/X (sky130_fd_sc_hd__clkbuf_16)
     4    0.04                           clknet_0_clk (net)
                  0.10    0.00   20.33 ^ clkbuf_2_1__f_clk/A (sky130_fd_sc_hd__clkbuf_16)
                  0.08    0.24   20.57 ^ clkbuf_2_1__f_clk/X (sky130_fd_sc_hd__clkbuf_16)
    11    0.03                           clknet_2_1__leaf_clk (net)
                  0.08    0.00   20.57 ^ _266_/CLK (sky130_fd_sc_hd__dfrtp_1)
                         -0.25   20.32   clock uncertainty
                          0.00   20.32   clock reconvergence pessimism
                          0.41   20.73   library recovery time
                                 20.73   data required time
-----------------------------------------------------------------------------
                                 20.73   data required time
                                 -4.76   data arrival time
-----------------------------------------------------------------------------
                                 15.97   slack (MET)


Startpoint: rst_n (input port clocked by clk)
Endpoint: _277_ (recovery check against rising-edge clock clk)
Path Group: asynchronous
Path Type: max
Corner: Slowest

Fanout     Cap    Slew   Delay    Time   Description
-----------------------------------------------------------------------------
                          0.00    0.00   clock clk (rise edge)
                          0.00    0.00   clock network delay (propagated)
                          4.00    4.00 ^ input external delay
                  0.04    0.02    4.02 ^ rst_n (in)
     1    0.00                           rst_n (net)
                  0.04    0.00    4.02 ^ input1/A (sky130_fd_sc_hd__clkbuf_2)
                  0.21    0.29    4.31 ^ input1/X (sky130_fd_sc_hd__clkbuf_2)
     4    0.02                           net1 (net)
                  0.21    0.00    4.31 ^ fanout16/A (sky130_fd_sc_hd__clkbuf_4)
                  0.20    0.43    4.74 ^ fanout16/X (sky130_fd_sc_hd__clkbuf_4)
     8    0.04                           net16 (net)
                  0.20    0.00    4.74 ^ _277_/RESET_B (sky130_fd_sc_hd__dfrtp_1)
                                  4.74   data arrival time

                         20.00   20.00   clock clk (rise edge)
                          0.00   20.00   clock source latency
                  0.11    0.07   20.07 ^ clk (in)
     1    0.01                           clk (net)
                  0.11    0.00   20.07 ^ clkbuf_0_clk/A (sky130_fd_sc_hd__clkbuf_16)
                  0.10    0.26   20.33 ^ clkbuf_0_clk/X (sky130_fd_sc_hd__clkbuf_16)
     4    0.04                           clknet_0_clk (net)
                  0.10    0.00   20.33 ^ clkbuf_2_2__f_clk/A (sky130_fd_sc_hd__clkbuf_16)
                  0.07    0.23   20.56 ^ clkbuf_2_2__f_clk/X (sky130_fd_sc_hd__clkbuf_16)
     8    0.02                           clknet_2_2__leaf_clk (net)
                  0.07    0.00   20.56 ^ _277_/CLK (sky130_fd_sc_hd__dfrtp_1)
                         -0.25   20.31   clock uncertainty
                          0.00   20.31   clock reconvergence pessimism
                          0.42   20.72   library recovery time
                                 20.72   data required time
-----------------------------------------------------------------------------
                                 20.72   data required time
                                 -4.74   data arrival time
-----------------------------------------------------------------------------
                                 15.98   slack (MET)


Startpoint: rst_n (input port clocked by clk)
Endpoint: _283_ (recovery check against rising-edge clock clk)
Path Group: asynchronous
Path Type: max
Corner: Slowest

Fanout     Cap    Slew   Delay    Time   Description
-----------------------------------------------------------------------------
                          0.00    0.00   clock clk (rise edge)
                          0.00    0.00   clock network delay (propagated)
                          4.00    4.00 ^ input external delay
                  0.04    0.02    4.02 ^ rst_n (in)
     1    0.00                           rst_n (net)
                  0.04    0.00    4.02 ^ input1/A (sky130_fd_sc_hd__clkbuf_2)
                  0.21    0.29    4.31 ^ input1/X (sky130_fd_sc_hd__clkbuf_2)
     4    0.02                           net1 (net)
                  0.21    0.00    4.31 ^ fanout16/A (sky130_fd_sc_hd__clkbuf_4)
                  0.20    0.43    4.74 ^ fanout16/X (sky130_fd_sc_hd__clkbuf_4)
     8    0.04                           net16 (net)
                  0.20    0.00    4.74 ^ _283_/RESET_B (sky130_fd_sc_hd__dfrtp_1)
                                  4.74   data arrival time

                         20.00   20.00   clock clk (rise edge)
                          0.00   20.00   clock source latency
                  0.11    0.07   20.07 ^ clk (in)
     1    0.01                           clk (net)
                  0.11    0.00   20.07 ^ clkbuf_0_clk/A (sky130_fd_sc_hd__clkbuf_16)
                  0.10    0.26   20.33 ^ clkbuf_0_clk/X (sky130_fd_sc_hd__clkbuf_16)
     4    0.04                           clknet_0_clk (net)
                  0.10    0.00   20.33 ^ clkbuf_2_2__f_clk/A (sky130_fd_sc_hd__clkbuf_16)
                  0.07    0.23   20.56 ^ clkbuf_2_2__f_clk/X (sky130_fd_sc_hd__clkbuf_16)
     8    0.02                           clknet_2_2__leaf_clk (net)
                  0.07    0.00   20.56 ^ _283_/CLK (sky130_fd_sc_hd__dfrtp_1)
                         -0.25   20.31   clock uncertainty
                          0.00   20.31   clock reconvergence pessimism
                          0.42   20.72   library recovery time
                                 20.72   data required time
-----------------------------------------------------------------------------
                                 20.72   data required time
                                 -4.74   data arrival time
-----------------------------------------------------------------------------
                                 15.99   slack (MET)


Startpoint: rst_n (input port clocked by clk)
Endpoint: _282_ (recovery check against rising-edge clock clk)
Path Group: asynchronous
Path Type: max
Corner: Slowest

Fanout     Cap    Slew   Delay    Time   Description
-----------------------------------------------------------------------------
                          0.00    0.00   clock clk (rise edge)
                          0.00    0.00   clock network delay (propagated)
                          4.00    4.00 ^ input external delay
                  0.04    0.02    4.02 ^ rst_n (in)
     1    0.00                           rst_n (net)
                  0.04    0.00    4.02 ^ input1/A (sky130_fd_sc_hd__clkbuf_2)
                  0.21    0.29    4.31 ^ input1/X (sky130_fd_sc_hd__clkbuf_2)
     4    0.02                           net1 (net)
                  0.21    0.00    4.31 ^ fanout16/A (sky130_fd_sc_hd__clkbuf_4)
                  0.20    0.43    4.74 ^ fanout16/X (sky130_fd_sc_hd__clkbuf_4)
     8    0.04                           net16 (net)
                  0.20    0.00    4.74 ^ _282_/RESET_B (sky130_fd_sc_hd__dfrtp_1)
                                  4.74   data arrival time

                         20.00   20.00   clock clk (rise edge)
                          0.00   20.00   clock source latency
                  0.11    0.07   20.07 ^ clk (in)
     1    0.01                           clk (net)
                  0.11    0.00   20.07 ^ clkbuf_0_clk/A (sky130_fd_sc_hd__clkbuf_16)
                  0.10    0.26   20.33 ^ clkbuf_0_clk/X (sky130_fd_sc_hd__clkbuf_16)
     4    0.04                           clknet_0_clk (net)
                  0.10    0.00   20.33 ^ clkbuf_2_2__f_clk/A (sky130_fd_sc_hd__clkbuf_16)
                  0.07    0.23   20.56 ^ clkbuf_2_2__f_clk/X (sky130_fd_sc_hd__clkbuf_16)
     8    0.02                           clknet_2_2__leaf_clk (net)
                  0.07    0.00   20.56 ^ _282_/CLK (sky130_fd_sc_hd__dfrtp_1)
                         -0.25   20.31   clock uncertainty
                          0.00   20.31   clock reconvergence pessimism
                          0.42   20.72   library recovery time
                                 20.72   data required time
-----------------------------------------------------------------------------
                                 20.72   data required time
                                 -4.74   data arrival time
-----------------------------------------------------------------------------
                                 15.99   slack (MET)


Startpoint: rst_n (input port clocked by clk)
Endpoint: _281_ (recovery check against rising-edge clock clk)
Path Group: asynchronous
Path Type: max
Corner: Slowest

Fanout     Cap    Slew   Delay    Time   Description
-----------------------------------------------------------------------------
                          0.00    0.00   clock clk (rise edge)
                          0.00    0.00   clock network delay (propagated)
                          4.00    4.00 ^ input external delay
                  0.04    0.02    4.02 ^ rst_n (in)
     1    0.00                           rst_n (net)
                  0.04    0.00    4.02 ^ input1/A (sky130_fd_sc_hd__clkbuf_2)
                  0.21    0.29    4.31 ^ input1/X (sky130_fd_sc_hd__clkbuf_2)
     4    0.02                           net1 (net)
                  0.21    0.00    4.31 ^ fanout18/A (sky130_fd_sc_hd__clkbuf_4)
                  0.21    0.43    4.74 ^ fanout18/X (sky130_fd_sc_hd__clkbuf_4)
     9    0.04                           net18 (net)
                  0.21    0.00    4.74 ^ _281_/RESET_B (sky130_fd_sc_hd__dfrtp_1)
                                  4.74   data arrival time

                         20.00   20.00   clock clk (rise edge)
                          0.00   20.00   clock source latency
                  0.11    0.07   20.07 ^ clk (in)
     1    0.01                           clk (net)
                  0.11    0.00   20.07 ^ clkbuf_0_clk/A (sky130_fd_sc_hd__clkbuf_16)
                  0.10    0.26   20.33 ^ clkbuf_0_clk/X (sky130_fd_sc_hd__clkbuf_16)
     4    0.04                           clknet_0_clk (net)
                  0.10    0.00   20.33 ^ clkbuf_2_3__f_clk/A (sky130_fd_sc_hd__clkbuf_16)
                  0.08    0.24   20.57 ^ clkbuf_2_3__f_clk/X (sky130_fd_sc_hd__clkbuf_16)
     9    0.03                           clknet_2_3__leaf_clk (net)
                  0.08    0.00   20.57 ^ _281_/CLK (sky130_fd_sc_hd__dfrtp_1)
                         -0.25   20.32   clock uncertainty
                          0.00   20.32   clock reconvergence pessimism
                          0.42   20.73   library recovery time
                                 20.73   data required time
-----------------------------------------------------------------------------
                                 20.73   data required time
                                 -4.74   data arrival time
-----------------------------------------------------------------------------
                                 15.99   slack (MET)


Startpoint: rst_n (input port clocked by clk)
Endpoint: _263_ (recovery check against rising-edge clock clk)
Path Group: asynchronous
Path Type: max
Corner: Slowest

Fanout     Cap    Slew   Delay    Time   Description
-----------------------------------------------------------------------------
                          0.00    0.00   clock clk (rise edge)
                          0.00    0.00   clock network delay (propagated)
                          4.00    4.00 ^ input external delay
                  0.04    0.02    4.02 ^ rst_n (in)
     1    0.00                           rst_n (net)
                  0.04    0.00    4.02 ^ input1/A (sky130_fd_sc_hd__clkbuf_2)
                  0.21    0.29    4.31 ^ input1/X (sky130_fd_sc_hd__clkbuf_2)
     4    0.02                           net1 (net)
                  0.21    0.00    4.31 ^ fanout18/A (sky130_fd_sc_hd__clkbuf_4)
                  0.21    0.43    4.74 ^ fanout18/X (sky130_fd_sc_hd__clkbuf_4)
     9    0.04                           net18 (net)
                  0.21    0.00    4.74 ^ _263_/RESET_B (sky130_fd_sc_hd__dfrtp_1)
                                  4.74   data arrival time

                         20.00   20.00   clock clk (rise edge)
                          0.00   20.00   clock source latency
                  0.11    0.07   20.07 ^ clk (in)
     1    0.01                           clk (net)
                  0.11    0.00   20.07 ^ clkbuf_0_clk/A (sky130_fd_sc_hd__clkbuf_16)
                  0.10    0.26   20.33 ^ clkbuf_0_clk/X (sky130_fd_sc_hd__clkbuf_16)
     4    0.04                           clknet_0_clk (net)
                  0.10    0.00   20.33 ^ clkbuf_2_3__f_clk/A (sky130_fd_sc_hd__clkbuf_16)
                  0.08    0.24   20.57 ^ clkbuf_2_3__f_clk/X (sky130_fd_sc_hd__clkbuf_16)
     9    0.03                           clknet_2_3__leaf_clk (net)
                  0.08    0.00   20.57 ^ _263_/CLK (sky130_fd_sc_hd__dfrtp_1)
                         -0.25   20.32   clock uncertainty
                          0.00   20.32   clock reconvergence pessimism
                          0.42   20.73   library recovery time
                                 20.73   data required time
-----------------------------------------------------------------------------
                                 20.73   data required time
                                 -4.74   data arrival time
-----------------------------------------------------------------------------
                                 15.99   slack (MET)


Startpoint: rst_n (input port clocked by clk)
Endpoint: _262_ (recovery check against rising-edge clock clk)
Path Group: asynchronous
Path Type: max
Corner: Slowest

Fanout     Cap    Slew   Delay    Time   Description
-----------------------------------------------------------------------------
                          0.00    0.00   clock clk (rise edge)
                          0.00    0.00   clock network delay (propagated)
                          4.00    4.00 ^ input external delay
                  0.04    0.02    4.02 ^ rst_n (in)
     1    0.00                           rst_n (net)
                  0.04    0.00    4.02 ^ input1/A (sky130_fd_sc_hd__clkbuf_2)
                  0.21    0.29    4.31 ^ input1/X (sky130_fd_sc_hd__clkbuf_2)
     4    0.02                           net1 (net)
                  0.21    0.00    4.31 ^ fanout18/A (sky130_fd_sc_hd__clkbuf_4)
                  0.21    0.43    4.74 ^ fanout18/X (sky130_fd_sc_hd__clkbuf_4)
     9    0.04                           net18 (net)
                  0.21    0.00    4.74 ^ _262_/RESET_B (sky130_fd_sc_hd__dfrtp_1)
                                  4.74   data arrival time

                         20.00   20.00   clock clk (rise edge)
                          0.00   20.00   clock source latency
                  0.11    0.07   20.07 ^ clk (in)
     1    0.01                           clk (net)
                  0.11    0.00   20.07 ^ clkbuf_0_clk/A (sky130_fd_sc_hd__clkbuf_16)
                  0.10    0.26   20.33 ^ clkbuf_0_clk/X (sky130_fd_sc_hd__clkbuf_16)
     4    0.04                           clknet_0_clk (net)
                  0.10    0.00   20.33 ^ clkbuf_2_3__f_clk/A (sky130_fd_sc_hd__clkbuf_16)
                  0.08    0.24   20.57 ^ clkbuf_2_3__f_clk/X (sky130_fd_sc_hd__clkbuf_16)
     9    0.03                           clknet_2_3__leaf_clk (net)
                  0.08    0.00   20.57 ^ _262_/CLK (sky130_fd_sc_hd__dfrtp_1)
                         -0.25   20.32   clock uncertainty
                          0.00   20.32   clock reconvergence pessimism
                          0.42   20.73   library recovery time
                                 20.73   data required time
-----------------------------------------------------------------------------
                                 20.73   data required time
                                 -4.74   data arrival time
-----------------------------------------------------------------------------
                                 15.99   slack (MET)


Startpoint: rst_n (input port clocked by clk)
Endpoint: _279_ (recovery check against rising-edge clock clk)
Path Group: asynchronous
Path Type: max
Corner: Slowest

Fanout     Cap    Slew   Delay    Time   Description
-----------------------------------------------------------------------------
                          0.00    0.00   clock clk (rise edge)
                          0.00    0.00   clock network delay (propagated)
                          4.00    4.00 ^ input external delay
                  0.04    0.02    4.02 ^ rst_n (in)
     1    0.00                           rst_n (net)
                  0.04    0.00    4.02 ^ input1/A (sky130_fd_sc_hd__clkbuf_2)
                  0.21    0.29    4.31 ^ input1/X (sky130_fd_sc_hd__clkbuf_2)
     4    0.02                           net1 (net)
                  0.21    0.00    4.31 ^ fanout18/A (sky130_fd_sc_hd__clkbuf_4)
                  0.21    0.43    4.74 ^ fanout18/X (sky130_fd_sc_hd__clkbuf_4)
     9    0.04                           net18 (net)
                  0.21    0.00    4.74 ^ _279_/RESET_B (sky130_fd_sc_hd__dfrtp_1)
                                  4.74   data arrival time

                         20.00   20.00   clock clk (rise edge)
                          0.00   20.00   clock source latency
                  0.11    0.07   20.07 ^ clk (in)
     1    0.01                           clk (net)
                  0.11    0.00   20.07 ^ clkbuf_0_clk/A (sky130_fd_sc_hd__clkbuf_16)
                  0.10    0.26   20.33 ^ clkbuf_0_clk/X (sky130_fd_sc_hd__clkbuf_16)
     4    0.04                           clknet_0_clk (net)
                  0.10    0.00   20.33 ^ clkbuf_2_3__f_clk/A (sky130_fd_sc_hd__clkbuf_16)
                  0.08    0.24   20.57 ^ clkbuf_2_3__f_clk/X (sky130_fd_sc_hd__clkbuf_16)
     9    0.03                           clknet_2_3__leaf_clk (net)
                  0.08    0.00   20.57 ^ _279_/CLK (sky130_fd_sc_hd__dfrtp_1)
                         -0.25   20.32   clock uncertainty
                          0.00   20.32   clock reconvergence pessimism
                          0.42   20.73   library recovery time
                                 20.73   data required time
-----------------------------------------------------------------------------
                                 20.73   data required time
                                 -4.74   data arrival time
-----------------------------------------------------------------------------
                                 15.99   slack (MET)


Startpoint: rst_n (input port clocked by clk)
Endpoint: _280_ (recovery check against rising-edge clock clk)
Path Group: asynchronous
Path Type: max
Corner: Slowest

Fanout     Cap    Slew   Delay    Time   Description
-----------------------------------------------------------------------------
                          0.00    0.00   clock clk (rise edge)
                          0.00    0.00   clock network delay (propagated)
                          4.00    4.00 ^ input external delay
                  0.04    0.02    4.02 ^ rst_n (in)
     1    0.00                           rst_n (net)
                  0.04    0.00    4.02 ^ input1/A (sky130_fd_sc_hd__clkbuf_2)
                  0.21    0.29    4.31 ^ input1/X (sky130_fd_sc_hd__clkbuf_2)
     4    0.02                           net1 (net)
                  0.21    0.00    4.31 ^ fanout18/A (sky130_fd_sc_hd__clkbuf_4)
                  0.21    0.43    4.74 ^ fanout18/X (sky130_fd_sc_hd__clkbuf_4)
     9    0.04                           net18 (net)
                  0.21    0.00    4.74 ^ _280_/RESET_B (sky130_fd_sc_hd__dfrtp_1)
                                  4.74   data arrival time

                         20.00   20.00   clock clk (rise edge)
                          0.00   20.00   clock source latency
                  0.11    0.07   20.07 ^ clk (in)
     1    0.01                           clk (net)
                  0.11    0.00   20.07 ^ clkbuf_0_clk/A (sky130_fd_sc_hd__clkbuf_16)
                  0.10    0.26   20.33 ^ clkbuf_0_clk/X (sky130_fd_sc_hd__clkbuf_16)
     4    0.04                           clknet_0_clk (net)
                  0.10    0.00   20.33 ^ clkbuf_2_3__f_clk/A (sky130_fd_sc_hd__clkbuf_16)
                  0.08    0.24   20.57 ^ clkbuf_2_3__f_clk/X (sky130_fd_sc_hd__clkbuf_16)
     9    0.03                           clknet_2_3__leaf_clk (net)
                  0.08    0.00   20.57 ^ _280_/CLK (sky130_fd_sc_hd__dfrtp_1)
                         -0.25   20.32   clock uncertainty
                          0.00   20.32   clock reconvergence pessimism
                          0.42   20.73   library recovery time
                                 20.73   data required time
-----------------------------------------------------------------------------
                                 20.73   data required time
                                 -4.74   data arrival time
-----------------------------------------------------------------------------
                                 15.99   slack (MET)


Startpoint: rst_n (input port clocked by clk)
Endpoint: _265_ (recovery check against rising-edge clock clk)
Path Group: asynchronous
Path Type: max
Corner: Slowest

Fanout     Cap    Slew   Delay    Time   Description
-----------------------------------------------------------------------------
                          0.00    0.00   clock clk (rise edge)
                          0.00    0.00   clock network delay (propagated)
                          4.00    4.00 ^ input external delay
                  0.04    0.02    4.02 ^ rst_n (in)
     1    0.00                           rst_n (net)
                  0.04    0.00    4.02 ^ input1/A (sky130_fd_sc_hd__clkbuf_2)
                  0.21    0.29    4.31 ^ input1/X (sky130_fd_sc_hd__clkbuf_2)
     4    0.02                           net1 (net)
                  0.21    0.00    4.31 ^ fanout18/A (sky130_fd_sc_hd__clkbuf_4)
                  0.21    0.43    4.74 ^ fanout18/X (sky130_fd_sc_hd__clkbuf_4)
     9    0.04                           net18 (net)
                  0.21    0.00    4.74 ^ _265_/RESET_B (sky130_fd_sc_hd__dfrtp_1)
                                  4.74   data arrival time

                         20.00   20.00   clock clk (rise edge)
                          0.00   20.00   clock source latency
                  0.11    0.07   20.07 ^ clk (in)
     1    0.01                           clk (net)
                  0.11    0.00   20.07 ^ clkbuf_0_clk/A (sky130_fd_sc_hd__clkbuf_16)
                  0.10    0.26   20.33 ^ clkbuf_0_clk/X (sky130_fd_sc_hd__clkbuf_16)
     4    0.04                           clknet_0_clk (net)
                  0.10    0.00   20.33 ^ clkbuf_2_3__f_clk/A (sky130_fd_sc_hd__clkbuf_16)
                  0.08    0.24   20.57 ^ clkbuf_2_3__f_clk/X (sky130_fd_sc_hd__clkbuf_16)
     9    0.03                           clknet_2_3__leaf_clk (net)
                  0.08    0.00   20.57 ^ _265_/CLK (sky130_fd_sc_hd__dfrtp_1)
                         -0.25   20.32   clock uncertainty
                          0.00   20.32   clock reconvergence pessimism
                          0.42   20.73   library recovery time
                                 20.73   data required time
-----------------------------------------------------------------------------
                                 20.73   data required time
                                 -4.74   data arrival time
-----------------------------------------------------------------------------
                                 15.99   slack (MET)


Startpoint: rst_n (input port clocked by clk)
Endpoint: _264_ (recovery check against rising-edge clock clk)
Path Group: asynchronous
Path Type: max
Corner: Slowest

Fanout     Cap    Slew   Delay    Time   Description
-----------------------------------------------------------------------------
                          0.00    0.00   clock clk (rise edge)
                          0.00    0.00   clock network delay (propagated)
                          4.00    4.00 ^ input external delay
                  0.04    0.02    4.02 ^ rst_n (in)
     1    0.00                           rst_n (net)
                  0.04    0.00    4.02 ^ input1/A (sky130_fd_sc_hd__clkbuf_2)
                  0.21    0.29    4.31 ^ input1/X (sky130_fd_sc_hd__clkbuf_2)
     4    0.02                           net1 (net)
                  0.21    0.00    4.31 ^ fanout18/A (sky130_fd_sc_hd__clkbuf_4)
                  0.21    0.43    4.74 ^ fanout18/X (sky130_fd_sc_hd__clkbuf_4)
     9    0.04                           net18 (net)
                  0.21    0.00    4.74 ^ _264_/RESET_B (sky130_fd_sc_hd__dfrtp_1)
                                  4.74   data arrival time

                         20.00   20.00   clock clk (rise edge)
                          0.00   20.00   clock source latency
                  0.11    0.07   20.07 ^ clk (in)
     1    0.01                           clk (net)
                  0.11    0.00   20.07 ^ clkbuf_0_clk/A (sky130_fd_sc_hd__clkbuf_16)
                  0.10    0.26   20.33 ^ clkbuf_0_clk/X (sky130_fd_sc_hd__clkbuf_16)
     4    0.04                           clknet_0_clk (net)
                  0.10    0.00   20.33 ^ clkbuf_2_3__f_clk/A (sky130_fd_sc_hd__clkbuf_16)
                  0.08    0.24   20.57 ^ clkbuf_2_3__f_clk/X (sky130_fd_sc_hd__clkbuf_16)
     9    0.03                           clknet_2_3__leaf_clk (net)
                  0.08    0.00   20.57 ^ _264_/CLK (sky130_fd_sc_hd__dfrtp_1)
                         -0.25   20.32   clock uncertainty
                          0.00   20.32   clock reconvergence pessimism
                          0.42   20.73   library recovery time
                                 20.73   data required time
-----------------------------------------------------------------------------
                                 20.73   data required time
                                 -4.74   data arrival time
-----------------------------------------------------------------------------
                                 15.99   slack (MET)


Startpoint: rst_n (input port clocked by clk)
Endpoint: _271_ (recovery check against rising-edge clock clk)
Path Group: asynchronous
Path Type: max
Corner: Slowest

Fanout     Cap    Slew   Delay    Time   Description
-----------------------------------------------------------------------------
                          0.00    0.00   clock clk (rise edge)
                          0.00    0.00   clock network delay (propagated)
                          4.00    4.00 ^ input external delay
                  0.04    0.02    4.02 ^ rst_n (in)
     1    0.00                           rst_n (net)
                  0.04    0.00    4.02 ^ input1/A (sky130_fd_sc_hd__clkbuf_2)
                  0.21    0.29    4.31 ^ input1/X (sky130_fd_sc_hd__clkbuf_2)
     4    0.02                           net1 (net)
                  0.21    0.00    4.31 ^ fanout18/A (sky130_fd_sc_hd__clkbuf_4)
                  0.21    0.43    4.74 ^ fanout18/X (sky130_fd_sc_hd__clkbuf_4)
     9    0.04                           net18 (net)
                  0.21    0.00    4.74 ^ _271_/RESET_B (sky130_fd_sc_hd__dfrtp_1)
                                  4.74   data arrival time

                         20.00   20.00   clock clk (rise edge)
                          0.00   20.00   clock source latency
                  0.11    0.07   20.07 ^ clk (in)
     1    0.01                           clk (net)
                  0.11    0.00   20.07 ^ clkbuf_0_clk/A (sky130_fd_sc_hd__clkbuf_16)
                  0.10    0.26   20.33 ^ clkbuf_0_clk/X (sky130_fd_sc_hd__clkbuf_16)
     4    0.04                           clknet_0_clk (net)
                  0.10    0.00   20.33 ^ clkbuf_2_3__f_clk/A (sky130_fd_sc_hd__clkbuf_16)
                  0.08    0.24   20.57 ^ clkbuf_2_3__f_clk/X (sky130_fd_sc_hd__clkbuf_16)
     9    0.03                           clknet_2_3__leaf_clk (net)
                  0.08    0.00   20.57 ^ _271_/CLK (sky130_fd_sc_hd__dfrtp_1)
                         -0.25   20.32   clock uncertainty
                          0.00   20.32   clock reconvergence pessimism
                          0.42   20.73   library recovery time
                                 20.73   data required time
-----------------------------------------------------------------------------
                                 20.73   data required time
                                 -4.74   data arrival time
-----------------------------------------------------------------------------
                                 15.99   slack (MET)


Startpoint: rst_n (input port clocked by clk)
Endpoint: _278_ (recovery check against rising-edge clock clk)
Path Group: asynchronous
Path Type: max
Corner: Slowest

Fanout     Cap    Slew   Delay    Time   Description
-----------------------------------------------------------------------------
                          0.00    0.00   clock clk (rise edge)
                          0.00    0.00   clock network delay (propagated)
                          4.00    4.00 ^ input external delay
                  0.04    0.02    4.02 ^ rst_n (in)
     1    0.00                           rst_n (net)
                  0.04    0.00    4.02 ^ input1/A (sky130_fd_sc_hd__clkbuf_2)
                  0.21    0.29    4.31 ^ input1/X (sky130_fd_sc_hd__clkbuf_2)
     4    0.02                           net1 (net)
                  0.21    0.00    4.31 ^ fanout16/A (sky130_fd_sc_hd__clkbuf_4)
                  0.20    0.43    4.74 ^ fanout16/X (sky130_fd_sc_hd__clkbuf_4)
     8    0.04                           net16 (net)
                  0.20    0.00    4.74 ^ _278_/RESET_B (sky130_fd_sc_hd__dfrtp_1)
                                  4.74   data arrival time

                         20.00   20.00   clock clk (rise edge)
                          0.00   20.00   clock source latency
                  0.11    0.07   20.07 ^ clk (in)
     1    0.01                           clk (net)
                  0.11    0.00   20.07 ^ clkbuf_0_clk/A (sky130_fd_sc_hd__clkbuf_16)
                  0.10    0.26   20.33 ^ clkbuf_0_clk/X (sky130_fd_sc_hd__clkbuf_16)
     4    0.04                           clknet_0_clk (net)
                  0.10    0.00   20.33 ^ clkbuf_2_3__f_clk/A (sky130_fd_sc_hd__clkbuf_16)
                  0.08    0.24   20.57 ^ clkbuf_2_3__f_clk/X (sky130_fd_sc_hd__clkbuf_16)
     9    0.03                           clknet_2_3__leaf_clk (net)
                  0.08    0.00   20.57 ^ _278_/CLK (sky130_fd_sc_hd__dfrtp_1)
                         -0.25   20.32   clock uncertainty
                          0.00   20.32   clock reconvergence pessimism
                          0.42   20.73   library recovery time
                                 20.73   data required time
-----------------------------------------------------------------------------
                                 20.73   data required time
                                 -4.74   data arrival time
-----------------------------------------------------------------------------
                                 16.00   slack (MET)


Startpoint: _297_ (rising edge-triggered flip-flop clocked by clk)
Endpoint: _274_ (rising edge-triggered flip-flop clocked by clk)
Path Group: clk
Path Type: max
Corner: Slowest

Fanout     Cap    Slew   Delay    Time   Description
-----------------------------------------------------------------------------
                          0.00    0.00   clock clk (rise edge)
                          0.00    0.00   clock source latency
                  0.11    0.08    0.08 ^ clk (in)
     1    0.01                           clk (net)
                  0.11    0.00    0.08 ^ clkbuf_0_clk/A (sky130_fd_sc_hd__clkbuf_16)
                  0.10    0.29    0.36 ^ clkbuf_0_clk/X (sky130_fd_sc_hd__clkbuf_16)
     4    0.04                           clknet_0_clk (net)
                  0.10    0.00    0.36 ^ clkbuf_2_1__f_clk/A (sky130_fd_sc_hd__clkbuf_16)
                  0.08    0.26    0.63 ^ clkbuf_2_1__f_clk/X (sky130_fd_sc_hd__clkbuf_16)
    11    0.03                           clknet_2_1__leaf_clk (net)
                  0.08    0.00    0.63 ^ _297_/CLK (sky130_fd_sc_hd__dfrtp_4)
                  0.17    1.13    1.76 v _297_/Q (sky130_fd_sc_hd__dfrtp_4)
     8    0.03                           state[1] (net)
                  0.17    0.00    1.76 v _181_/A (sky130_fd_sc_hd__or4b_2)
                  0.31    1.86    3.62 v _181_/X (sky130_fd_sc_hd__or4b_2)
     3    0.02                           _063_ (net)
                  0.31    0.00    3.62 v _182_/B1 (sky130_fd_sc_hd__a21oi_1)
                  0.19    0.30    3.92 ^ _182_/Y (sky130_fd_sc_hd__a21oi_1)
     1    0.00                           _064_ (net)
                  0.19    0.00    3.92 ^ _183_/B1 (sky130_fd_sc_hd__o21a_1)
                  0.07    0.28    4.19 ^ _183_/X (sky130_fd_sc_hd__o21a_1)
     1    0.00                           _013_ (net)
                  0.07    0.00    4.19 ^ _274_/D (sky130_fd_sc_hd__dfrtp_4)
                                  4.19   data arrival time

                         20.00   20.00   clock clk (rise edge)
                          0.00   20.00   clock source latency
                  0.11    0.07   20.07 ^ clk (in)
     1    0.01                           clk (net)
                  0.11    0.00   20.07 ^ clkbuf_0_clk/A (sky130_fd_sc_hd__clkbuf_16)
                  0.10    0.26   20.33 ^ clkbuf_0_clk/X (sky130_fd_sc_hd__clkbuf_16)
     4    0.04                           clknet_0_clk (net)
                  0.10    0.00   20.33 ^ clkbuf_2_2__f_clk/A (sky130_fd_sc_hd__clkbuf_16)
                  0.07    0.23   20.56 ^ clkbuf_2_2__f_clk/X (sky130_fd_sc_hd__clkbuf_16)
     8    0.02                           clknet_2_2__leaf_clk (net)
                  0.07    0.00   20.56 ^ _274_/CLK (sky130_fd_sc_hd__dfrtp_4)
                         -0.25   20.31   clock uncertainty
                          0.03   20.34   clock reconvergence pessimism
                         -0.14   20.21   library setup time
                                 20.21   data required time
-----------------------------------------------------------------------------
                                 20.21   data required time
                                 -4.19   data arrival time
-----------------------------------------------------------------------------
                                 16.01   slack (MET)


Startpoint: _263_ (rising edge-triggered flip-flop clocked by clk)
Endpoint: _298_ (rising edge-triggered flip-flop clocked by clk)
Path Group: clk
Path Type: max
Corner: Slowest

Fanout     Cap    Slew   Delay    Time   Description
-----------------------------------------------------------------------------
                          0.00    0.00   clock clk (rise edge)
                          0.00    0.00   clock source latency
                  0.11    0.08    0.08 ^ clk (in)
     1    0.01                           clk (net)
                  0.11    0.00    0.08 ^ clkbuf_0_clk/A (sky130_fd_sc_hd__clkbuf_16)
                  0.10    0.29    0.36 ^ clkbuf_0_clk/X (sky130_fd_sc_hd__clkbuf_16)
     4    0.04                           clknet_0_clk (net)
                  0.10    0.00    0.36 ^ clkbuf_2_3__f_clk/A (sky130_fd_sc_hd__clkbuf_16)
                  0.08    0.26    0.63 ^ clkbuf_2_3__f_clk/X (sky130_fd_sc_hd__clkbuf_16)
     9    0.03                           clknet_2_3__leaf_clk (net)
                  0.08    0.00    0.63 ^ _263_/CLK (sky130_fd_sc_hd__dfrtp_1)
                  0.14    0.85    1.48 v _263_/Q (sky130_fd_sc_hd__dfrtp_1)
     4    0.01                           baud_counter[1] (net)
                  0.14    0.00    1.48 v _137_/A (sky130_fd_sc_hd__or4b_1)
                  0.17    1.26    2.74 v _137_/X (sky130_fd_sc_hd__or4b_1)
     1    0.00                           _126_ (net)
                  0.17    0.00    2.74 v _138_/D (sky130_fd_sc_hd__or4_1)
                  0.25    1.16    3.90 v _138_/X (sky130_fd_sc_hd__or4_1)
     3    0.01                           _127_ (net)
                  0.25    0.00    3.90 v _139_/B (sky130_fd_sc_hd__nor2_1)
                  0.14    0.21    4.11 ^ _139_/Y (sky130_fd_sc_hd__nor2_1)
     1    0.00                           _000_ (net)
                  0.14    0.00    4.11 ^ _298_/D (sky130_fd_sc_hd__dfrtp_1)
                                  4.11   data arrival time

                         20.00   20.00   clock clk (rise edge)
                          0.00   20.00   clock source latency
                  0.11    0.07   20.07 ^ clk (in)
     1    0.01                           clk (net)
                  0.11    0.00   20.07 ^ clkbuf_0_clk/A (sky130_fd_sc_hd__clkbuf_16)
                  0.10    0.26   20.33 ^ clkbuf_0_clk/X (sky130_fd_sc_hd__clkbuf_16)
     4    0.04                           clknet_0_clk (net)
                  0.10    0.00   20.33 ^ clkbuf_2_1__f_clk/A (sky130_fd_sc_hd__clkbuf_16)
                  0.08    0.24   20.57 ^ clkbuf_2_1__f_clk/X (sky130_fd_sc_hd__clkbuf_16)
    11    0.03                           clknet_2_1__leaf_clk (net)
                  0.08    0.00   20.57 ^ _298_/CLK (sky130_fd_sc_hd__dfrtp_1)
                         -0.25   20.32   clock uncertainty
                          0.03   20.35   clock reconvergence pessimism
                         -0.15   20.21   library setup time
                                 20.21   data required time
-----------------------------------------------------------------------------
                                 20.21   data required time
                                 -4.11   data arrival time
-----------------------------------------------------------------------------
                                 16.09   slack (MET)


Startpoint: _264_ (rising edge-triggered flip-flop clocked by clk)
Endpoint: _268_ (rising edge-triggered flip-flop clocked by clk)
Path Group: clk
Path Type: max
Corner: Slowest

Fanout     Cap    Slew   Delay    Time   Description
-----------------------------------------------------------------------------
                          0.00    0.00   clock clk (rise edge)
                          0.00    0.00   clock source latency
                  0.11    0.08    0.08 ^ clk (in)
     1    0.01                           clk (net)
                  0.11    0.00    0.08 ^ clkbuf_0_clk/A (sky130_fd_sc_hd__clkbuf_16)
                  0.10    0.29    0.36 ^ clkbuf_0_clk/X (sky130_fd_sc_hd__clkbuf_16)
     4    0.04                           clknet_0_clk (net)
                  0.10    0.00    0.36 ^ clkbuf_2_3__f_clk/A (sky130_fd_sc_hd__clkbuf_16)
                  0.08    0.26    0.63 ^ clkbuf_2_3__f_clk/X (sky130_fd_sc_hd__clkbuf_16)
     9    0.03                           clknet_2_3__leaf_clk (net)
                  0.08    0.00    0.63 ^ _264_/CLK (sky130_fd_sc_hd__dfrtp_1)
                  0.23    0.82    1.44 ^ _264_/Q (sky130_fd_sc_hd__dfrtp_1)
     5    0.02                           baud_counter[2] (net)
                  0.23    0.00    1.44 ^ _153_/D (sky130_fd_sc_hd__and4_1)
                  0.31    0.67    2.11 ^ _153_/X (sky130_fd_sc_hd__and4_1)
     6    0.02                           _043_ (net)
                  0.31    0.00    2.11 ^ _159_/B_N (sky130_fd_sc_hd__or2b_1)
                  0.12    0.64    2.75 v _159_/X (sky130_fd_sc_hd__or2b_1)
     2    0.01                           _048_ (net)
                  0.12    0.00    2.75 v _161_/B (sky130_fd_sc_hd__or2_1)
                  0.11    0.53    3.27 v _161_/X (sky130_fd_sc_hd__or2_1)
     1    0.00                           _049_ (net)
                  0.11    0.00    3.27 v _162_/B (sky130_fd_sc_hd__xnor2_1)
                  0.09    0.23    3.50 v _162_/Y (sky130_fd_sc_hd__xnor2_1)
     1    0.00                           _007_ (net)
                  0.09    0.00    3.50 v _268_/D (sky130_fd_sc_hd__dfrtp_1)
                                  3.50   data arrival time

                         20.00   20.00   clock clk (rise edge)
                          0.00   20.00   clock source latency
                  0.11    0.07   20.07 ^ clk (in)
     1    0.01                           clk (net)
                  0.11    0.00   20.07 ^ clkbuf_0_clk/A (sky130_fd_sc_hd__clkbuf_16)
                  0.10    0.26   20.33 ^ clkbuf_0_clk/X (sky130_fd_sc_hd__clkbuf_16)
     4    0.04                           clknet_0_clk (net)
                  0.10    0.00   20.33 ^ clkbuf_2_1__f_clk/A (sky130_fd_sc_hd__clkbuf_16)
                  0.08    0.24   20.57 ^ clkbuf_2_1__f_clk/X (sky130_fd_sc_hd__clkbuf_16)
    11    0.03                           clknet_2_1__leaf_clk (net)
                  0.08    0.00   20.57 ^ _268_/CLK (sky130_fd_sc_hd__dfrtp_1)
                         -0.25   20.32   clock uncertainty
                          0.03   20.35   clock reconvergence pessimism
                         -0.28   20.07   library setup time
                                 20.07   data required time
-----------------------------------------------------------------------------
                                 20.07   data required time
                                 -3.50   data arrival time
-----------------------------------------------------------------------------
                                 16.57   slack (MET)


Startpoint: _278_ (rising edge-triggered flip-flop clocked by clk)
Endpoint: _275_ (rising edge-triggered flip-flop clocked by clk)
Path Group: clk
Path Type: max
Corner: Slowest

Fanout     Cap    Slew   Delay    Time   Description
-----------------------------------------------------------------------------
                          0.00    0.00   clock clk (rise edge)
                          0.00    0.00   clock source latency
                  0.11    0.08    0.08 ^ clk (in)
     1    0.01                           clk (net)
                  0.11    0.00    0.08 ^ clkbuf_0_clk/A (sky130_fd_sc_hd__clkbuf_16)
                  0.10    0.29    0.36 ^ clkbuf_0_clk/X (sky130_fd_sc_hd__clkbuf_16)
     4    0.04                           clknet_0_clk (net)
                  0.10    0.00    0.36 ^ clkbuf_2_3__f_clk/A (sky130_fd_sc_hd__clkbuf_16)
                  0.08    0.26    0.63 ^ clkbuf_2_3__f_clk/X (sky130_fd_sc_hd__clkbuf_16)
     9    0.03                           clknet_2_3__leaf_clk (net)
                  0.08    0.00    0.63 ^ _278_/CLK (sky130_fd_sc_hd__dfrtp_1)
                  0.16    0.87    1.50 v _278_/Q (sky130_fd_sc_hd__dfrtp_1)
     5    0.01                           idle_counter[4] (net)
                  0.16    0.00    1.50 v _172_/D (sky130_fd_sc_hd__and4_1)
                  0.15    0.56    2.06 v _172_/X (sky130_fd_sc_hd__and4_1)
     3    0.01                           _056_ (net)
                  0.15    0.00    2.06 v _180_/A1 (sky130_fd_sc_hd__a21oi_2)
                  0.37    0.43    2.49 ^ _180_/Y (sky130_fd_sc_hd__a21oi_2)
     5    0.02                           _062_ (net)
                  0.37    0.00    2.50 ^ _185_/C (sky130_fd_sc_hd__nand3_1)
                  0.13    0.27    2.76 v _185_/Y (sky130_fd_sc_hd__nand3_1)
     1    0.00                           _066_ (net)
                  0.13    0.00    2.76 v _187_/B (sky130_fd_sc_hd__and3_1)
                  0.06    0.37    3.13 v _187_/X (sky130_fd_sc_hd__and3_1)
     1    0.00                           _068_ (net)
                  0.06    0.00    3.13 v _188_/A (sky130_fd_sc_hd__clkbuf_1)
                  0.04    0.16    3.29 v _188_/X (sky130_fd_sc_hd__clkbuf_1)
     1    0.00                           _014_ (net)
                  0.04    0.00    3.29 v _275_/D (sky130_fd_sc_hd__dfrtp_2)
                                  3.29   data arrival time

                         20.00   20.00   clock clk (rise edge)
                          0.00   20.00   clock source latency
                  0.11    0.07   20.07 ^ clk (in)
     1    0.01                           clk (net)
                  0.11    0.00   20.07 ^ clkbuf_0_clk/A (sky130_fd_sc_hd__clkbuf_16)
                  0.10    0.26   20.33 ^ clkbuf_0_clk/X (sky130_fd_sc_hd__clkbuf_16)
     4    0.04                           clknet_0_clk (net)
                  0.10    0.00   20.33 ^ clkbuf_2_2__f_clk/A (sky130_fd_sc_hd__clkbuf_16)
                  0.07    0.23   20.56 ^ clkbuf_2_2__f_clk/X (sky130_fd_sc_hd__clkbuf_16)
     8    0.02                           clknet_2_2__leaf_clk (net)
                  0.07    0.00   20.56 ^ _275_/CLK (sky130_fd_sc_hd__dfrtp_2)
                         -0.25   20.31   clock uncertainty
                          0.03   20.34   clock reconvergence pessimism
                         -0.27   20.08   library setup time
                                 20.08   data required time
-----------------------------------------------------------------------------
                                 20.08   data required time
                                 -3.29   data arrival time
-----------------------------------------------------------------------------
                                 16.79   slack (MET)


Startpoint: _264_ (rising edge-triggered flip-flop clocked by clk)
Endpoint: _264_ (rising edge-triggered flip-flop clocked by clk)
Path Group: clk
Path Type: max
Corner: Slowest

Fanout     Cap    Slew   Delay    Time   Description
-----------------------------------------------------------------------------
                          0.00    0.00   clock clk (rise edge)
                          0.00    0.00   clock source latency
                  0.11    0.08    0.08 ^ clk (in)
     1    0.01                           clk (net)
                  0.11    0.00    0.08 ^ clkbuf_0_clk/A (sky130_fd_sc_hd__clkbuf_16)
                  0.10    0.29    0.36 ^ clkbuf_0_clk/X (sky130_fd_sc_hd__clkbuf_16)
     4    0.04                           clknet_0_clk (net)
                  0.10    0.00    0.36 ^ clkbuf_2_3__f_clk/A (sky130_fd_sc_hd__clkbuf_16)
                  0.08    0.26    0.63 ^ clkbuf_2_3__f_clk/X (sky130_fd_sc_hd__clkbuf_16)
     9    0.03                           clknet_2_3__leaf_clk (net)
                  0.08    0.00    0.63 ^ _264_/CLK (sky130_fd_sc_hd__dfrtp_1)
                  0.18    0.89    1.52 v _264_/Q (sky130_fd_sc_hd__dfrtp_1)
     5    0.01                           baud_counter[2] (net)
                  0.18    0.00    1.52 v hold12/A (sky130_fd_sc_hd__dlygate4sd3_1)
                  0.13    1.27    2.79 v hold12/X (sky130_fd_sc_hd__dlygate4sd3_1)
     1    0.00                           net30 (net)
                  0.13    0.00    2.79 v _149_/A (sky130_fd_sc_hd__xnor2_1)
                  0.09    0.26    3.04 v _149_/Y (sky130_fd_sc_hd__xnor2_1)
     1    0.00                           _003_ (net)
                  0.09    0.00    3.04 v _264_/D (sky130_fd_sc_hd__dfrtp_1)
                                  3.04   data arrival time

                         20.00   20.00   clock clk (rise edge)
                          0.00   20.00   clock source latency
                  0.11    0.07   20.07 ^ clk (in)
     1    0.01                           clk (net)
                  0.11    0.00   20.07 ^ clkbuf_0_clk/A (sky130_fd_sc_hd__clkbuf_16)
                  0.10    0.26   20.33 ^ clkbuf_0_clk/X (sky130_fd_sc_hd__clkbuf_16)
     4    0.04                           clknet_0_clk (net)
                  0.10    0.00   20.33 ^ clkbuf_2_3__f_clk/A (sky130_fd_sc_hd__clkbuf_16)
                  0.08    0.24   20.57 ^ clkbuf_2_3__f_clk/X (sky130_fd_sc_hd__clkbuf_16)
     9    0.03                           clknet_2_3__leaf_clk (net)
                  0.08    0.00   20.57 ^ _264_/CLK (sky130_fd_sc_hd__dfrtp_1)
                         -0.25   20.32   clock uncertainty
                          0.06   20.38   clock reconvergence pessimism
                         -0.28   20.09   library setup time
                                 20.09   data required time
-----------------------------------------------------------------------------
                                 20.09   data required time
                                 -3.04   data arrival time
-----------------------------------------------------------------------------
                                 17.05   slack (MET)


Startpoint: _282_ (rising edge-triggered flip-flop clocked by clk)
Endpoint: _282_ (rising edge-triggered flip-flop clocked by clk)
Path Group: clk
Path Type: max
Corner: Slowest

Fanout     Cap    Slew   Delay    Time   Description
-----------------------------------------------------------------------------
                          0.00    0.00   clock clk (rise edge)
                          0.00    0.00   clock source latency
                  0.11    0.08    0.08 ^ clk (in)
     1    0.01                           clk (net)
                  0.11    0.00    0.08 ^ clkbuf_0_clk/A (sky130_fd_sc_hd__clkbuf_16)
                  0.10    0.29    0.36 ^ clkbuf_0_clk/X (sky130_fd_sc_hd__clkbuf_16)
     4    0.04                           clknet_0_clk (net)
                  0.10    0.00    0.36 ^ clkbuf_2_2__f_clk/A (sky130_fd_sc_hd__clkbuf_16)
                  0.07    0.25    0.62 ^ clkbuf_2_2__f_clk/X (sky130_fd_sc_hd__clkbuf_16)
     8    0.02                           clknet_2_2__leaf_clk (net)
                  0.07    0.00    0.62 ^ _282_/CLK (sky130_fd_sc_hd__dfrtp_1)
                  0.10    0.80    1.42 v _282_/Q (sky130_fd_sc_hd__dfrtp_1)
     2    0.01                           idle_counter[8] (net)
                  0.10    0.00    1.42 v hold3/A (sky130_fd_sc_hd__dlygate4sd3_1)
                  0.11    1.20    2.61 v hold3/X (sky130_fd_sc_hd__dlygate4sd3_1)
     1    0.00                           net21 (net)
                  0.11    0.00    2.61 v _212_/A1 (sky130_fd_sc_hd__o21a_1)
                  0.06    0.36    2.98 v _212_/X (sky130_fd_sc_hd__o21a_1)
     1    0.00                           _021_ (net)
                  0.06    0.00    2.98 v _282_/D (sky130_fd_sc_hd__dfrtp_1)
                                  2.98   data arrival time

                         20.00   20.00   clock clk (rise edge)
                          0.00   20.00   clock source latency
                  0.11    0.07   20.07 ^ clk (in)
     1    0.01                           clk (net)
                  0.11    0.00   20.07 ^ clkbuf_0_clk/A (sky130_fd_sc_hd__clkbuf_16)
                  0.10    0.26   20.33 ^ clkbuf_0_clk/X (sky130_fd_sc_hd__clkbuf_16)
     4    0.04                           clknet_0_clk (net)
                  0.10    0.00   20.33 ^ clkbuf_2_2__f_clk/A (sky130_fd_sc_hd__clkbuf_16)
                  0.07    0.23   20.56 ^ clkbuf_2_2__f_clk/X (sky130_fd_sc_hd__clkbuf_16)
     8    0.02                           clknet_2_2__leaf_clk (net)
                  0.07    0.00   20.56 ^ _282_/CLK (sky130_fd_sc_hd__dfrtp_1)
                         -0.25   20.31   clock uncertainty
                          0.06   20.37   clock reconvergence pessimism
                         -0.27   20.09   library setup time
                                 20.09   data required time
-----------------------------------------------------------------------------
                                 20.09   data required time
                                 -2.98   data arrival time
-----------------------------------------------------------------------------
                                 17.12   slack (MET)


Startpoint: _273_ (rising edge-triggered flip-flop clocked by clk)
Endpoint: _297_ (rising edge-triggered flip-flop clocked by clk)
Path Group: clk
Path Type: max
Corner: Slowest

Fanout     Cap    Slew   Delay    Time   Description
-----------------------------------------------------------------------------
                          0.00    0.00   clock clk (rise edge)
                          0.00    0.00   clock source latency
                  0.11    0.08    0.08 ^ clk (in)
     1    0.01                           clk (net)
                  0.11    0.00    0.08 ^ clkbuf_0_clk/A (sky130_fd_sc_hd__clkbuf_16)
                  0.10    0.29    0.36 ^ clkbuf_0_clk/X (sky130_fd_sc_hd__clkbuf_16)
     4    0.04                           clknet_0_clk (net)
                  0.10    0.00    0.36 ^ clkbuf_2_2__f_clk/A (sky130_fd_sc_hd__clkbuf_16)
                  0.07    0.25    0.62 ^ clkbuf_2_2__f_clk/X (sky130_fd_sc_hd__clkbuf_16)
     8    0.02                           clknet_2_2__leaf_clk (net)
                  0.07    0.00    0.62 ^ _273_/CLK (sky130_fd_sc_hd__dfrtp_2)
                  0.15    0.95    1.57 v _273_/Q (sky130_fd_sc_hd__dfrtp_2)
     5    0.02                           net12 (net)
                  0.15    0.00    1.57 v _130_/A (sky130_fd_sc_hd__clkbuf_4)
                  0.15    0.39    1.96 v _130_/X (sky130_fd_sc_hd__clkbuf_4)
    10    0.04                           _120_ (net)
                  0.15    0.00    1.96 v _258_/A (sky130_fd_sc_hd__or2b_1)
                  0.13    0.60    2.56 v _258_/X (sky130_fd_sc_hd__or2b_1)
     2    0.01                           _118_ (net)
                  0.13    0.00    2.56 v _261_/B1 (sky130_fd_sc_hd__a32o_1)
                  0.07    0.40    2.96 v _261_/X (sky130_fd_sc_hd__a32o_1)
     1    0.00                           _036_ (net)
                  0.07    0.00    2.96 v _297_/D (sky130_fd_sc_hd__dfrtp_4)
                                  2.96   data arrival time

                         20.00   20.00   clock clk (rise edge)
                          0.00   20.00   clock source latency
                  0.11    0.07   20.07 ^ clk (in)
     1    0.01                           clk (net)
                  0.11    0.00   20.07 ^ clkbuf_0_clk/A (sky130_fd_sc_hd__clkbuf_16)
                  0.10    0.26   20.33 ^ clkbuf_0_clk/X (sky130_fd_sc_hd__clkbuf_16)
     4    0.04                           clknet_0_clk (net)
                  0.10    0.00   20.33 ^ clkbuf_2_1__f_clk/A (sky130_fd_sc_hd__clkbuf_16)
                  0.08    0.24   20.57 ^ clkbuf_2_1__f_clk/X (sky130_fd_sc_hd__clkbuf_16)
    11    0.03                           clknet_2_1__leaf_clk (net)
                  0.08    0.00   20.57 ^ _297_/CLK (sky130_fd_sc_hd__dfrtp_4)
                         -0.25   20.32   clock uncertainty
                          0.03   20.35   clock reconvergence pessimism
                         -0.27   20.08   library setup time
                                 20.08   data required time
-----------------------------------------------------------------------------
                                 20.08   data required time
                                 -2.96   data arrival time
-----------------------------------------------------------------------------
                                 17.12   slack (MET)


Startpoint: _297_ (rising edge-triggered flip-flop clocked by clk)
Endpoint: _283_ (rising edge-triggered flip-flop clocked by clk)
Path Group: clk
Path Type: max
Corner: Slowest

Fanout     Cap    Slew   Delay    Time   Description
-----------------------------------------------------------------------------
                          0.00    0.00   clock clk (rise edge)
                          0.00    0.00   clock source latency
                  0.11    0.08    0.08 ^ clk (in)
     1    0.01                           clk (net)
                  0.11    0.00    0.08 ^ clkbuf_0_clk/A (sky130_fd_sc_hd__clkbuf_16)
                  0.10    0.29    0.36 ^ clkbuf_0_clk/X (sky130_fd_sc_hd__clkbuf_16)
     4    0.04                           clknet_0_clk (net)
                  0.10    0.00    0.36 ^ clkbuf_2_1__f_clk/A (sky130_fd_sc_hd__clkbuf_16)
                  0.08    0.26    0.63 ^ clkbuf_2_1__f_clk/X (sky130_fd_sc_hd__clkbuf_16)
    11    0.03                           clknet_2_1__leaf_clk (net)
                  0.08    0.00    0.63 ^ _297_/CLK (sky130_fd_sc_hd__dfrtp_4)
                  0.17    1.13    1.76 v _297_/Q (sky130_fd_sc_hd__dfrtp_4)
     8    0.03                           state[1] (net)
                  0.17    0.00    1.76 v _131_/A (sky130_fd_sc_hd__nor2_1)
                  0.34    0.38    2.14 ^ _131_/Y (sky130_fd_sc_hd__nor2_1)
     3    0.01                           _121_ (net)
                  0.34    0.00    2.14 ^ _184_/B (sky130_fd_sc_hd__and3b_1)
                  0.18    0.50    2.63 ^ _184_/X (sky130_fd_sc_hd__and3b_1)
     3    0.01                           _065_ (net)
                  0.18    0.00    2.64 ^ _213_/B (sky130_fd_sc_hd__and2_1)
                  0.08    0.28    2.91 ^ _213_/X (sky130_fd_sc_hd__and2_1)
     1    0.00                           _086_ (net)
                  0.08    0.00    2.91 ^ _214_/A (sky130_fd_sc_hd__clkbuf_1)
                  0.07    0.16    3.07 ^ _214_/X (sky130_fd_sc_hd__clkbuf_1)
     1    0.00                           _022_ (net)
                  0.07    0.00    3.07 ^ _283_/D (sky130_fd_sc_hd__dfrtp_1)
                                  3.07   data arrival time

                         20.00   20.00   clock clk (rise edge)
                          0.00   20.00   clock source latency
                  0.11    0.07   20.07 ^ clk (in)
     1    0.01                           clk (net)
                  0.11    0.00   20.07 ^ clkbuf_0_clk/A (sky130_fd_sc_hd__clkbuf_16)
                  0.10    0.26   20.33 ^ clkbuf_0_clk/X (sky130_fd_sc_hd__clkbuf_16)
     4    0.04                           clknet_0_clk (net)
                  0.10    0.00   20.33 ^ clkbuf_2_2__f_clk/A (sky130_fd_sc_hd__clkbuf_16)
                  0.07    0.23   20.56 ^ clkbuf_2_2__f_clk/X (sky130_fd_sc_hd__clkbuf_16)
     8    0.02                           clknet_2_2__leaf_clk (net)
                  0.07    0.00   20.56 ^ _283_/CLK (sky130_fd_sc_hd__dfrtp_1)
                         -0.25   20.31   clock uncertainty
                          0.03   20.34   clock reconvergence pessimism
                         -0.13   20.21   library setup time
                                 20.21   data required time
-----------------------------------------------------------------------------
                                 20.21   data required time
                                 -3.07   data arrival time
-----------------------------------------------------------------------------
                                 17.14   slack (MET)


Startpoint: _273_ (rising edge-triggered flip-flop clocked by clk)
Endpoint: _265_ (rising edge-triggered flip-flop clocked by clk)
Path Group: clk
Path Type: max
Corner: Slowest

Fanout     Cap    Slew   Delay    Time   Description
-----------------------------------------------------------------------------
                          0.00    0.00   clock clk (rise edge)
                          0.00    0.00   clock source latency
                  0.11    0.08    0.08 ^ clk (in)
     1    0.01                           clk (net)
                  0.11    0.00    0.08 ^ clkbuf_0_clk/A (sky130_fd_sc_hd__clkbuf_16)
                  0.10    0.29    0.36 ^ clkbuf_0_clk/X (sky130_fd_sc_hd__clkbuf_16)
     4    0.04                           clknet_0_clk (net)
                  0.10    0.00    0.36 ^ clkbuf_2_2__f_clk/A (sky130_fd_sc_hd__clkbuf_16)
                  0.07    0.25    0.62 ^ clkbuf_2_2__f_clk/X (sky130_fd_sc_hd__clkbuf_16)
     8    0.02                           clknet_2_2__leaf_clk (net)
                  0.07    0.00    0.62 ^ _273_/CLK (sky130_fd_sc_hd__dfrtp_2)
                  0.15    0.95    1.57 v _273_/Q (sky130_fd_sc_hd__dfrtp_2)
     5    0.02                           net12 (net)
                  0.15    0.00    1.57 v _143_/A_N (sky130_fd_sc_hd__and2b_1)
                  0.14    0.49    2.06 ^ _143_/X (sky130_fd_sc_hd__and2b_1)
     3    0.01                           _037_ (net)
                  0.14    0.00    2.06 ^ _146_/B (sky130_fd_sc_hd__nand2_1)
                  0.21    0.26    2.31 v _146_/Y (sky130_fd_sc_hd__nand2_1)
     3    0.01                           _039_ (net)
                  0.21    0.00    2.31 v _150_/B (sky130_fd_sc_hd__nand2_1)
                  0.12    0.21    2.52 ^ _150_/Y (sky130_fd_sc_hd__nand2_1)
     1    0.01                           _041_ (net)
                  0.12    0.00    2.52 ^ _152_/A (sky130_fd_sc_hd__xnor2_1)
                  0.11    0.18    2.70 v _152_/Y (sky130_fd_sc_hd__xnor2_1)
     1    0.00                           _004_ (net)
                  0.11    0.00    2.70 v _265_/D (sky130_fd_sc_hd__dfrtp_1)
                                  2.70   data arrival time

                         20.00   20.00   clock clk (rise edge)
                          0.00   20.00   clock source latency
                  0.11    0.07   20.07 ^ clk (in)
     1    0.01                           clk (net)
                  0.11    0.00   20.07 ^ clkbuf_0_clk/A (sky130_fd_sc_hd__clkbuf_16)
                  0.10    0.26   20.33 ^ clkbuf_0_clk/X (sky130_fd_sc_hd__clkbuf_16)
     4    0.04                           clknet_0_clk (net)
                  0.10    0.00   20.33 ^ clkbuf_2_3__f_clk/A (sky130_fd_sc_hd__clkbuf_16)
                  0.08    0.24   20.57 ^ clkbuf_2_3__f_clk/X (sky130_fd_sc_hd__clkbuf_16)
     9    0.03                           clknet_2_3__leaf_clk (net)
                  0.08    0.00   20.57 ^ _265_/CLK (sky130_fd_sc_hd__dfrtp_1)
                         -0.25   20.32   clock uncertainty
                          0.03   20.35   clock reconvergence pessimism
                         -0.29   20.06   library setup time
                                 20.06   data required time
-----------------------------------------------------------------------------
                                 20.06   data required time
                                 -2.70   data arrival time
-----------------------------------------------------------------------------
                                 17.36   slack (MET)


Startpoint: _273_ (rising edge-triggered flip-flop clocked by clk)
Endpoint: _262_ (rising edge-triggered flip-flop clocked by clk)
Path Group: clk
Path Type: max
Corner: Slowest

Fanout     Cap    Slew   Delay    Time   Description
-----------------------------------------------------------------------------
                          0.00    0.00   clock clk (rise edge)
                          0.00    0.00   clock source latency
                  0.11    0.08    0.08 ^ clk (in)
     1    0.01                           clk (net)
                  0.11    0.00    0.08 ^ clkbuf_0_clk/A (sky130_fd_sc_hd__clkbuf_16)
                  0.10    0.29    0.36 ^ clkbuf_0_clk/X (sky130_fd_sc_hd__clkbuf_16)
     4    0.04                           clknet_0_clk (net)
                  0.10    0.00    0.36 ^ clkbuf_2_2__f_clk/A (sky130_fd_sc_hd__clkbuf_16)
                  0.07    0.25    0.62 ^ clkbuf_2_2__f_clk/X (sky130_fd_sc_hd__clkbuf_16)
     8    0.02                           clknet_2_2__leaf_clk (net)
                  0.07    0.00    0.62 ^ _273_/CLK (sky130_fd_sc_hd__dfrtp_2)
                  0.15    0.95    1.57 v _273_/Q (sky130_fd_sc_hd__dfrtp_2)
     5    0.02                           net12 (net)
                  0.15    0.00    1.57 v _130_/A (sky130_fd_sc_hd__clkbuf_4)
                  0.15    0.39    1.96 v _130_/X (sky130_fd_sc_hd__clkbuf_4)
    10    0.04                           _120_ (net)
                  0.15    0.00    1.96 v _144_/B (sky130_fd_sc_hd__and2b_1)
                  0.07    0.37    2.33 v _144_/X (sky130_fd_sc_hd__and2b_1)
     1    0.00                           _038_ (net)
                  0.07    0.00    2.33 v _145_/B (sky130_fd_sc_hd__nor2_1)
                  0.11    0.13    2.47 ^ _145_/Y (sky130_fd_sc_hd__nor2_1)
     1    0.00                           _001_ (net)
                  0.11    0.00    2.47 ^ _262_/D (sky130_fd_sc_hd__dfrtp_1)
                                  2.47   data arrival time

                         20.00   20.00   clock clk (rise edge)
                          0.00   20.00   clock source latency
                  0.11    0.07   20.07 ^ clk (in)
     1    0.01                           clk (net)
                  0.11    0.00   20.07 ^ clkbuf_0_clk/A (sky130_fd_sc_hd__clkbuf_16)
                  0.10    0.26   20.33 ^ clkbuf_0_clk/X (sky130_fd_sc_hd__clkbuf_16)
     4    0.04                           clknet_0_clk (net)
                  0.10    0.00   20.33 ^ clkbuf_2_3__f_clk/A (sky130_fd_sc_hd__clkbuf_16)
                  0.08    0.24   20.57 ^ clkbuf_2_3__f_clk/X (sky130_fd_sc_hd__clkbuf_16)
     9    0.03                           clknet_2_3__leaf_clk (net)
                  0.08    0.00   20.57 ^ _262_/CLK (sky130_fd_sc_hd__dfrtp_1)
                         -0.25   20.32   clock uncertainty
                          0.03   20.35   clock reconvergence pessimism
                         -0.14   20.21   library setup time
                                 20.21   data required time
-----------------------------------------------------------------------------
                                 20.21   data required time
                                 -2.47   data arrival time
-----------------------------------------------------------------------------
                                 17.74   slack (MET)



======================= Typical Corner ===================================

Startpoint: _273_ (rising edge-triggered flip-flop clocked by clk)
Endpoint: tx (output port clocked by clk)
Path Group: clk
Path Type: max
Corner: Typical

Fanout     Cap    Slew   Delay    Time   Description
-----------------------------------------------------------------------------
                          0.00    0.00   clock clk (rise edge)
                          0.00    0.00   clock source latency
                  0.07    0.05    0.05 ^ clk (in)
     1    0.01                           clk (net)
                  0.07    0.00    0.05 ^ clkbuf_0_clk/A (sky130_fd_sc_hd__clkbuf_16)
                  0.06    0.16    0.21 ^ clkbuf_0_clk/X (sky130_fd_sc_hd__clkbuf_16)
     4    0.04                           clknet_0_clk (net)
                  0.06    0.00    0.21 ^ clkbuf_2_2__f_clk/A (sky130_fd_sc_hd__clkbuf_16)
                  0.04    0.14    0.35 ^ clkbuf_2_2__f_clk/X (sky130_fd_sc_hd__clkbuf_16)
     8    0.02                           clknet_2_2__leaf_clk (net)
                  0.04    0.00    0.36 ^ _273_/CLK (sky130_fd_sc_hd__dfrtp_2)
                  0.08    0.46    0.81 v _273_/Q (sky130_fd_sc_hd__dfrtp_2)
     5    0.02                           net12 (net)
                  0.08    0.00    0.81 v _130_/A (sky130_fd_sc_hd__clkbuf_4)
                  0.09    0.21    1.03 v _130_/X (sky130_fd_sc_hd__clkbuf_4)
    10    0.04                           _120_ (net)
                  0.09    0.00    1.03 v _132_/A (sky130_fd_sc_hd__nor2_1)
                  0.28    0.27    1.30 ^ _132_/Y (sky130_fd_sc_hd__nor2_1)
     3    0.01                           net14 (net)
                  0.28    0.00    1.30 ^ _142_/B1 (sky130_fd_sc_hd__o211ai_1)
                  0.12    0.18    1.48 v _142_/Y (sky130_fd_sc_hd__o211ai_1)
     1    0.01                           net13 (net)
                  0.12    0.00    1.48 v output13/A (sky130_fd_sc_hd__clkbuf_4)
                  0.08    0.23    1.71 v output13/X (sky130_fd_sc_hd__clkbuf_4)
     1    0.03                           tx (net)
                  0.08    0.00    1.71 v tx (out)
                                  1.71   data arrival time

                         20.00   20.00   clock clk (rise edge)
                          0.00   20.00   clock network delay (propagated)
                         -0.25   19.75   clock uncertainty
                          0.00   19.75   clock reconvergence pessimism
                         -4.00   15.75   output external delay
                                 15.75   data required time
-----------------------------------------------------------------------------
                                 15.75   data required time
                                 -1.71   data arrival time
-----------------------------------------------------------------------------
                                 14.04   slack (MET)


Startpoint: tx_start (input port clocked by clk)
Endpoint: _288_ (rising edge-triggered flip-flop clocked by clk)
Path Group: clk
Path Type: max
Corner: Typical

Fanout     Cap    Slew   Delay    Time   Description
-----------------------------------------------------------------------------
                          0.00    0.00   clock clk (rise edge)
                          0.00    0.00   clock network delay (propagated)
                          4.00    4.00 ^ input external delay
                  0.02    0.01    4.01 ^ tx_start (in)
     1    0.00                           tx_start (net)
                  0.02    0.00    4.01 ^ input11/A (sky130_fd_sc_hd__clkbuf_1)
                  0.09    0.11    4.12 ^ input11/X (sky130_fd_sc_hd__clkbuf_1)
     1    0.01                           net11 (net)
                  0.09    0.00    4.12 ^ _216_/D_N (sky130_fd_sc_hd__or4b_2)
                  0.14    0.69    4.81 v _216_/X (sky130_fd_sc_hd__or4b_2)
     3    0.01                           _088_ (net)
                  0.14    0.00    4.81 v _223_/A (sky130_fd_sc_hd__clkbuf_4)
                  0.10    0.26    5.06 v _223_/X (sky130_fd_sc_hd__clkbuf_4)
    10    0.05                           _094_ (net)
                  0.10    0.00    5.07 v _234_/A1 (sky130_fd_sc_hd__a21oi_4)
                  0.29    0.30    5.37 ^ _234_/Y (sky130_fd_sc_hd__a21oi_4)
     8    0.04                           _102_ (net)
                  0.29    0.00    5.37 ^ _235_/S (sky130_fd_sc_hd__mux2_1)
                  0.06    0.37    5.75 v _235_/X (sky130_fd_sc_hd__mux2_1)
     1    0.00                           _103_ (net)
                  0.06    0.00    5.75 v _236_/A (sky130_fd_sc_hd__clkbuf_1)
                  0.02    0.10    5.84 v _236_/X (sky130_fd_sc_hd__clkbuf_1)
     1    0.00                           _027_ (net)
                  0.02    0.00    5.84 v _288_/D (sky130_fd_sc_hd__dfrtp_1)
                                  5.84   data arrival time

                         20.00   20.00   clock clk (rise edge)
                          0.00   20.00   clock source latency
                  0.07    0.04   20.04 ^ clk (in)
     1    0.01                           clk (net)
                  0.07    0.00   20.04 ^ clkbuf_0_clk/A (sky130_fd_sc_hd__clkbuf_16)
                  0.06    0.15   20.19 ^ clkbuf_0_clk/X (sky130_fd_sc_hd__clkbuf_16)
     4    0.04                           clknet_0_clk (net)
                  0.06    0.00   20.19 ^ clkbuf_2_0__f_clk/A (sky130_fd_sc_hd__clkbuf_16)
                  0.05    0.13   20.32 ^ clkbuf_2_0__f_clk/X (sky130_fd_sc_hd__clkbuf_16)
     9    0.03                           clknet_2_0__leaf_clk (net)
                  0.05    0.00   20.33 ^ _288_/CLK (sky130_fd_sc_hd__dfrtp_1)
                         -0.25   20.08   clock uncertainty
                          0.00   20.08   clock reconvergence pessimism
                         -0.10   19.97   library setup time
                                 19.97   data required time
-----------------------------------------------------------------------------
                                 19.97   data required time
                                 -5.84   data arrival time
-----------------------------------------------------------------------------
                                 14.13   slack (MET)


Startpoint: tx_start (input port clocked by clk)
Endpoint: _292_ (rising edge-triggered flip-flop clocked by clk)
Path Group: clk
Path Type: max
Corner: Typical

Fanout     Cap    Slew   Delay    Time   Description
-----------------------------------------------------------------------------
                          0.00    0.00   clock clk (rise edge)
                          0.00    0.00   clock network delay (propagated)
                          4.00    4.00 ^ input external delay
                  0.02    0.01    4.01 ^ tx_start (in)
     1    0.00                           tx_start (net)
                  0.02    0.00    4.01 ^ input11/A (sky130_fd_sc_hd__clkbuf_1)
                  0.09    0.11    4.12 ^ input11/X (sky130_fd_sc_hd__clkbuf_1)
     1    0.01                           net11 (net)
                  0.09    0.00    4.12 ^ _216_/D_N (sky130_fd_sc_hd__or4b_2)
                  0.14    0.69    4.81 v _216_/X (sky130_fd_sc_hd__or4b_2)
     3    0.01                           _088_ (net)
                  0.14    0.00    4.81 v _223_/A (sky130_fd_sc_hd__clkbuf_4)
                  0.10    0.26    5.06 v _223_/X (sky130_fd_sc_hd__clkbuf_4)
    10    0.05                           _094_ (net)
                  0.10    0.00    5.07 v _234_/A1 (sky130_fd_sc_hd__a21oi_4)
                  0.29    0.30    5.37 ^ _234_/Y (sky130_fd_sc_hd__a21oi_4)
     8    0.04                           _102_ (net)
                  0.29    0.00    5.37 ^ _247_/S (sky130_fd_sc_hd__mux2_1)
                  0.06    0.37    5.75 v _247_/X (sky130_fd_sc_hd__mux2_1)
     1    0.00                           _111_ (net)
                  0.06    0.00    5.75 v _248_/A (sky130_fd_sc_hd__clkbuf_1)
                  0.02    0.09    5.84 v _248_/X (sky130_fd_sc_hd__clkbuf_1)
     1    0.00                           _031_ (net)
                  0.02    0.00    5.84 v _292_/D (sky130_fd_sc_hd__dfrtp_1)
                                  5.84   data arrival time

                         20.00   20.00   clock clk (rise edge)
                          0.00   20.00   clock source latency
                  0.07    0.04   20.04 ^ clk (in)
     1    0.01                           clk (net)
                  0.07    0.00   20.04 ^ clkbuf_0_clk/A (sky130_fd_sc_hd__clkbuf_16)
                  0.06    0.15   20.19 ^ clkbuf_0_clk/X (sky130_fd_sc_hd__clkbuf_16)
     4    0.04                           clknet_0_clk (net)
                  0.06    0.00   20.19 ^ clkbuf_2_0__f_clk/A (sky130_fd_sc_hd__clkbuf_16)
                  0.05    0.13   20.32 ^ clkbuf_2_0__f_clk/X (sky130_fd_sc_hd__clkbuf_16)
     9    0.03                           clknet_2_0__leaf_clk (net)
                  0.05    0.00   20.33 ^ _292_/CLK (sky130_fd_sc_hd__dfrtp_1)
                         -0.25   20.08   clock uncertainty
                          0.00   20.08   clock reconvergence pessimism
                         -0.10   19.97   library setup time
                                 19.97   data required time
-----------------------------------------------------------------------------
                                 19.97   data required time
                                 -5.84   data arrival time
-----------------------------------------------------------------------------
                                 14.13   slack (MET)


Startpoint: tx_start (input port clocked by clk)
Endpoint: _294_ (rising edge-triggered flip-flop clocked by clk)
Path Group: clk
Path Type: max
Corner: Typical

Fanout     Cap    Slew   Delay    Time   Description
-----------------------------------------------------------------------------
                          0.00    0.00   clock clk (rise edge)
                          0.00    0.00   clock network delay (propagated)
                          4.00    4.00 ^ input external delay
                  0.02    0.01    4.01 ^ tx_start (in)
     1    0.00                           tx_start (net)
                  0.02    0.00    4.01 ^ input11/A (sky130_fd_sc_hd__clkbuf_1)
                  0.09    0.11    4.12 ^ input11/X (sky130_fd_sc_hd__clkbuf_1)
     1    0.01                           net11 (net)
                  0.09    0.00    4.12 ^ _216_/D_N (sky130_fd_sc_hd__or4b_2)
                  0.14    0.69    4.81 v _216_/X (sky130_fd_sc_hd__or4b_2)
     3    0.01                           _088_ (net)
                  0.14    0.00    4.81 v _223_/A (sky130_fd_sc_hd__clkbuf_4)
                  0.10    0.26    5.06 v _223_/X (sky130_fd_sc_hd__clkbuf_4)
    10    0.05                           _094_ (net)
                  0.10    0.00    5.07 v _234_/A1 (sky130_fd_sc_hd__a21oi_4)
                  0.29    0.30    5.37 ^ _234_/Y (sky130_fd_sc_hd__a21oi_4)
     8    0.04                           _102_ (net)
                  0.29    0.00    5.37 ^ _253_/S (sky130_fd_sc_hd__mux2_1)
                  0.05    0.37    5.74 v _253_/X (sky130_fd_sc_hd__mux2_1)
     1    0.00                           _115_ (net)
                  0.05    0.00    5.74 v _254_/A (sky130_fd_sc_hd__clkbuf_1)
                  0.03    0.10    5.84 v _254_/X (sky130_fd_sc_hd__clkbuf_1)
     1    0.00                           _033_ (net)
                  0.03    0.00    5.84 v _294_/D (sky130_fd_sc_hd__dfrtp_1)
                                  5.84   data arrival time

                         20.00   20.00   clock clk (rise edge)
                          0.00   20.00   clock source latency
                  0.07    0.04   20.04 ^ clk (in)
     1    0.01                           clk (net)
                  0.07    0.00   20.04 ^ clkbuf_0_clk/A (sky130_fd_sc_hd__clkbuf_16)
                  0.06    0.15   20.19 ^ clkbuf_0_clk/X (sky130_fd_sc_hd__clkbuf_16)
     4    0.04                           clknet_0_clk (net)
                  0.06    0.00   20.19 ^ clkbuf_2_0__f_clk/A (sky130_fd_sc_hd__clkbuf_16)
                  0.05    0.13   20.32 ^ clkbuf_2_0__f_clk/X (sky130_fd_sc_hd__clkbuf_16)
     9    0.03                           clknet_2_0__leaf_clk (net)
                  0.05    0.00   20.33 ^ _294_/CLK (sky130_fd_sc_hd__dfrtp_1)
                         -0.25   20.08   clock uncertainty
                          0.00   20.08   clock reconvergence pessimism
                         -0.11   19.97   library setup time
                                 19.97   data required time
-----------------------------------------------------------------------------
                                 19.97   data required time
                                 -5.84   data arrival time
-----------------------------------------------------------------------------
                                 14.13   slack (MET)


Startpoint: tx_start (input port clocked by clk)
Endpoint: _289_ (rising edge-triggered flip-flop clocked by clk)
Path Group: clk
Path Type: max
Corner: Typical

Fanout     Cap    Slew   Delay    Time   Description
-----------------------------------------------------------------------------
                          0.00    0.00   clock clk (rise edge)
                          0.00    0.00   clock network delay (propagated)
                          4.00    4.00 ^ input external delay
                  0.02    0.01    4.01 ^ tx_start (in)
     1    0.00                           tx_start (net)
                  0.02    0.00    4.01 ^ input11/A (sky130_fd_sc_hd__clkbuf_1)
                  0.09    0.11    4.12 ^ input11/X (sky130_fd_sc_hd__clkbuf_1)
     1    0.01                           net11 (net)
                  0.09    0.00    4.12 ^ _216_/D_N (sky130_fd_sc_hd__or4b_2)
                  0.14    0.69    4.81 v _216_/X (sky130_fd_sc_hd__or4b_2)
     3    0.01                           _088_ (net)
                  0.14    0.00    4.81 v _223_/A (sky130_fd_sc_hd__clkbuf_4)
                  0.10    0.26    5.06 v _223_/X (sky130_fd_sc_hd__clkbuf_4)
    10    0.05                           _094_ (net)
                  0.10    0.00    5.07 v _234_/A1 (sky130_fd_sc_hd__a21oi_4)
                  0.29    0.30    5.37 ^ _234_/Y (sky130_fd_sc_hd__a21oi_4)
     8    0.04                           _102_ (net)
                  0.29    0.00    5.37 ^ _238_/S (sky130_fd_sc_hd__mux2_1)
                  0.05    0.37    5.74 v _238_/X (sky130_fd_sc_hd__mux2_1)
     1    0.00                           _105_ (net)
                  0.05    0.00    5.74 v _239_/A (sky130_fd_sc_hd__clkbuf_1)
                  0.02    0.09    5.84 v _239_/X (sky130_fd_sc_hd__clkbuf_1)
     1    0.00                           _028_ (net)
                  0.02    0.00    5.84 v _289_/D (sky130_fd_sc_hd__dfrtp_1)
                                  5.84   data arrival time

                         20.00   20.00   clock clk (rise edge)
                          0.00   20.00   clock source latency
                  0.07    0.04   20.04 ^ clk (in)
     1    0.01                           clk (net)
                  0.07    0.00   20.04 ^ clkbuf_0_clk/A (sky130_fd_sc_hd__clkbuf_16)
                  0.06    0.15   20.19 ^ clkbuf_0_clk/X (sky130_fd_sc_hd__clkbuf_16)
     4    0.04                           clknet_0_clk (net)
                  0.06    0.00   20.19 ^ clkbuf_2_0__f_clk/A (sky130_fd_sc_hd__clkbuf_16)
                  0.05    0.13   20.32 ^ clkbuf_2_0__f_clk/X (sky130_fd_sc_hd__clkbuf_16)
     9    0.03                           clknet_2_0__leaf_clk (net)
                  0.05    0.00   20.33 ^ _289_/CLK (sky130_fd_sc_hd__dfrtp_1)
                         -0.25   20.08   clock uncertainty
                          0.00   20.08   clock reconvergence pessimism
                         -0.10   19.97   library setup time
                                 19.97   data required time
-----------------------------------------------------------------------------
                                 19.97   data required time
                                 -5.84   data arrival time
-----------------------------------------------------------------------------
                                 14.14   slack (MET)


Startpoint: tx_start (input port clocked by clk)
Endpoint: _293_ (rising edge-triggered flip-flop clocked by clk)
Path Group: clk
Path Type: max
Corner: Typical

Fanout     Cap    Slew   Delay    Time   Description
-----------------------------------------------------------------------------
                          0.00    0.00   clock clk (rise edge)
                          0.00    0.00   clock network delay (propagated)
                          4.00    4.00 ^ input external delay
                  0.02    0.01    4.01 ^ tx_start (in)
     1    0.00                           tx_start (net)
                  0.02    0.00    4.01 ^ input11/A (sky130_fd_sc_hd__clkbuf_1)
                  0.09    0.11    4.12 ^ input11/X (sky130_fd_sc_hd__clkbuf_1)
     1    0.01                           net11 (net)
                  0.09    0.00    4.12 ^ _216_/D_N (sky130_fd_sc_hd__or4b_2)
                  0.14    0.69    4.81 v _216_/X (sky130_fd_sc_hd__or4b_2)
     3    0.01                           _088_ (net)
                  0.14    0.00    4.81 v _223_/A (sky130_fd_sc_hd__clkbuf_4)
                  0.10    0.26    5.06 v _223_/X (sky130_fd_sc_hd__clkbuf_4)
    10    0.05                           _094_ (net)
                  0.10    0.00    5.07 v _234_/A1 (sky130_fd_sc_hd__a21oi_4)
                  0.29    0.30    5.37 ^ _234_/Y (sky130_fd_sc_hd__a21oi_4)
     8    0.04                           _102_ (net)
                  0.29    0.00    5.37 ^ _250_/S (sky130_fd_sc_hd__mux2_1)
                  0.05    0.37    5.74 v _250_/X (sky130_fd_sc_hd__mux2_1)
     1    0.00                           _113_ (net)
                  0.05    0.00    5.74 v _251_/A (sky130_fd_sc_hd__clkbuf_1)
                  0.02    0.09    5.83 v _251_/X (sky130_fd_sc_hd__clkbuf_1)
     1    0.00                           _032_ (net)
                  0.02    0.00    5.83 v _293_/D (sky130_fd_sc_hd__dfrtp_1)
                                  5.83   data arrival time

                         20.00   20.00   clock clk (rise edge)
                          0.00   20.00   clock source latency
                  0.07    0.04   20.04 ^ clk (in)
     1    0.01                           clk (net)
                  0.07    0.00   20.04 ^ clkbuf_0_clk/A (sky130_fd_sc_hd__clkbuf_16)
                  0.06    0.15   20.19 ^ clkbuf_0_clk/X (sky130_fd_sc_hd__clkbuf_16)
     4    0.04                           clknet_0_clk (net)
                  0.06    0.00   20.19 ^ clkbuf_2_0__f_clk/A (sky130_fd_sc_hd__clkbuf_16)
                  0.05    0.13   20.32 ^ clkbuf_2_0__f_clk/X (sky130_fd_sc_hd__clkbuf_16)
     9    0.03                           clknet_2_0__leaf_clk (net)
                  0.05    0.00   20.33 ^ _293_/CLK (sky130_fd_sc_hd__dfrtp_1)
                         -0.25   20.08   clock uncertainty
                          0.00   20.08   clock reconvergence pessimism
                         -0.10   19.97   library setup time
                                 19.97   data required time
-----------------------------------------------------------------------------
                                 19.97   data required time
                                 -5.83   data arrival time
-----------------------------------------------------------------------------
                                 14.14   slack (MET)


Startpoint: tx_start (input port clocked by clk)
Endpoint: _291_ (rising edge-triggered flip-flop clocked by clk)
Path Group: clk
Path Type: max
Corner: Typical

Fanout     Cap    Slew   Delay    Time   Description
-----------------------------------------------------------------------------
                          0.00    0.00   clock clk (rise edge)
                          0.00    0.00   clock network delay (propagated)
                          4.00    4.00 ^ input external delay
                  0.02    0.01    4.01 ^ tx_start (in)
     1    0.00                           tx_start (net)
                  0.02    0.00    4.01 ^ input11/A (sky130_fd_sc_hd__clkbuf_1)
                  0.09    0.11    4.12 ^ input11/X (sky130_fd_sc_hd__clkbuf_1)
     1    0.01                           net11 (net)
                  0.09    0.00    4.12 ^ _216_/D_N (sky130_fd_sc_hd__or4b_2)
                  0.14    0.69    4.81 v _216_/X (sky130_fd_sc_hd__or4b_2)
     3    0.01                           _088_ (net)
                  0.14    0.00    4.81 v _223_/A (sky130_fd_sc_hd__clkbuf_4)
                  0.10    0.26    5.06 v _223_/X (sky130_fd_sc_hd__clkbuf_4)
    10    0.05                           _094_ (net)
                  0.10    0.00    5.07 v _234_/A1 (sky130_fd_sc_hd__a21oi_4)
                  0.29    0.30    5.37 ^ _234_/Y (sky130_fd_sc_hd__a21oi_4)
     8    0.04                           _102_ (net)
                  0.29    0.00    5.37 ^ _244_/S (sky130_fd_sc_hd__mux2_1)
                  0.05    0.37    5.74 v _244_/X (sky130_fd_sc_hd__mux2_1)
     1    0.00                           _109_ (net)
                  0.05    0.00    5.74 v _245_/A (sky130_fd_sc_hd__clkbuf_1)
                  0.02    0.09    5.83 v _245_/X (sky130_fd_sc_hd__clkbuf_1)
     1    0.00                           _030_ (net)
                  0.02    0.00    5.83 v _291_/D (sky130_fd_sc_hd__dfrtp_1)
                                  5.83   data arrival time

                         20.00   20.00   clock clk (rise edge)
                          0.00   20.00   clock source latency
                  0.07    0.04   20.04 ^ clk (in)
     1    0.01                           clk (net)
                  0.07    0.00   20.04 ^ clkbuf_0_clk/A (sky130_fd_sc_hd__clkbuf_16)
                  0.06    0.15   20.19 ^ clkbuf_0_clk/X (sky130_fd_sc_hd__clkbuf_16)
     4    0.04                           clknet_0_clk (net)
                  0.06    0.00   20.19 ^ clkbuf_2_0__f_clk/A (sky130_fd_sc_hd__clkbuf_16)
                  0.05    0.13   20.32 ^ clkbuf_2_0__f_clk/X (sky130_fd_sc_hd__clkbuf_16)
     9    0.03                           clknet_2_0__leaf_clk (net)
                  0.05    0.00   20.33 ^ _291_/CLK (sky130_fd_sc_hd__dfrtp_1)
                         -0.25   20.08   clock uncertainty
                          0.00   20.08   clock reconvergence pessimism
                         -0.10   19.97   library setup time
                                 19.97   data required time
-----------------------------------------------------------------------------
                                 19.97   data required time
                                 -5.83   data arrival time
-----------------------------------------------------------------------------
                                 14.14   slack (MET)


Startpoint: tx_start (input port clocked by clk)
Endpoint: _290_ (rising edge-triggered flip-flop clocked by clk)
Path Group: clk
Path Type: max
Corner: Typical

Fanout     Cap    Slew   Delay    Time   Description
-----------------------------------------------------------------------------
                          0.00    0.00   clock clk (rise edge)
                          0.00    0.00   clock network delay (propagated)
                          4.00    4.00 ^ input external delay
                  0.02    0.01    4.01 ^ tx_start (in)
     1    0.00                           tx_start (net)
                  0.02    0.00    4.01 ^ input11/A (sky130_fd_sc_hd__clkbuf_1)
                  0.09    0.11    4.12 ^ input11/X (sky130_fd_sc_hd__clkbuf_1)
     1    0.01                           net11 (net)
                  0.09    0.00    4.12 ^ _216_/D_N (sky130_fd_sc_hd__or4b_2)
                  0.14    0.69    4.81 v _216_/X (sky130_fd_sc_hd__or4b_2)
     3    0.01                           _088_ (net)
                  0.14    0.00    4.81 v _223_/A (sky130_fd_sc_hd__clkbuf_4)
                  0.10    0.26    5.06 v _223_/X (sky130_fd_sc_hd__clkbuf_4)
    10    0.05                           _094_ (net)
                  0.10    0.00    5.07 v _234_/A1 (sky130_fd_sc_hd__a21oi_4)
                  0.29    0.30    5.37 ^ _234_/Y (sky130_fd_sc_hd__a21oi_4)
     8    0.04                           _102_ (net)
                  0.29    0.00    5.37 ^ _241_/S (sky130_fd_sc_hd__mux2_1)
                  0.05    0.37    5.74 v _241_/X (sky130_fd_sc_hd__mux2_1)
     1    0.00                           _107_ (net)
                  0.05    0.00    5.74 v _242_/A (sky130_fd_sc_hd__clkbuf_1)
                  0.02    0.09    5.83 v _242_/X (sky130_fd_sc_hd__clkbuf_1)
     1    0.00                           _029_ (net)
                  0.02    0.00    5.83 v _290_/D (sky130_fd_sc_hd__dfrtp_1)
                                  5.83   data arrival time

                         20.00   20.00   clock clk (rise edge)
                          0.00   20.00   clock source latency
                  0.07    0.04   20.04 ^ clk (in)
     1    0.01                           clk (net)
                  0.07    0.00   20.04 ^ clkbuf_0_clk/A (sky130_fd_sc_hd__clkbuf_16)
                  0.06    0.15   20.19 ^ clkbuf_0_clk/X (sky130_fd_sc_hd__clkbuf_16)
     4    0.04                           clknet_0_clk (net)
                  0.06    0.00   20.19 ^ clkbuf_2_0__f_clk/A (sky130_fd_sc_hd__clkbuf_16)
                  0.05    0.13   20.32 ^ clkbuf_2_0__f_clk/X (sky130_fd_sc_hd__clkbuf_16)
     9    0.03                           clknet_2_0__leaf_clk (net)
                  0.05    0.00   20.33 ^ _290_/CLK (sky130_fd_sc_hd__dfrtp_1)
                         -0.25   20.08   clock uncertainty
                          0.00   20.08   clock reconvergence pessimism
                         -0.10   19.97   library setup time
                                 19.97   data required time
-----------------------------------------------------------------------------
                                 19.97   data required time
                                 -5.83   data arrival time
-----------------------------------------------------------------------------
                                 14.14   slack (MET)


Startpoint: _273_ (rising edge-triggered flip-flop clocked by clk)
Endpoint: tx_busy (output port clocked by clk)
Path Group: clk
Path Type: max
Corner: Typical

Fanout     Cap    Slew   Delay    Time   Description
-----------------------------------------------------------------------------
                          0.00    0.00   clock clk (rise edge)
                          0.00    0.00   clock source latency
                  0.07    0.05    0.05 ^ clk (in)
     1    0.01                           clk (net)
                  0.07    0.00    0.05 ^ clkbuf_0_clk/A (sky130_fd_sc_hd__clkbuf_16)
                  0.06    0.16    0.21 ^ clkbuf_0_clk/X (sky130_fd_sc_hd__clkbuf_16)
     4    0.04                           clknet_0_clk (net)
                  0.06    0.00    0.21 ^ clkbuf_2_2__f_clk/A (sky130_fd_sc_hd__clkbuf_16)
                  0.04    0.14    0.35 ^ clkbuf_2_2__f_clk/X (sky130_fd_sc_hd__clkbuf_16)
     8    0.02                           clknet_2_2__leaf_clk (net)
                  0.04    0.00    0.36 ^ _273_/CLK (sky130_fd_sc_hd__dfrtp_2)
                  0.08    0.46    0.81 v _273_/Q (sky130_fd_sc_hd__dfrtp_2)
     5    0.02                           net12 (net)
                  0.08    0.00    0.81 v _130_/A (sky130_fd_sc_hd__clkbuf_4)
                  0.09    0.21    1.03 v _130_/X (sky130_fd_sc_hd__clkbuf_4)
    10    0.04                           _120_ (net)
                  0.09    0.00    1.03 v _132_/A (sky130_fd_sc_hd__nor2_1)
                  0.28    0.27    1.30 ^ _132_/Y (sky130_fd_sc_hd__nor2_1)
     3    0.01                           net14 (net)
                  0.28    0.00    1.30 ^ output14/A (sky130_fd_sc_hd__clkbuf_4)
                  0.11    0.28    1.58 ^ output14/X (sky130_fd_sc_hd__clkbuf_4)
     1    0.03                           tx_busy (net)
                  0.11    0.00    1.58 ^ tx_busy (out)
                                  1.58   data arrival time

                         20.00   20.00   clock clk (rise edge)
                          0.00   20.00   clock network delay (propagated)
                         -0.25   19.75   clock uncertainty
                          0.00   19.75   clock reconvergence pessimism
                         -4.00   15.75   output external delay
                                 15.75   data required time
-----------------------------------------------------------------------------
                                 15.75   data required time
                                 -1.58   data arrival time
-----------------------------------------------------------------------------
                                 14.17   slack (MET)


Startpoint: tx_start (input port clocked by clk)
Endpoint: _295_ (rising edge-triggered flip-flop clocked by clk)
Path Group: clk
Path Type: max
Corner: Typical

Fanout     Cap    Slew   Delay    Time   Description
-----------------------------------------------------------------------------
                          0.00    0.00   clock clk (rise edge)
                          0.00    0.00   clock network delay (propagated)
                          4.00    4.00 ^ input external delay
                  0.02    0.01    4.01 ^ tx_start (in)
     1    0.00                           tx_start (net)
                  0.02    0.00    4.01 ^ input11/A (sky130_fd_sc_hd__clkbuf_1)
                  0.09    0.11    4.12 ^ input11/X (sky130_fd_sc_hd__clkbuf_1)
     1    0.01                           net11 (net)
                  0.09    0.00    4.12 ^ _216_/D_N (sky130_fd_sc_hd__or4b_2)
                  0.14    0.69    4.81 v _216_/X (sky130_fd_sc_hd__or4b_2)
     3    0.01                           _088_ (net)
                  0.14    0.00    4.81 v _223_/A (sky130_fd_sc_hd__clkbuf_4)
                  0.10    0.26    5.06 v _223_/X (sky130_fd_sc_hd__clkbuf_4)
    10    0.05                           _094_ (net)
                  0.10    0.00    5.07 v _234_/A1 (sky130_fd_sc_hd__a21oi_4)
                  0.29    0.30    5.37 ^ _234_/Y (sky130_fd_sc_hd__a21oi_4)
     8    0.04                           _102_ (net)
                  0.29    0.00    5.37 ^ _255_/A (sky130_fd_sc_hd__inv_2)
                  0.05    0.05    5.42 v _255_/Y (sky130_fd_sc_hd__inv_2)
     1    0.00                           _116_ (net)
                  0.05    0.00    5.42 v _257_/A2 (sky130_fd_sc_hd__a22o_1)
                  0.04    0.23    5.66 v _257_/X (sky130_fd_sc_hd__a22o_1)
     1    0.00                           _034_ (net)
                  0.04    0.00    5.66 v _295_/D (sky130_fd_sc_hd__dfrtp_1)
                                  5.66   data arrival time

                         20.00   20.00   clock clk (rise edge)
                          0.00   20.00   clock source latency
                  0.07    0.04   20.04 ^ clk (in)
     1    0.01                           clk (net)
                  0.07    0.00   20.04 ^ clkbuf_0_clk/A (sky130_fd_sc_hd__clkbuf_16)
                  0.06    0.15   20.19 ^ clkbuf_0_clk/X (sky130_fd_sc_hd__clkbuf_16)
     4    0.04                           clknet_0_clk (net)
                  0.06    0.00   20.19 ^ clkbuf_2_0__f_clk/A (sky130_fd_sc_hd__clkbuf_16)
                  0.05    0.13   20.32 ^ clkbuf_2_0__f_clk/X (sky130_fd_sc_hd__clkbuf_16)
     9    0.03                           clknet_2_0__leaf_clk (net)
                  0.05    0.00   20.33 ^ _295_/CLK (sky130_fd_sc_hd__dfrtp_1)
                         -0.25   20.08   clock uncertainty
                          0.00   20.08   clock reconvergence pessimism
                         -0.11   19.96   library setup time
                                 19.96   data required time
-----------------------------------------------------------------------------
                                 19.96   data required time
                                 -5.66   data arrival time
-----------------------------------------------------------------------------
                                 14.31   slack (MET)


Startpoint: tx_start (input port clocked by clk)
Endpoint: _287_ (rising edge-triggered flip-flop clocked by clk)
Path Group: clk
Path Type: max
Corner: Typical

Fanout     Cap    Slew   Delay    Time   Description
-----------------------------------------------------------------------------
                          0.00    0.00   clock clk (rise edge)
                          0.00    0.00   clock network delay (propagated)
                          4.00    4.00 ^ input external delay
                  0.02    0.01    4.01 ^ tx_start (in)
     1    0.00                           tx_start (net)
                  0.02    0.00    4.01 ^ input11/A (sky130_fd_sc_hd__clkbuf_1)
                  0.09    0.11    4.12 ^ input11/X (sky130_fd_sc_hd__clkbuf_1)
     1    0.01                           net11 (net)
                  0.09    0.00    4.12 ^ _216_/D_N (sky130_fd_sc_hd__or4b_2)
                  0.14    0.69    4.81 v _216_/X (sky130_fd_sc_hd__or4b_2)
     3    0.01                           _088_ (net)
                  0.14    0.00    4.81 v _223_/A (sky130_fd_sc_hd__clkbuf_4)
                  0.10    0.26    5.06 v _223_/X (sky130_fd_sc_hd__clkbuf_4)
    10    0.05                           _094_ (net)
                  0.10    0.00    5.07 v _224_/A2 (sky130_fd_sc_hd__a21o_1)
                  0.05    0.22    5.29 v _224_/X (sky130_fd_sc_hd__a21o_1)
     2    0.01                           _095_ (net)
                  0.05    0.00    5.29 v _232_/A1_N (sky130_fd_sc_hd__a2bb2o_1)
                  0.04    0.26    5.55 ^ _232_/X (sky130_fd_sc_hd__a2bb2o_1)
     1    0.00                           _026_ (net)
                  0.04    0.00    5.55 ^ _287_/D (sky130_fd_sc_hd__dfrtp_1)
                                  5.55   data arrival time

                         20.00   20.00   clock clk (rise edge)
                          0.00   20.00   clock source latency
                  0.07    0.04   20.04 ^ clk (in)
     1    0.01                           clk (net)
                  0.07    0.00   20.04 ^ clkbuf_0_clk/A (sky130_fd_sc_hd__clkbuf_16)
                  0.06    0.15   20.19 ^ clkbuf_0_clk/X (sky130_fd_sc_hd__clkbuf_16)
     4    0.04                           clknet_0_clk (net)
                  0.06    0.00   20.19 ^ clkbuf_2_0__f_clk/A (sky130_fd_sc_hd__clkbuf_16)
                  0.05    0.13   20.32 ^ clkbuf_2_0__f_clk/X (sky130_fd_sc_hd__clkbuf_16)
     9    0.03                           clknet_2_0__leaf_clk (net)
                  0.05    0.00   20.33 ^ _287_/CLK (sky130_fd_sc_hd__dfrtp_1)
                         -0.25   20.08   clock uncertainty
                          0.00   20.08   clock reconvergence pessimism
                         -0.06   20.02   library setup time
                                 20.02   data required time
-----------------------------------------------------------------------------
                                 20.02   data required time
                                 -5.55   data arrival time
-----------------------------------------------------------------------------
                                 14.47   slack (MET)


Startpoint: tx_start (input port clocked by clk)
Endpoint: _285_ (rising edge-triggered flip-flop clocked by clk)
Path Group: clk
Path Type: max
Corner: Typical

Fanout     Cap    Slew   Delay    Time   Description
-----------------------------------------------------------------------------
                          0.00    0.00   clock clk (rise edge)
                          0.00    0.00   clock network delay (propagated)
                          4.00    4.00 ^ input external delay
                  0.02    0.01    4.01 ^ tx_start (in)
     1    0.00                           tx_start (net)
                  0.02    0.00    4.01 ^ input11/A (sky130_fd_sc_hd__clkbuf_1)
                  0.09    0.11    4.12 ^ input11/X (sky130_fd_sc_hd__clkbuf_1)
     1    0.01                           net11 (net)
                  0.09    0.00    4.12 ^ _216_/D_N (sky130_fd_sc_hd__or4b_2)
                  0.14    0.69    4.81 v _216_/X (sky130_fd_sc_hd__or4b_2)
     3    0.01                           _088_ (net)
                  0.14    0.00    4.81 v _223_/A (sky130_fd_sc_hd__clkbuf_4)
                  0.10    0.26    5.06 v _223_/X (sky130_fd_sc_hd__clkbuf_4)
    10    0.05                           _094_ (net)
                  0.10    0.00    5.07 v _224_/A2 (sky130_fd_sc_hd__a21o_1)
                  0.05    0.22    5.29 v _224_/X (sky130_fd_sc_hd__a21o_1)
     2    0.01                           _095_ (net)
                  0.05    0.00    5.29 v _225_/B2 (sky130_fd_sc_hd__o22a_1)
                  0.05    0.17    5.46 v _225_/X (sky130_fd_sc_hd__o22a_1)
     1    0.00                           _024_ (net)
                  0.05    0.00    5.46 v _285_/D (sky130_fd_sc_hd__dfrtp_1)
                                  5.46   data arrival time

                         20.00   20.00   clock clk (rise edge)
                          0.00   20.00   clock source latency
                  0.07    0.04   20.04 ^ clk (in)
     1    0.01                           clk (net)
                  0.07    0.00   20.04 ^ clkbuf_0_clk/A (sky130_fd_sc_hd__clkbuf_16)
                  0.06    0.15   20.19 ^ clkbuf_0_clk/X (sky130_fd_sc_hd__clkbuf_16)
     4    0.04                           clknet_0_clk (net)
                  0.06    0.00   20.19 ^ clkbuf_2_1__f_clk/A (sky130_fd_sc_hd__clkbuf_16)
                  0.05    0.14   20.33 ^ clkbuf_2_1__f_clk/X (sky130_fd_sc_hd__clkbuf_16)
    11    0.03                           clknet_2_1__leaf_clk (net)
                  0.05    0.00   20.33 ^ _285_/CLK (sky130_fd_sc_hd__dfrtp_1)
                         -0.25   20.08   clock uncertainty
                          0.00   20.08   clock reconvergence pessimism
                         -0.11   19.97   library setup time
                                 19.97   data required time
-----------------------------------------------------------------------------
                                 19.97   data required time
                                 -5.46   data arrival time
-----------------------------------------------------------------------------
                                 14.51   slack (MET)


Startpoint: tx_start (input port clocked by clk)
Endpoint: _286_ (rising edge-triggered flip-flop clocked by clk)
Path Group: clk
Path Type: max
Corner: Typical

Fanout     Cap    Slew   Delay    Time   Description
-----------------------------------------------------------------------------
                          0.00    0.00   clock clk (rise edge)
                          0.00    0.00   clock network delay (propagated)
                          4.00    4.00 ^ input external delay
                  0.02    0.01    4.01 ^ tx_start (in)
     1    0.00                           tx_start (net)
                  0.02    0.00    4.01 ^ input11/A (sky130_fd_sc_hd__clkbuf_1)
                  0.09    0.11    4.12 ^ input11/X (sky130_fd_sc_hd__clkbuf_1)
     1    0.01                           net11 (net)
                  0.09    0.00    4.12 ^ _216_/D_N (sky130_fd_sc_hd__or4b_2)
                  0.14    0.69    4.81 v _216_/X (sky130_fd_sc_hd__or4b_2)
     3    0.01                           _088_ (net)
                  0.14    0.00    4.81 v _217_/A2 (sky130_fd_sc_hd__a21oi_2)
                  0.18    0.25    5.06 ^ _217_/Y (sky130_fd_sc_hd__a21oi_2)
     4    0.01                           _089_ (net)
                  0.18    0.00    5.06 ^ _227_/B1 (sky130_fd_sc_hd__o21ai_1)
                  0.08    0.12    5.18 v _227_/Y (sky130_fd_sc_hd__o21ai_1)
     2    0.01                           _097_ (net)
                  0.08    0.00    5.18 v _229_/A (sky130_fd_sc_hd__and2_1)
                  0.04    0.16    5.34 v _229_/X (sky130_fd_sc_hd__and2_1)
     1    0.00                           _099_ (net)
                  0.04    0.00    5.34 v _230_/A (sky130_fd_sc_hd__clkbuf_1)
                  0.02    0.08    5.42 v _230_/X (sky130_fd_sc_hd__clkbuf_1)
     1    0.00                           _025_ (net)
                  0.02    0.00    5.42 v _286_/D (sky130_fd_sc_hd__dfrtp_1)
                                  5.42   data arrival time

                         20.00   20.00   clock clk (rise edge)
                          0.00   20.00   clock source latency
                  0.07    0.04   20.04 ^ clk (in)
     1    0.01                           clk (net)
                  0.07    0.00   20.04 ^ clkbuf_0_clk/A (sky130_fd_sc_hd__clkbuf_16)
                  0.06    0.15   20.19 ^ clkbuf_0_clk/X (sky130_fd_sc_hd__clkbuf_16)
     4    0.04                           clknet_0_clk (net)
                  0.06    0.00   20.19 ^ clkbuf_2_1__f_clk/A (sky130_fd_sc_hd__clkbuf_16)
                  0.05    0.14   20.33 ^ clkbuf_2_1__f_clk/X (sky130_fd_sc_hd__clkbuf_16)
    11    0.03                           clknet_2_1__leaf_clk (net)
                  0.05    0.00   20.33 ^ _286_/CLK (sky130_fd_sc_hd__dfrtp_1)
                         -0.25   20.08   clock uncertainty
                          0.00   20.08   clock reconvergence pessimism
                         -0.10   19.98   library setup time
                                 19.98   data required time
-----------------------------------------------------------------------------
                                 19.98   data required time
                                 -5.42   data arrival time
-----------------------------------------------------------------------------
                                 14.56   slack (MET)


Startpoint: tx_start (input port clocked by clk)
Endpoint: _284_ (rising edge-triggered flip-flop clocked by clk)
Path Group: clk
Path Type: max
Corner: Typical

Fanout     Cap    Slew   Delay    Time   Description
-----------------------------------------------------------------------------
                          0.00    0.00   clock clk (rise edge)
                          0.00    0.00   clock network delay (propagated)
                          4.00    4.00 ^ input external delay
                  0.02    0.01    4.01 ^ tx_start (in)
     1    0.00                           tx_start (net)
                  0.02    0.00    4.01 ^ input11/A (sky130_fd_sc_hd__clkbuf_1)
                  0.09    0.11    4.12 ^ input11/X (sky130_fd_sc_hd__clkbuf_1)
     1    0.01                           net11 (net)
                  0.09    0.00    4.12 ^ _216_/D_N (sky130_fd_sc_hd__or4b_2)
                  0.14    0.69    4.81 v _216_/X (sky130_fd_sc_hd__or4b_2)
     3    0.01                           _088_ (net)
                  0.14    0.00    4.81 v _217_/A2 (sky130_fd_sc_hd__a21oi_2)
                  0.18    0.25    5.06 ^ _217_/Y (sky130_fd_sc_hd__a21oi_2)
     4    0.01                           _089_ (net)
                  0.18    0.00    5.06 ^ _219_/B (sky130_fd_sc_hd__and2_1)
                  0.08    0.18    5.24 ^ _219_/X (sky130_fd_sc_hd__and2_1)
     2    0.01                           _091_ (net)
                  0.08    0.00    5.24 ^ _220_/B1_N (sky130_fd_sc_hd__o21ba_1)
                  0.04    0.16    5.40 v _220_/X (sky130_fd_sc_hd__o21ba_1)
     1    0.00                           _023_ (net)
                  0.04    0.00    5.40 v _284_/D (sky130_fd_sc_hd__dfrtp_1)
                                  5.40   data arrival time

                         20.00   20.00   clock clk (rise edge)
                          0.00   20.00   clock source latency
                  0.07    0.04   20.04 ^ clk (in)
     1    0.01                           clk (net)
                  0.07    0.00   20.04 ^ clkbuf_0_clk/A (sky130_fd_sc_hd__clkbuf_16)
                  0.06    0.15   20.19 ^ clkbuf_0_clk/X (sky130_fd_sc_hd__clkbuf_16)
     4    0.04                           clknet_0_clk (net)
                  0.06    0.00   20.19 ^ clkbuf_2_1__f_clk/A (sky130_fd_sc_hd__clkbuf_16)
                  0.05    0.14   20.33 ^ clkbuf_2_1__f_clk/X (sky130_fd_sc_hd__clkbuf_16)
    11    0.03                           clknet_2_1__leaf_clk (net)
                  0.05    0.00   20.33 ^ _284_/CLK (sky130_fd_sc_hd__dfrtp_1)
                         -0.25   20.08   clock uncertainty
                          0.00   20.08   clock reconvergence pessimism
                         -0.11   19.97   library setup time
                                 19.97   data required time
-----------------------------------------------------------------------------
                                 19.97   data required time
                                 -5.40   data arrival time
-----------------------------------------------------------------------------
                                 14.57   slack (MET)


Startpoint: tx_start (input port clocked by clk)
Endpoint: _296_ (rising edge-triggered flip-flop clocked by clk)
Path Group: clk
Path Type: max
Corner: Typical

Fanout     Cap    Slew   Delay    Time   Description
-----------------------------------------------------------------------------
                          0.00    0.00   clock clk (rise edge)
                          0.00    0.00   clock network delay (propagated)
                          4.00    4.00 ^ input external delay
                  0.02    0.01    4.01 ^ tx_start (in)
     1    0.00                           tx_start (net)
                  0.02    0.00    4.01 ^ input11/A (sky130_fd_sc_hd__clkbuf_1)
                  0.09    0.11    4.12 ^ input11/X (sky130_fd_sc_hd__clkbuf_1)
     1    0.01                           net11 (net)
                  0.09    0.00    4.12 ^ _216_/D_N (sky130_fd_sc_hd__or4b_2)
                  0.14    0.69    4.81 v _216_/X (sky130_fd_sc_hd__or4b_2)
     3    0.01                           _088_ (net)
                  0.14    0.00    4.81 v _223_/A (sky130_fd_sc_hd__clkbuf_4)
                  0.10    0.26    5.06 v _223_/X (sky130_fd_sc_hd__clkbuf_4)
    10    0.05                           _094_ (net)
                  0.10    0.00    5.07 v _259_/A1 (sky130_fd_sc_hd__a21oi_1)
                  0.11    0.15    5.22 ^ _259_/Y (sky130_fd_sc_hd__a21oi_1)
     1    0.00                           _119_ (net)
                  0.11    0.00    5.22 ^ _260_/B1 (sky130_fd_sc_hd__a21o_1)
                  0.05    0.11    5.32 ^ _260_/X (sky130_fd_sc_hd__a21o_1)
     1    0.00                           _035_ (net)
                  0.05    0.00    5.33 ^ _296_/D (sky130_fd_sc_hd__dfrtp_4)
                                  5.33   data arrival time

                         20.00   20.00   clock clk (rise edge)
                          0.00   20.00   clock source latency
                  0.07    0.04   20.04 ^ clk (in)
     1    0.01                           clk (net)
                  0.07    0.00   20.04 ^ clkbuf_0_clk/A (sky130_fd_sc_hd__clkbuf_16)
                  0.06    0.15   20.19 ^ clkbuf_0_clk/X (sky130_fd_sc_hd__clkbuf_16)
     4    0.04                           clknet_0_clk (net)
                  0.06    0.00   20.19 ^ clkbuf_2_1__f_clk/A (sky130_fd_sc_hd__clkbuf_16)
                  0.05    0.14   20.33 ^ clkbuf_2_1__f_clk/X (sky130_fd_sc_hd__clkbuf_16)
    11    0.03                           clknet_2_1__leaf_clk (net)
                  0.05    0.00   20.33 ^ _296_/CLK (sky130_fd_sc_hd__dfrtp_4)
                         -0.25   20.08   clock uncertainty
                          0.00   20.08   clock reconvergence pessimism
                         -0.06   20.02   library setup time
                                 20.02   data required time
-----------------------------------------------------------------------------
                                 20.02   data required time
                                 -5.33   data arrival time
-----------------------------------------------------------------------------
                                 14.69   slack (MET)


Startpoint: _273_ (rising edge-triggered flip-flop clocked by clk)
Endpoint: sleep_ack (output port clocked by clk)
Path Group: clk
Path Type: max
Corner: Typical

Fanout     Cap    Slew   Delay    Time   Description
-----------------------------------------------------------------------------
                          0.00    0.00   clock clk (rise edge)
                          0.00    0.00   clock source latency
                  0.07    0.05    0.05 ^ clk (in)
     1    0.01                           clk (net)
                  0.07    0.00    0.05 ^ clkbuf_0_clk/A (sky130_fd_sc_hd__clkbuf_16)
                  0.06    0.16    0.21 ^ clkbuf_0_clk/X (sky130_fd_sc_hd__clkbuf_16)
     4    0.04                           clknet_0_clk (net)
                  0.06    0.00    0.21 ^ clkbuf_2_2__f_clk/A (sky130_fd_sc_hd__clkbuf_16)
                  0.04    0.14    0.35 ^ clkbuf_2_2__f_clk/X (sky130_fd_sc_hd__clkbuf_16)
     8    0.02                           clknet_2_2__leaf_clk (net)
                  0.04    0.00    0.36 ^ _273_/CLK (sky130_fd_sc_hd__dfrtp_2)
                  0.08    0.46    0.81 v _273_/Q (sky130_fd_sc_hd__dfrtp_2)
     5    0.02                           net12 (net)
                  0.08    0.00    0.81 v output12/A (sky130_fd_sc_hd__clkbuf_4)
                  0.08    0.21    1.02 v output12/X (sky130_fd_sc_hd__clkbuf_4)
     1    0.03                           sleep_ack (net)
                  0.08    0.00    1.02 v sleep_ack (out)
                                  1.02   data arrival time

                         20.00   20.00   clock clk (rise edge)
                          0.00   20.00   clock network delay (propagated)
                         -0.25   19.75   clock uncertainty
                          0.00   19.75   clock reconvergence pessimism
                         -4.00   15.75   output external delay
                                 15.75   data required time
-----------------------------------------------------------------------------
                                 15.75   data required time
                                 -1.02   data arrival time
-----------------------------------------------------------------------------
                                 14.73   slack (MET)


Startpoint: sleep (input port clocked by clk)
Endpoint: _273_ (rising edge-triggered flip-flop clocked by clk)
Path Group: clk
Path Type: max
Corner: Typical

Fanout     Cap    Slew   Delay    Time   Description
-----------------------------------------------------------------------------
                          0.00    0.00   clock clk (rise edge)
                          0.00    0.00   clock network delay (propagated)
                          4.00    4.00 v input external delay
                  0.01    0.00    4.00 v sleep (in)
     1    0.00                           sleep (net)
                  0.01    0.00    4.00 v input2/A (sky130_fd_sc_hd__buf_1)
                  0.08    0.12    4.12 v input2/X (sky130_fd_sc_hd__buf_1)
     2    0.01                           net2 (net)
                  0.08    0.00    4.13 v _178_/B (sky130_fd_sc_hd__and2b_1)
                  0.03    0.17    4.30 v _178_/X (sky130_fd_sc_hd__and2b_1)
     1    0.00                           _061_ (net)
                  0.03    0.00    4.30 v _179_/A (sky130_fd_sc_hd__clkbuf_1)
                  0.02    0.08    4.38 v _179_/X (sky130_fd_sc_hd__clkbuf_1)
     1    0.00                           _012_ (net)
                  0.02    0.00    4.38 v _273_/D (sky130_fd_sc_hd__dfrtp_2)
                                  4.38   data arrival time

                         20.00   20.00   clock clk (rise edge)
                          0.00   20.00   clock source latency
                  0.07    0.04   20.04 ^ clk (in)
     1    0.01                           clk (net)
                  0.07    0.00   20.04 ^ clkbuf_0_clk/A (sky130_fd_sc_hd__clkbuf_16)
                  0.06    0.15   20.19 ^ clkbuf_0_clk/X (sky130_fd_sc_hd__clkbuf_16)
     4    0.04                           clknet_0_clk (net)
                  0.06    0.00   20.19 ^ clkbuf_2_2__f_clk/A (sky130_fd_sc_hd__clkbuf_16)
                  0.04    0.13   20.32 ^ clkbuf_2_2__f_clk/X (sky130_fd_sc_hd__clkbuf_16)
     8    0.02                           clknet_2_2__leaf_clk (net)
                  0.04    0.00   20.32 ^ _273_/CLK (sky130_fd_sc_hd__dfrtp_2)
                         -0.25   20.07   clock uncertainty
                          0.00   20.07   clock reconvergence pessimism
                         -0.11   19.97   library setup time
                                 19.97   data required time
-----------------------------------------------------------------------------
                                 19.97   data required time
                                 -4.38   data arrival time
-----------------------------------------------------------------------------
                                 15.58   slack (MET)


Startpoint: sleep (input port clocked by clk)
Endpoint: _272_ (rising edge-triggered flip-flop clocked by clk)
Path Group: clk
Path Type: max
Corner: Typical

Fanout     Cap    Slew   Delay    Time   Description
-----------------------------------------------------------------------------
                          0.00    0.00   clock clk (rise edge)
                          0.00    0.00   clock network delay (propagated)
                          4.00    4.00 ^ input external delay
                  0.02    0.01    4.01 ^ sleep (in)
     1    0.00                           sleep (net)
                  0.02    0.00    4.01 ^ input2/A (sky130_fd_sc_hd__buf_1)
                  0.15    0.16    4.17 ^ input2/X (sky130_fd_sc_hd__buf_1)
     2    0.01                           net2 (net)
                  0.15    0.00    4.17 ^ _177_/B1 (sky130_fd_sc_hd__o21a_1)
                  0.04    0.15    4.31 ^ _177_/X (sky130_fd_sc_hd__o21a_1)
     1    0.00                           _011_ (net)
                  0.04    0.00    4.31 ^ _272_/D (sky130_fd_sc_hd__dfrtp_1)
                                  4.31   data arrival time

                         20.00   20.00   clock clk (rise edge)
                          0.00   20.00   clock source latency
                  0.07    0.04   20.04 ^ clk (in)
     1    0.01                           clk (net)
                  0.07    0.00   20.04 ^ clkbuf_0_clk/A (sky130_fd_sc_hd__clkbuf_16)
                  0.06    0.15   20.19 ^ clkbuf_0_clk/X (sky130_fd_sc_hd__clkbuf_16)
     4    0.04                           clknet_0_clk (net)
                  0.06    0.00   20.19 ^ clkbuf_2_2__f_clk/A (sky130_fd_sc_hd__clkbuf_16)
                  0.04    0.13   20.32 ^ clkbuf_2_2__f_clk/X (sky130_fd_sc_hd__clkbuf_16)
     8    0.02                           clknet_2_2__leaf_clk (net)
                  0.04    0.00   20.32 ^ _272_/CLK (sky130_fd_sc_hd__dfrtp_1)
                         -0.25   20.07   clock uncertainty
                          0.00   20.07   clock reconvergence pessimism
                         -0.06   20.01   library setup time
                                 20.01   data required time
-----------------------------------------------------------------------------
                                 20.01   data required time
                                 -4.31   data arrival time
-----------------------------------------------------------------------------
                                 15.70   slack (MET)


Startpoint: rst_n (input port clocked by clk)
Endpoint: _297_ (recovery check against rising-edge clock clk)
Path Group: asynchronous
Path Type: max
Corner: Typical

Fanout     Cap    Slew   Delay    Time   Description
-----------------------------------------------------------------------------
                          0.00    0.00   clock clk (rise edge)
                          0.00    0.00   clock network delay (propagated)
                          4.00    4.00 ^ input external delay
                  0.02    0.01    4.01 ^ rst_n (in)
     1    0.00                           rst_n (net)
                  0.02    0.00    4.01 ^ input1/A (sky130_fd_sc_hd__clkbuf_2)
                  0.13    0.17    4.18 ^ input1/X (sky130_fd_sc_hd__clkbuf_2)
     4    0.02                           net1 (net)
                  0.13    0.00    4.18 ^ fanout17/A (sky130_fd_sc_hd__clkbuf_4)
                  0.15    0.26    4.44 ^ fanout17/X (sky130_fd_sc_hd__clkbuf_4)
    10    0.05                           net17 (net)
                  0.15    0.00    4.44 ^ _297_/RESET_B (sky130_fd_sc_hd__dfrtp_4)
                                  4.44   data arrival time

                         20.00   20.00   clock clk (rise edge)
                          0.00   20.00   clock source latency
                  0.07    0.04   20.04 ^ clk (in)
     1    0.01                           clk (net)
                  0.07    0.00   20.04 ^ clkbuf_0_clk/A (sky130_fd_sc_hd__clkbuf_16)
                  0.06    0.15   20.19 ^ clkbuf_0_clk/X (sky130_fd_sc_hd__clkbuf_16)
     4    0.04                           clknet_0_clk (net)
                  0.06    0.00   20.19 ^ clkbuf_2_1__f_clk/A (sky130_fd_sc_hd__clkbuf_16)
                  0.05    0.14   20.33 ^ clkbuf_2_1__f_clk/X (sky130_fd_sc_hd__clkbuf_16)
    11    0.03                           clknet_2_1__leaf_clk (net)
                  0.05    0.00   20.33 ^ _297_/CLK (sky130_fd_sc_hd__dfrtp_4)
                         -0.25   20.08   clock uncertainty
                          0.00   20.08   clock reconvergence pessimism
                          0.19   20.26   library recovery time
                                 20.26   data required time
-----------------------------------------------------------------------------
                                 20.26   data required time
                                 -4.44   data arrival time
-----------------------------------------------------------------------------
                                 15.82   slack (MET)


Startpoint: rst_n (input port clocked by clk)
Endpoint: _296_ (recovery check against rising-edge clock clk)
Path Group: asynchronous
Path Type: max
Corner: Typical

Fanout     Cap    Slew   Delay    Time   Description
-----------------------------------------------------------------------------
                          0.00    0.00   clock clk (rise edge)
                          0.00    0.00   clock network delay (propagated)
                          4.00    4.00 ^ input external delay
                  0.02    0.01    4.01 ^ rst_n (in)
     1    0.00                           rst_n (net)
                  0.02    0.00    4.01 ^ input1/A (sky130_fd_sc_hd__clkbuf_2)
                  0.13    0.17    4.18 ^ input1/X (sky130_fd_sc_hd__clkbuf_2)
     4    0.02                           net1 (net)
                  0.13    0.00    4.18 ^ fanout17/A (sky130_fd_sc_hd__clkbuf_4)
                  0.15    0.26    4.44 ^ fanout17/X (sky130_fd_sc_hd__clkbuf_4)
    10    0.05                           net17 (net)
                  0.15    0.00    4.44 ^ _296_/RESET_B (sky130_fd_sc_hd__dfrtp_4)
                                  4.44   data arrival time

                         20.00   20.00   clock clk (rise edge)
                          0.00   20.00   clock source latency
                  0.07    0.04   20.04 ^ clk (in)
     1    0.01                           clk (net)
                  0.07    0.00   20.04 ^ clkbuf_0_clk/A (sky130_fd_sc_hd__clkbuf_16)
                  0.06    0.15   20.19 ^ clkbuf_0_clk/X (sky130_fd_sc_hd__clkbuf_16)
     4    0.04                           clknet_0_clk (net)
                  0.06    0.00   20.19 ^ clkbuf_2_1__f_clk/A (sky130_fd_sc_hd__clkbuf_16)
                  0.05    0.14   20.33 ^ clkbuf_2_1__f_clk/X (sky130_fd_sc_hd__clkbuf_16)
    11    0.03                           clknet_2_1__leaf_clk (net)
                  0.05    0.00   20.33 ^ _296_/CLK (sky130_fd_sc_hd__dfrtp_4)
                         -0.25   20.08   clock uncertainty
                          0.00   20.08   clock reconvergence pessimism
                          0.19   20.26   library recovery time
                                 20.26   data required time
-----------------------------------------------------------------------------
                                 20.26   data required time
                                 -4.44   data arrival time
-----------------------------------------------------------------------------
                                 15.82   slack (MET)


Startpoint: rst_n (input port clocked by clk)
Endpoint: _272_ (recovery check against rising-edge clock clk)
Path Group: asynchronous
Path Type: max
Corner: Typical

Fanout     Cap    Slew   Delay    Time   Description
-----------------------------------------------------------------------------
                          0.00    0.00   clock clk (rise edge)
                          0.00    0.00   clock network delay (propagated)
                          4.00    4.00 ^ input external delay
                  0.02    0.01    4.01 ^ rst_n (in)
     1    0.00                           rst_n (net)
                  0.02    0.00    4.01 ^ input1/A (sky130_fd_sc_hd__clkbuf_2)
                  0.13    0.17    4.18 ^ input1/X (sky130_fd_sc_hd__clkbuf_2)
     4    0.02                           net1 (net)
                  0.13    0.00    4.18 ^ fanout15/A (sky130_fd_sc_hd__clkbuf_4)
                  0.15    0.26    4.44 ^ fanout15/X (sky130_fd_sc_hd__clkbuf_4)
    10    0.05                           net15 (net)
                  0.15    0.00    4.44 ^ _272_/RESET_B (sky130_fd_sc_hd__dfrtp_1)
                                  4.44   data arrival time

                         20.00   20.00   clock clk (rise edge)
                          0.00   20.00   clock source latency
                  0.07    0.04   20.04 ^ clk (in)
     1    0.01                           clk (net)
                  0.07    0.00   20.04 ^ clkbuf_0_clk/A (sky130_fd_sc_hd__clkbuf_16)
                  0.06    0.15   20.19 ^ clkbuf_0_clk/X (sky130_fd_sc_hd__clkbuf_16)
     4    0.04                           clknet_0_clk (net)
                  0.06    0.00   20.19 ^ clkbuf_2_2__f_clk/A (sky130_fd_sc_hd__clkbuf_16)
                  0.04    0.13   20.32 ^ clkbuf_2_2__f_clk/X (sky130_fd_sc_hd__clkbuf_16)
     8    0.02                           clknet_2_2__leaf_clk (net)
                  0.04    0.00   20.32 ^ _272_/CLK (sky130_fd_sc_hd__dfrtp_1)
                         -0.25   20.07   clock uncertainty
                          0.00   20.07   clock reconvergence pessimism
                          0.20   20.27   library recovery time
                                 20.27   data required time
-----------------------------------------------------------------------------
                                 20.27   data required time
                                 -4.44   data arrival time
-----------------------------------------------------------------------------
                                 15.83   slack (MET)


Startpoint: rst_n (input port clocked by clk)
Endpoint: _274_ (recovery check against rising-edge clock clk)
Path Group: asynchronous
Path Type: max
Corner: Typical

Fanout     Cap    Slew   Delay    Time   Description
-----------------------------------------------------------------------------
                          0.00    0.00   clock clk (rise edge)
                          0.00    0.00   clock network delay (propagated)
                          4.00    4.00 ^ input external delay
                  0.02    0.01    4.01 ^ rst_n (in)
     1    0.00                           rst_n (net)
                  0.02    0.00    4.01 ^ input1/A (sky130_fd_sc_hd__clkbuf_2)
                  0.13    0.17    4.18 ^ input1/X (sky130_fd_sc_hd__clkbuf_2)
     4    0.02                           net1 (net)
                  0.13    0.00    4.18 ^ fanout16/A (sky130_fd_sc_hd__clkbuf_4)
                  0.13    0.24    4.42 ^ fanout16/X (sky130_fd_sc_hd__clkbuf_4)
     8    0.04                           net16 (net)
                  0.13    0.00    4.43 ^ _274_/RESET_B (sky130_fd_sc_hd__dfrtp_4)
                                  4.43   data arrival time

                         20.00   20.00   clock clk (rise edge)
                          0.00   20.00   clock source latency
                  0.07    0.04   20.04 ^ clk (in)
     1    0.01                           clk (net)
                  0.07    0.00   20.04 ^ clkbuf_0_clk/A (sky130_fd_sc_hd__clkbuf_16)
                  0.06    0.15   20.19 ^ clkbuf_0_clk/X (sky130_fd_sc_hd__clkbuf_16)
     4    0.04                           clknet_0_clk (net)
                  0.06    0.00   20.19 ^ clkbuf_2_2__f_clk/A (sky130_fd_sc_hd__clkbuf_16)
                  0.04    0.13   20.32 ^ clkbuf_2_2__f_clk/X (sky130_fd_sc_hd__clkbuf_16)
     8    0.02                           clknet_2_2__leaf_clk (net)
                  0.04    0.00   20.32 ^ _274_/CLK (sky130_fd_sc_hd__dfrtp_4)
                         -0.25   20.07   clock uncertainty
                          0.00   20.07   clock reconvergence pessimism
                          0.19   20.26   library recovery time
                                 20.26   data required time
-----------------------------------------------------------------------------
                                 20.26   data required time
                                 -4.43   data arrival time
-----------------------------------------------------------------------------
                                 15.83   slack (MET)


Startpoint: rst_n (input port clocked by clk)
Endpoint: _276_ (recovery check against rising-edge clock clk)
Path Group: asynchronous
Path Type: max
Corner: Typical

Fanout     Cap    Slew   Delay    Time   Description
-----------------------------------------------------------------------------
                          0.00    0.00   clock clk (rise edge)
                          0.00    0.00   clock network delay (propagated)
                          4.00    4.00 ^ input external delay
                  0.02    0.01    4.01 ^ rst_n (in)
     1    0.00                           rst_n (net)
                  0.02    0.00    4.01 ^ input1/A (sky130_fd_sc_hd__clkbuf_2)
                  0.13    0.17    4.18 ^ input1/X (sky130_fd_sc_hd__clkbuf_2)
     4    0.02                           net1 (net)
                  0.13    0.00    4.18 ^ fanout16/A (sky130_fd_sc_hd__clkbuf_4)
                  0.13    0.24    4.42 ^ fanout16/X (sky130_fd_sc_hd__clkbuf_4)
     8    0.04                           net16 (net)
                  0.13    0.00    4.43 ^ _276_/RESET_B (sky130_fd_sc_hd__dfrtp_2)
                                  4.43   data arrival time

                         20.00   20.00   clock clk (rise edge)
                          0.00   20.00   clock source latency
                  0.07    0.04   20.04 ^ clk (in)
     1    0.01                           clk (net)
                  0.07    0.00   20.04 ^ clkbuf_0_clk/A (sky130_fd_sc_hd__clkbuf_16)
                  0.06    0.15   20.19 ^ clkbuf_0_clk/X (sky130_fd_sc_hd__clkbuf_16)
     4    0.04                           clknet_0_clk (net)
                  0.06    0.00   20.19 ^ clkbuf_2_2__f_clk/A (sky130_fd_sc_hd__clkbuf_16)
                  0.04    0.13   20.32 ^ clkbuf_2_2__f_clk/X (sky130_fd_sc_hd__clkbuf_16)
     8    0.02                           clknet_2_2__leaf_clk (net)
                  0.04    0.00   20.32 ^ _276_/CLK (sky130_fd_sc_hd__dfrtp_2)
                         -0.25   20.07   clock uncertainty
                          0.00   20.07   clock reconvergence pessimism
                          0.19   20.26   library recovery time
                                 20.26   data required time
-----------------------------------------------------------------------------
                                 20.26   data required time
                                 -4.43   data arrival time
-----------------------------------------------------------------------------
                                 15.84   slack (MET)


Startpoint: rst_n (input port clocked by clk)
Endpoint: _275_ (recovery check against rising-edge clock clk)
Path Group: asynchronous
Path Type: max
Corner: Typical

Fanout     Cap    Slew   Delay    Time   Description
-----------------------------------------------------------------------------
                          0.00    0.00   clock clk (rise edge)
                          0.00    0.00   clock network delay (propagated)
                          4.00    4.00 ^ input external delay
                  0.02    0.01    4.01 ^ rst_n (in)
     1    0.00                           rst_n (net)
                  0.02    0.00    4.01 ^ input1/A (sky130_fd_sc_hd__clkbuf_2)
                  0.13    0.17    4.18 ^ input1/X (sky130_fd_sc_hd__clkbuf_2)
     4    0.02                           net1 (net)
                  0.13    0.00    4.18 ^ fanout16/A (sky130_fd_sc_hd__clkbuf_4)
                  0.13    0.24    4.42 ^ fanout16/X (sky130_fd_sc_hd__clkbuf_4)
     8    0.04                           net16 (net)
                  0.13    0.00    4.43 ^ _275_/RESET_B (sky130_fd_sc_hd__dfrtp_2)
                                  4.43   data arrival time

                         20.00   20.00   clock clk (rise edge)
                          0.00   20.00   clock source latency
                  0.07    0.04   20.04 ^ clk (in)
     1    0.01                           clk (net)
                  0.07    0.00   20.04 ^ clkbuf_0_clk/A (sky130_fd_sc_hd__clkbuf_16)
                  0.06    0.15   20.19 ^ clkbuf_0_clk/X (sky130_fd_sc_hd__clkbuf_16)
     4    0.04                           clknet_0_clk (net)
                  0.06    0.00   20.19 ^ clkbuf_2_2__f_clk/A (sky130_fd_sc_hd__clkbuf_16)
                  0.04    0.13   20.32 ^ clkbuf_2_2__f_clk/X (sky130_fd_sc_hd__clkbuf_16)
     8    0.02                           clknet_2_2__leaf_clk (net)
                  0.04    0.00   20.32 ^ _275_/CLK (sky130_fd_sc_hd__dfrtp_2)
                         -0.25   20.07   clock uncertainty
                          0.00   20.07   clock reconvergence pessimism
                          0.19   20.26   library recovery time
                                 20.26   data required time
-----------------------------------------------------------------------------
                                 20.26   data required time
                                 -4.43   data arrival time
-----------------------------------------------------------------------------
                                 15.84   slack (MET)


Startpoint: rst_n (input port clocked by clk)
Endpoint: _293_ (recovery check against rising-edge clock clk)
Path Group: asynchronous
Path Type: max
Corner: Typical

Fanout     Cap    Slew   Delay    Time   Description
-----------------------------------------------------------------------------
                          0.00    0.00   clock clk (rise edge)
                          0.00    0.00   clock network delay (propagated)
                          4.00    4.00 ^ input external delay
                  0.02    0.01    4.01 ^ rst_n (in)
     1    0.00                           rst_n (net)
                  0.02    0.00    4.01 ^ input1/A (sky130_fd_sc_hd__clkbuf_2)
                  0.13    0.17    4.18 ^ input1/X (sky130_fd_sc_hd__clkbuf_2)
     4    0.02                           net1 (net)
                  0.13    0.00    4.18 ^ fanout15/A (sky130_fd_sc_hd__clkbuf_4)
                  0.15    0.26    4.44 ^ fanout15/X (sky130_fd_sc_hd__clkbuf_4)
    10    0.05                           net15 (net)
                  0.15    0.00    4.44 ^ _293_/RESET_B (sky130_fd_sc_hd__dfrtp_1)
                                  4.44   data arrival time

                         20.00   20.00   clock clk (rise edge)
                          0.00   20.00   clock source latency
                  0.07    0.04   20.04 ^ clk (in)
     1    0.01                           clk (net)
                  0.07    0.00   20.04 ^ clkbuf_0_clk/A (sky130_fd_sc_hd__clkbuf_16)
                  0.06    0.15   20.19 ^ clkbuf_0_clk/X (sky130_fd_sc_hd__clkbuf_16)
     4    0.04                           clknet_0_clk (net)
                  0.06    0.00   20.19 ^ clkbuf_2_0__f_clk/A (sky130_fd_sc_hd__clkbuf_16)
                  0.05    0.13   20.32 ^ clkbuf_2_0__f_clk/X (sky130_fd_sc_hd__clkbuf_16)
     9    0.03                           clknet_2_0__leaf_clk (net)
                  0.05    0.00   20.33 ^ _293_/CLK (sky130_fd_sc_hd__dfrtp_1)
                         -0.25   20.08   clock uncertainty
                          0.00   20.08   clock reconvergence pessimism
                          0.20   20.28   library recovery time
                                 20.28   data required time
-----------------------------------------------------------------------------
                                 20.28   data required time
                                 -4.44   data arrival time
-----------------------------------------------------------------------------
                                 15.84   slack (MET)


Startpoint: rst_n (input port clocked by clk)
Endpoint: _291_ (recovery check against rising-edge clock clk)
Path Group: asynchronous
Path Type: max
Corner: Typical

Fanout     Cap    Slew   Delay    Time   Description
-----------------------------------------------------------------------------
                          0.00    0.00   clock clk (rise edge)
                          0.00    0.00   clock network delay (propagated)
                          4.00    4.00 ^ input external delay
                  0.02    0.01    4.01 ^ rst_n (in)
     1    0.00                           rst_n (net)
                  0.02    0.00    4.01 ^ input1/A (sky130_fd_sc_hd__clkbuf_2)
                  0.13    0.17    4.18 ^ input1/X (sky130_fd_sc_hd__clkbuf_2)
     4    0.02                           net1 (net)
                  0.13    0.00    4.18 ^ fanout15/A (sky130_fd_sc_hd__clkbuf_4)
                  0.15    0.26    4.44 ^ fanout15/X (sky130_fd_sc_hd__clkbuf_4)
    10    0.05                           net15 (net)
                  0.15    0.00    4.44 ^ _291_/RESET_B (sky130_fd_sc_hd__dfrtp_1)
                                  4.44   data arrival time

                         20.00   20.00   clock clk (rise edge)
                          0.00   20.00   clock source latency
                  0.07    0.04   20.04 ^ clk (in)
     1    0.01                           clk (net)
                  0.07    0.00   20.04 ^ clkbuf_0_clk/A (sky130_fd_sc_hd__clkbuf_16)
                  0.06    0.15   20.19 ^ clkbuf_0_clk/X (sky130_fd_sc_hd__clkbuf_16)
     4    0.04                           clknet_0_clk (net)
                  0.06    0.00   20.19 ^ clkbuf_2_0__f_clk/A (sky130_fd_sc_hd__clkbuf_16)
                  0.05    0.13   20.32 ^ clkbuf_2_0__f_clk/X (sky130_fd_sc_hd__clkbuf_16)
     9    0.03                           clknet_2_0__leaf_clk (net)
                  0.05    0.00   20.33 ^ _291_/CLK (sky130_fd_sc_hd__dfrtp_1)
                         -0.25   20.08   clock uncertainty
                          0.00   20.08   clock reconvergence pessimism
                          0.20   20.28   library recovery time
                                 20.28   data required time
-----------------------------------------------------------------------------
                                 20.28   data required time
                                 -4.44   data arrival time
-----------------------------------------------------------------------------
                                 15.84   slack (MET)


Startpoint: rst_n (input port clocked by clk)
Endpoint: _294_ (recovery check against rising-edge clock clk)
Path Group: asynchronous
Path Type: max
Corner: Typical

Fanout     Cap    Slew   Delay    Time   Description
-----------------------------------------------------------------------------
                          0.00    0.00   clock clk (rise edge)
                          0.00    0.00   clock network delay (propagated)
                          4.00    4.00 ^ input external delay
                  0.02    0.01    4.01 ^ rst_n (in)
     1    0.00                           rst_n (net)
                  0.02    0.00    4.01 ^ input1/A (sky130_fd_sc_hd__clkbuf_2)
                  0.13    0.17    4.18 ^ input1/X (sky130_fd_sc_hd__clkbuf_2)
     4    0.02                           net1 (net)
                  0.13    0.00    4.18 ^ fanout15/A (sky130_fd_sc_hd__clkbuf_4)
                  0.15    0.26    4.44 ^ fanout15/X (sky130_fd_sc_hd__clkbuf_4)
    10    0.05                           net15 (net)
                  0.15    0.00    4.44 ^ _294_/RESET_B (sky130_fd_sc_hd__dfrtp_1)
                                  4.44   data arrival time

                         20.00   20.00   clock clk (rise edge)
                          0.00   20.00   clock source latency
                  0.07    0.04   20.04 ^ clk (in)
     1    0.01                           clk (net)
                  0.07    0.00   20.04 ^ clkbuf_0_clk/A (sky130_fd_sc_hd__clkbuf_16)
                  0.06    0.15   20.19 ^ clkbuf_0_clk/X (sky130_fd_sc_hd__clkbuf_16)
     4    0.04                           clknet_0_clk (net)
                  0.06    0.00   20.19 ^ clkbuf_2_0__f_clk/A (sky130_fd_sc_hd__clkbuf_16)
                  0.05    0.13   20.32 ^ clkbuf_2_0__f_clk/X (sky130_fd_sc_hd__clkbuf_16)
     9    0.03                           clknet_2_0__leaf_clk (net)
                  0.05    0.00   20.33 ^ _294_/CLK (sky130_fd_sc_hd__dfrtp_1)
                         -0.25   20.08   clock uncertainty
                          0.00   20.08   clock reconvergence pessimism
                          0.20   20.28   library recovery time
                                 20.28   data required time
-----------------------------------------------------------------------------
                                 20.28   data required time
                                 -4.44   data arrival time
-----------------------------------------------------------------------------
                                 15.84   slack (MET)


Startpoint: rst_n (input port clocked by clk)
Endpoint: _292_ (recovery check against rising-edge clock clk)
Path Group: asynchronous
Path Type: max
Corner: Typical

Fanout     Cap    Slew   Delay    Time   Description
-----------------------------------------------------------------------------
                          0.00    0.00   clock clk (rise edge)
                          0.00    0.00   clock network delay (propagated)
                          4.00    4.00 ^ input external delay
                  0.02    0.01    4.01 ^ rst_n (in)
     1    0.00                           rst_n (net)
                  0.02    0.00    4.01 ^ input1/A (sky130_fd_sc_hd__clkbuf_2)
                  0.13    0.17    4.18 ^ input1/X (sky130_fd_sc_hd__clkbuf_2)
     4    0.02                           net1 (net)
                  0.13    0.00    4.18 ^ fanout15/A (sky130_fd_sc_hd__clkbuf_4)
                  0.15    0.26    4.44 ^ fanout15/X (sky130_fd_sc_hd__clkbuf_4)
    10    0.05                           net15 (net)
                  0.15    0.00    4.44 ^ _292_/RESET_B (sky130_fd_sc_hd__dfrtp_1)
                                  4.44   data arrival time

                         20.00   20.00   clock clk (rise edge)
                          0.00   20.00   clock source latency
                  0.07    0.04   20.04 ^ clk (in)
     1    0.01                           clk (net)
                  0.07    0.00   20.04 ^ clkbuf_0_clk/A (sky130_fd_sc_hd__clkbuf_16)
                  0.06    0.15   20.19 ^ clkbuf_0_clk/X (sky130_fd_sc_hd__clkbuf_16)
     4    0.04                           clknet_0_clk (net)
                  0.06    0.00   20.19 ^ clkbuf_2_0__f_clk/A (sky130_fd_sc_hd__clkbuf_16)
                  0.05    0.13   20.32 ^ clkbuf_2_0__f_clk/X (sky130_fd_sc_hd__clkbuf_16)
     9    0.03                           clknet_2_0__leaf_clk (net)
                  0.05    0.00   20.33 ^ _292_/CLK (sky130_fd_sc_hd__dfrtp_1)
                         -0.25   20.08   clock uncertainty
                          0.00   20.08   clock reconvergence pessimism
                          0.20   20.28   library recovery time
                                 20.28   data required time
-----------------------------------------------------------------------------
                                 20.28   data required time
                                 -4.44   data arrival time
-----------------------------------------------------------------------------
                                 15.84   slack (MET)


Startpoint: rst_n (input port clocked by clk)
Endpoint: _289_ (recovery check against rising-edge clock clk)
Path Group: asynchronous
Path Type: max
Corner: Typical

Fanout     Cap    Slew   Delay    Time   Description
-----------------------------------------------------------------------------
                          0.00    0.00   clock clk (rise edge)
                          0.00    0.00   clock network delay (propagated)
                          4.00    4.00 ^ input external delay
                  0.02    0.01    4.01 ^ rst_n (in)
     1    0.00                           rst_n (net)
                  0.02    0.00    4.01 ^ input1/A (sky130_fd_sc_hd__clkbuf_2)
                  0.13    0.17    4.18 ^ input1/X (sky130_fd_sc_hd__clkbuf_2)
     4    0.02                           net1 (net)
                  0.13    0.00    4.18 ^ fanout15/A (sky130_fd_sc_hd__clkbuf_4)
                  0.15    0.26    4.44 ^ fanout15/X (sky130_fd_sc_hd__clkbuf_4)
    10    0.05                           net15 (net)
                  0.15    0.00    4.44 ^ _289_/RESET_B (sky130_fd_sc_hd__dfrtp_1)
                                  4.44   data arrival time

                         20.00   20.00   clock clk (rise edge)
                          0.00   20.00   clock source latency
                  0.07    0.04   20.04 ^ clk (in)
     1    0.01                           clk (net)
                  0.07    0.00   20.04 ^ clkbuf_0_clk/A (sky130_fd_sc_hd__clkbuf_16)
                  0.06    0.15   20.19 ^ clkbuf_0_clk/X (sky130_fd_sc_hd__clkbuf_16)
     4    0.04                           clknet_0_clk (net)
                  0.06    0.00   20.19 ^ clkbuf_2_0__f_clk/A (sky130_fd_sc_hd__clkbuf_16)
                  0.05    0.13   20.32 ^ clkbuf_2_0__f_clk/X (sky130_fd_sc_hd__clkbuf_16)
     9    0.03                           clknet_2_0__leaf_clk (net)
                  0.05    0.00   20.33 ^ _289_/CLK (sky130_fd_sc_hd__dfrtp_1)
                         -0.25   20.08   clock uncertainty
                          0.00   20.08   clock reconvergence pessimism
                          0.20   20.28   library recovery time
                                 20.28   data required time
-----------------------------------------------------------------------------
                                 20.28   data required time
                                 -4.44   data arrival time
-----------------------------------------------------------------------------
                                 15.84   slack (MET)


Startpoint: rst_n (input port clocked by clk)
Endpoint: _290_ (recovery check against rising-edge clock clk)
Path Group: asynchronous
Path Type: max
Corner: Typical

Fanout     Cap    Slew   Delay    Time   Description
-----------------------------------------------------------------------------
                          0.00    0.00   clock clk (rise edge)
                          0.00    0.00   clock network delay (propagated)
                          4.00    4.00 ^ input external delay
                  0.02    0.01    4.01 ^ rst_n (in)
     1    0.00                           rst_n (net)
                  0.02    0.00    4.01 ^ input1/A (sky130_fd_sc_hd__clkbuf_2)
                  0.13    0.17    4.18 ^ input1/X (sky130_fd_sc_hd__clkbuf_2)
     4    0.02                           net1 (net)
                  0.13    0.00    4.18 ^ fanout15/A (sky130_fd_sc_hd__clkbuf_4)
                  0.15    0.26    4.44 ^ fanout15/X (sky130_fd_sc_hd__clkbuf_4)
    10    0.05                           net15 (net)
                  0.15    0.00    4.44 ^ _290_/RESET_B (sky130_fd_sc_hd__dfrtp_1)
                                  4.44   data arrival time

                         20.00   20.00   clock clk (rise edge)
                          0.00   20.00   clock source latency
                  0.07    0.04   20.04 ^ clk (in)
     1    0.01                           clk (net)
                  0.07    0.00   20.04 ^ clkbuf_0_clk/A (sky130_fd_sc_hd__clkbuf_16)
                  0.06    0.15   20.19 ^ clkbuf_0_clk/X (sky130_fd_sc_hd__clkbuf_16)
     4    0.04                           clknet_0_clk (net)
                  0.06    0.00   20.19 ^ clkbuf_2_0__f_clk/A (sky130_fd_sc_hd__clkbuf_16)
                  0.05    0.13   20.32 ^ clkbuf_2_0__f_clk/X (sky130_fd_sc_hd__clkbuf_16)
     9    0.03                           clknet_2_0__leaf_clk (net)
                  0.05    0.00   20.33 ^ _290_/CLK (sky130_fd_sc_hd__dfrtp_1)
                         -0.25   20.08   clock uncertainty
                          0.00   20.08   clock reconvergence pessimism
                          0.20   20.28   library recovery time
                                 20.28   data required time
-----------------------------------------------------------------------------
                                 20.28   data required time
                                 -4.44   data arrival time
-----------------------------------------------------------------------------
                                 15.84   slack (MET)


Startpoint: rst_n (input port clocked by clk)
Endpoint: _288_ (recovery check against rising-edge clock clk)
Path Group: asynchronous
Path Type: max
Corner: Typical

Fanout     Cap    Slew   Delay    Time   Description
-----------------------------------------------------------------------------
                          0.00    0.00   clock clk (rise edge)
                          0.00    0.00   clock network delay (propagated)
                          4.00    4.00 ^ input external delay
                  0.02    0.01    4.01 ^ rst_n (in)
     1    0.00                           rst_n (net)
                  0.02    0.00    4.01 ^ input1/A (sky130_fd_sc_hd__clkbuf_2)
                  0.13    0.17    4.18 ^ input1/X (sky130_fd_sc_hd__clkbuf_2)
     4    0.02                           net1 (net)
                  0.13    0.00    4.18 ^ fanout15/A (sky130_fd_sc_hd__clkbuf_4)
                  0.15    0.26    4.44 ^ fanout15/X (sky130_fd_sc_hd__clkbuf_4)
    10    0.05                           net15 (net)
                  0.15    0.00    4.44 ^ _288_/RESET_B (sky130_fd_sc_hd__dfrtp_1)
                                  4.44   data arrival time

                         20.00   20.00   clock clk (rise edge)
                          0.00   20.00   clock source latency
                  0.07    0.04   20.04 ^ clk (in)
     1    0.01                           clk (net)
                  0.07    0.00   20.04 ^ clkbuf_0_clk/A (sky130_fd_sc_hd__clkbuf_16)
                  0.06    0.15   20.19 ^ clkbuf_0_clk/X (sky130_fd_sc_hd__clkbuf_16)
     4    0.04                           clknet_0_clk (net)
                  0.06    0.00   20.19 ^ clkbuf_2_0__f_clk/A (sky130_fd_sc_hd__clkbuf_16)
                  0.05    0.13   20.32 ^ clkbuf_2_0__f_clk/X (sky130_fd_sc_hd__clkbuf_16)
     9    0.03                           clknet_2_0__leaf_clk (net)
                  0.05    0.00   20.33 ^ _288_/CLK (sky130_fd_sc_hd__dfrtp_1)
                         -0.25   20.08   clock uncertainty
                          0.00   20.08   clock reconvergence pessimism
                          0.20   20.28   library recovery time
                                 20.28   data required time
-----------------------------------------------------------------------------
                                 20.28   data required time
                                 -4.44   data arrival time
-----------------------------------------------------------------------------
                                 15.84   slack (MET)


Startpoint: rst_n (input port clocked by clk)
Endpoint: _295_ (recovery check against rising-edge clock clk)
Path Group: asynchronous
Path Type: max
Corner: Typical

Fanout     Cap    Slew   Delay    Time   Description
-----------------------------------------------------------------------------
                          0.00    0.00   clock clk (rise edge)
                          0.00    0.00   clock network delay (propagated)
                          4.00    4.00 ^ input external delay
                  0.02    0.01    4.01 ^ rst_n (in)
     1    0.00                           rst_n (net)
                  0.02    0.00    4.01 ^ input1/A (sky130_fd_sc_hd__clkbuf_2)
                  0.13    0.17    4.18 ^ input1/X (sky130_fd_sc_hd__clkbuf_2)
     4    0.02                           net1 (net)
                  0.13    0.00    4.18 ^ fanout15/A (sky130_fd_sc_hd__clkbuf_4)
                  0.15    0.26    4.44 ^ fanout15/X (sky130_fd_sc_hd__clkbuf_4)
    10    0.05                           net15 (net)
                  0.15    0.00    4.44 ^ _295_/RESET_B (sky130_fd_sc_hd__dfrtp_1)
                                  4.44   data arrival time

                         20.00   20.00   clock clk (rise edge)
                          0.00   20.00   clock source latency
                  0.07    0.04   20.04 ^ clk (in)
     1    0.01                           clk (net)
                  0.07    0.00   20.04 ^ clkbuf_0_clk/A (sky130_fd_sc_hd__clkbuf_16)
                  0.06    0.15   20.19 ^ clkbuf_0_clk/X (sky130_fd_sc_hd__clkbuf_16)
     4    0.04                           clknet_0_clk (net)
                  0.06    0.00   20.19 ^ clkbuf_2_0__f_clk/A (sky130_fd_sc_hd__clkbuf_16)
                  0.05    0.13   20.32 ^ clkbuf_2_0__f_clk/X (sky130_fd_sc_hd__clkbuf_16)
     9    0.03                           clknet_2_0__leaf_clk (net)
                  0.05    0.00   20.33 ^ _295_/CLK (sky130_fd_sc_hd__dfrtp_1)
                         -0.25   20.08   clock uncertainty
                          0.00   20.08   clock reconvergence pessimism
                          0.20   20.28   library recovery time
                                 20.28   data required time
-----------------------------------------------------------------------------
                                 20.28   data required time
                                 -4.44   data arrival time
-----------------------------------------------------------------------------
                                 15.84   slack (MET)


Startpoint: rst_n (input port clocked by clk)
Endpoint: _273_ (recovery check against rising-edge clock clk)
Path Group: asynchronous
Path Type: max
Corner: Typical

Fanout     Cap    Slew   Delay    Time   Description
-----------------------------------------------------------------------------
                          0.00    0.00   clock clk (rise edge)
                          0.00    0.00   clock network delay (propagated)
                          4.00    4.00 ^ input external delay
                  0.02    0.01    4.01 ^ rst_n (in)
     1    0.00                           rst_n (net)
                  0.02    0.00    4.01 ^ input1/A (sky130_fd_sc_hd__clkbuf_2)
                  0.13    0.17    4.18 ^ input1/X (sky130_fd_sc_hd__clkbuf_2)
     4    0.02                           net1 (net)
                  0.13    0.00    4.18 ^ fanout16/A (sky130_fd_sc_hd__clkbuf_4)
                  0.13    0.24    4.42 ^ fanout16/X (sky130_fd_sc_hd__clkbuf_4)
     8    0.04                           net16 (net)
                  0.13    0.00    4.43 ^ _273_/RESET_B (sky130_fd_sc_hd__dfrtp_2)
                                  4.43   data arrival time

                         20.00   20.00   clock clk (rise edge)
                          0.00   20.00   clock source latency
                  0.07    0.04   20.04 ^ clk (in)
     1    0.01                           clk (net)
                  0.07    0.00   20.04 ^ clkbuf_0_clk/A (sky130_fd_sc_hd__clkbuf_16)
                  0.06    0.15   20.19 ^ clkbuf_0_clk/X (sky130_fd_sc_hd__clkbuf_16)
     4    0.04                           clknet_0_clk (net)
                  0.06    0.00   20.19 ^ clkbuf_2_2__f_clk/A (sky130_fd_sc_hd__clkbuf_16)
                  0.04    0.13   20.32 ^ clkbuf_2_2__f_clk/X (sky130_fd_sc_hd__clkbuf_16)
     8    0.02                           clknet_2_2__leaf_clk (net)
                  0.04    0.00   20.32 ^ _273_/CLK (sky130_fd_sc_hd__dfrtp_2)
                         -0.25   20.07   clock uncertainty
                          0.00   20.07   clock reconvergence pessimism
                          0.19   20.26   library recovery time
                                 20.26   data required time
-----------------------------------------------------------------------------
                                 20.26   data required time
                                 -4.43   data arrival time
-----------------------------------------------------------------------------
                                 15.84   slack (MET)


Startpoint: rst_n (input port clocked by clk)
Endpoint: _287_ (recovery check against rising-edge clock clk)
Path Group: asynchronous
Path Type: max
Corner: Typical

Fanout     Cap    Slew   Delay    Time   Description
-----------------------------------------------------------------------------
                          0.00    0.00   clock clk (rise edge)
                          0.00    0.00   clock network delay (propagated)
                          4.00    4.00 ^ input external delay
                  0.02    0.01    4.01 ^ rst_n (in)
     1    0.00                           rst_n (net)
                  0.02    0.00    4.01 ^ input1/A (sky130_fd_sc_hd__clkbuf_2)
                  0.13    0.17    4.18 ^ input1/X (sky130_fd_sc_hd__clkbuf_2)
     4    0.02                           net1 (net)
                  0.13    0.00    4.18 ^ fanout15/A (sky130_fd_sc_hd__clkbuf_4)
                  0.15    0.26    4.44 ^ fanout15/X (sky130_fd_sc_hd__clkbuf_4)
    10    0.05                           net15 (net)
                  0.15    0.00    4.44 ^ _287_/RESET_B (sky130_fd_sc_hd__dfrtp_1)
                                  4.44   data arrival time

                         20.00   20.00   clock clk (rise edge)
                          0.00   20.00   clock source latency
                  0.07    0.04   20.04 ^ clk (in)
     1    0.01                           clk (net)
                  0.07    0.00   20.04 ^ clkbuf_0_clk/A (sky130_fd_sc_hd__clkbuf_16)
                  0.06    0.15   20.19 ^ clkbuf_0_clk/X (sky130_fd_sc_hd__clkbuf_16)
     4    0.04                           clknet_0_clk (net)
                  0.06    0.00   20.19 ^ clkbuf_2_0__f_clk/A (sky130_fd_sc_hd__clkbuf_16)
                  0.05    0.13   20.32 ^ clkbuf_2_0__f_clk/X (sky130_fd_sc_hd__clkbuf_16)
     9    0.03                           clknet_2_0__leaf_clk (net)
                  0.05    0.00   20.33 ^ _287_/CLK (sky130_fd_sc_hd__dfrtp_1)
                         -0.25   20.08   clock uncertainty
                          0.00   20.08   clock reconvergence pessimism
                          0.20   20.28   library recovery time
                                 20.28   data required time
-----------------------------------------------------------------------------
                                 20.28   data required time
                                 -4.44   data arrival time
-----------------------------------------------------------------------------
                                 15.84   slack (MET)


Startpoint: rst_n (input port clocked by clk)
Endpoint: _269_ (recovery check against rising-edge clock clk)
Path Group: asynchronous
Path Type: max
Corner: Typical

Fanout     Cap    Slew   Delay    Time   Description
-----------------------------------------------------------------------------
                          0.00    0.00   clock clk (rise edge)
                          0.00    0.00   clock network delay (propagated)
                          4.00    4.00 ^ input external delay
                  0.02    0.01    4.01 ^ rst_n (in)
     1    0.00                           rst_n (net)
                  0.02    0.00    4.01 ^ input1/A (sky130_fd_sc_hd__clkbuf_2)
                  0.13    0.17    4.18 ^ input1/X (sky130_fd_sc_hd__clkbuf_2)
     4    0.02                           net1 (net)
                  0.13    0.00    4.18 ^ fanout18/A (sky130_fd_sc_hd__clkbuf_4)
                  0.14    0.25    4.43 ^ fanout18/X (sky130_fd_sc_hd__clkbuf_4)
     9    0.04                           net18 (net)
                  0.14    0.00    4.43 ^ _269_/RESET_B (sky130_fd_sc_hd__dfrtp_2)
                                  4.43   data arrival time

                         20.00   20.00   clock clk (rise edge)
                          0.00   20.00   clock source latency
                  0.07    0.04   20.04 ^ clk (in)
     1    0.01                           clk (net)
                  0.07    0.00   20.04 ^ clkbuf_0_clk/A (sky130_fd_sc_hd__clkbuf_16)
                  0.06    0.15   20.19 ^ clkbuf_0_clk/X (sky130_fd_sc_hd__clkbuf_16)
     4    0.04                           clknet_0_clk (net)
                  0.06    0.00   20.19 ^ clkbuf_2_1__f_clk/A (sky130_fd_sc_hd__clkbuf_16)
                  0.05    0.14   20.33 ^ clkbuf_2_1__f_clk/X (sky130_fd_sc_hd__clkbuf_16)
    11    0.03                           clknet_2_1__leaf_clk (net)
                  0.05    0.00   20.33 ^ _269_/CLK (sky130_fd_sc_hd__dfrtp_2)
                         -0.25   20.08   clock uncertainty
                          0.00   20.08   clock reconvergence pessimism
                          0.19   20.27   library recovery time
                                 20.27   data required time
-----------------------------------------------------------------------------
                                 20.27   data required time
                                 -4.43   data arrival time
-----------------------------------------------------------------------------
                                 15.84   slack (MET)


Startpoint: rst_n (input port clocked by clk)
Endpoint: _298_ (recovery check against rising-edge clock clk)
Path Group: asynchronous
Path Type: max
Corner: Typical

Fanout     Cap    Slew   Delay    Time   Description
-----------------------------------------------------------------------------
                          0.00    0.00   clock clk (rise edge)
                          0.00    0.00   clock network delay (propagated)
                          4.00    4.00 ^ input external delay
                  0.02    0.01    4.01 ^ rst_n (in)
     1    0.00                           rst_n (net)
                  0.02    0.00    4.01 ^ input1/A (sky130_fd_sc_hd__clkbuf_2)
                  0.13    0.17    4.18 ^ input1/X (sky130_fd_sc_hd__clkbuf_2)
     4    0.02                           net1 (net)
                  0.13    0.00    4.18 ^ fanout17/A (sky130_fd_sc_hd__clkbuf_4)
                  0.15    0.26    4.44 ^ fanout17/X (sky130_fd_sc_hd__clkbuf_4)
    10    0.05                           net17 (net)
                  0.15    0.00    4.44 ^ _298_/RESET_B (sky130_fd_sc_hd__dfrtp_1)
                                  4.44   data arrival time

                         20.00   20.00   clock clk (rise edge)
                          0.00   20.00   clock source latency
                  0.07    0.04   20.04 ^ clk (in)
     1    0.01                           clk (net)
                  0.07    0.00   20.04 ^ clkbuf_0_clk/A (sky130_fd_sc_hd__clkbuf_16)
                  0.06    0.15   20.19 ^ clkbuf_0_clk/X (sky130_fd_sc_hd__clkbuf_16)
     4    0.04                           clknet_0_clk (net)
                  0.06    0.00   20.19 ^ clkbuf_2_1__f_clk/A (sky130_fd_sc_hd__clkbuf_16)
                  0.05    0.14   20.33 ^ clkbuf_2_1__f_clk/X (sky130_fd_sc_hd__clkbuf_16)
    11    0.03                           clknet_2_1__leaf_clk (net)
                  0.05    0.00   20.33 ^ _298_/CLK (sky130_fd_sc_hd__dfrtp_1)
                         -0.25   20.08   clock uncertainty
                          0.00   20.08   clock reconvergence pessimism
                          0.21   20.28   library recovery time
                                 20.28   data required time
-----------------------------------------------------------------------------
                                 20.28   data required time
                                 -4.44   data arrival time
-----------------------------------------------------------------------------
                                 15.84   slack (MET)


Startpoint: rst_n (input port clocked by clk)
Endpoint: _268_ (recovery check against rising-edge clock clk)
Path Group: asynchronous
Path Type: max
Corner: Typical

Fanout     Cap    Slew   Delay    Time   Description
-----------------------------------------------------------------------------
                          0.00    0.00   clock clk (rise edge)
                          0.00    0.00   clock network delay (propagated)
                          4.00    4.00 ^ input external delay
                  0.02    0.01    4.01 ^ rst_n (in)
     1    0.00                           rst_n (net)
                  0.02    0.00    4.01 ^ input1/A (sky130_fd_sc_hd__clkbuf_2)
                  0.13    0.17    4.18 ^ input1/X (sky130_fd_sc_hd__clkbuf_2)
     4    0.02                           net1 (net)
                  0.13    0.00    4.18 ^ fanout17/A (sky130_fd_sc_hd__clkbuf_4)
                  0.15    0.26    4.44 ^ fanout17/X (sky130_fd_sc_hd__clkbuf_4)
    10    0.05                           net17 (net)
                  0.15    0.00    4.44 ^ _268_/RESET_B (sky130_fd_sc_hd__dfrtp_1)
                                  4.44   data arrival time

                         20.00   20.00   clock clk (rise edge)
                          0.00   20.00   clock source latency
                  0.07    0.04   20.04 ^ clk (in)
     1    0.01                           clk (net)
                  0.07    0.00   20.04 ^ clkbuf_0_clk/A (sky130_fd_sc_hd__clkbuf_16)
                  0.06    0.15   20.19 ^ clkbuf_0_clk/X (sky130_fd_sc_hd__clkbuf_16)
     4    0.04                           clknet_0_clk (net)
                  0.06    0.00   20.19 ^ clkbuf_2_1__f_clk/A (sky130_fd_sc_hd__clkbuf_16)
                  0.05    0.14   20.33 ^ clkbuf_2_1__f_clk/X (sky130_fd_sc_hd__clkbuf_16)
    11    0.03                           clknet_2_1__leaf_clk (net)
                  0.05    0.00   20.33 ^ _268_/CLK (sky130_fd_sc_hd__dfrtp_1)
                         -0.25   20.08   clock uncertainty
                          0.00   20.08   clock reconvergence pessimism
                          0.21   20.28   library recovery time
                                 20.28   data required time
-----------------------------------------------------------------------------
                                 20.28   data required time
                                 -4.44   data arrival time
-----------------------------------------------------------------------------
                                 15.84   slack (MET)


Startpoint: rst_n (input port clocked by clk)
Endpoint: _267_ (recovery check against rising-edge clock clk)
Path Group: asynchronous
Path Type: max
Corner: Typical

Fanout     Cap    Slew   Delay    Time   Description
-----------------------------------------------------------------------------
                          0.00    0.00   clock clk (rise edge)
                          0.00    0.00   clock network delay (propagated)
                          4.00    4.00 ^ input external delay
                  0.02    0.01    4.01 ^ rst_n (in)
     1    0.00                           rst_n (net)
                  0.02    0.00    4.01 ^ input1/A (sky130_fd_sc_hd__clkbuf_2)
                  0.13    0.17    4.18 ^ input1/X (sky130_fd_sc_hd__clkbuf_2)
     4    0.02                           net1 (net)
                  0.13    0.00    4.18 ^ fanout17/A (sky130_fd_sc_hd__clkbuf_4)
                  0.15    0.26    4.44 ^ fanout17/X (sky130_fd_sc_hd__clkbuf_4)
    10    0.05                           net17 (net)
                  0.15    0.00    4.44 ^ _267_/RESET_B (sky130_fd_sc_hd__dfrtp_1)
                                  4.44   data arrival time

                         20.00   20.00   clock clk (rise edge)
                          0.00   20.00   clock source latency
                  0.07    0.04   20.04 ^ clk (in)
     1    0.01                           clk (net)
                  0.07    0.00   20.04 ^ clkbuf_0_clk/A (sky130_fd_sc_hd__clkbuf_16)
                  0.06    0.15   20.19 ^ clkbuf_0_clk/X (sky130_fd_sc_hd__clkbuf_16)
     4    0.04                           clknet_0_clk (net)
                  0.06    0.00   20.19 ^ clkbuf_2_1__f_clk/A (sky130_fd_sc_hd__clkbuf_16)
                  0.05    0.14   20.33 ^ clkbuf_2_1__f_clk/X (sky130_fd_sc_hd__clkbuf_16)
    11    0.03                           clknet_2_1__leaf_clk (net)
                  0.05    0.00   20.33 ^ _267_/CLK (sky130_fd_sc_hd__dfrtp_1)
                         -0.25   20.08   clock uncertainty
                          0.00   20.08   clock reconvergence pessimism
                          0.21   20.28   library recovery time
                                 20.28   data required time
-----------------------------------------------------------------------------
                                 20.28   data required time
                                 -4.44   data arrival time
-----------------------------------------------------------------------------
                                 15.84   slack (MET)


Startpoint: rst_n (input port clocked by clk)
Endpoint: _286_ (recovery check against rising-edge clock clk)
Path Group: asynchronous
Path Type: max
Corner: Typical

Fanout     Cap    Slew   Delay    Time   Description
-----------------------------------------------------------------------------
                          0.00    0.00   clock clk (rise edge)
                          0.00    0.00   clock network delay (propagated)
                          4.00    4.00 ^ input external delay
                  0.02    0.01    4.01 ^ rst_n (in)
     1    0.00                           rst_n (net)
                  0.02    0.00    4.01 ^ input1/A (sky130_fd_sc_hd__clkbuf_2)
                  0.13    0.17    4.18 ^ input1/X (sky130_fd_sc_hd__clkbuf_2)
     4    0.02                           net1 (net)
                  0.13    0.00    4.18 ^ fanout17/A (sky130_fd_sc_hd__clkbuf_4)
                  0.15    0.26    4.44 ^ fanout17/X (sky130_fd_sc_hd__clkbuf_4)
    10    0.05                           net17 (net)
                  0.15    0.00    4.44 ^ _286_/RESET_B (sky130_fd_sc_hd__dfrtp_1)
                                  4.44   data arrival time

                         20.00   20.00   clock clk (rise edge)
                          0.00   20.00   clock source latency
                  0.07    0.04   20.04 ^ clk (in)
     1    0.01                           clk (net)
                  0.07    0.00   20.04 ^ clkbuf_0_clk/A (sky130_fd_sc_hd__clkbuf_16)
                  0.06    0.15   20.19 ^ clkbuf_0_clk/X (sky130_fd_sc_hd__clkbuf_16)
     4    0.04                           clknet_0_clk (net)
                  0.06    0.00   20.19 ^ clkbuf_2_1__f_clk/A (sky130_fd_sc_hd__clkbuf_16)
                  0.05    0.14   20.33 ^ clkbuf_2_1__f_clk/X (sky130_fd_sc_hd__clkbuf_16)
    11    0.03                           clknet_2_1__leaf_clk (net)
                  0.05    0.00   20.33 ^ _286_/CLK (sky130_fd_sc_hd__dfrtp_1)
                         -0.25   20.08   clock uncertainty
                          0.00   20.08   clock reconvergence pessimism
                          0.21   20.28   library recovery time
                                 20.28   data required time
-----------------------------------------------------------------------------
                                 20.28   data required time
                                 -4.44   data arrival time
-----------------------------------------------------------------------------
                                 15.84   slack (MET)


Startpoint: rst_n (input port clocked by clk)
Endpoint: _270_ (recovery check against rising-edge clock clk)
Path Group: asynchronous
Path Type: max
Corner: Typical

Fanout     Cap    Slew   Delay    Time   Description
-----------------------------------------------------------------------------
                          0.00    0.00   clock clk (rise edge)
                          0.00    0.00   clock network delay (propagated)
                          4.00    4.00 ^ input external delay
                  0.02    0.01    4.01 ^ rst_n (in)
     1    0.00                           rst_n (net)
                  0.02    0.00    4.01 ^ input1/A (sky130_fd_sc_hd__clkbuf_2)
                  0.13    0.17    4.18 ^ input1/X (sky130_fd_sc_hd__clkbuf_2)
     4    0.02                           net1 (net)
                  0.13    0.00    4.18 ^ fanout17/A (sky130_fd_sc_hd__clkbuf_4)
                  0.15    0.26    4.44 ^ fanout17/X (sky130_fd_sc_hd__clkbuf_4)
    10    0.05                           net17 (net)
                  0.15    0.00    4.44 ^ _270_/RESET_B (sky130_fd_sc_hd__dfrtp_1)
                                  4.44   data arrival time

                         20.00   20.00   clock clk (rise edge)
                          0.00   20.00   clock source latency
                  0.07    0.04   20.04 ^ clk (in)
     1    0.01                           clk (net)
                  0.07    0.00   20.04 ^ clkbuf_0_clk/A (sky130_fd_sc_hd__clkbuf_16)
                  0.06    0.15   20.19 ^ clkbuf_0_clk/X (sky130_fd_sc_hd__clkbuf_16)
     4    0.04                           clknet_0_clk (net)
                  0.06    0.00   20.19 ^ clkbuf_2_1__f_clk/A (sky130_fd_sc_hd__clkbuf_16)
                  0.05    0.14   20.33 ^ clkbuf_2_1__f_clk/X (sky130_fd_sc_hd__clkbuf_16)
    11    0.03                           clknet_2_1__leaf_clk (net)
                  0.05    0.00   20.33 ^ _270_/CLK (sky130_fd_sc_hd__dfrtp_1)
                         -0.25   20.08   clock uncertainty
                          0.00   20.08   clock reconvergence pessimism
                          0.21   20.28   library recovery time
                                 20.28   data required time
-----------------------------------------------------------------------------
                                 20.28   data required time
                                 -4.44   data arrival time
-----------------------------------------------------------------------------
                                 15.84   slack (MET)


Startpoint: rst_n (input port clocked by clk)
Endpoint: _284_ (recovery check against rising-edge clock clk)
Path Group: asynchronous
Path Type: max
Corner: Typical

Fanout     Cap    Slew   Delay    Time   Description
-----------------------------------------------------------------------------
                          0.00    0.00   clock clk (rise edge)
                          0.00    0.00   clock network delay (propagated)
                          4.00    4.00 ^ input external delay
                  0.02    0.01    4.01 ^ rst_n (in)
     1    0.00                           rst_n (net)
                  0.02    0.00    4.01 ^ input1/A (sky130_fd_sc_hd__clkbuf_2)
                  0.13    0.17    4.18 ^ input1/X (sky130_fd_sc_hd__clkbuf_2)
     4    0.02                           net1 (net)
                  0.13    0.00    4.18 ^ fanout17/A (sky130_fd_sc_hd__clkbuf_4)
                  0.15    0.26    4.44 ^ fanout17/X (sky130_fd_sc_hd__clkbuf_4)
    10    0.05                           net17 (net)
                  0.15    0.00    4.44 ^ _284_/RESET_B (sky130_fd_sc_hd__dfrtp_1)
                                  4.44   data arrival time

                         20.00   20.00   clock clk (rise edge)
                          0.00   20.00   clock source latency
                  0.07    0.04   20.04 ^ clk (in)
     1    0.01                           clk (net)
                  0.07    0.00   20.04 ^ clkbuf_0_clk/A (sky130_fd_sc_hd__clkbuf_16)
                  0.06    0.15   20.19 ^ clkbuf_0_clk/X (sky130_fd_sc_hd__clkbuf_16)
     4    0.04                           clknet_0_clk (net)
                  0.06    0.00   20.19 ^ clkbuf_2_1__f_clk/A (sky130_fd_sc_hd__clkbuf_16)
                  0.05    0.14   20.33 ^ clkbuf_2_1__f_clk/X (sky130_fd_sc_hd__clkbuf_16)
    11    0.03                           clknet_2_1__leaf_clk (net)
                  0.05    0.00   20.33 ^ _284_/CLK (sky130_fd_sc_hd__dfrtp_1)
                         -0.25   20.08   clock uncertainty
                          0.00   20.08   clock reconvergence pessimism
                          0.21   20.28   library recovery time
                                 20.28   data required time
-----------------------------------------------------------------------------
                                 20.28   data required time
                                 -4.44   data arrival time
-----------------------------------------------------------------------------
                                 15.84   slack (MET)


Startpoint: rst_n (input port clocked by clk)
Endpoint: _285_ (recovery check against rising-edge clock clk)
Path Group: asynchronous
Path Type: max
Corner: Typical

Fanout     Cap    Slew   Delay    Time   Description
-----------------------------------------------------------------------------
                          0.00    0.00   clock clk (rise edge)
                          0.00    0.00   clock network delay (propagated)
                          4.00    4.00 ^ input external delay
                  0.02    0.01    4.01 ^ rst_n (in)
     1    0.00                           rst_n (net)
                  0.02    0.00    4.01 ^ input1/A (sky130_fd_sc_hd__clkbuf_2)
                  0.13    0.17    4.18 ^ input1/X (sky130_fd_sc_hd__clkbuf_2)
     4    0.02                           net1 (net)
                  0.13    0.00    4.18 ^ fanout17/A (sky130_fd_sc_hd__clkbuf_4)
                  0.15    0.26    4.44 ^ fanout17/X (sky130_fd_sc_hd__clkbuf_4)
    10    0.05                           net17 (net)
                  0.15    0.00    4.44 ^ _285_/RESET_B (sky130_fd_sc_hd__dfrtp_1)
                                  4.44   data arrival time

                         20.00   20.00   clock clk (rise edge)
                          0.00   20.00   clock source latency
                  0.07    0.04   20.04 ^ clk (in)
     1    0.01                           clk (net)
                  0.07    0.00   20.04 ^ clkbuf_0_clk/A (sky130_fd_sc_hd__clkbuf_16)
                  0.06    0.15   20.19 ^ clkbuf_0_clk/X (sky130_fd_sc_hd__clkbuf_16)
     4    0.04                           clknet_0_clk (net)
                  0.06    0.00   20.19 ^ clkbuf_2_1__f_clk/A (sky130_fd_sc_hd__clkbuf_16)
                  0.05    0.14   20.33 ^ clkbuf_2_1__f_clk/X (sky130_fd_sc_hd__clkbuf_16)
    11    0.03                           clknet_2_1__leaf_clk (net)
                  0.05    0.00   20.33 ^ _285_/CLK (sky130_fd_sc_hd__dfrtp_1)
                         -0.25   20.08   clock uncertainty
                          0.00   20.08   clock reconvergence pessimism
                          0.21   20.28   library recovery time
                                 20.28   data required time
-----------------------------------------------------------------------------
                                 20.28   data required time
                                 -4.44   data arrival time
-----------------------------------------------------------------------------
                                 15.84   slack (MET)


Startpoint: rst_n (input port clocked by clk)
Endpoint: _266_ (recovery check against rising-edge clock clk)
Path Group: asynchronous
Path Type: max
Corner: Typical

Fanout     Cap    Slew   Delay    Time   Description
-----------------------------------------------------------------------------
                          0.00    0.00   clock clk (rise edge)
                          0.00    0.00   clock network delay (propagated)
                          4.00    4.00 ^ input external delay
                  0.02    0.01    4.01 ^ rst_n (in)
     1    0.00                           rst_n (net)
                  0.02    0.00    4.01 ^ input1/A (sky130_fd_sc_hd__clkbuf_2)
                  0.13    0.17    4.18 ^ input1/X (sky130_fd_sc_hd__clkbuf_2)
     4    0.02                           net1 (net)
                  0.13    0.00    4.18 ^ fanout17/A (sky130_fd_sc_hd__clkbuf_4)
                  0.15    0.26    4.44 ^ fanout17/X (sky130_fd_sc_hd__clkbuf_4)
    10    0.05                           net17 (net)
                  0.15    0.00    4.44 ^ _266_/RESET_B (sky130_fd_sc_hd__dfrtp_1)
                                  4.44   data arrival time

                         20.00   20.00   clock clk (rise edge)
                          0.00   20.00   clock source latency
                  0.07    0.04   20.04 ^ clk (in)
     1    0.01                           clk (net)
                  0.07    0.00   20.04 ^ clkbuf_0_clk/A (sky130_fd_sc_hd__clkbuf_16)
                  0.06    0.15   20.19 ^ clkbuf_0_clk/X (sky130_fd_sc_hd__clkbuf_16)
     4    0.04                           clknet_0_clk (net)
                  0.06    0.00   20.19 ^ clkbuf_2_1__f_clk/A (sky130_fd_sc_hd__clkbuf_16)
                  0.05    0.14   20.33 ^ clkbuf_2_1__f_clk/X (sky130_fd_sc_hd__clkbuf_16)
    11    0.03                           clknet_2_1__leaf_clk (net)
                  0.05    0.00   20.33 ^ _266_/CLK (sky130_fd_sc_hd__dfrtp_1)
                         -0.25   20.08   clock uncertainty
                          0.00   20.08   clock reconvergence pessimism
                          0.21   20.28   library recovery time
                                 20.28   data required time
-----------------------------------------------------------------------------
                                 20.28   data required time
                                 -4.44   data arrival time
-----------------------------------------------------------------------------
                                 15.84   slack (MET)


Startpoint: rst_n (input port clocked by clk)
Endpoint: _277_ (recovery check against rising-edge clock clk)
Path Group: asynchronous
Path Type: max
Corner: Typical

Fanout     Cap    Slew   Delay    Time   Description
-----------------------------------------------------------------------------
                          0.00    0.00   clock clk (rise edge)
                          0.00    0.00   clock network delay (propagated)
                          4.00    4.00 ^ input external delay
                  0.02    0.01    4.01 ^ rst_n (in)
     1    0.00                           rst_n (net)
                  0.02    0.00    4.01 ^ input1/A (sky130_fd_sc_hd__clkbuf_2)
                  0.13    0.17    4.18 ^ input1/X (sky130_fd_sc_hd__clkbuf_2)
     4    0.02                           net1 (net)
                  0.13    0.00    4.18 ^ fanout16/A (sky130_fd_sc_hd__clkbuf_4)
                  0.13    0.24    4.42 ^ fanout16/X (sky130_fd_sc_hd__clkbuf_4)
     8    0.04                           net16 (net)
                  0.13    0.00    4.43 ^ _277_/RESET_B (sky130_fd_sc_hd__dfrtp_1)
                                  4.43   data arrival time

                         20.00   20.00   clock clk (rise edge)
                          0.00   20.00   clock source latency
                  0.07    0.04   20.04 ^ clk (in)
     1    0.01                           clk (net)
                  0.07    0.00   20.04 ^ clkbuf_0_clk/A (sky130_fd_sc_hd__clkbuf_16)
                  0.06    0.15   20.19 ^ clkbuf_0_clk/X (sky130_fd_sc_hd__clkbuf_16)
     4    0.04                           clknet_0_clk (net)
                  0.06    0.00   20.19 ^ clkbuf_2_2__f_clk/A (sky130_fd_sc_hd__clkbuf_16)
                  0.04    0.13   20.32 ^ clkbuf_2_2__f_clk/X (sky130_fd_sc_hd__clkbuf_16)
     8    0.02                           clknet_2_2__leaf_clk (net)
                  0.04    0.00   20.32 ^ _277_/CLK (sky130_fd_sc_hd__dfrtp_1)
                         -0.25   20.07   clock uncertainty
                          0.00   20.07   clock reconvergence pessimism
                          0.21   20.28   library recovery time
                                 20.28   data required time
-----------------------------------------------------------------------------
                                 20.28   data required time
                                 -4.43   data arrival time
-----------------------------------------------------------------------------
                                 15.85   slack (MET)


Startpoint: rst_n (input port clocked by clk)
Endpoint: _283_ (recovery check against rising-edge clock clk)
Path Group: asynchronous
Path Type: max
Corner: Typical

Fanout     Cap    Slew   Delay    Time   Description
-----------------------------------------------------------------------------
                          0.00    0.00   clock clk (rise edge)
                          0.00    0.00   clock network delay (propagated)
                          4.00    4.00 ^ input external delay
                  0.02    0.01    4.01 ^ rst_n (in)
     1    0.00                           rst_n (net)
                  0.02    0.00    4.01 ^ input1/A (sky130_fd_sc_hd__clkbuf_2)
                  0.13    0.17    4.18 ^ input1/X (sky130_fd_sc_hd__clkbuf_2)
     4    0.02                           net1 (net)
                  0.13    0.00    4.18 ^ fanout16/A (sky130_fd_sc_hd__clkbuf_4)
                  0.13    0.24    4.42 ^ fanout16/X (sky130_fd_sc_hd__clkbuf_4)
     8    0.04                           net16 (net)
                  0.13    0.00    4.43 ^ _283_/RESET_B (sky130_fd_sc_hd__dfrtp_1)
                                  4.43   data arrival time

                         20.00   20.00   clock clk (rise edge)
                          0.00   20.00   clock source latency
                  0.07    0.04   20.04 ^ clk (in)
     1    0.01                           clk (net)
                  0.07    0.00   20.04 ^ clkbuf_0_clk/A (sky130_fd_sc_hd__clkbuf_16)
                  0.06    0.15   20.19 ^ clkbuf_0_clk/X (sky130_fd_sc_hd__clkbuf_16)
     4    0.04                           clknet_0_clk (net)
                  0.06    0.00   20.19 ^ clkbuf_2_2__f_clk/A (sky130_fd_sc_hd__clkbuf_16)
                  0.04    0.13   20.32 ^ clkbuf_2_2__f_clk/X (sky130_fd_sc_hd__clkbuf_16)
     8    0.02                           clknet_2_2__leaf_clk (net)
                  0.04    0.00   20.32 ^ _283_/CLK (sky130_fd_sc_hd__dfrtp_1)
                         -0.25   20.07   clock uncertainty
                          0.00   20.07   clock reconvergence pessimism
                          0.21   20.28   library recovery time
                                 20.28   data required time
-----------------------------------------------------------------------------
                                 20.28   data required time
                                 -4.43   data arrival time
-----------------------------------------------------------------------------
                                 15.85   slack (MET)


Startpoint: rst_n (input port clocked by clk)
Endpoint: _282_ (recovery check against rising-edge clock clk)
Path Group: asynchronous
Path Type: max
Corner: Typical

Fanout     Cap    Slew   Delay    Time   Description
-----------------------------------------------------------------------------
                          0.00    0.00   clock clk (rise edge)
                          0.00    0.00   clock network delay (propagated)
                          4.00    4.00 ^ input external delay
                  0.02    0.01    4.01 ^ rst_n (in)
     1    0.00                           rst_n (net)
                  0.02    0.00    4.01 ^ input1/A (sky130_fd_sc_hd__clkbuf_2)
                  0.13    0.17    4.18 ^ input1/X (sky130_fd_sc_hd__clkbuf_2)
     4    0.02                           net1 (net)
                  0.13    0.00    4.18 ^ fanout16/A (sky130_fd_sc_hd__clkbuf_4)
                  0.13    0.24    4.42 ^ fanout16/X (sky130_fd_sc_hd__clkbuf_4)
     8    0.04                           net16 (net)
                  0.13    0.00    4.43 ^ _282_/RESET_B (sky130_fd_sc_hd__dfrtp_1)
                                  4.43   data arrival time

                         20.00   20.00   clock clk (rise edge)
                          0.00   20.00   clock source latency
                  0.07    0.04   20.04 ^ clk (in)
     1    0.01                           clk (net)
                  0.07    0.00   20.04 ^ clkbuf_0_clk/A (sky130_fd_sc_hd__clkbuf_16)
                  0.06    0.15   20.19 ^ clkbuf_0_clk/X (sky130_fd_sc_hd__clkbuf_16)
     4    0.04                           clknet_0_clk (net)
                  0.06    0.00   20.19 ^ clkbuf_2_2__f_clk/A (sky130_fd_sc_hd__clkbuf_16)
                  0.04    0.13   20.32 ^ clkbuf_2_2__f_clk/X (sky130_fd_sc_hd__clkbuf_16)
     8    0.02                           clknet_2_2__leaf_clk (net)
                  0.04    0.00   20.32 ^ _282_/CLK (sky130_fd_sc_hd__dfrtp_1)
                         -0.25   20.07   clock uncertainty
                          0.00   20.07   clock reconvergence pessimism
                          0.21   20.28   library recovery time
                                 20.28   data required time
-----------------------------------------------------------------------------
                                 20.28   data required time
                                 -4.43   data arrival time
-----------------------------------------------------------------------------
                                 15.85   slack (MET)


Startpoint: rst_n (input port clocked by clk)
Endpoint: _281_ (recovery check against rising-edge clock clk)
Path Group: asynchronous
Path Type: max
Corner: Typical

Fanout     Cap    Slew   Delay    Time   Description
-----------------------------------------------------------------------------
                          0.00    0.00   clock clk (rise edge)
                          0.00    0.00   clock network delay (propagated)
                          4.00    4.00 ^ input external delay
                  0.02    0.01    4.01 ^ rst_n (in)
     1    0.00                           rst_n (net)
                  0.02    0.00    4.01 ^ input1/A (sky130_fd_sc_hd__clkbuf_2)
                  0.13    0.17    4.18 ^ input1/X (sky130_fd_sc_hd__clkbuf_2)
     4    0.02                           net1 (net)
                  0.13    0.00    4.18 ^ fanout18/A (sky130_fd_sc_hd__clkbuf_4)
                  0.14    0.25    4.43 ^ fanout18/X (sky130_fd_sc_hd__clkbuf_4)
     9    0.04                           net18 (net)
                  0.14    0.00    4.43 ^ _281_/RESET_B (sky130_fd_sc_hd__dfrtp_1)
                                  4.43   data arrival time

                         20.00   20.00   clock clk (rise edge)
                          0.00   20.00   clock source latency
                  0.07    0.04   20.04 ^ clk (in)
     1    0.01                           clk (net)
                  0.07    0.00   20.04 ^ clkbuf_0_clk/A (sky130_fd_sc_hd__clkbuf_16)
                  0.06    0.15   20.19 ^ clkbuf_0_clk/X (sky130_fd_sc_hd__clkbuf_16)
     4    0.04                           clknet_0_clk (net)
                  0.06    0.00   20.19 ^ clkbuf_2_3__f_clk/A (sky130_fd_sc_hd__clkbuf_16)
                  0.05    0.13   20.33 ^ clkbuf_2_3__f_clk/X (sky130_fd_sc_hd__clkbuf_16)
     9    0.03                           clknet_2_3__leaf_clk (net)
                  0.05    0.00   20.33 ^ _281_/CLK (sky130_fd_sc_hd__dfrtp_1)
                         -0.25   20.08   clock uncertainty
                          0.00   20.08   clock reconvergence pessimism
                          0.21   20.29   library recovery time
                                 20.29   data required time
-----------------------------------------------------------------------------
                                 20.29   data required time
                                 -4.43   data arrival time
-----------------------------------------------------------------------------
                                 15.85   slack (MET)


Startpoint: rst_n (input port clocked by clk)
Endpoint: _263_ (recovery check against rising-edge clock clk)
Path Group: asynchronous
Path Type: max
Corner: Typical

Fanout     Cap    Slew   Delay    Time   Description
-----------------------------------------------------------------------------
                          0.00    0.00   clock clk (rise edge)
                          0.00    0.00   clock network delay (propagated)
                          4.00    4.00 ^ input external delay
                  0.02    0.01    4.01 ^ rst_n (in)
     1    0.00                           rst_n (net)
                  0.02    0.00    4.01 ^ input1/A (sky130_fd_sc_hd__clkbuf_2)
                  0.13    0.17    4.18 ^ input1/X (sky130_fd_sc_hd__clkbuf_2)
     4    0.02                           net1 (net)
                  0.13    0.00    4.18 ^ fanout18/A (sky130_fd_sc_hd__clkbuf_4)
                  0.14    0.25    4.43 ^ fanout18/X (sky130_fd_sc_hd__clkbuf_4)
     9    0.04                           net18 (net)
                  0.14    0.00    4.43 ^ _263_/RESET_B (sky130_fd_sc_hd__dfrtp_1)
                                  4.43   data arrival time

                         20.00   20.00   clock clk (rise edge)
                          0.00   20.00   clock source latency
                  0.07    0.04   20.04 ^ clk (in)
     1    0.01                           clk (net)
                  0.07    0.00   20.04 ^ clkbuf_0_clk/A (sky130_fd_sc_hd__clkbuf_16)
                  0.06    0.15   20.19 ^ clkbuf_0_clk/X (sky130_fd_sc_hd__clkbuf_16)
     4    0.04                           clknet_0_clk (net)
                  0.06    0.00   20.19 ^ clkbuf_2_3__f_clk/A (sky130_fd_sc_hd__clkbuf_16)
                  0.05    0.13   20.33 ^ clkbuf_2_3__f_clk/X (sky130_fd_sc_hd__clkbuf_16)
     9    0.03                           clknet_2_3__leaf_clk (net)
                  0.05    0.00   20.33 ^ _263_/CLK (sky130_fd_sc_hd__dfrtp_1)
                         -0.25   20.08   clock uncertainty
                          0.00   20.08   clock reconvergence pessimism
                          0.21   20.29   library recovery time
                                 20.29   data required time
-----------------------------------------------------------------------------
                                 20.29   data required time
                                 -4.43   data arrival time
-----------------------------------------------------------------------------
                                 15.85   slack (MET)


Startpoint: rst_n (input port clocked by clk)
Endpoint: _262_ (recovery check against rising-edge clock clk)
Path Group: asynchronous
Path Type: max
Corner: Typical

Fanout     Cap    Slew   Delay    Time   Description
-----------------------------------------------------------------------------
                          0.00    0.00   clock clk (rise edge)
                          0.00    0.00   clock network delay (propagated)
                          4.00    4.00 ^ input external delay
                  0.02    0.01    4.01 ^ rst_n (in)
     1    0.00                           rst_n (net)
                  0.02    0.00    4.01 ^ input1/A (sky130_fd_sc_hd__clkbuf_2)
                  0.13    0.17    4.18 ^ input1/X (sky130_fd_sc_hd__clkbuf_2)
     4    0.02                           net1 (net)
                  0.13    0.00    4.18 ^ fanout18/A (sky130_fd_sc_hd__clkbuf_4)
                  0.14    0.25    4.43 ^ fanout18/X (sky130_fd_sc_hd__clkbuf_4)
     9    0.04                           net18 (net)
                  0.14    0.00    4.43 ^ _262_/RESET_B (sky130_fd_sc_hd__dfrtp_1)
                                  4.43   data arrival time

                         20.00   20.00   clock clk (rise edge)
                          0.00   20.00   clock source latency
                  0.07    0.04   20.04 ^ clk (in)
     1    0.01                           clk (net)
                  0.07    0.00   20.04 ^ clkbuf_0_clk/A (sky130_fd_sc_hd__clkbuf_16)
                  0.06    0.15   20.19 ^ clkbuf_0_clk/X (sky130_fd_sc_hd__clkbuf_16)
     4    0.04                           clknet_0_clk (net)
                  0.06    0.00   20.19 ^ clkbuf_2_3__f_clk/A (sky130_fd_sc_hd__clkbuf_16)
                  0.05    0.13   20.33 ^ clkbuf_2_3__f_clk/X (sky130_fd_sc_hd__clkbuf_16)
     9    0.03                           clknet_2_3__leaf_clk (net)
                  0.05    0.00   20.33 ^ _262_/CLK (sky130_fd_sc_hd__dfrtp_1)
                         -0.25   20.08   clock uncertainty
                          0.00   20.08   clock reconvergence pessimism
                          0.21   20.29   library recovery time
                                 20.29   data required time
-----------------------------------------------------------------------------
                                 20.29   data required time
                                 -4.43   data arrival time
-----------------------------------------------------------------------------
                                 15.85   slack (MET)


Startpoint: rst_n (input port clocked by clk)
Endpoint: _279_ (recovery check against rising-edge clock clk)
Path Group: asynchronous
Path Type: max
Corner: Typical

Fanout     Cap    Slew   Delay    Time   Description
-----------------------------------------------------------------------------
                          0.00    0.00   clock clk (rise edge)
                          0.00    0.00   clock network delay (propagated)
                          4.00    4.00 ^ input external delay
                  0.02    0.01    4.01 ^ rst_n (in)
     1    0.00                           rst_n (net)
                  0.02    0.00    4.01 ^ input1/A (sky130_fd_sc_hd__clkbuf_2)
                  0.13    0.17    4.18 ^ input1/X (sky130_fd_sc_hd__clkbuf_2)
     4    0.02                           net1 (net)
                  0.13    0.00    4.18 ^ fanout18/A (sky130_fd_sc_hd__clkbuf_4)
                  0.14    0.25    4.43 ^ fanout18/X (sky130_fd_sc_hd__clkbuf_4)
     9    0.04                           net18 (net)
                  0.14    0.00    4.43 ^ _279_/RESET_B (sky130_fd_sc_hd__dfrtp_1)
                                  4.43   data arrival time

                         20.00   20.00   clock clk (rise edge)
                          0.00   20.00   clock source latency
                  0.07    0.04   20.04 ^ clk (in)
     1    0.01                           clk (net)
                  0.07    0.00   20.04 ^ clkbuf_0_clk/A (sky130_fd_sc_hd__clkbuf_16)
                  0.06    0.15   20.19 ^ clkbuf_0_clk/X (sky130_fd_sc_hd__clkbuf_16)
     4    0.04                           clknet_0_clk (net)
                  0.06    0.00   20.19 ^ clkbuf_2_3__f_clk/A (sky130_fd_sc_hd__clkbuf_16)
                  0.05    0.13   20.33 ^ clkbuf_2_3__f_clk/X (sky130_fd_sc_hd__clkbuf_16)
     9    0.03                           clknet_2_3__leaf_clk (net)
                  0.05    0.00   20.33 ^ _279_/CLK (sky130_fd_sc_hd__dfrtp_1)
                         -0.25   20.08   clock uncertainty
                          0.00   20.08   clock reconvergence pessimism
                          0.21   20.29   library recovery time
                                 20.29   data required time
-----------------------------------------------------------------------------
                                 20.29   data required time
                                 -4.43   data arrival time
-----------------------------------------------------------------------------
                                 15.85   slack (MET)


Startpoint: rst_n (input port clocked by clk)
Endpoint: _280_ (recovery check against rising-edge clock clk)
Path Group: asynchronous
Path Type: max
Corner: Typical

Fanout     Cap    Slew   Delay    Time   Description
-----------------------------------------------------------------------------
                          0.00    0.00   clock clk (rise edge)
                          0.00    0.00   clock network delay (propagated)
                          4.00    4.00 ^ input external delay
                  0.02    0.01    4.01 ^ rst_n (in)
     1    0.00                           rst_n (net)
                  0.02    0.00    4.01 ^ input1/A (sky130_fd_sc_hd__clkbuf_2)
                  0.13    0.17    4.18 ^ input1/X (sky130_fd_sc_hd__clkbuf_2)
     4    0.02                           net1 (net)
                  0.13    0.00    4.18 ^ fanout18/A (sky130_fd_sc_hd__clkbuf_4)
                  0.14    0.25    4.43 ^ fanout18/X (sky130_fd_sc_hd__clkbuf_4)
     9    0.04                           net18 (net)
                  0.14    0.00    4.43 ^ _280_/RESET_B (sky130_fd_sc_hd__dfrtp_1)
                                  4.43   data arrival time

                         20.00   20.00   clock clk (rise edge)
                          0.00   20.00   clock source latency
                  0.07    0.04   20.04 ^ clk (in)
     1    0.01                           clk (net)
                  0.07    0.00   20.04 ^ clkbuf_0_clk/A (sky130_fd_sc_hd__clkbuf_16)
                  0.06    0.15   20.19 ^ clkbuf_0_clk/X (sky130_fd_sc_hd__clkbuf_16)
     4    0.04                           clknet_0_clk (net)
                  0.06    0.00   20.19 ^ clkbuf_2_3__f_clk/A (sky130_fd_sc_hd__clkbuf_16)
                  0.05    0.13   20.33 ^ clkbuf_2_3__f_clk/X (sky130_fd_sc_hd__clkbuf_16)
     9    0.03                           clknet_2_3__leaf_clk (net)
                  0.05    0.00   20.33 ^ _280_/CLK (sky130_fd_sc_hd__dfrtp_1)
                         -0.25   20.08   clock uncertainty
                          0.00   20.08   clock reconvergence pessimism
                          0.21   20.29   library recovery time
                                 20.29   data required time
-----------------------------------------------------------------------------
                                 20.29   data required time
                                 -4.43   data arrival time
-----------------------------------------------------------------------------
                                 15.85   slack (MET)


Startpoint: rst_n (input port clocked by clk)
Endpoint: _265_ (recovery check against rising-edge clock clk)
Path Group: asynchronous
Path Type: max
Corner: Typical

Fanout     Cap    Slew   Delay    Time   Description
-----------------------------------------------------------------------------
                          0.00    0.00   clock clk (rise edge)
                          0.00    0.00   clock network delay (propagated)
                          4.00    4.00 ^ input external delay
                  0.02    0.01    4.01 ^ rst_n (in)
     1    0.00                           rst_n (net)
                  0.02    0.00    4.01 ^ input1/A (sky130_fd_sc_hd__clkbuf_2)
                  0.13    0.17    4.18 ^ input1/X (sky130_fd_sc_hd__clkbuf_2)
     4    0.02                           net1 (net)
                  0.13    0.00    4.18 ^ fanout18/A (sky130_fd_sc_hd__clkbuf_4)
                  0.14    0.25    4.43 ^ fanout18/X (sky130_fd_sc_hd__clkbuf_4)
     9    0.04                           net18 (net)
                  0.14    0.00    4.43 ^ _265_/RESET_B (sky130_fd_sc_hd__dfrtp_1)
                                  4.43   data arrival time

                         20.00   20.00   clock clk (rise edge)
                          0.00   20.00   clock source latency
                  0.07    0.04   20.04 ^ clk (in)
     1    0.01                           clk (net)
                  0.07    0.00   20.04 ^ clkbuf_0_clk/A (sky130_fd_sc_hd__clkbuf_16)
                  0.06    0.15   20.19 ^ clkbuf_0_clk/X (sky130_fd_sc_hd__clkbuf_16)
     4    0.04                           clknet_0_clk (net)
                  0.06    0.00   20.19 ^ clkbuf_2_3__f_clk/A (sky130_fd_sc_hd__clkbuf_16)
                  0.05    0.13   20.33 ^ clkbuf_2_3__f_clk/X (sky130_fd_sc_hd__clkbuf_16)
     9    0.03                           clknet_2_3__leaf_clk (net)
                  0.05    0.00   20.33 ^ _265_/CLK (sky130_fd_sc_hd__dfrtp_1)
                         -0.25   20.08   clock uncertainty
                          0.00   20.08   clock reconvergence pessimism
                          0.21   20.29   library recovery time
                                 20.29   data required time
-----------------------------------------------------------------------------
                                 20.29   data required time
                                 -4.43   data arrival time
-----------------------------------------------------------------------------
                                 15.85   slack (MET)


Startpoint: rst_n (input port clocked by clk)
Endpoint: _264_ (recovery check against rising-edge clock clk)
Path Group: asynchronous
Path Type: max
Corner: Typical

Fanout     Cap    Slew   Delay    Time   Description
-----------------------------------------------------------------------------
                          0.00    0.00   clock clk (rise edge)
                          0.00    0.00   clock network delay (propagated)
                          4.00    4.00 ^ input external delay
                  0.02    0.01    4.01 ^ rst_n (in)
     1    0.00                           rst_n (net)
                  0.02    0.00    4.01 ^ input1/A (sky130_fd_sc_hd__clkbuf_2)
                  0.13    0.17    4.18 ^ input1/X (sky130_fd_sc_hd__clkbuf_2)
     4    0.02                           net1 (net)
                  0.13    0.00    4.18 ^ fanout18/A (sky130_fd_sc_hd__clkbuf_4)
                  0.14    0.25    4.43 ^ fanout18/X (sky130_fd_sc_hd__clkbuf_4)
     9    0.04                           net18 (net)
                  0.14    0.00    4.43 ^ _264_/RESET_B (sky130_fd_sc_hd__dfrtp_1)
                                  4.43   data arrival time

                         20.00   20.00   clock clk (rise edge)
                          0.00   20.00   clock source latency
                  0.07    0.04   20.04 ^ clk (in)
     1    0.01                           clk (net)
                  0.07    0.00   20.04 ^ clkbuf_0_clk/A (sky130_fd_sc_hd__clkbuf_16)
                  0.06    0.15   20.19 ^ clkbuf_0_clk/X (sky130_fd_sc_hd__clkbuf_16)
     4    0.04                           clknet_0_clk (net)
                  0.06    0.00   20.19 ^ clkbuf_2_3__f_clk/A (sky130_fd_sc_hd__clkbuf_16)
                  0.05    0.13   20.33 ^ clkbuf_2_3__f_clk/X (sky130_fd_sc_hd__clkbuf_16)
     9    0.03                           clknet_2_3__leaf_clk (net)
                  0.05    0.00   20.33 ^ _264_/CLK (sky130_fd_sc_hd__dfrtp_1)
                         -0.25   20.08   clock uncertainty
                          0.00   20.08   clock reconvergence pessimism
                          0.21   20.29   library recovery time
                                 20.29   data required time
-----------------------------------------------------------------------------
                                 20.29   data required time
                                 -4.43   data arrival time
-----------------------------------------------------------------------------
                                 15.85   slack (MET)


Startpoint: rst_n (input port clocked by clk)
Endpoint: _271_ (recovery check against rising-edge clock clk)
Path Group: asynchronous
Path Type: max
Corner: Typical

Fanout     Cap    Slew   Delay    Time   Description
-----------------------------------------------------------------------------
                          0.00    0.00   clock clk (rise edge)
                          0.00    0.00   clock network delay (propagated)
                          4.00    4.00 ^ input external delay
                  0.02    0.01    4.01 ^ rst_n (in)
     1    0.00                           rst_n (net)
                  0.02    0.00    4.01 ^ input1/A (sky130_fd_sc_hd__clkbuf_2)
                  0.13    0.17    4.18 ^ input1/X (sky130_fd_sc_hd__clkbuf_2)
     4    0.02                           net1 (net)
                  0.13    0.00    4.18 ^ fanout18/A (sky130_fd_sc_hd__clkbuf_4)
                  0.14    0.25    4.43 ^ fanout18/X (sky130_fd_sc_hd__clkbuf_4)
     9    0.04                           net18 (net)
                  0.14    0.00    4.43 ^ _271_/RESET_B (sky130_fd_sc_hd__dfrtp_1)
                                  4.43   data arrival time

                         20.00   20.00   clock clk (rise edge)
                          0.00   20.00   clock source latency
                  0.07    0.04   20.04 ^ clk (in)
     1    0.01                           clk (net)
                  0.07    0.00   20.04 ^ clkbuf_0_clk/A (sky130_fd_sc_hd__clkbuf_16)
                  0.06    0.15   20.19 ^ clkbuf_0_clk/X (sky130_fd_sc_hd__clkbuf_16)
     4    0.04                           clknet_0_clk (net)
                  0.06    0.00   20.19 ^ clkbuf_2_3__f_clk/A (sky130_fd_sc_hd__clkbuf_16)
                  0.05    0.13   20.33 ^ clkbuf_2_3__f_clk/X (sky130_fd_sc_hd__clkbuf_16)
     9    0.03                           clknet_2_3__leaf_clk (net)
                  0.05    0.00   20.33 ^ _271_/CLK (sky130_fd_sc_hd__dfrtp_1)
                         -0.25   20.08   clock uncertainty
                          0.00   20.08   clock reconvergence pessimism
                          0.21   20.29   library recovery time
                                 20.29   data required time
-----------------------------------------------------------------------------
                                 20.29   data required time
                                 -4.43   data arrival time
-----------------------------------------------------------------------------
                                 15.86   slack (MET)


Startpoint: rst_n (input port clocked by clk)
Endpoint: _278_ (recovery check against rising-edge clock clk)
Path Group: asynchronous
Path Type: max
Corner: Typical

Fanout     Cap    Slew   Delay    Time   Description
-----------------------------------------------------------------------------
                          0.00    0.00   clock clk (rise edge)
                          0.00    0.00   clock network delay (propagated)
                          4.00    4.00 ^ input external delay
                  0.02    0.01    4.01 ^ rst_n (in)
     1    0.00                           rst_n (net)
                  0.02    0.00    4.01 ^ input1/A (sky130_fd_sc_hd__clkbuf_2)
                  0.13    0.17    4.18 ^ input1/X (sky130_fd_sc_hd__clkbuf_2)
     4    0.02                           net1 (net)
                  0.13    0.00    4.18 ^ fanout16/A (sky130_fd_sc_hd__clkbuf_4)
                  0.13    0.24    4.42 ^ fanout16/X (sky130_fd_sc_hd__clkbuf_4)
     8    0.04                           net16 (net)
                  0.13    0.00    4.43 ^ _278_/RESET_B (sky130_fd_sc_hd__dfrtp_1)
                                  4.43   data arrival time

                         20.00   20.00   clock clk (rise edge)
                          0.00   20.00   clock source latency
                  0.07    0.04   20.04 ^ clk (in)
     1    0.01                           clk (net)
                  0.07    0.00   20.04 ^ clkbuf_0_clk/A (sky130_fd_sc_hd__clkbuf_16)
                  0.06    0.15   20.19 ^ clkbuf_0_clk/X (sky130_fd_sc_hd__clkbuf_16)
     4    0.04                           clknet_0_clk (net)
                  0.06    0.00   20.19 ^ clkbuf_2_3__f_clk/A (sky130_fd_sc_hd__clkbuf_16)
                  0.05    0.13   20.33 ^ clkbuf_2_3__f_clk/X (sky130_fd_sc_hd__clkbuf_16)
     9    0.03                           clknet_2_3__leaf_clk (net)
                  0.05    0.00   20.33 ^ _278_/CLK (sky130_fd_sc_hd__dfrtp_1)
                         -0.25   20.08   clock uncertainty
                          0.00   20.08   clock reconvergence pessimism
                          0.21   20.29   library recovery time
                                 20.29   data required time
-----------------------------------------------------------------------------
                                 20.29   data required time
                                 -4.43   data arrival time
-----------------------------------------------------------------------------
                                 15.86   slack (MET)


Startpoint: _263_ (rising edge-triggered flip-flop clocked by clk)
Endpoint: _266_ (rising edge-triggered flip-flop clocked by clk)
Path Group: clk
Path Type: max
Corner: Typical

Fanout     Cap    Slew   Delay    Time   Description
-----------------------------------------------------------------------------
                          0.00    0.00   clock clk (rise edge)
                          0.00    0.00   clock source latency
                  0.07    0.05    0.05 ^ clk (in)
     1    0.01                           clk (net)
                  0.07    0.00    0.05 ^ clkbuf_0_clk/A (sky130_fd_sc_hd__clkbuf_16)
                  0.06    0.16    0.21 ^ clkbuf_0_clk/X (sky130_fd_sc_hd__clkbuf_16)
     4    0.04                           clknet_0_clk (net)
                  0.06    0.00    0.21 ^ clkbuf_2_3__f_clk/A (sky130_fd_sc_hd__clkbuf_16)
                  0.05    0.15    0.36 ^ clkbuf_2_3__f_clk/X (sky130_fd_sc_hd__clkbuf_16)
     9    0.03                           clknet_2_3__leaf_clk (net)
                  0.05    0.00    0.36 ^ _263_/CLK (sky130_fd_sc_hd__dfrtp_1)
                  0.07    0.42    0.78 v _263_/Q (sky130_fd_sc_hd__dfrtp_1)
     4    0.01                           baud_counter[1] (net)
                  0.07    0.00    0.78 v _137_/A (sky130_fd_sc_hd__or4b_1)
                  0.08    0.54    1.31 v _137_/X (sky130_fd_sc_hd__or4b_1)
     1    0.00                           _126_ (net)
                  0.08    0.00    1.31 v _138_/D (sky130_fd_sc_hd__or4_1)
                  0.12    0.48    1.80 v _138_/X (sky130_fd_sc_hd__or4_1)
     3    0.01                           _127_ (net)
                  0.12    0.00    1.80 v _155_/B_N (sky130_fd_sc_hd__nor2b_1)
                  0.07    0.21    2.01 v _155_/Y (sky130_fd_sc_hd__nor2b_1)
     4    0.01                           _045_ (net)
                  0.07    0.00    2.01 v _157_/A2 (sky130_fd_sc_hd__a32o_1)
                  0.05    0.27    2.28 v _157_/X (sky130_fd_sc_hd__a32o_1)
     1    0.00                           _005_ (net)
                  0.05    0.00    2.28 v _266_/D (sky130_fd_sc_hd__dfrtp_1)
                                  2.28   data arrival time

                         20.00   20.00   clock clk (rise edge)
                          0.00   20.00   clock source latency
                  0.07    0.04   20.04 ^ clk (in)
     1    0.01                           clk (net)
                  0.07    0.00   20.04 ^ clkbuf_0_clk/A (sky130_fd_sc_hd__clkbuf_16)
                  0.06    0.15   20.19 ^ clkbuf_0_clk/X (sky130_fd_sc_hd__clkbuf_16)
     4    0.04                           clknet_0_clk (net)
                  0.06    0.00   20.19 ^ clkbuf_2_1__f_clk/A (sky130_fd_sc_hd__clkbuf_16)
                  0.05    0.14   20.33 ^ clkbuf_2_1__f_clk/X (sky130_fd_sc_hd__clkbuf_16)
    11    0.03                           clknet_2_1__leaf_clk (net)
                  0.05    0.00   20.33 ^ _266_/CLK (sky130_fd_sc_hd__dfrtp_1)
                         -0.25   20.08   clock uncertainty
                          0.02   20.10   clock reconvergence pessimism
                         -0.11   19.99   library setup time
                                 19.99   data required time
-----------------------------------------------------------------------------
                                 19.99   data required time
                                 -2.28   data arrival time
-----------------------------------------------------------------------------
                                 17.71   slack (MET)


Startpoint: _263_ (rising edge-triggered flip-flop clocked by clk)
Endpoint: _270_ (rising edge-triggered flip-flop clocked by clk)
Path Group: clk
Path Type: max
Corner: Typical

Fanout     Cap    Slew   Delay    Time   Description
-----------------------------------------------------------------------------
                          0.00    0.00   clock clk (rise edge)
                          0.00    0.00   clock source latency
                  0.07    0.05    0.05 ^ clk (in)
     1    0.01                           clk (net)
                  0.07    0.00    0.05 ^ clkbuf_0_clk/A (sky130_fd_sc_hd__clkbuf_16)
                  0.06    0.16    0.21 ^ clkbuf_0_clk/X (sky130_fd_sc_hd__clkbuf_16)
     4    0.04                           clknet_0_clk (net)
                  0.06    0.00    0.21 ^ clkbuf_2_3__f_clk/A (sky130_fd_sc_hd__clkbuf_16)
                  0.05    0.15    0.36 ^ clkbuf_2_3__f_clk/X (sky130_fd_sc_hd__clkbuf_16)
     9    0.03                           clknet_2_3__leaf_clk (net)
                  0.05    0.00    0.36 ^ _263_/CLK (sky130_fd_sc_hd__dfrtp_1)
                  0.07    0.42    0.78 v _263_/Q (sky130_fd_sc_hd__dfrtp_1)
     4    0.01                           baud_counter[1] (net)
                  0.07    0.00    0.78 v _137_/A (sky130_fd_sc_hd__or4b_1)
                  0.08    0.54    1.31 v _137_/X (sky130_fd_sc_hd__or4b_1)
     1    0.00                           _126_ (net)
                  0.08    0.00    1.31 v _138_/D (sky130_fd_sc_hd__or4_1)
                  0.12    0.48    1.80 v _138_/X (sky130_fd_sc_hd__or4_1)
     3    0.01                           _127_ (net)
                  0.12    0.00    1.80 v _155_/B_N (sky130_fd_sc_hd__nor2b_1)
                  0.07    0.21    2.01 v _155_/Y (sky130_fd_sc_hd__nor2b_1)
     4    0.01                           _045_ (net)
                  0.07    0.00    2.01 v _169_/A1 (sky130_fd_sc_hd__a32o_1)
                  0.05    0.24    2.24 v _169_/X (sky130_fd_sc_hd__a32o_1)
     1    0.00                           _009_ (net)
                  0.05    0.00    2.25 v _270_/D (sky130_fd_sc_hd__dfrtp_1)
                                  2.25   data arrival time

                         20.00   20.00   clock clk (rise edge)
                          0.00   20.00   clock source latency
                  0.07    0.04   20.04 ^ clk (in)
     1    0.01                           clk (net)
                  0.07    0.00   20.04 ^ clkbuf_0_clk/A (sky130_fd_sc_hd__clkbuf_16)
                  0.06    0.15   20.19 ^ clkbuf_0_clk/X (sky130_fd_sc_hd__clkbuf_16)
     4    0.04                           clknet_0_clk (net)
                  0.06    0.00   20.19 ^ clkbuf_2_1__f_clk/A (sky130_fd_sc_hd__clkbuf_16)
                  0.05    0.14   20.33 ^ clkbuf_2_1__f_clk/X (sky130_fd_sc_hd__clkbuf_16)
    11    0.03                           clknet_2_1__leaf_clk (net)
                  0.05    0.00   20.33 ^ _270_/CLK (sky130_fd_sc_hd__dfrtp_1)
                         -0.25   20.08   clock uncertainty
                          0.02   20.10   clock reconvergence pessimism
                         -0.11   19.99   library setup time
                                 19.99   data required time
-----------------------------------------------------------------------------
                                 19.99   data required time
                                 -2.25   data arrival time
-----------------------------------------------------------------------------
                                 17.74   slack (MET)


Startpoint: _263_ (rising edge-triggered flip-flop clocked by clk)
Endpoint: _267_ (rising edge-triggered flip-flop clocked by clk)
Path Group: clk
Path Type: max
Corner: Typical

Fanout     Cap    Slew   Delay    Time   Description
-----------------------------------------------------------------------------
                          0.00    0.00   clock clk (rise edge)
                          0.00    0.00   clock source latency
                  0.07    0.05    0.05 ^ clk (in)
     1    0.01                           clk (net)
                  0.07    0.00    0.05 ^ clkbuf_0_clk/A (sky130_fd_sc_hd__clkbuf_16)
                  0.06    0.16    0.21 ^ clkbuf_0_clk/X (sky130_fd_sc_hd__clkbuf_16)
     4    0.04                           clknet_0_clk (net)
                  0.06    0.00    0.21 ^ clkbuf_2_3__f_clk/A (sky130_fd_sc_hd__clkbuf_16)
                  0.05    0.15    0.36 ^ clkbuf_2_3__f_clk/X (sky130_fd_sc_hd__clkbuf_16)
     9    0.03                           clknet_2_3__leaf_clk (net)
                  0.05    0.00    0.36 ^ _263_/CLK (sky130_fd_sc_hd__dfrtp_1)
                  0.07    0.42    0.78 v _263_/Q (sky130_fd_sc_hd__dfrtp_1)
     4    0.01                           baud_counter[1] (net)
                  0.07    0.00    0.78 v _137_/A (sky130_fd_sc_hd__or4b_1)
                  0.08    0.54    1.31 v _137_/X (sky130_fd_sc_hd__or4b_1)
     1    0.00                           _126_ (net)
                  0.08    0.00    1.31 v _138_/D (sky130_fd_sc_hd__or4_1)
                  0.12    0.48    1.80 v _138_/X (sky130_fd_sc_hd__or4_1)
     3    0.01                           _127_ (net)
                  0.12    0.00    1.80 v _155_/B_N (sky130_fd_sc_hd__nor2b_1)
                  0.07    0.21    2.01 v _155_/Y (sky130_fd_sc_hd__nor2b_1)
     4    0.01                           _045_ (net)
                  0.07    0.00    2.01 v _160_/A1 (sky130_fd_sc_hd__a32o_1)
                  0.04    0.23    2.24 v _160_/X (sky130_fd_sc_hd__a32o_1)
     1    0.00                           _006_ (net)
                  0.04    0.00    2.24 v _267_/D (sky130_fd_sc_hd__dfrtp_1)
                                  2.24   data arrival time

                         20.00   20.00   clock clk (rise edge)
                          0.00   20.00   clock source latency
                  0.07    0.04   20.04 ^ clk (in)
     1    0.01                           clk (net)
                  0.07    0.00   20.04 ^ clkbuf_0_clk/A (sky130_fd_sc_hd__clkbuf_16)
                  0.06    0.15   20.19 ^ clkbuf_0_clk/X (sky130_fd_sc_hd__clkbuf_16)
     4    0.04                           clknet_0_clk (net)
                  0.06    0.00   20.19 ^ clkbuf_2_1__f_clk/A (sky130_fd_sc_hd__clkbuf_16)
                  0.05    0.14   20.33 ^ clkbuf_2_1__f_clk/X (sky130_fd_sc_hd__clkbuf_16)
    11    0.03                           clknet_2_1__leaf_clk (net)
                  0.05    0.00   20.33 ^ _267_/CLK (sky130_fd_sc_hd__dfrtp_1)
                         -0.25   20.08   clock uncertainty
                          0.02   20.10   clock reconvergence pessimism
                         -0.11   19.99   library setup time
                                 19.99   data required time
-----------------------------------------------------------------------------
                                 19.99   data required time
                                 -2.24   data arrival time
-----------------------------------------------------------------------------
                                 17.75   slack (MET)


Startpoint: _263_ (rising edge-triggered flip-flop clocked by clk)
Endpoint: _269_ (rising edge-triggered flip-flop clocked by clk)
Path Group: clk
Path Type: max
Corner: Typical

Fanout     Cap    Slew   Delay    Time   Description
-----------------------------------------------------------------------------
                          0.00    0.00   clock clk (rise edge)
                          0.00    0.00   clock source latency
                  0.07    0.05    0.05 ^ clk (in)
     1    0.01                           clk (net)
                  0.07    0.00    0.05 ^ clkbuf_0_clk/A (sky130_fd_sc_hd__clkbuf_16)
                  0.06    0.16    0.21 ^ clkbuf_0_clk/X (sky130_fd_sc_hd__clkbuf_16)
     4    0.04                           clknet_0_clk (net)
                  0.06    0.00    0.21 ^ clkbuf_2_3__f_clk/A (sky130_fd_sc_hd__clkbuf_16)
                  0.05    0.15    0.36 ^ clkbuf_2_3__f_clk/X (sky130_fd_sc_hd__clkbuf_16)
     9    0.03                           clknet_2_3__leaf_clk (net)
                  0.05    0.00    0.36 ^ _263_/CLK (sky130_fd_sc_hd__dfrtp_1)
                  0.07    0.42    0.78 v _263_/Q (sky130_fd_sc_hd__dfrtp_1)
     4    0.01                           baud_counter[1] (net)
                  0.07    0.00    0.78 v _137_/A (sky130_fd_sc_hd__or4b_1)
                  0.08    0.54    1.31 v _137_/X (sky130_fd_sc_hd__or4b_1)
     1    0.00                           _126_ (net)
                  0.08    0.00    1.31 v _138_/D (sky130_fd_sc_hd__or4_1)
                  0.12    0.48    1.80 v _138_/X (sky130_fd_sc_hd__or4_1)
     3    0.01                           _127_ (net)
                  0.12    0.00    1.80 v _155_/B_N (sky130_fd_sc_hd__nor2b_1)
                  0.07    0.21    2.01 v _155_/Y (sky130_fd_sc_hd__nor2b_1)
     4    0.01                           _045_ (net)
                  0.07    0.00    2.01 v _165_/B1 (sky130_fd_sc_hd__a22o_1)
                  0.04    0.19    2.19 v _165_/X (sky130_fd_sc_hd__a22o_1)
     1    0.00                           _008_ (net)
                  0.04    0.00    2.19 v _269_/D (sky130_fd_sc_hd__dfrtp_2)
                                  2.19   data arrival time

                         20.00   20.00   clock clk (rise edge)
                          0.00   20.00   clock source latency
                  0.07    0.04   20.04 ^ clk (in)
     1    0.01                           clk (net)
                  0.07    0.00   20.04 ^ clkbuf_0_clk/A (sky130_fd_sc_hd__clkbuf_16)
                  0.06    0.15   20.19 ^ clkbuf_0_clk/X (sky130_fd_sc_hd__clkbuf_16)
     4    0.04                           clknet_0_clk (net)
                  0.06    0.00   20.19 ^ clkbuf_2_1__f_clk/A (sky130_fd_sc_hd__clkbuf_16)
                  0.05    0.14   20.33 ^ clkbuf_2_1__f_clk/X (sky130_fd_sc_hd__clkbuf_16)
    11    0.03                           clknet_2_1__leaf_clk (net)
                  0.05    0.00   20.33 ^ _269_/CLK (sky130_fd_sc_hd__dfrtp_2)
                         -0.25   20.08   clock uncertainty
                          0.02   20.10   clock reconvergence pessimism
                         -0.11   19.99   library setup time
                                 19.99   data required time
-----------------------------------------------------------------------------
                                 19.99   data required time
                                 -2.19   data arrival time
-----------------------------------------------------------------------------
                                 17.79   slack (MET)


Startpoint: _297_ (rising edge-triggered flip-flop clocked by clk)
Endpoint: _276_ (rising edge-triggered flip-flop clocked by clk)
Path Group: clk
Path Type: max
Corner: Typical

Fanout     Cap    Slew   Delay    Time   Description
-----------------------------------------------------------------------------
                          0.00    0.00   clock clk (rise edge)
                          0.00    0.00   clock source latency
                  0.07    0.05    0.05 ^ clk (in)
     1    0.01                           clk (net)
                  0.07    0.00    0.05 ^ clkbuf_0_clk/A (sky130_fd_sc_hd__clkbuf_16)
                  0.06    0.16    0.21 ^ clkbuf_0_clk/X (sky130_fd_sc_hd__clkbuf_16)
     4    0.04                           clknet_0_clk (net)
                  0.06    0.00    0.21 ^ clkbuf_2_1__f_clk/A (sky130_fd_sc_hd__clkbuf_16)
                  0.05    0.15    0.36 ^ clkbuf_2_1__f_clk/X (sky130_fd_sc_hd__clkbuf_16)
    11    0.03                           clknet_2_1__leaf_clk (net)
                  0.05    0.00    0.36 ^ _297_/CLK (sky130_fd_sc_hd__dfrtp_4)
                  0.09    0.54    0.90 v _297_/Q (sky130_fd_sc_hd__dfrtp_4)
     8    0.03                           state[1] (net)
                  0.09    0.00    0.90 v _181_/A (sky130_fd_sc_hd__or4b_2)
                  0.15    0.79    1.69 v _181_/X (sky130_fd_sc_hd__or4b_2)
     3    0.02                           _063_ (net)
                  0.15    0.00    1.69 v _190_/B (sky130_fd_sc_hd__nor2_2)
                  0.27    0.28    1.97 ^ _190_/Y (sky130_fd_sc_hd__nor2_2)
     6    0.02                           _070_ (net)
                  0.27    0.00    1.97 ^ _193_/A2 (sky130_fd_sc_hd__a32o_1)
                  0.05    0.22    2.18 ^ _193_/X (sky130_fd_sc_hd__a32o_1)
     1    0.00                           _015_ (net)
                  0.05    0.00    2.18 ^ _276_/D (sky130_fd_sc_hd__dfrtp_2)
                                  2.18   data arrival time

                         20.00   20.00   clock clk (rise edge)
                          0.00   20.00   clock source latency
                  0.07    0.04   20.04 ^ clk (in)
     1    0.01                           clk (net)
                  0.07    0.00   20.04 ^ clkbuf_0_clk/A (sky130_fd_sc_hd__clkbuf_16)
                  0.06    0.15   20.19 ^ clkbuf_0_clk/X (sky130_fd_sc_hd__clkbuf_16)
     4    0.04                           clknet_0_clk (net)
                  0.06    0.00   20.19 ^ clkbuf_2_2__f_clk/A (sky130_fd_sc_hd__clkbuf_16)
                  0.04    0.13   20.32 ^ clkbuf_2_2__f_clk/X (sky130_fd_sc_hd__clkbuf_16)
     8    0.02                           clknet_2_2__leaf_clk (net)
                  0.04    0.00   20.32 ^ _276_/CLK (sky130_fd_sc_hd__dfrtp_2)
                         -0.25   20.07   clock uncertainty
                          0.02   20.09   clock reconvergence pessimism
                         -0.07   20.03   library setup time
                                 20.03   data required time
-----------------------------------------------------------------------------
                                 20.03   data required time
                                 -2.18   data arrival time
-----------------------------------------------------------------------------
                                 17.84   slack (MET)


Startpoint: _297_ (rising edge-triggered flip-flop clocked by clk)
Endpoint: _281_ (rising edge-triggered flip-flop clocked by clk)
Path Group: clk
Path Type: max
Corner: Typical

Fanout     Cap    Slew   Delay    Time   Description
-----------------------------------------------------------------------------
                          0.00    0.00   clock clk (rise edge)
                          0.00    0.00   clock source latency
                  0.07    0.05    0.05 ^ clk (in)
     1    0.01                           clk (net)
                  0.07    0.00    0.05 ^ clkbuf_0_clk/A (sky130_fd_sc_hd__clkbuf_16)
                  0.06    0.16    0.21 ^ clkbuf_0_clk/X (sky130_fd_sc_hd__clkbuf_16)
     4    0.04                           clknet_0_clk (net)
                  0.06    0.00    0.21 ^ clkbuf_2_1__f_clk/A (sky130_fd_sc_hd__clkbuf_16)
                  0.05    0.15    0.36 ^ clkbuf_2_1__f_clk/X (sky130_fd_sc_hd__clkbuf_16)
    11    0.03                           clknet_2_1__leaf_clk (net)
                  0.05    0.00    0.36 ^ _297_/CLK (sky130_fd_sc_hd__dfrtp_4)
                  0.09    0.54    0.90 v _297_/Q (sky130_fd_sc_hd__dfrtp_4)
     8    0.03                           state[1] (net)
                  0.09    0.00    0.90 v _181_/A (sky130_fd_sc_hd__or4b_2)
                  0.15    0.79    1.69 v _181_/X (sky130_fd_sc_hd__or4b_2)
     3    0.02                           _063_ (net)
                  0.15    0.00    1.69 v _190_/B (sky130_fd_sc_hd__nor2_2)
                  0.27    0.28    1.97 ^ _190_/Y (sky130_fd_sc_hd__nor2_2)
     6    0.02                           _070_ (net)
                  0.27    0.00    1.97 ^ _210_/A1 (sky130_fd_sc_hd__a32o_1)
                  0.06    0.22    2.19 ^ _210_/X (sky130_fd_sc_hd__a32o_1)
     1    0.00                           _020_ (net)
                  0.06    0.00    2.19 ^ _281_/D (sky130_fd_sc_hd__dfrtp_1)
                                  2.19   data arrival time

                         20.00   20.00   clock clk (rise edge)
                          0.00   20.00   clock source latency
                  0.07    0.04   20.04 ^ clk (in)
     1    0.01                           clk (net)
                  0.07    0.00   20.04 ^ clkbuf_0_clk/A (sky130_fd_sc_hd__clkbuf_16)
                  0.06    0.15   20.19 ^ clkbuf_0_clk/X (sky130_fd_sc_hd__clkbuf_16)
     4    0.04                           clknet_0_clk (net)
                  0.06    0.00   20.19 ^ clkbuf_2_3__f_clk/A (sky130_fd_sc_hd__clkbuf_16)
                  0.05    0.13   20.33 ^ clkbuf_2_3__f_clk/X (sky130_fd_sc_hd__clkbuf_16)
     9    0.03                           clknet_2_3__leaf_clk (net)
                  0.05    0.00   20.33 ^ _281_/CLK (sky130_fd_sc_hd__dfrtp_1)
                         -0.25   20.08   clock uncertainty
                          0.02   20.10   clock reconvergence pessimism
                         -0.06   20.04   library setup time
                                 20.04   data required time
-----------------------------------------------------------------------------
                                 20.04   data required time
                                 -2.19   data arrival time
-----------------------------------------------------------------------------
                                 17.85   slack (MET)


Startpoint: _297_ (rising edge-triggered flip-flop clocked by clk)
Endpoint: _277_ (rising edge-triggered flip-flop clocked by clk)
Path Group: clk
Path Type: max
Corner: Typical

Fanout     Cap    Slew   Delay    Time   Description
-----------------------------------------------------------------------------
                          0.00    0.00   clock clk (rise edge)
                          0.00    0.00   clock source latency
                  0.07    0.05    0.05 ^ clk (in)
     1    0.01                           clk (net)
                  0.07    0.00    0.05 ^ clkbuf_0_clk/A (sky130_fd_sc_hd__clkbuf_16)
                  0.06    0.16    0.21 ^ clkbuf_0_clk/X (sky130_fd_sc_hd__clkbuf_16)
     4    0.04                           clknet_0_clk (net)
                  0.06    0.00    0.21 ^ clkbuf_2_1__f_clk/A (sky130_fd_sc_hd__clkbuf_16)
                  0.05    0.15    0.36 ^ clkbuf_2_1__f_clk/X (sky130_fd_sc_hd__clkbuf_16)
    11    0.03                           clknet_2_1__leaf_clk (net)
                  0.05    0.00    0.36 ^ _297_/CLK (sky130_fd_sc_hd__dfrtp_4)
                  0.09    0.54    0.90 v _297_/Q (sky130_fd_sc_hd__dfrtp_4)
     8    0.03                           state[1] (net)
                  0.09    0.00    0.90 v _181_/A (sky130_fd_sc_hd__or4b_2)
                  0.15    0.79    1.69 v _181_/X (sky130_fd_sc_hd__or4b_2)
     3    0.02                           _063_ (net)
                  0.15    0.00    1.69 v _190_/B (sky130_fd_sc_hd__nor2_2)
                  0.27    0.28    1.97 ^ _190_/Y (sky130_fd_sc_hd__nor2_2)
     6    0.02                           _070_ (net)
                  0.27    0.00    1.97 ^ _197_/A1 (sky130_fd_sc_hd__a32o_1)
                  0.05    0.21    2.18 ^ _197_/X (sky130_fd_sc_hd__a32o_1)
     1    0.00                           _016_ (net)
                  0.05    0.00    2.18 ^ _277_/D (sky130_fd_sc_hd__dfrtp_1)
                                  2.18   data arrival time

                         20.00   20.00   clock clk (rise edge)
                          0.00   20.00   clock source latency
                  0.07    0.04   20.04 ^ clk (in)
     1    0.01                           clk (net)
                  0.07    0.00   20.04 ^ clkbuf_0_clk/A (sky130_fd_sc_hd__clkbuf_16)
                  0.06    0.15   20.19 ^ clkbuf_0_clk/X (sky130_fd_sc_hd__clkbuf_16)
     4    0.04                           clknet_0_clk (net)
                  0.06    0.00   20.19 ^ clkbuf_2_2__f_clk/A (sky130_fd_sc_hd__clkbuf_16)
                  0.04    0.13   20.32 ^ clkbuf_2_2__f_clk/X (sky130_fd_sc_hd__clkbuf_16)
     8    0.02                           clknet_2_2__leaf_clk (net)
                  0.04    0.00   20.32 ^ _277_/CLK (sky130_fd_sc_hd__dfrtp_1)
                         -0.25   20.07   clock uncertainty
                          0.02   20.09   clock reconvergence pessimism
                         -0.06   20.03   library setup time
                                 20.03   data required time
-----------------------------------------------------------------------------
                                 20.03   data required time
                                 -2.18   data arrival time
-----------------------------------------------------------------------------
                                 17.85   slack (MET)


Startpoint: _297_ (rising edge-triggered flip-flop clocked by clk)
Endpoint: _278_ (rising edge-triggered flip-flop clocked by clk)
Path Group: clk
Path Type: max
Corner: Typical

Fanout     Cap    Slew   Delay    Time   Description
-----------------------------------------------------------------------------
                          0.00    0.00   clock clk (rise edge)
                          0.00    0.00   clock source latency
                  0.07    0.05    0.05 ^ clk (in)
     1    0.01                           clk (net)
                  0.07    0.00    0.05 ^ clkbuf_0_clk/A (sky130_fd_sc_hd__clkbuf_16)
                  0.06    0.16    0.21 ^ clkbuf_0_clk/X (sky130_fd_sc_hd__clkbuf_16)
     4    0.04                           clknet_0_clk (net)
                  0.06    0.00    0.21 ^ clkbuf_2_1__f_clk/A (sky130_fd_sc_hd__clkbuf_16)
                  0.05    0.15    0.36 ^ clkbuf_2_1__f_clk/X (sky130_fd_sc_hd__clkbuf_16)
    11    0.03                           clknet_2_1__leaf_clk (net)
                  0.05    0.00    0.36 ^ _297_/CLK (sky130_fd_sc_hd__dfrtp_4)
                  0.09    0.54    0.90 v _297_/Q (sky130_fd_sc_hd__dfrtp_4)
     8    0.03                           state[1] (net)
                  0.09    0.00    0.90 v _181_/A (sky130_fd_sc_hd__or4b_2)
                  0.15    0.79    1.69 v _181_/X (sky130_fd_sc_hd__or4b_2)
     3    0.02                           _063_ (net)
                  0.15    0.00    1.69 v _190_/B (sky130_fd_sc_hd__nor2_2)
                  0.27    0.28    1.97 ^ _190_/Y (sky130_fd_sc_hd__nor2_2)
     6    0.02                           _070_ (net)
                  0.27    0.00    1.97 ^ _200_/A1 (sky130_fd_sc_hd__a32o_1)
                  0.05    0.22    2.18 ^ _200_/X (sky130_fd_sc_hd__a32o_1)
     1    0.00                           _017_ (net)
                  0.05    0.00    2.18 ^ _278_/D (sky130_fd_sc_hd__dfrtp_1)
                                  2.18   data arrival time

                         20.00   20.00   clock clk (rise edge)
                          0.00   20.00   clock source latency
                  0.07    0.04   20.04 ^ clk (in)
     1    0.01                           clk (net)
                  0.07    0.00   20.04 ^ clkbuf_0_clk/A (sky130_fd_sc_hd__clkbuf_16)
                  0.06    0.15   20.19 ^ clkbuf_0_clk/X (sky130_fd_sc_hd__clkbuf_16)
     4    0.04                           clknet_0_clk (net)
                  0.06    0.00   20.19 ^ clkbuf_2_3__f_clk/A (sky130_fd_sc_hd__clkbuf_16)
                  0.05    0.13   20.33 ^ clkbuf_2_3__f_clk/X (sky130_fd_sc_hd__clkbuf_16)
     9    0.03                           clknet_2_3__leaf_clk (net)
                  0.05    0.00   20.33 ^ _278_/CLK (sky130_fd_sc_hd__dfrtp_1)
                         -0.25   20.08   clock uncertainty
                          0.02   20.10   clock reconvergence pessimism
                         -0.06   20.04   library setup time
                                 20.04   data required time
-----------------------------------------------------------------------------
                                 20.04   data required time
                                 -2.18   data arrival time
-----------------------------------------------------------------------------
                                 17.85   slack (MET)


Startpoint: _297_ (rising edge-triggered flip-flop clocked by clk)
Endpoint: _280_ (rising edge-triggered flip-flop clocked by clk)
Path Group: clk
Path Type: max
Corner: Typical

Fanout     Cap    Slew   Delay    Time   Description
-----------------------------------------------------------------------------
                          0.00    0.00   clock clk (rise edge)
                          0.00    0.00   clock source latency
                  0.07    0.05    0.05 ^ clk (in)
     1    0.01                           clk (net)
                  0.07    0.00    0.05 ^ clkbuf_0_clk/A (sky130_fd_sc_hd__clkbuf_16)
                  0.06    0.16    0.21 ^ clkbuf_0_clk/X (sky130_fd_sc_hd__clkbuf_16)
     4    0.04                           clknet_0_clk (net)
                  0.06    0.00    0.21 ^ clkbuf_2_1__f_clk/A (sky130_fd_sc_hd__clkbuf_16)
                  0.05    0.15    0.36 ^ clkbuf_2_1__f_clk/X (sky130_fd_sc_hd__clkbuf_16)
    11    0.03                           clknet_2_1__leaf_clk (net)
                  0.05    0.00    0.36 ^ _297_/CLK (sky130_fd_sc_hd__dfrtp_4)
                  0.09    0.54    0.90 v _297_/Q (sky130_fd_sc_hd__dfrtp_4)
     8    0.03                           state[1] (net)
                  0.09    0.00    0.90 v _181_/A (sky130_fd_sc_hd__or4b_2)
                  0.15    0.79    1.69 v _181_/X (sky130_fd_sc_hd__or4b_2)
     3    0.02                           _063_ (net)
                  0.15    0.00    1.69 v _190_/B (sky130_fd_sc_hd__nor2_2)
                  0.27    0.28    1.97 ^ _190_/Y (sky130_fd_sc_hd__nor2_2)
     6    0.02                           _070_ (net)
                  0.27    0.00    1.97 ^ _207_/A1 (sky130_fd_sc_hd__a32o_1)
                  0.05    0.21    2.18 ^ _207_/X (sky130_fd_sc_hd__a32o_1)
     1    0.00                           _019_ (net)
                  0.05    0.00    2.18 ^ _280_/D (sky130_fd_sc_hd__dfrtp_1)
                                  2.18   data arrival time

                         20.00   20.00   clock clk (rise edge)
                          0.00   20.00   clock source latency
                  0.07    0.04   20.04 ^ clk (in)
     1    0.01                           clk (net)
                  0.07    0.00   20.04 ^ clkbuf_0_clk/A (sky130_fd_sc_hd__clkbuf_16)
                  0.06    0.15   20.19 ^ clkbuf_0_clk/X (sky130_fd_sc_hd__clkbuf_16)
     4    0.04                           clknet_0_clk (net)
                  0.06    0.00   20.19 ^ clkbuf_2_3__f_clk/A (sky130_fd_sc_hd__clkbuf_16)
                  0.05    0.13   20.33 ^ clkbuf_2_3__f_clk/X (sky130_fd_sc_hd__clkbuf_16)
     9    0.03                           clknet_2_3__leaf_clk (net)
                  0.05    0.00   20.33 ^ _280_/CLK (sky130_fd_sc_hd__dfrtp_1)
                         -0.25   20.08   clock uncertainty
                          0.02   20.10   clock reconvergence pessimism
                         -0.06   20.04   library setup time
                                 20.04   data required time
-----------------------------------------------------------------------------
                                 20.04   data required time
                                 -2.18   data arrival time
-----------------------------------------------------------------------------
                                 17.86   slack (MET)


Startpoint: _297_ (rising edge-triggered flip-flop clocked by clk)
Endpoint: _279_ (rising edge-triggered flip-flop clocked by clk)
Path Group: clk
Path Type: max
Corner: Typical

Fanout     Cap    Slew   Delay    Time   Description
-----------------------------------------------------------------------------
                          0.00    0.00   clock clk (rise edge)
                          0.00    0.00   clock source latency
                  0.07    0.05    0.05 ^ clk (in)
     1    0.01                           clk (net)
                  0.07    0.00    0.05 ^ clkbuf_0_clk/A (sky130_fd_sc_hd__clkbuf_16)
                  0.06    0.16    0.21 ^ clkbuf_0_clk/X (sky130_fd_sc_hd__clkbuf_16)
     4    0.04                           clknet_0_clk (net)
                  0.06    0.00    0.21 ^ clkbuf_2_1__f_clk/A (sky130_fd_sc_hd__clkbuf_16)
                  0.05    0.15    0.36 ^ clkbuf_2_1__f_clk/X (sky130_fd_sc_hd__clkbuf_16)
    11    0.03                           clknet_2_1__leaf_clk (net)
                  0.05    0.00    0.36 ^ _297_/CLK (sky130_fd_sc_hd__dfrtp_4)
                  0.09    0.54    0.90 v _297_/Q (sky130_fd_sc_hd__dfrtp_4)
     8    0.03                           state[1] (net)
                  0.09    0.00    0.90 v _181_/A (sky130_fd_sc_hd__or4b_2)
                  0.15    0.79    1.69 v _181_/X (sky130_fd_sc_hd__or4b_2)
     3    0.02                           _063_ (net)
                  0.15    0.00    1.69 v _192_/B (sky130_fd_sc_hd__nor2_2)
                  0.27    0.28    1.97 ^ _192_/Y (sky130_fd_sc_hd__nor2_2)
     6    0.02                           _072_ (net)
                  0.27    0.00    1.97 ^ _204_/A2 (sky130_fd_sc_hd__a22o_1)
                  0.05    0.20    2.16 ^ _204_/X (sky130_fd_sc_hd__a22o_1)
     1    0.00                           _018_ (net)
                  0.05    0.00    2.16 ^ _279_/D (sky130_fd_sc_hd__dfrtp_1)
                                  2.16   data arrival time

                         20.00   20.00   clock clk (rise edge)
                          0.00   20.00   clock source latency
                  0.07    0.04   20.04 ^ clk (in)
     1    0.01                           clk (net)
                  0.07    0.00   20.04 ^ clkbuf_0_clk/A (sky130_fd_sc_hd__clkbuf_16)
                  0.06    0.15   20.19 ^ clkbuf_0_clk/X (sky130_fd_sc_hd__clkbuf_16)
     4    0.04                           clknet_0_clk (net)
                  0.06    0.00   20.19 ^ clkbuf_2_3__f_clk/A (sky130_fd_sc_hd__clkbuf_16)
                  0.05    0.13   20.33 ^ clkbuf_2_3__f_clk/X (sky130_fd_sc_hd__clkbuf_16)
     9    0.03                           clknet_2_3__leaf_clk (net)
                  0.05    0.00   20.33 ^ _279_/CLK (sky130_fd_sc_hd__dfrtp_1)
                         -0.25   20.08   clock uncertainty
                          0.02   20.10   clock reconvergence pessimism
                         -0.06   20.04   library setup time
                                 20.04   data required time
-----------------------------------------------------------------------------
                                 20.04   data required time
                                 -2.16   data arrival time
-----------------------------------------------------------------------------
                                 17.88   slack (MET)


Startpoint: _264_ (rising edge-triggered flip-flop clocked by clk)
Endpoint: _271_ (rising edge-triggered flip-flop clocked by clk)
Path Group: clk
Path Type: max
Corner: Typical

Fanout     Cap    Slew   Delay    Time   Description
-----------------------------------------------------------------------------
                          0.00    0.00   clock clk (rise edge)
                          0.00    0.00   clock source latency
                  0.07    0.05    0.05 ^ clk (in)
     1    0.01                           clk (net)
                  0.07    0.00    0.05 ^ clkbuf_0_clk/A (sky130_fd_sc_hd__clkbuf_16)
                  0.06    0.16    0.21 ^ clkbuf_0_clk/X (sky130_fd_sc_hd__clkbuf_16)
     4    0.04                           clknet_0_clk (net)
                  0.06    0.00    0.21 ^ clkbuf_2_3__f_clk/A (sky130_fd_sc_hd__clkbuf_16)
                  0.05    0.15    0.36 ^ clkbuf_2_3__f_clk/X (sky130_fd_sc_hd__clkbuf_16)
     9    0.03                           clknet_2_3__leaf_clk (net)
                  0.05    0.00    0.36 ^ _264_/CLK (sky130_fd_sc_hd__dfrtp_1)
                  0.15    0.42    0.78 ^ _264_/Q (sky130_fd_sc_hd__dfrtp_1)
     5    0.02                           baud_counter[2] (net)
                  0.15    0.00    0.78 ^ _153_/D (sky130_fd_sc_hd__and4_1)
                  0.19    0.33    1.12 ^ _153_/X (sky130_fd_sc_hd__and4_1)
     6    0.02                           _043_ (net)
                  0.19    0.00    1.12 ^ _168_/C_N (sky130_fd_sc_hd__or4bb_1)
                  0.11    0.56    1.68 v _168_/X (sky130_fd_sc_hd__or4bb_1)
     2    0.01                           _054_ (net)
                  0.11    0.00    1.68 v _170_/B (sky130_fd_sc_hd__or2_1)
                  0.06    0.25    1.93 v _170_/X (sky130_fd_sc_hd__or2_1)
     1    0.00                           _055_ (net)
                  0.06    0.00    1.93 v _171_/B (sky130_fd_sc_hd__xnor2_1)
                  0.05    0.13    2.06 v _171_/Y (sky130_fd_sc_hd__xnor2_1)
     1    0.00                           _010_ (net)
                  0.05    0.00    2.06 v _271_/D (sky130_fd_sc_hd__dfrtp_1)
                                  2.06   data arrival time

                         20.00   20.00   clock clk (rise edge)
                          0.00   20.00   clock source latency
                  0.07    0.04   20.04 ^ clk (in)
     1    0.01                           clk (net)
                  0.07    0.00   20.04 ^ clkbuf_0_clk/A (sky130_fd_sc_hd__clkbuf_16)
                  0.06    0.15   20.19 ^ clkbuf_0_clk/X (sky130_fd_sc_hd__clkbuf_16)
     4    0.04                           clknet_0_clk (net)
                  0.06    0.00   20.19 ^ clkbuf_2_3__f_clk/A (sky130_fd_sc_hd__clkbuf_16)
                  0.05    0.13   20.33 ^ clkbuf_2_3__f_clk/X (sky130_fd_sc_hd__clkbuf_16)
     9    0.03                           clknet_2_3__leaf_clk (net)
                  0.05    0.00   20.33 ^ _271_/CLK (sky130_fd_sc_hd__dfrtp_1)
                         -0.25   20.08   clock uncertainty
                          0.03   20.11   clock reconvergence pessimism
                         -0.11   20.00   library setup time
                                 20.00   data required time
-----------------------------------------------------------------------------
                                 20.00   data required time
                                 -2.06   data arrival time
-----------------------------------------------------------------------------
                                 17.94   slack (MET)


Startpoint: _263_ (rising edge-triggered flip-flop clocked by clk)
Endpoint: _263_ (rising edge-triggered flip-flop clocked by clk)
Path Group: clk
Path Type: max
Corner: Typical

Fanout     Cap    Slew   Delay    Time   Description
-----------------------------------------------------------------------------
                          0.00    0.00   clock clk (rise edge)
                          0.00    0.00   clock source latency
                  0.07    0.05    0.05 ^ clk (in)
     1    0.01                           clk (net)
                  0.07    0.00    0.05 ^ clkbuf_0_clk/A (sky130_fd_sc_hd__clkbuf_16)
                  0.06    0.16    0.21 ^ clkbuf_0_clk/X (sky130_fd_sc_hd__clkbuf_16)
     4    0.04                           clknet_0_clk (net)
                  0.06    0.00    0.21 ^ clkbuf_2_3__f_clk/A (sky130_fd_sc_hd__clkbuf_16)
                  0.05    0.15    0.36 ^ clkbuf_2_3__f_clk/X (sky130_fd_sc_hd__clkbuf_16)
     9    0.03                           clknet_2_3__leaf_clk (net)
                  0.05    0.00    0.36 ^ _263_/CLK (sky130_fd_sc_hd__dfrtp_1)
                  0.07    0.42    0.78 v _263_/Q (sky130_fd_sc_hd__dfrtp_1)
     4    0.01                           baud_counter[1] (net)
                  0.07    0.00    0.78 v _137_/A (sky130_fd_sc_hd__or4b_1)
                  0.08    0.54    1.31 v _137_/X (sky130_fd_sc_hd__or4b_1)
     1    0.00                           _126_ (net)
                  0.08    0.00    1.31 v _138_/D (sky130_fd_sc_hd__or4_1)
                  0.12    0.48    1.80 v _138_/X (sky130_fd_sc_hd__or4_1)
     3    0.01                           _127_ (net)
                  0.12    0.00    1.80 v _148_/A2 (sky130_fd_sc_hd__o211a_1)
                  0.04    0.24    2.04 v _148_/X (sky130_fd_sc_hd__o211a_1)
     1    0.00                           _002_ (net)
                  0.04    0.00    2.04 v _263_/D (sky130_fd_sc_hd__dfrtp_1)
                                  2.04   data arrival time

                         20.00   20.00   clock clk (rise edge)
                          0.00   20.00   clock source latency
                  0.07    0.04   20.04 ^ clk (in)
     1    0.01                           clk (net)
                  0.07    0.00   20.04 ^ clkbuf_0_clk/A (sky130_fd_sc_hd__clkbuf_16)
                  0.06    0.15   20.19 ^ clkbuf_0_clk/X (sky130_fd_sc_hd__clkbuf_16)
     4    0.04                           clknet_0_clk (net)
                  0.06    0.00   20.19 ^ clkbuf_2_3__f_clk/A (sky130_fd_sc_hd__clkbuf_16)
                  0.05    0.13   20.33 ^ clkbuf_2_3__f_clk/X (sky130_fd_sc_hd__clkbuf_16)
     9    0.03                           clknet_2_3__leaf_clk (net)
                  0.05    0.00   20.33 ^ _263_/CLK (sky130_fd_sc_hd__dfrtp_1)
                         -0.25   20.08   clock uncertainty
                          0.03   20.11   clock reconvergence pessimism
                         -0.11   20.00   library setup time
                                 20.00   data required time
-----------------------------------------------------------------------------
                                 20.00   data required time
                                 -2.04   data arrival time
-----------------------------------------------------------------------------
                                 17.97   slack (MET)


Startpoint: _297_ (rising edge-triggered flip-flop clocked by clk)
Endpoint: _274_ (rising edge-triggered flip-flop clocked by clk)
Path Group: clk
Path Type: max
Corner: Typical

Fanout     Cap    Slew   Delay    Time   Description
-----------------------------------------------------------------------------
                          0.00    0.00   clock clk (rise edge)
                          0.00    0.00   clock source latency
                  0.07    0.05    0.05 ^ clk (in)
     1    0.01                           clk (net)
                  0.07    0.00    0.05 ^ clkbuf_0_clk/A (sky130_fd_sc_hd__clkbuf_16)
                  0.06    0.16    0.21 ^ clkbuf_0_clk/X (sky130_fd_sc_hd__clkbuf_16)
     4    0.04                           clknet_0_clk (net)
                  0.06    0.00    0.21 ^ clkbuf_2_1__f_clk/A (sky130_fd_sc_hd__clkbuf_16)
                  0.05    0.15    0.36 ^ clkbuf_2_1__f_clk/X (sky130_fd_sc_hd__clkbuf_16)
    11    0.03                           clknet_2_1__leaf_clk (net)
                  0.05    0.00    0.36 ^ _297_/CLK (sky130_fd_sc_hd__dfrtp_4)
                  0.09    0.54    0.90 v _297_/Q (sky130_fd_sc_hd__dfrtp_4)
     8    0.03                           state[1] (net)
                  0.09    0.00    0.90 v _181_/A (sky130_fd_sc_hd__or4b_2)
                  0.15    0.79    1.69 v _181_/X (sky130_fd_sc_hd__or4b_2)
     3    0.02                           _063_ (net)
                  0.15    0.00    1.69 v _182_/B1 (sky130_fd_sc_hd__a21oi_1)
                  0.11    0.16    1.85 ^ _182_/Y (sky130_fd_sc_hd__a21oi_1)
     1    0.00                           _064_ (net)
                  0.11    0.00    1.85 ^ _183_/B1 (sky130_fd_sc_hd__o21a_1)
                  0.04    0.13    1.98 ^ _183_/X (sky130_fd_sc_hd__o21a_1)
     1    0.00                           _013_ (net)
                  0.04    0.00    1.98 ^ _274_/D (sky130_fd_sc_hd__dfrtp_4)
                                  1.98   data arrival time

                         20.00   20.00   clock clk (rise edge)
                          0.00   20.00   clock source latency
                  0.07    0.04   20.04 ^ clk (in)
     1    0.01                           clk (net)
                  0.07    0.00   20.04 ^ clkbuf_0_clk/A (sky130_fd_sc_hd__clkbuf_16)
                  0.06    0.15   20.19 ^ clkbuf_0_clk/X (sky130_fd_sc_hd__clkbuf_16)
     4    0.04                           clknet_0_clk (net)
                  0.06    0.00   20.19 ^ clkbuf_2_2__f_clk/A (sky130_fd_sc_hd__clkbuf_16)
                  0.04    0.13   20.32 ^ clkbuf_2_2__f_clk/X (sky130_fd_sc_hd__clkbuf_16)
     8    0.02                           clknet_2_2__leaf_clk (net)
                  0.04    0.00   20.32 ^ _274_/CLK (sky130_fd_sc_hd__dfrtp_4)
                         -0.25   20.07   clock uncertainty
                          0.02   20.09   clock reconvergence pessimism
                         -0.06   20.03   library setup time
                                 20.03   data required time
-----------------------------------------------------------------------------
                                 20.03   data required time
                                 -1.98   data arrival time
-----------------------------------------------------------------------------
                                 18.05   slack (MET)


Startpoint: _263_ (rising edge-triggered flip-flop clocked by clk)
Endpoint: _298_ (rising edge-triggered flip-flop clocked by clk)
Path Group: clk
Path Type: max
Corner: Typical

Fanout     Cap    Slew   Delay    Time   Description
-----------------------------------------------------------------------------
                          0.00    0.00   clock clk (rise edge)
                          0.00    0.00   clock source latency
                  0.07    0.05    0.05 ^ clk (in)
     1    0.01                           clk (net)
                  0.07    0.00    0.05 ^ clkbuf_0_clk/A (sky130_fd_sc_hd__clkbuf_16)
                  0.06    0.16    0.21 ^ clkbuf_0_clk/X (sky130_fd_sc_hd__clkbuf_16)
     4    0.04                           clknet_0_clk (net)
                  0.06    0.00    0.21 ^ clkbuf_2_3__f_clk/A (sky130_fd_sc_hd__clkbuf_16)
                  0.05    0.15    0.36 ^ clkbuf_2_3__f_clk/X (sky130_fd_sc_hd__clkbuf_16)
     9    0.03                           clknet_2_3__leaf_clk (net)
                  0.05    0.00    0.36 ^ _263_/CLK (sky130_fd_sc_hd__dfrtp_1)
                  0.07    0.42    0.78 v _263_/Q (sky130_fd_sc_hd__dfrtp_1)
     4    0.01                           baud_counter[1] (net)
                  0.07    0.00    0.78 v _137_/A (sky130_fd_sc_hd__or4b_1)
                  0.08    0.54    1.31 v _137_/X (sky130_fd_sc_hd__or4b_1)
     1    0.00                           _126_ (net)
                  0.08    0.00    1.31 v _138_/D (sky130_fd_sc_hd__or4_1)
                  0.12    0.48    1.80 v _138_/X (sky130_fd_sc_hd__or4_1)
     3    0.01                           _127_ (net)
                  0.12    0.00    1.80 v _139_/B (sky130_fd_sc_hd__nor2_1)
                  0.08    0.12    1.91 ^ _139_/Y (sky130_fd_sc_hd__nor2_1)
     1    0.00                           _000_ (net)
                  0.08    0.00    1.91 ^ _298_/D (sky130_fd_sc_hd__dfrtp_1)
                                  1.91   data arrival time

                         20.00   20.00   clock clk (rise edge)
                          0.00   20.00   clock source latency
                  0.07    0.04   20.04 ^ clk (in)
     1    0.01                           clk (net)
                  0.07    0.00   20.04 ^ clkbuf_0_clk/A (sky130_fd_sc_hd__clkbuf_16)
                  0.06    0.15   20.19 ^ clkbuf_0_clk/X (sky130_fd_sc_hd__clkbuf_16)
     4    0.04                           clknet_0_clk (net)
                  0.06    0.00   20.19 ^ clkbuf_2_1__f_clk/A (sky130_fd_sc_hd__clkbuf_16)
                  0.05    0.14   20.33 ^ clkbuf_2_1__f_clk/X (sky130_fd_sc_hd__clkbuf_16)
    11    0.03                           clknet_2_1__leaf_clk (net)
                  0.05    0.00   20.33 ^ _298_/CLK (sky130_fd_sc_hd__dfrtp_1)
                         -0.25   20.08   clock uncertainty
                          0.02   20.10   clock reconvergence pessimism
                         -0.07   20.03   library setup time
                                 20.03   data required time
-----------------------------------------------------------------------------
                                 20.03   data required time
                                 -1.91   data arrival time
-----------------------------------------------------------------------------
                                 18.12   slack (MET)


Startpoint: _264_ (rising edge-triggered flip-flop clocked by clk)
Endpoint: _268_ (rising edge-triggered flip-flop clocked by clk)
Path Group: clk
Path Type: max
Corner: Typical

Fanout     Cap    Slew   Delay    Time   Description
-----------------------------------------------------------------------------
                          0.00    0.00   clock clk (rise edge)
                          0.00    0.00   clock source latency
                  0.07    0.05    0.05 ^ clk (in)
     1    0.01                           clk (net)
                  0.07    0.00    0.05 ^ clkbuf_0_clk/A (sky130_fd_sc_hd__clkbuf_16)
                  0.06    0.16    0.21 ^ clkbuf_0_clk/X (sky130_fd_sc_hd__clkbuf_16)
     4    0.04                           clknet_0_clk (net)
                  0.06    0.00    0.21 ^ clkbuf_2_3__f_clk/A (sky130_fd_sc_hd__clkbuf_16)
                  0.05    0.15    0.36 ^ clkbuf_2_3__f_clk/X (sky130_fd_sc_hd__clkbuf_16)
     9    0.03                           clknet_2_3__leaf_clk (net)
                  0.05    0.00    0.36 ^ _264_/CLK (sky130_fd_sc_hd__dfrtp_1)
                  0.15    0.42    0.78 ^ _264_/Q (sky130_fd_sc_hd__dfrtp_1)
     5    0.02                           baud_counter[2] (net)
                  0.15    0.00    0.78 ^ _153_/D (sky130_fd_sc_hd__and4_1)
                  0.19    0.33    1.12 ^ _153_/X (sky130_fd_sc_hd__and4_1)
     6    0.02                           _043_ (net)
                  0.19    0.00    1.12 ^ _159_/B_N (sky130_fd_sc_hd__or2b_1)
                  0.06    0.28    1.39 v _159_/X (sky130_fd_sc_hd__or2b_1)
     2    0.01                           _048_ (net)
                  0.06    0.00    1.39 v _161_/B (sky130_fd_sc_hd__or2_1)
                  0.06    0.23    1.62 v _161_/X (sky130_fd_sc_hd__or2_1)
     1    0.00                           _049_ (net)
                  0.06    0.00    1.62 v _162_/B (sky130_fd_sc_hd__xnor2_1)
                  0.04    0.13    1.75 v _162_/Y (sky130_fd_sc_hd__xnor2_1)
     1    0.00                           _007_ (net)
                  0.04    0.00    1.75 v _268_/D (sky130_fd_sc_hd__dfrtp_1)
                                  1.75   data arrival time

                         20.00   20.00   clock clk (rise edge)
                          0.00   20.00   clock source latency
                  0.07    0.04   20.04 ^ clk (in)
     1    0.01                           clk (net)
                  0.07    0.00   20.04 ^ clkbuf_0_clk/A (sky130_fd_sc_hd__clkbuf_16)
                  0.06    0.15   20.19 ^ clkbuf_0_clk/X (sky130_fd_sc_hd__clkbuf_16)
     4    0.04                           clknet_0_clk (net)
                  0.06    0.00   20.19 ^ clkbuf_2_1__f_clk/A (sky130_fd_sc_hd__clkbuf_16)
                  0.05    0.14   20.33 ^ clkbuf_2_1__f_clk/X (sky130_fd_sc_hd__clkbuf_16)
    11    0.03                           clknet_2_1__leaf_clk (net)
                  0.05    0.00   20.33 ^ _268_/CLK (sky130_fd_sc_hd__dfrtp_1)
                         -0.25   20.08   clock uncertainty
                          0.02   20.10   clock reconvergence pessimism
                         -0.11   19.99   library setup time
                                 19.99   data required time
-----------------------------------------------------------------------------
                                 19.99   data required time
                                 -1.75   data arrival time
-----------------------------------------------------------------------------
                                 18.24   slack (MET)


Startpoint: _278_ (rising edge-triggered flip-flop clocked by clk)
Endpoint: _275_ (rising edge-triggered flip-flop clocked by clk)
Path Group: clk
Path Type: max
Corner: Typical

Fanout     Cap    Slew   Delay    Time   Description
-----------------------------------------------------------------------------
                          0.00    0.00   clock clk (rise edge)
                          0.00    0.00   clock source latency
                  0.07    0.05    0.05 ^ clk (in)
     1    0.01                           clk (net)
                  0.07    0.00    0.05 ^ clkbuf_0_clk/A (sky130_fd_sc_hd__clkbuf_16)
                  0.06    0.16    0.21 ^ clkbuf_0_clk/X (sky130_fd_sc_hd__clkbuf_16)
     4    0.04                           clknet_0_clk (net)
                  0.06    0.00    0.21 ^ clkbuf_2_3__f_clk/A (sky130_fd_sc_hd__clkbuf_16)
                  0.05    0.15    0.36 ^ clkbuf_2_3__f_clk/X (sky130_fd_sc_hd__clkbuf_16)
     9    0.03                           clknet_2_3__leaf_clk (net)
                  0.05    0.00    0.36 ^ _278_/CLK (sky130_fd_sc_hd__dfrtp_1)
                  0.08    0.42    0.79 v _278_/Q (sky130_fd_sc_hd__dfrtp_1)
     5    0.01                           idle_counter[4] (net)
                  0.08    0.00    0.79 v _172_/D (sky130_fd_sc_hd__and4_1)
                  0.08    0.27    1.06 v _172_/X (sky130_fd_sc_hd__and4_1)
     3    0.01                           _056_ (net)
                  0.08    0.00    1.06 v _180_/A1 (sky130_fd_sc_hd__a21oi_2)
                  0.23    0.25    1.31 ^ _180_/Y (sky130_fd_sc_hd__a21oi_2)
     5    0.02                           _062_ (net)
                  0.23    0.00    1.31 ^ _185_/C (sky130_fd_sc_hd__nand3_1)
                  0.06    0.11    1.42 v _185_/Y (sky130_fd_sc_hd__nand3_1)
     1    0.00                           _066_ (net)
                  0.06    0.00    1.42 v _187_/B (sky130_fd_sc_hd__and3_1)
                  0.03    0.17    1.59 v _187_/X (sky130_fd_sc_hd__and3_1)
     1    0.00                           _068_ (net)
                  0.03    0.00    1.59 v _188_/A (sky130_fd_sc_hd__clkbuf_1)
                  0.02    0.08    1.67 v _188_/X (sky130_fd_sc_hd__clkbuf_1)
     1    0.00                           _014_ (net)
                  0.02    0.00    1.67 v _275_/D (sky130_fd_sc_hd__dfrtp_2)
                                  1.67   data arrival time

                         20.00   20.00   clock clk (rise edge)
                          0.00   20.00   clock source latency
                  0.07    0.04   20.04 ^ clk (in)
     1    0.01                           clk (net)
                  0.07    0.00   20.04 ^ clkbuf_0_clk/A (sky130_fd_sc_hd__clkbuf_16)
                  0.06    0.15   20.19 ^ clkbuf_0_clk/X (sky130_fd_sc_hd__clkbuf_16)
     4    0.04                           clknet_0_clk (net)
                  0.06    0.00   20.19 ^ clkbuf_2_2__f_clk/A (sky130_fd_sc_hd__clkbuf_16)
                  0.04    0.13   20.32 ^ clkbuf_2_2__f_clk/X (sky130_fd_sc_hd__clkbuf_16)
     8    0.02                           clknet_2_2__leaf_clk (net)
                  0.04    0.00   20.32 ^ _275_/CLK (sky130_fd_sc_hd__dfrtp_2)
                         -0.25   20.07   clock uncertainty
                          0.02   20.09   clock reconvergence pessimism
                         -0.11   19.99   library setup time
                                 19.99   data required time
-----------------------------------------------------------------------------
                                 19.99   data required time
                                 -1.67   data arrival time
-----------------------------------------------------------------------------
                                 18.31   slack (MET)


Startpoint: _297_ (rising edge-triggered flip-flop clocked by clk)
Endpoint: _283_ (rising edge-triggered flip-flop clocked by clk)
Path Group: clk
Path Type: max
Corner: Typical

Fanout     Cap    Slew   Delay    Time   Description
-----------------------------------------------------------------------------
                          0.00    0.00   clock clk (rise edge)
                          0.00    0.00   clock source latency
                  0.07    0.05    0.05 ^ clk (in)
     1    0.01                           clk (net)
                  0.07    0.00    0.05 ^ clkbuf_0_clk/A (sky130_fd_sc_hd__clkbuf_16)
                  0.06    0.16    0.21 ^ clkbuf_0_clk/X (sky130_fd_sc_hd__clkbuf_16)
     4    0.04                           clknet_0_clk (net)
                  0.06    0.00    0.21 ^ clkbuf_2_1__f_clk/A (sky130_fd_sc_hd__clkbuf_16)
                  0.05    0.15    0.36 ^ clkbuf_2_1__f_clk/X (sky130_fd_sc_hd__clkbuf_16)
    11    0.03                           clknet_2_1__leaf_clk (net)
                  0.05    0.00    0.36 ^ _297_/CLK (sky130_fd_sc_hd__dfrtp_4)
                  0.09    0.54    0.90 v _297_/Q (sky130_fd_sc_hd__dfrtp_4)
     8    0.03                           state[1] (net)
                  0.09    0.00    0.90 v _131_/A (sky130_fd_sc_hd__nor2_1)
                  0.20    0.22    1.12 ^ _131_/Y (sky130_fd_sc_hd__nor2_1)
     3    0.01                           _121_ (net)
                  0.20    0.00    1.12 ^ _184_/B (sky130_fd_sc_hd__and3b_1)
                  0.11    0.25    1.36 ^ _184_/X (sky130_fd_sc_hd__and3b_1)
     3    0.01                           _065_ (net)
                  0.11    0.00    1.36 ^ _213_/B (sky130_fd_sc_hd__and2_1)
                  0.05    0.14    1.50 ^ _213_/X (sky130_fd_sc_hd__and2_1)
     1    0.00                           _086_ (net)
                  0.05    0.00    1.50 ^ _214_/A (sky130_fd_sc_hd__clkbuf_1)
                  0.04    0.08    1.59 ^ _214_/X (sky130_fd_sc_hd__clkbuf_1)
     1    0.00                           _022_ (net)
                  0.04    0.00    1.59 ^ _283_/D (sky130_fd_sc_hd__dfrtp_1)
                                  1.59   data arrival time

                         20.00   20.00   clock clk (rise edge)
                          0.00   20.00   clock source latency
                  0.07    0.04   20.04 ^ clk (in)
     1    0.01                           clk (net)
                  0.07    0.00   20.04 ^ clkbuf_0_clk/A (sky130_fd_sc_hd__clkbuf_16)
                  0.06    0.15   20.19 ^ clkbuf_0_clk/X (sky130_fd_sc_hd__clkbuf_16)
     4    0.04                           clknet_0_clk (net)
                  0.06    0.00   20.19 ^ clkbuf_2_2__f_clk/A (sky130_fd_sc_hd__clkbuf_16)
                  0.04    0.13   20.32 ^ clkbuf_2_2__f_clk/X (sky130_fd_sc_hd__clkbuf_16)
     8    0.02                           clknet_2_2__leaf_clk (net)
                  0.04    0.00   20.32 ^ _283_/CLK (sky130_fd_sc_hd__dfrtp_1)
                         -0.25   20.07   clock uncertainty
                          0.02   20.09   clock reconvergence pessimism
                         -0.06   20.03   library setup time
                                 20.03   data required time
-----------------------------------------------------------------------------
                                 20.03   data required time
                                 -1.59   data arrival time
-----------------------------------------------------------------------------
                                 18.45   slack (MET)


Startpoint: _264_ (rising edge-triggered flip-flop clocked by clk)
Endpoint: _264_ (rising edge-triggered flip-flop clocked by clk)
Path Group: clk
Path Type: max
Corner: Typical

Fanout     Cap    Slew   Delay    Time   Description
-----------------------------------------------------------------------------
                          0.00    0.00   clock clk (rise edge)
                          0.00    0.00   clock source latency
                  0.07    0.05    0.05 ^ clk (in)
     1    0.01                           clk (net)
                  0.07    0.00    0.05 ^ clkbuf_0_clk/A (sky130_fd_sc_hd__clkbuf_16)
                  0.06    0.16    0.21 ^ clkbuf_0_clk/X (sky130_fd_sc_hd__clkbuf_16)
     4    0.04                           clknet_0_clk (net)
                  0.06    0.00    0.21 ^ clkbuf_2_3__f_clk/A (sky130_fd_sc_hd__clkbuf_16)
                  0.05    0.15    0.36 ^ clkbuf_2_3__f_clk/X (sky130_fd_sc_hd__clkbuf_16)
     9    0.03                           clknet_2_3__leaf_clk (net)
                  0.05    0.00    0.36 ^ _264_/CLK (sky130_fd_sc_hd__dfrtp_1)
                  0.09    0.43    0.80 v _264_/Q (sky130_fd_sc_hd__dfrtp_1)
     5    0.01                           baud_counter[2] (net)
                  0.09    0.00    0.80 v hold12/A (sky130_fd_sc_hd__dlygate4sd3_1)
                  0.06    0.61    1.41 v hold12/X (sky130_fd_sc_hd__dlygate4sd3_1)
     1    0.00                           net30 (net)
                  0.06    0.00    1.41 v _149_/A (sky130_fd_sc_hd__xnor2_1)
                  0.05    0.14    1.55 v _149_/Y (sky130_fd_sc_hd__xnor2_1)
     1    0.00                           _003_ (net)
                  0.05    0.00    1.55 v _264_/D (sky130_fd_sc_hd__dfrtp_1)
                                  1.55   data arrival time

                         20.00   20.00   clock clk (rise edge)
                          0.00   20.00   clock source latency
                  0.07    0.04   20.04 ^ clk (in)
     1    0.01                           clk (net)
                  0.07    0.00   20.04 ^ clkbuf_0_clk/A (sky130_fd_sc_hd__clkbuf_16)
                  0.06    0.15   20.19 ^ clkbuf_0_clk/X (sky130_fd_sc_hd__clkbuf_16)
     4    0.04                           clknet_0_clk (net)
                  0.06    0.00   20.19 ^ clkbuf_2_3__f_clk/A (sky130_fd_sc_hd__clkbuf_16)
                  0.05    0.13   20.33 ^ clkbuf_2_3__f_clk/X (sky130_fd_sc_hd__clkbuf_16)
     9    0.03                           clknet_2_3__leaf_clk (net)
                  0.05    0.00   20.33 ^ _264_/CLK (sky130_fd_sc_hd__dfrtp_1)
                         -0.25   20.08   clock uncertainty
                          0.03   20.11   clock reconvergence pessimism
                         -0.11   20.00   library setup time
                                 20.00   data required time
-----------------------------------------------------------------------------
                                 20.00   data required time
                                 -1.55   data arrival time
-----------------------------------------------------------------------------
                                 18.45   slack (MET)


Startpoint: _273_ (rising edge-triggered flip-flop clocked by clk)
Endpoint: _297_ (rising edge-triggered flip-flop clocked by clk)
Path Group: clk
Path Type: max
Corner: Typical

Fanout     Cap    Slew   Delay    Time   Description
-----------------------------------------------------------------------------
                          0.00    0.00   clock clk (rise edge)
                          0.00    0.00   clock source latency
                  0.07    0.05    0.05 ^ clk (in)
     1    0.01                           clk (net)
                  0.07    0.00    0.05 ^ clkbuf_0_clk/A (sky130_fd_sc_hd__clkbuf_16)
                  0.06    0.16    0.21 ^ clkbuf_0_clk/X (sky130_fd_sc_hd__clkbuf_16)
     4    0.04                           clknet_0_clk (net)
                  0.06    0.00    0.21 ^ clkbuf_2_2__f_clk/A (sky130_fd_sc_hd__clkbuf_16)
                  0.04    0.14    0.35 ^ clkbuf_2_2__f_clk/X (sky130_fd_sc_hd__clkbuf_16)
     8    0.02                           clknet_2_2__leaf_clk (net)
                  0.04    0.00    0.36 ^ _273_/CLK (sky130_fd_sc_hd__dfrtp_2)
                  0.08    0.46    0.81 v _273_/Q (sky130_fd_sc_hd__dfrtp_2)
     5    0.02                           net12 (net)
                  0.08    0.00    0.81 v _130_/A (sky130_fd_sc_hd__clkbuf_4)
                  0.09    0.21    1.03 v _130_/X (sky130_fd_sc_hd__clkbuf_4)
    10    0.04                           _120_ (net)
                  0.09    0.00    1.03 v _258_/A (sky130_fd_sc_hd__or2b_1)
                  0.07    0.27    1.30 v _258_/X (sky130_fd_sc_hd__or2b_1)
     2    0.01                           _118_ (net)
                  0.07    0.00    1.30 v _261_/B1 (sky130_fd_sc_hd__a32o_1)
                  0.04    0.21    1.51 v _261_/X (sky130_fd_sc_hd__a32o_1)
     1    0.00                           _036_ (net)
                  0.04    0.00    1.51 v _297_/D (sky130_fd_sc_hd__dfrtp_4)
                                  1.51   data arrival time

                         20.00   20.00   clock clk (rise edge)
                          0.00   20.00   clock source latency
                  0.07    0.04   20.04 ^ clk (in)
     1    0.01                           clk (net)
                  0.07    0.00   20.04 ^ clkbuf_0_clk/A (sky130_fd_sc_hd__clkbuf_16)
                  0.06    0.15   20.19 ^ clkbuf_0_clk/X (sky130_fd_sc_hd__clkbuf_16)
     4    0.04                           clknet_0_clk (net)
                  0.06    0.00   20.19 ^ clkbuf_2_1__f_clk/A (sky130_fd_sc_hd__clkbuf_16)
                  0.05    0.14   20.33 ^ clkbuf_2_1__f_clk/X (sky130_fd_sc_hd__clkbuf_16)
    11    0.03                           clknet_2_1__leaf_clk (net)
                  0.05    0.00   20.33 ^ _297_/CLK (sky130_fd_sc_hd__dfrtp_4)
                         -0.25   20.08   clock uncertainty
                          0.02   20.10   clock reconvergence pessimism
                         -0.11   19.99   library setup time
                                 19.99   data required time
-----------------------------------------------------------------------------
                                 19.99   data required time
                                 -1.51   data arrival time
-----------------------------------------------------------------------------
                                 18.48   slack (MET)


Startpoint: _282_ (rising edge-triggered flip-flop clocked by clk)
Endpoint: _282_ (rising edge-triggered flip-flop clocked by clk)
Path Group: clk
Path Type: max
Corner: Typical

Fanout     Cap    Slew   Delay    Time   Description
-----------------------------------------------------------------------------
                          0.00    0.00   clock clk (rise edge)
                          0.00    0.00   clock source latency
                  0.07    0.05    0.05 ^ clk (in)
     1    0.01                           clk (net)
                  0.07    0.00    0.05 ^ clkbuf_0_clk/A (sky130_fd_sc_hd__clkbuf_16)
                  0.06    0.16    0.21 ^ clkbuf_0_clk/X (sky130_fd_sc_hd__clkbuf_16)
     4    0.04                           clknet_0_clk (net)
                  0.06    0.00    0.21 ^ clkbuf_2_2__f_clk/A (sky130_fd_sc_hd__clkbuf_16)
                  0.04    0.14    0.35 ^ clkbuf_2_2__f_clk/X (sky130_fd_sc_hd__clkbuf_16)
     8    0.02                           clknet_2_2__leaf_clk (net)
                  0.04    0.00    0.36 ^ _282_/CLK (sky130_fd_sc_hd__dfrtp_1)
                  0.05    0.39    0.74 v _282_/Q (sky130_fd_sc_hd__dfrtp_1)
     2    0.01                           idle_counter[8] (net)
                  0.05    0.00    0.74 v hold3/A (sky130_fd_sc_hd__dlygate4sd3_1)
                  0.05    0.58    1.32 v hold3/X (sky130_fd_sc_hd__dlygate4sd3_1)
     1    0.00                           net21 (net)
                  0.05    0.00    1.32 v _212_/A1 (sky130_fd_sc_hd__o21a_1)
                  0.03    0.19    1.51 v _212_/X (sky130_fd_sc_hd__o21a_1)
     1    0.00                           _021_ (net)
                  0.03    0.00    1.51 v _282_/D (sky130_fd_sc_hd__dfrtp_1)
                                  1.51   data arrival time

                         20.00   20.00   clock clk (rise edge)
                          0.00   20.00   clock source latency
                  0.07    0.04   20.04 ^ clk (in)
     1    0.01                           clk (net)
                  0.07    0.00   20.04 ^ clkbuf_0_clk/A (sky130_fd_sc_hd__clkbuf_16)
                  0.06    0.15   20.19 ^ clkbuf_0_clk/X (sky130_fd_sc_hd__clkbuf_16)
     4    0.04                           clknet_0_clk (net)
                  0.06    0.00   20.19 ^ clkbuf_2_2__f_clk/A (sky130_fd_sc_hd__clkbuf_16)
                  0.04    0.13   20.32 ^ clkbuf_2_2__f_clk/X (sky130_fd_sc_hd__clkbuf_16)
     8    0.02                           clknet_2_2__leaf_clk (net)
                  0.04    0.00   20.32 ^ _282_/CLK (sky130_fd_sc_hd__dfrtp_1)
                         -0.25   20.07   clock uncertainty
                          0.03   20.11   clock reconvergence pessimism
                         -0.11   20.00   library setup time
                                 20.00   data required time
-----------------------------------------------------------------------------
                                 20.00   data required time
                                 -1.51   data arrival time
-----------------------------------------------------------------------------
                                 18.48   slack (MET)


Startpoint: _273_ (rising edge-triggered flip-flop clocked by clk)
Endpoint: _265_ (rising edge-triggered flip-flop clocked by clk)
Path Group: clk
Path Type: max
Corner: Typical

Fanout     Cap    Slew   Delay    Time   Description
-----------------------------------------------------------------------------
                          0.00    0.00   clock clk (rise edge)
                          0.00    0.00   clock source latency
                  0.07    0.05    0.05 ^ clk (in)
     1    0.01                           clk (net)
                  0.07    0.00    0.05 ^ clkbuf_0_clk/A (sky130_fd_sc_hd__clkbuf_16)
                  0.06    0.16    0.21 ^ clkbuf_0_clk/X (sky130_fd_sc_hd__clkbuf_16)
     4    0.04                           clknet_0_clk (net)
                  0.06    0.00    0.21 ^ clkbuf_2_2__f_clk/A (sky130_fd_sc_hd__clkbuf_16)
                  0.04    0.14    0.35 ^ clkbuf_2_2__f_clk/X (sky130_fd_sc_hd__clkbuf_16)
     8    0.02                           clknet_2_2__leaf_clk (net)
                  0.04    0.00    0.36 ^ _273_/CLK (sky130_fd_sc_hd__dfrtp_2)
                  0.08    0.46    0.81 v _273_/Q (sky130_fd_sc_hd__dfrtp_2)
     5    0.02                           net12 (net)
                  0.08    0.00    0.81 v _143_/A_N (sky130_fd_sc_hd__and2b_1)
                  0.09    0.25    1.06 ^ _143_/X (sky130_fd_sc_hd__and2b_1)
     3    0.01                           _037_ (net)
                  0.09    0.00    1.06 ^ _146_/B (sky130_fd_sc_hd__nand2_1)
                  0.10    0.11    1.18 v _146_/Y (sky130_fd_sc_hd__nand2_1)
     3    0.01                           _039_ (net)
                  0.10    0.00    1.18 v _150_/B (sky130_fd_sc_hd__nand2_1)
                  0.07    0.11    1.29 ^ _150_/Y (sky130_fd_sc_hd__nand2_1)
     1    0.01                           _041_ (net)
                  0.07    0.00    1.29 ^ _152_/A (sky130_fd_sc_hd__xnor2_1)
                  0.14    0.13    1.42 ^ _152_/Y (sky130_fd_sc_hd__xnor2_1)
     1    0.00                           _004_ (net)
                  0.14    0.00    1.42 ^ _265_/D (sky130_fd_sc_hd__dfrtp_1)
                                  1.42   data arrival time

                         20.00   20.00   clock clk (rise edge)
                          0.00   20.00   clock source latency
                  0.07    0.04   20.04 ^ clk (in)
     1    0.01                           clk (net)
                  0.07    0.00   20.04 ^ clkbuf_0_clk/A (sky130_fd_sc_hd__clkbuf_16)
                  0.06    0.15   20.19 ^ clkbuf_0_clk/X (sky130_fd_sc_hd__clkbuf_16)
     4    0.04                           clknet_0_clk (net)
                  0.06    0.00   20.19 ^ clkbuf_2_3__f_clk/A (sky130_fd_sc_hd__clkbuf_16)
                  0.05    0.13   20.33 ^ clkbuf_2_3__f_clk/X (sky130_fd_sc_hd__clkbuf_16)
     9    0.03                           clknet_2_3__leaf_clk (net)
                  0.05    0.00   20.33 ^ _265_/CLK (sky130_fd_sc_hd__dfrtp_1)
                         -0.25   20.08   clock uncertainty
                          0.02   20.10   clock reconvergence pessimism
                         -0.08   20.02   library setup time
                                 20.02   data required time
-----------------------------------------------------------------------------
                                 20.02   data required time
                                 -1.42   data arrival time
-----------------------------------------------------------------------------
                                 18.60   slack (MET)


Startpoint: _273_ (rising edge-triggered flip-flop clocked by clk)
Endpoint: _262_ (rising edge-triggered flip-flop clocked by clk)
Path Group: clk
Path Type: max
Corner: Typical

Fanout     Cap    Slew   Delay    Time   Description
-----------------------------------------------------------------------------
                          0.00    0.00   clock clk (rise edge)
                          0.00    0.00   clock source latency
                  0.07    0.05    0.05 ^ clk (in)
     1    0.01                           clk (net)
                  0.07    0.00    0.05 ^ clkbuf_0_clk/A (sky130_fd_sc_hd__clkbuf_16)
                  0.06    0.16    0.21 ^ clkbuf_0_clk/X (sky130_fd_sc_hd__clkbuf_16)
     4    0.04                           clknet_0_clk (net)
                  0.06    0.00    0.21 ^ clkbuf_2_2__f_clk/A (sky130_fd_sc_hd__clkbuf_16)
                  0.04    0.14    0.35 ^ clkbuf_2_2__f_clk/X (sky130_fd_sc_hd__clkbuf_16)
     8    0.02                           clknet_2_2__leaf_clk (net)
                  0.04    0.00    0.36 ^ _273_/CLK (sky130_fd_sc_hd__dfrtp_2)
                  0.08    0.46    0.81 v _273_/Q (sky130_fd_sc_hd__dfrtp_2)
     5    0.02                           net12 (net)
                  0.08    0.00    0.81 v _130_/A (sky130_fd_sc_hd__clkbuf_4)
                  0.09    0.21    1.03 v _130_/X (sky130_fd_sc_hd__clkbuf_4)
    10    0.04                           _120_ (net)
                  0.09    0.00    1.03 v _144_/B (sky130_fd_sc_hd__and2b_1)
                  0.03    0.18    1.21 v _144_/X (sky130_fd_sc_hd__and2b_1)
     1    0.00                           _038_ (net)
                  0.03    0.00    1.21 v _145_/B (sky130_fd_sc_hd__nor2_1)
                  0.07    0.08    1.28 ^ _145_/Y (sky130_fd_sc_hd__nor2_1)
     1    0.00                           _001_ (net)
                  0.07    0.00    1.28 ^ _262_/D (sky130_fd_sc_hd__dfrtp_1)
                                  1.28   data arrival time

                         20.00   20.00   clock clk (rise edge)
                          0.00   20.00   clock source latency
                  0.07    0.04   20.04 ^ clk (in)
     1    0.01                           clk (net)
                  0.07    0.00   20.04 ^ clkbuf_0_clk/A (sky130_fd_sc_hd__clkbuf_16)
                  0.06    0.15   20.19 ^ clkbuf_0_clk/X (sky130_fd_sc_hd__clkbuf_16)
     4    0.04                           clknet_0_clk (net)
                  0.06    0.00   20.19 ^ clkbuf_2_3__f_clk/A (sky130_fd_sc_hd__clkbuf_16)
                  0.05    0.13   20.33 ^ clkbuf_2_3__f_clk/X (sky130_fd_sc_hd__clkbuf_16)
     9    0.03                           clknet_2_3__leaf_clk (net)
                  0.05    0.00   20.33 ^ _262_/CLK (sky130_fd_sc_hd__dfrtp_1)
                         -0.25   20.08   clock uncertainty
                          0.02   20.10   clock reconvergence pessimism
                         -0.06   20.03   library setup time
                                 20.03   data required time
-----------------------------------------------------------------------------
                                 20.03   data required time
                                 -1.28   data arrival time
-----------------------------------------------------------------------------
                                 18.75   slack (MET)



