
===========================================================================
report_checks -path_delay max (Setup)
============================================================================
======================= Fastest Corner ===================================

Startpoint: _273_ (rising edge-triggered flip-flop clocked by clk)
Endpoint: tx (output port clocked by clk)
Path Group: clk
Path Type: max
Corner: Fastest

Fanout     Cap    Slew   Delay    Time   Description
-----------------------------------------------------------------------------
                          0.00    0.00   clock clk (rise edge)
                          0.00    0.00   clock source latency
                  0.05    0.03    0.03 ^ clk (in)
     1    0.01                           clk (net)
                  0.05    0.00    0.03 ^ clkbuf_0_clk/A (sky130_fd_sc_hd__clkbuf_16)
                  0.05    0.11    0.15 ^ clkbuf_0_clk/X (sky130_fd_sc_hd__clkbuf_16)
     4    0.05                           clknet_0_clk (net)
                  0.05    0.00    0.15 ^ clkbuf_2_2__f_clk/A (sky130_fd_sc_hd__clkbuf_16)
                  0.04    0.10    0.25 ^ clkbuf_2_2__f_clk/X (sky130_fd_sc_hd__clkbuf_16)
     8    0.03                           clknet_2_2__leaf_clk (net)
                  0.04    0.00    0.26 ^ _273_/CLK (sky130_fd_sc_hd__dfrtp_2)
                  0.07    0.31    0.56 v _273_/Q (sky130_fd_sc_hd__dfrtp_2)
     5    0.02                           net12 (net)
                  0.07    0.00    0.57 v _130_/A (sky130_fd_sc_hd__clkbuf_4)
                  0.08    0.15    0.72 v _130_/X (sky130_fd_sc_hd__clkbuf_4)
    10    0.04                           _120_ (net)
                  0.08    0.00    0.72 v _132_/A (sky130_fd_sc_hd__nor2_1)
                  0.19    0.18    0.90 ^ _132_/Y (sky130_fd_sc_hd__nor2_1)
     3    0.02                           net14 (net)
                  0.19    0.00    0.90 ^ _142_/B1 (sky130_fd_sc_hd__o211ai_1)
                  0.09    0.09    0.99 v _142_/Y (sky130_fd_sc_hd__o211ai_1)
     1    0.01                           net13 (net)
                  0.09    0.00    0.99 v output13/A (sky130_fd_sc_hd__clkbuf_4)
                  0.07    0.15    1.14 v output13/X (sky130_fd_sc_hd__clkbuf_4)
     1    0.03                           tx (net)
                  0.07    0.00    1.14 v tx (out)
                                  1.14   data arrival time

                         20.00   20.00   clock clk (rise edge)
                          0.00   20.00   clock network delay (propagated)
                         -0.25   19.75   clock uncertainty
                          0.00   19.75   clock reconvergence pessimism
                         -4.00   15.75   output external delay
                                 15.75   data required time
-----------------------------------------------------------------------------
                                 15.75   data required time
                                 -1.14   data arrival time
-----------------------------------------------------------------------------
                                 14.61   slack (MET)


Startpoint: _273_ (rising edge-triggered flip-flop clocked by clk)
Endpoint: tx_busy (output port clocked by clk)
Path Group: clk
Path Type: max
Corner: Fastest

Fanout     Cap    Slew   Delay    Time   Description
-----------------------------------------------------------------------------
                          0.00    0.00   clock clk (rise edge)
                          0.00    0.00   clock source latency
                  0.05    0.03    0.03 ^ clk (in)
     1    0.01                           clk (net)
                  0.05    0.00    0.03 ^ clkbuf_0_clk/A (sky130_fd_sc_hd__clkbuf_16)
                  0.05    0.11    0.15 ^ clkbuf_0_clk/X (sky130_fd_sc_hd__clkbuf_16)
     4    0.05                           clknet_0_clk (net)
                  0.05    0.00    0.15 ^ clkbuf_2_2__f_clk/A (sky130_fd_sc_hd__clkbuf_16)
                  0.04    0.10    0.25 ^ clkbuf_2_2__f_clk/X (sky130_fd_sc_hd__clkbuf_16)
     8    0.03                           clknet_2_2__leaf_clk (net)
                  0.04    0.00    0.26 ^ _273_/CLK (sky130_fd_sc_hd__dfrtp_2)
                  0.07    0.31    0.56 v _273_/Q (sky130_fd_sc_hd__dfrtp_2)
     5    0.02                           net12 (net)
                  0.07    0.00    0.57 v _130_/A (sky130_fd_sc_hd__clkbuf_4)
                  0.08    0.15    0.72 v _130_/X (sky130_fd_sc_hd__clkbuf_4)
    10    0.04                           _120_ (net)
                  0.08    0.00    0.72 v _132_/A (sky130_fd_sc_hd__nor2_1)
                  0.19    0.18    0.90 ^ _132_/Y (sky130_fd_sc_hd__nor2_1)
     3    0.02                           net14 (net)
                  0.19    0.00    0.90 ^ output14/A (sky130_fd_sc_hd__clkbuf_4)
                  0.08    0.17    1.07 ^ output14/X (sky130_fd_sc_hd__clkbuf_4)
     1    0.03                           tx_busy (net)
                  0.08    0.00    1.07 ^ tx_busy (out)
                                  1.07   data arrival time

                         20.00   20.00   clock clk (rise edge)
                          0.00   20.00   clock network delay (propagated)
                         -0.25   19.75   clock uncertainty
                          0.00   19.75   clock reconvergence pessimism
                         -4.00   15.75   output external delay
                                 15.75   data required time
-----------------------------------------------------------------------------
                                 15.75   data required time
                                 -1.07   data arrival time
-----------------------------------------------------------------------------
                                 14.68   slack (MET)


Startpoint: tx_start (input port clocked by clk)
Endpoint: _288_ (rising edge-triggered flip-flop clocked by clk)
Path Group: clk
Path Type: max
Corner: Fastest

Fanout     Cap    Slew   Delay    Time   Description
-----------------------------------------------------------------------------
                          0.00    0.00   clock clk (rise edge)
                          0.00    0.00   clock network delay (propagated)
                          4.00    4.00 ^ input external delay
                  0.01    0.01    4.01 ^ tx_start (in)
     1    0.00                           tx_start (net)
                  0.01    0.00    4.01 ^ input11/A (sky130_fd_sc_hd__clkbuf_1)
                  0.06    0.08    4.08 ^ input11/X (sky130_fd_sc_hd__clkbuf_1)
     1    0.01                           net11 (net)
                  0.06    0.00    4.08 ^ _216_/D_N (sky130_fd_sc_hd__or4b_2)
                  0.11    0.37    4.46 v _216_/X (sky130_fd_sc_hd__or4b_2)
     3    0.01                           _088_ (net)
                  0.11    0.00    4.46 v _223_/A (sky130_fd_sc_hd__clkbuf_4)
                  0.09    0.18    4.63 v _223_/X (sky130_fd_sc_hd__clkbuf_4)
    10    0.05                           _094_ (net)
                  0.09    0.00    4.64 v _234_/A1 (sky130_fd_sc_hd__a21oi_4)
                  0.22    0.20    4.84 ^ _234_/Y (sky130_fd_sc_hd__a21oi_4)
     8    0.04                           _102_ (net)
                  0.22    0.00    4.84 ^ _235_/S (sky130_fd_sc_hd__mux2_1)
                  0.05    0.20    5.04 v _235_/X (sky130_fd_sc_hd__mux2_1)
     1    0.00                           _103_ (net)
                  0.05    0.00    5.04 v _236_/A (sky130_fd_sc_hd__clkbuf_1)
                  0.02    0.06    5.11 v _236_/X (sky130_fd_sc_hd__clkbuf_1)
     1    0.00                           _027_ (net)
                  0.02    0.00    5.11 v _288_/D (sky130_fd_sc_hd__dfrtp_1)
                                  5.11   data arrival time

                         20.00   20.00   clock clk (rise edge)
                          0.00   20.00   clock source latency
                  0.05    0.03   20.03 ^ clk (in)
     1    0.01                           clk (net)
                  0.05    0.00   20.03 ^ clkbuf_0_clk/A (sky130_fd_sc_hd__clkbuf_16)
                  0.05    0.10   20.13 ^ clkbuf_0_clk/X (sky130_fd_sc_hd__clkbuf_16)
     4    0.05                           clknet_0_clk (net)
                  0.05    0.00   20.14 ^ clkbuf_2_0__f_clk/A (sky130_fd_sc_hd__clkbuf_16)
                  0.04    0.09   20.23 ^ clkbuf_2_0__f_clk/X (sky130_fd_sc_hd__clkbuf_16)
     9    0.03                           clknet_2_0__leaf_clk (net)
                  0.04    0.00   20.23 ^ _288_/CLK (sky130_fd_sc_hd__dfrtp_1)
                         -0.25   19.98   clock uncertainty
                          0.00   19.98   clock reconvergence pessimism
                         -0.06   19.92   library setup time
                                 19.92   data required time
-----------------------------------------------------------------------------
                                 19.92   data required time
                                 -5.11   data arrival time
-----------------------------------------------------------------------------
                                 14.82   slack (MET)


Startpoint: tx_start (input port clocked by clk)
Endpoint: _292_ (rising edge-triggered flip-flop clocked by clk)
Path Group: clk
Path Type: max
Corner: Fastest

Fanout     Cap    Slew   Delay    Time   Description
-----------------------------------------------------------------------------
                          0.00    0.00   clock clk (rise edge)
                          0.00    0.00   clock network delay (propagated)
                          4.00    4.00 ^ input external delay
                  0.01    0.01    4.01 ^ tx_start (in)
     1    0.00                           tx_start (net)
                  0.01    0.00    4.01 ^ input11/A (sky130_fd_sc_hd__clkbuf_1)
                  0.06    0.08    4.08 ^ input11/X (sky130_fd_sc_hd__clkbuf_1)
     1    0.01                           net11 (net)
                  0.06    0.00    4.08 ^ _216_/D_N (sky130_fd_sc_hd__or4b_2)
                  0.11    0.37    4.46 v _216_/X (sky130_fd_sc_hd__or4b_2)
     3    0.01                           _088_ (net)
                  0.11    0.00    4.46 v _223_/A (sky130_fd_sc_hd__clkbuf_4)
                  0.09    0.18    4.63 v _223_/X (sky130_fd_sc_hd__clkbuf_4)
    10    0.05                           _094_ (net)
                  0.09    0.00    4.64 v _234_/A1 (sky130_fd_sc_hd__a21oi_4)
                  0.22    0.20    4.84 ^ _234_/Y (sky130_fd_sc_hd__a21oi_4)
     8    0.04                           _102_ (net)
                  0.22    0.00    4.84 ^ _247_/S (sky130_fd_sc_hd__mux2_1)
                  0.05    0.20    5.04 v _247_/X (sky130_fd_sc_hd__mux2_1)
     1    0.00                           _111_ (net)
                  0.05    0.00    5.04 v _248_/A (sky130_fd_sc_hd__clkbuf_1)
                  0.02    0.06    5.11 v _248_/X (sky130_fd_sc_hd__clkbuf_1)
     1    0.00                           _031_ (net)
                  0.02    0.00    5.11 v _292_/D (sky130_fd_sc_hd__dfrtp_1)
                                  5.11   data arrival time

                         20.00   20.00   clock clk (rise edge)
                          0.00   20.00   clock source latency
                  0.05    0.03   20.03 ^ clk (in)
     1    0.01                           clk (net)
                  0.05    0.00   20.03 ^ clkbuf_0_clk/A (sky130_fd_sc_hd__clkbuf_16)
                  0.05    0.10   20.13 ^ clkbuf_0_clk/X (sky130_fd_sc_hd__clkbuf_16)
     4    0.05                           clknet_0_clk (net)
                  0.05    0.00   20.14 ^ clkbuf_2_0__f_clk/A (sky130_fd_sc_hd__clkbuf_16)
                  0.04    0.09   20.23 ^ clkbuf_2_0__f_clk/X (sky130_fd_sc_hd__clkbuf_16)
     9    0.03                           clknet_2_0__leaf_clk (net)
                  0.04    0.00   20.23 ^ _292_/CLK (sky130_fd_sc_hd__dfrtp_1)
                         -0.25   19.98   clock uncertainty
                          0.00   19.98   clock reconvergence pessimism
                         -0.06   19.93   library setup time
                                 19.93   data required time
-----------------------------------------------------------------------------
                                 19.93   data required time
                                 -5.11   data arrival time
-----------------------------------------------------------------------------
                                 14.82   slack (MET)


Startpoint: tx_start (input port clocked by clk)
Endpoint: _294_ (rising edge-triggered flip-flop clocked by clk)
Path Group: clk
Path Type: max
Corner: Fastest

Fanout     Cap    Slew   Delay    Time   Description
-----------------------------------------------------------------------------
                          0.00    0.00   clock clk (rise edge)
                          0.00    0.00   clock network delay (propagated)
                          4.00    4.00 ^ input external delay
                  0.01    0.01    4.01 ^ tx_start (in)
     1    0.00                           tx_start (net)
                  0.01    0.00    4.01 ^ input11/A (sky130_fd_sc_hd__clkbuf_1)
                  0.06    0.08    4.08 ^ input11/X (sky130_fd_sc_hd__clkbuf_1)
     1    0.01                           net11 (net)
                  0.06    0.00    4.08 ^ _216_/D_N (sky130_fd_sc_hd__or4b_2)
                  0.11    0.37    4.46 v _216_/X (sky130_fd_sc_hd__or4b_2)
     3    0.01                           _088_ (net)
                  0.11    0.00    4.46 v _223_/A (sky130_fd_sc_hd__clkbuf_4)
                  0.09    0.18    4.63 v _223_/X (sky130_fd_sc_hd__clkbuf_4)
    10    0.05                           _094_ (net)
                  0.09    0.00    4.64 v _234_/A1 (sky130_fd_sc_hd__a21oi_4)
                  0.22    0.20    4.84 ^ _234_/Y (sky130_fd_sc_hd__a21oi_4)
     8    0.04                           _102_ (net)
                  0.22    0.00    4.84 ^ _253_/S (sky130_fd_sc_hd__mux2_1)
                  0.04    0.20    5.04 v _253_/X (sky130_fd_sc_hd__mux2_1)
     1    0.00                           _115_ (net)
                  0.04    0.00    5.04 v _254_/A (sky130_fd_sc_hd__clkbuf_1)
                  0.02    0.07    5.10 v _254_/X (sky130_fd_sc_hd__clkbuf_1)
     1    0.00                           _033_ (net)
                  0.02    0.00    5.10 v _294_/D (sky130_fd_sc_hd__dfrtp_1)
                                  5.10   data arrival time

                         20.00   20.00   clock clk (rise edge)
                          0.00   20.00   clock source latency
                  0.05    0.03   20.03 ^ clk (in)
     1    0.01                           clk (net)
                  0.05    0.00   20.03 ^ clkbuf_0_clk/A (sky130_fd_sc_hd__clkbuf_16)
                  0.05    0.10   20.13 ^ clkbuf_0_clk/X (sky130_fd_sc_hd__clkbuf_16)
     4    0.05                           clknet_0_clk (net)
                  0.05    0.00   20.14 ^ clkbuf_2_0__f_clk/A (sky130_fd_sc_hd__clkbuf_16)
                  0.04    0.09   20.23 ^ clkbuf_2_0__f_clk/X (sky130_fd_sc_hd__clkbuf_16)
     9    0.03                           clknet_2_0__leaf_clk (net)
                  0.04    0.00   20.23 ^ _294_/CLK (sky130_fd_sc_hd__dfrtp_1)
                         -0.25   19.98   clock uncertainty
                          0.00   19.98   clock reconvergence pessimism
                         -0.06   19.92   library setup time
                                 19.92   data required time
-----------------------------------------------------------------------------
                                 19.92   data required time
                                 -5.10   data arrival time
-----------------------------------------------------------------------------
                                 14.82   slack (MET)


Startpoint: tx_start (input port clocked by clk)
Endpoint: _289_ (rising edge-triggered flip-flop clocked by clk)
Path Group: clk
Path Type: max
Corner: Fastest

Fanout     Cap    Slew   Delay    Time   Description
-----------------------------------------------------------------------------
                          0.00    0.00   clock clk (rise edge)
                          0.00    0.00   clock network delay (propagated)
                          4.00    4.00 ^ input external delay
                  0.01    0.01    4.01 ^ tx_start (in)
     1    0.00                           tx_start (net)
                  0.01    0.00    4.01 ^ input11/A (sky130_fd_sc_hd__clkbuf_1)
                  0.06    0.08    4.08 ^ input11/X (sky130_fd_sc_hd__clkbuf_1)
     1    0.01                           net11 (net)
                  0.06    0.00    4.08 ^ _216_/D_N (sky130_fd_sc_hd__or4b_2)
                  0.11    0.37    4.46 v _216_/X (sky130_fd_sc_hd__or4b_2)
     3    0.01                           _088_ (net)
                  0.11    0.00    4.46 v _223_/A (sky130_fd_sc_hd__clkbuf_4)
                  0.09    0.18    4.63 v _223_/X (sky130_fd_sc_hd__clkbuf_4)
    10    0.05                           _094_ (net)
                  0.09    0.00    4.64 v _234_/A1 (sky130_fd_sc_hd__a21oi_4)
                  0.22    0.20    4.84 ^ _234_/Y (sky130_fd_sc_hd__a21oi_4)
     8    0.04                           _102_ (net)
                  0.22    0.00    4.84 ^ _238_/S (sky130_fd_sc_hd__mux2_1)
                  0.04    0.20    5.04 v _238_/X (sky130_fd_sc_hd__mux2_1)
     1    0.00                           _105_ (net)
                  0.04    0.00    5.04 v _239_/A (sky130_fd_sc_hd__clkbuf_1)
                  0.02    0.06    5.10 v _239_/X (sky130_fd_sc_hd__clkbuf_1)
     1    0.00                           _028_ (net)
                  0.02    0.00    5.10 v _289_/D (sky130_fd_sc_hd__dfrtp_1)
                                  5.10   data arrival time

                         20.00   20.00   clock clk (rise edge)
                          0.00   20.00   clock source latency
                  0.05    0.03   20.03 ^ clk (in)
     1    0.01                           clk (net)
                  0.05    0.00   20.03 ^ clkbuf_0_clk/A (sky130_fd_sc_hd__clkbuf_16)
                  0.05    0.10   20.13 ^ clkbuf_0_clk/X (sky130_fd_sc_hd__clkbuf_16)
     4    0.05                           clknet_0_clk (net)
                  0.05    0.00   20.14 ^ clkbuf_2_0__f_clk/A (sky130_fd_sc_hd__clkbuf_16)
                  0.04    0.09   20.23 ^ clkbuf_2_0__f_clk/X (sky130_fd_sc_hd__clkbuf_16)
     9    0.03                           clknet_2_0__leaf_clk (net)
                  0.04    0.00   20.23 ^ _289_/CLK (sky130_fd_sc_hd__dfrtp_1)
                         -0.25   19.98   clock uncertainty
                          0.00   19.98   clock reconvergence pessimism
                         -0.06   19.93   library setup time
                                 19.93   data required time
-----------------------------------------------------------------------------
                                 19.93   data required time
                                 -5.10   data arrival time
-----------------------------------------------------------------------------
                                 14.82   slack (MET)


Startpoint: tx_start (input port clocked by clk)
Endpoint: _293_ (rising edge-triggered flip-flop clocked by clk)
Path Group: clk
Path Type: max
Corner: Fastest

Fanout     Cap    Slew   Delay    Time   Description
-----------------------------------------------------------------------------
                          0.00    0.00   clock clk (rise edge)
                          0.00    0.00   clock network delay (propagated)
                          4.00    4.00 ^ input external delay
                  0.01    0.01    4.01 ^ tx_start (in)
     1    0.00                           tx_start (net)
                  0.01    0.00    4.01 ^ input11/A (sky130_fd_sc_hd__clkbuf_1)
                  0.06    0.08    4.08 ^ input11/X (sky130_fd_sc_hd__clkbuf_1)
     1    0.01                           net11 (net)
                  0.06    0.00    4.08 ^ _216_/D_N (sky130_fd_sc_hd__or4b_2)
                  0.11    0.37    4.46 v _216_/X (sky130_fd_sc_hd__or4b_2)
     3    0.01                           _088_ (net)
                  0.11    0.00    4.46 v _223_/A (sky130_fd_sc_hd__clkbuf_4)
                  0.09    0.18    4.63 v _223_/X (sky130_fd_sc_hd__clkbuf_4)
    10    0.05                           _094_ (net)
                  0.09    0.00    4.64 v _234_/A1 (sky130_fd_sc_hd__a21oi_4)
                  0.22    0.20    4.84 ^ _234_/Y (sky130_fd_sc_hd__a21oi_4)
     8    0.04                           _102_ (net)
                  0.22    0.00    4.84 ^ _250_/S (sky130_fd_sc_hd__mux2_1)
                  0.04    0.20    5.04 v _250_/X (sky130_fd_sc_hd__mux2_1)
     1    0.00                           _113_ (net)
                  0.04    0.00    5.04 v _251_/A (sky130_fd_sc_hd__clkbuf_1)
                  0.02    0.06    5.10 v _251_/X (sky130_fd_sc_hd__clkbuf_1)
     1    0.00                           _032_ (net)
                  0.02    0.00    5.10 v _293_/D (sky130_fd_sc_hd__dfrtp_1)
                                  5.10   data arrival time

                         20.00   20.00   clock clk (rise edge)
                          0.00   20.00   clock source latency
                  0.05    0.03   20.03 ^ clk (in)
     1    0.01                           clk (net)
                  0.05    0.00   20.03 ^ clkbuf_0_clk/A (sky130_fd_sc_hd__clkbuf_16)
                  0.05    0.10   20.13 ^ clkbuf_0_clk/X (sky130_fd_sc_hd__clkbuf_16)
     4    0.05                           clknet_0_clk (net)
                  0.05    0.00   20.14 ^ clkbuf_2_0__f_clk/A (sky130_fd_sc_hd__clkbuf_16)
                  0.04    0.09   20.23 ^ clkbuf_2_0__f_clk/X (sky130_fd_sc_hd__clkbuf_16)
     9    0.03                           clknet_2_0__leaf_clk (net)
                  0.04    0.00   20.23 ^ _293_/CLK (sky130_fd_sc_hd__dfrtp_1)
                         -0.25   19.98   clock uncertainty
                          0.00   19.98   clock reconvergence pessimism
                         -0.06   19.93   library setup time
                                 19.93   data required time
-----------------------------------------------------------------------------
                                 19.93   data required time
                                 -5.10   data arrival time
-----------------------------------------------------------------------------
                                 14.82   slack (MET)


Startpoint: tx_start (input port clocked by clk)
Endpoint: _291_ (rising edge-triggered flip-flop clocked by clk)
Path Group: clk
Path Type: max
Corner: Fastest

Fanout     Cap    Slew   Delay    Time   Description
-----------------------------------------------------------------------------
                          0.00    0.00   clock clk (rise edge)
                          0.00    0.00   clock network delay (propagated)
                          4.00    4.00 ^ input external delay
                  0.01    0.01    4.01 ^ tx_start (in)
     1    0.00                           tx_start (net)
                  0.01    0.00    4.01 ^ input11/A (sky130_fd_sc_hd__clkbuf_1)
                  0.06    0.08    4.08 ^ input11/X (sky130_fd_sc_hd__clkbuf_1)
     1    0.01                           net11 (net)
                  0.06    0.00    4.08 ^ _216_/D_N (sky130_fd_sc_hd__or4b_2)
                  0.11    0.37    4.46 v _216_/X (sky130_fd_sc_hd__or4b_2)
     3    0.01                           _088_ (net)
                  0.11    0.00    4.46 v _223_/A (sky130_fd_sc_hd__clkbuf_4)
                  0.09    0.18    4.63 v _223_/X (sky130_fd_sc_hd__clkbuf_4)
    10    0.05                           _094_ (net)
                  0.09    0.00    4.64 v _234_/A1 (sky130_fd_sc_hd__a21oi_4)
                  0.22    0.20    4.84 ^ _234_/Y (sky130_fd_sc_hd__a21oi_4)
     8    0.04                           _102_ (net)
                  0.22    0.00    4.84 ^ _244_/S (sky130_fd_sc_hd__mux2_1)
                  0.04    0.20    5.04 v _244_/X (sky130_fd_sc_hd__mux2_1)
     1    0.00                           _109_ (net)
                  0.04    0.00    5.04 v _245_/A (sky130_fd_sc_hd__clkbuf_1)
                  0.02    0.06    5.10 v _245_/X (sky130_fd_sc_hd__clkbuf_1)
     1    0.00                           _030_ (net)
                  0.02    0.00    5.10 v _291_/D (sky130_fd_sc_hd__dfrtp_1)
                                  5.10   data arrival time

                         20.00   20.00   clock clk (rise edge)
                          0.00   20.00   clock source latency
                  0.05    0.03   20.03 ^ clk (in)
     1    0.01                           clk (net)
                  0.05    0.00   20.03 ^ clkbuf_0_clk/A (sky130_fd_sc_hd__clkbuf_16)
                  0.05    0.10   20.13 ^ clkbuf_0_clk/X (sky130_fd_sc_hd__clkbuf_16)
     4    0.05                           clknet_0_clk (net)
                  0.05    0.00   20.14 ^ clkbuf_2_0__f_clk/A (sky130_fd_sc_hd__clkbuf_16)
                  0.04    0.09   20.23 ^ clkbuf_2_0__f_clk/X (sky130_fd_sc_hd__clkbuf_16)
     9    0.03                           clknet_2_0__leaf_clk (net)
                  0.04    0.00   20.23 ^ _291_/CLK (sky130_fd_sc_hd__dfrtp_1)
                         -0.25   19.98   clock uncertainty
                          0.00   19.98   clock reconvergence pessimism
                         -0.06   19.92   library setup time
                                 19.92   data required time
-----------------------------------------------------------------------------
                                 19.92   data required time
                                 -5.10   data arrival time
-----------------------------------------------------------------------------
                                 14.83   slack (MET)


Startpoint: tx_start (input port clocked by clk)
Endpoint: _290_ (rising edge-triggered flip-flop clocked by clk)
Path Group: clk
Path Type: max
Corner: Fastest

Fanout     Cap    Slew   Delay    Time   Description
-----------------------------------------------------------------------------
                          0.00    0.00   clock clk (rise edge)
                          0.00    0.00   clock network delay (propagated)
                          4.00    4.00 ^ input external delay
                  0.01    0.01    4.01 ^ tx_start (in)
     1    0.00                           tx_start (net)
                  0.01    0.00    4.01 ^ input11/A (sky130_fd_sc_hd__clkbuf_1)
                  0.06    0.08    4.08 ^ input11/X (sky130_fd_sc_hd__clkbuf_1)
     1    0.01                           net11 (net)
                  0.06    0.00    4.08 ^ _216_/D_N (sky130_fd_sc_hd__or4b_2)
                  0.11    0.37    4.46 v _216_/X (sky130_fd_sc_hd__or4b_2)
     3    0.01                           _088_ (net)
                  0.11    0.00    4.46 v _223_/A (sky130_fd_sc_hd__clkbuf_4)
                  0.09    0.18    4.63 v _223_/X (sky130_fd_sc_hd__clkbuf_4)
    10    0.05                           _094_ (net)
                  0.09    0.00    4.64 v _234_/A1 (sky130_fd_sc_hd__a21oi_4)
                  0.22    0.20    4.84 ^ _234_/Y (sky130_fd_sc_hd__a21oi_4)
     8    0.04                           _102_ (net)
                  0.22    0.00    4.84 ^ _241_/S (sky130_fd_sc_hd__mux2_1)
                  0.04    0.20    5.04 v _241_/X (sky130_fd_sc_hd__mux2_1)
     1    0.00                           _107_ (net)
                  0.04    0.00    5.04 v _242_/A (sky130_fd_sc_hd__clkbuf_1)
                  0.02    0.06    5.10 v _242_/X (sky130_fd_sc_hd__clkbuf_1)
     1    0.00                           _029_ (net)
                  0.02    0.00    5.10 v _290_/D (sky130_fd_sc_hd__dfrtp_1)
                                  5.10   data arrival time

                         20.00   20.00   clock clk (rise edge)
                          0.00   20.00   clock source latency
                  0.05    0.03   20.03 ^ clk (in)
     1    0.01                           clk (net)
                  0.05    0.00   20.03 ^ clkbuf_0_clk/A (sky130_fd_sc_hd__clkbuf_16)
                  0.05    0.10   20.13 ^ clkbuf_0_clk/X (sky130_fd_sc_hd__clkbuf_16)
     4    0.05                           clknet_0_clk (net)
                  0.05    0.00   20.14 ^ clkbuf_2_0__f_clk/A (sky130_fd_sc_hd__clkbuf_16)
                  0.04    0.09   20.23 ^ clkbuf_2_0__f_clk/X (sky130_fd_sc_hd__clkbuf_16)
     9    0.03                           clknet_2_0__leaf_clk (net)
                  0.04    0.00   20.23 ^ _290_/CLK (sky130_fd_sc_hd__dfrtp_1)
                         -0.25   19.98   clock uncertainty
                          0.00   19.98   clock reconvergence pessimism
                         -0.06   19.93   library setup time
                                 19.93   data required time
-----------------------------------------------------------------------------
                                 19.93   data required time
                                 -5.10   data arrival time
-----------------------------------------------------------------------------
                                 14.83   slack (MET)


Startpoint: tx_start (input port clocked by clk)
Endpoint: _295_ (rising edge-triggered flip-flop clocked by clk)
Path Group: clk
Path Type: max
Corner: Fastest

Fanout     Cap    Slew   Delay    Time   Description
-----------------------------------------------------------------------------
                          0.00    0.00   clock clk (rise edge)
                          0.00    0.00   clock network delay (propagated)
                          4.00    4.00 ^ input external delay
                  0.01    0.01    4.01 ^ tx_start (in)
     1    0.00                           tx_start (net)
                  0.01    0.00    4.01 ^ input11/A (sky130_fd_sc_hd__clkbuf_1)
                  0.06    0.08    4.08 ^ input11/X (sky130_fd_sc_hd__clkbuf_1)
     1    0.01                           net11 (net)
                  0.06    0.00    4.08 ^ _216_/D_N (sky130_fd_sc_hd__or4b_2)
                  0.11    0.37    4.46 v _216_/X (sky130_fd_sc_hd__or4b_2)
     3    0.01                           _088_ (net)
                  0.11    0.00    4.46 v _223_/A (sky130_fd_sc_hd__clkbuf_4)
                  0.09    0.18    4.63 v _223_/X (sky130_fd_sc_hd__clkbuf_4)
    10    0.05                           _094_ (net)
                  0.09    0.00    4.64 v _234_/A1 (sky130_fd_sc_hd__a21oi_4)
                  0.22    0.20    4.84 ^ _234_/Y (sky130_fd_sc_hd__a21oi_4)
     8    0.04                           _102_ (net)
                  0.22    0.00    4.84 ^ _255_/A (sky130_fd_sc_hd__inv_2)
                  0.04    0.02    4.86 v _255_/Y (sky130_fd_sc_hd__inv_2)
     1    0.00                           _116_ (net)
                  0.04    0.00    4.86 v _257_/A2 (sky130_fd_sc_hd__a22o_1)
                  0.03    0.12    4.98 v _257_/X (sky130_fd_sc_hd__a22o_1)
     1    0.00                           _034_ (net)
                  0.03    0.00    4.98 v _295_/D (sky130_fd_sc_hd__dfrtp_1)
                                  4.98   data arrival time

                         20.00   20.00   clock clk (rise edge)
                          0.00   20.00   clock source latency
                  0.05    0.03   20.03 ^ clk (in)
     1    0.01                           clk (net)
                  0.05    0.00   20.03 ^ clkbuf_0_clk/A (sky130_fd_sc_hd__clkbuf_16)
                  0.05    0.10   20.13 ^ clkbuf_0_clk/X (sky130_fd_sc_hd__clkbuf_16)
     4    0.05                           clknet_0_clk (net)
                  0.05    0.00   20.14 ^ clkbuf_2_0__f_clk/A (sky130_fd_sc_hd__clkbuf_16)
                  0.04    0.09   20.23 ^ clkbuf_2_0__f_clk/X (sky130_fd_sc_hd__clkbuf_16)
     9    0.03                           clknet_2_0__leaf_clk (net)
                  0.04    0.00   20.23 ^ _295_/CLK (sky130_fd_sc_hd__dfrtp_1)
                         -0.25   19.98   clock uncertainty
                          0.00   19.98   clock reconvergence pessimism
                         -0.06   19.92   library setup time
                                 19.92   data required time
-----------------------------------------------------------------------------
                                 19.92   data required time
                                 -4.98   data arrival time
-----------------------------------------------------------------------------
                                 14.95   slack (MET)


Startpoint: tx_start (input port clocked by clk)
Endpoint: _287_ (rising edge-triggered flip-flop clocked by clk)
Path Group: clk
Path Type: max
Corner: Fastest

Fanout     Cap    Slew   Delay    Time   Description
-----------------------------------------------------------------------------
                          0.00    0.00   clock clk (rise edge)
                          0.00    0.00   clock network delay (propagated)
                          4.00    4.00 ^ input external delay
                  0.01    0.01    4.01 ^ tx_start (in)
     1    0.00                           tx_start (net)
                  0.01    0.00    4.01 ^ input11/A (sky130_fd_sc_hd__clkbuf_1)
                  0.06    0.08    4.08 ^ input11/X (sky130_fd_sc_hd__clkbuf_1)
     1    0.01                           net11 (net)
                  0.06    0.00    4.08 ^ _216_/D_N (sky130_fd_sc_hd__or4b_2)
                  0.11    0.37    4.46 v _216_/X (sky130_fd_sc_hd__or4b_2)
     3    0.01                           _088_ (net)
                  0.11    0.00    4.46 v _223_/A (sky130_fd_sc_hd__clkbuf_4)
                  0.09    0.18    4.63 v _223_/X (sky130_fd_sc_hd__clkbuf_4)
    10    0.05                           _094_ (net)
                  0.09    0.00    4.64 v _224_/A2 (sky130_fd_sc_hd__a21o_1)
                  0.04    0.14    4.78 v _224_/X (sky130_fd_sc_hd__a21o_1)
     2    0.01                           _095_ (net)
                  0.04    0.00    4.78 v _232_/A1_N (sky130_fd_sc_hd__a2bb2o_1)
                  0.04    0.16    4.94 ^ _232_/X (sky130_fd_sc_hd__a2bb2o_1)
     1    0.00                           _026_ (net)
                  0.04    0.00    4.94 ^ _287_/D (sky130_fd_sc_hd__dfrtp_1)
                                  4.94   data arrival time

                         20.00   20.00   clock clk (rise edge)
                          0.00   20.00   clock source latency
                  0.05    0.03   20.03 ^ clk (in)
     1    0.01                           clk (net)
                  0.05    0.00   20.03 ^ clkbuf_0_clk/A (sky130_fd_sc_hd__clkbuf_16)
                  0.05    0.10   20.13 ^ clkbuf_0_clk/X (sky130_fd_sc_hd__clkbuf_16)
     4    0.05                           clknet_0_clk (net)
                  0.05    0.00   20.14 ^ clkbuf_2_0__f_clk/A (sky130_fd_sc_hd__clkbuf_16)
                  0.04    0.09   20.23 ^ clkbuf_2_0__f_clk/X (sky130_fd_sc_hd__clkbuf_16)
     9    0.03                           clknet_2_0__leaf_clk (net)
                  0.04    0.00   20.23 ^ _287_/CLK (sky130_fd_sc_hd__dfrtp_1)
                         -0.25   19.98   clock uncertainty
                          0.00   19.98   clock reconvergence pessimism
                         -0.04   19.95   library setup time
                                 19.95   data required time
-----------------------------------------------------------------------------
                                 19.95   data required time
                                 -4.94   data arrival time
-----------------------------------------------------------------------------
                                 15.01   slack (MET)


Startpoint: _273_ (rising edge-triggered flip-flop clocked by clk)
Endpoint: sleep_ack (output port clocked by clk)
Path Group: clk
Path Type: max
Corner: Fastest

Fanout     Cap    Slew   Delay    Time   Description
-----------------------------------------------------------------------------
                          0.00    0.00   clock clk (rise edge)
                          0.00    0.00   clock source latency
                  0.05    0.03    0.03 ^ clk (in)
     1    0.01                           clk (net)
                  0.05    0.00    0.03 ^ clkbuf_0_clk/A (sky130_fd_sc_hd__clkbuf_16)
                  0.05    0.11    0.15 ^ clkbuf_0_clk/X (sky130_fd_sc_hd__clkbuf_16)
     4    0.05                           clknet_0_clk (net)
                  0.05    0.00    0.15 ^ clkbuf_2_2__f_clk/A (sky130_fd_sc_hd__clkbuf_16)
                  0.04    0.10    0.25 ^ clkbuf_2_2__f_clk/X (sky130_fd_sc_hd__clkbuf_16)
     8    0.03                           clknet_2_2__leaf_clk (net)
                  0.04    0.00    0.26 ^ _273_/CLK (sky130_fd_sc_hd__dfrtp_2)
                  0.07    0.31    0.56 v _273_/Q (sky130_fd_sc_hd__dfrtp_2)
     5    0.02                           net12 (net)
                  0.07    0.00    0.57 v output12/A (sky130_fd_sc_hd__clkbuf_4)
                  0.07    0.14    0.71 v output12/X (sky130_fd_sc_hd__clkbuf_4)
     1    0.03                           sleep_ack (net)
                  0.07    0.00    0.71 v sleep_ack (out)
                                  0.71   data arrival time

                         20.00   20.00   clock clk (rise edge)
                          0.00   20.00   clock network delay (propagated)
                         -0.25   19.75   clock uncertainty
                          0.00   19.75   clock reconvergence pessimism
                         -4.00   15.75   output external delay
                                 15.75   data required time
-----------------------------------------------------------------------------
                                 15.75   data required time
                                 -0.71   data arrival time
-----------------------------------------------------------------------------
                                 15.04   slack (MET)


Startpoint: tx_start (input port clocked by clk)
Endpoint: _285_ (rising edge-triggered flip-flop clocked by clk)
Path Group: clk
Path Type: max
Corner: Fastest

Fanout     Cap    Slew   Delay    Time   Description
-----------------------------------------------------------------------------
                          0.00    0.00   clock clk (rise edge)
                          0.00    0.00   clock network delay (propagated)
                          4.00    4.00 ^ input external delay
                  0.01    0.01    4.01 ^ tx_start (in)
     1    0.00                           tx_start (net)
                  0.01    0.00    4.01 ^ input11/A (sky130_fd_sc_hd__clkbuf_1)
                  0.06    0.08    4.08 ^ input11/X (sky130_fd_sc_hd__clkbuf_1)
     1    0.01                           net11 (net)
                  0.06    0.00    4.08 ^ _216_/D_N (sky130_fd_sc_hd__or4b_2)
                  0.11    0.37    4.46 v _216_/X (sky130_fd_sc_hd__or4b_2)
     3    0.01                           _088_ (net)
                  0.11    0.00    4.46 v _223_/A (sky130_fd_sc_hd__clkbuf_4)
                  0.09    0.18    4.63 v _223_/X (sky130_fd_sc_hd__clkbuf_4)
    10    0.05                           _094_ (net)
                  0.09    0.00    4.64 v _224_/A2 (sky130_fd_sc_hd__a21o_1)
                  0.04    0.14    4.78 v _224_/X (sky130_fd_sc_hd__a21o_1)
     2    0.01                           _095_ (net)
                  0.04    0.00    4.78 v _225_/B2 (sky130_fd_sc_hd__o22a_1)
                  0.04    0.10    4.88 v _225_/X (sky130_fd_sc_hd__o22a_1)
     1    0.00                           _024_ (net)
                  0.04    0.00    4.88 v _285_/D (sky130_fd_sc_hd__dfrtp_1)
                                  4.88   data arrival time

                         20.00   20.00   clock clk (rise edge)
                          0.00   20.00   clock source latency
                  0.05    0.03   20.03 ^ clk (in)
     1    0.01                           clk (net)
                  0.05    0.00   20.03 ^ clkbuf_0_clk/A (sky130_fd_sc_hd__clkbuf_16)
                  0.05    0.10   20.13 ^ clkbuf_0_clk/X (sky130_fd_sc_hd__clkbuf_16)
     4    0.05                           clknet_0_clk (net)
                  0.05    0.00   20.14 ^ clkbuf_2_1__f_clk/A (sky130_fd_sc_hd__clkbuf_16)
                  0.04    0.10   20.23 ^ clkbuf_2_1__f_clk/X (sky130_fd_sc_hd__clkbuf_16)
    11    0.04                           clknet_2_1__leaf_clk (net)
                  0.04    0.00   20.24 ^ _285_/CLK (sky130_fd_sc_hd__dfrtp_1)
                         -0.25   19.99   clock uncertainty
                          0.00   19.99   clock reconvergence pessimism
                         -0.06   19.92   library setup time
                                 19.92   data required time
-----------------------------------------------------------------------------
                                 19.92   data required time
                                 -4.88   data arrival time
-----------------------------------------------------------------------------
                                 15.05   slack (MET)


Startpoint: tx_start (input port clocked by clk)
Endpoint: _286_ (rising edge-triggered flip-flop clocked by clk)
Path Group: clk
Path Type: max
Corner: Fastest

Fanout     Cap    Slew   Delay    Time   Description
-----------------------------------------------------------------------------
                          0.00    0.00   clock clk (rise edge)
                          0.00    0.00   clock network delay (propagated)
                          4.00    4.00 ^ input external delay
                  0.01    0.01    4.01 ^ tx_start (in)
     1    0.00                           tx_start (net)
                  0.01    0.00    4.01 ^ input11/A (sky130_fd_sc_hd__clkbuf_1)
                  0.06    0.08    4.08 ^ input11/X (sky130_fd_sc_hd__clkbuf_1)
     1    0.01                           net11 (net)
                  0.06    0.00    4.08 ^ _216_/D_N (sky130_fd_sc_hd__or4b_2)
                  0.11    0.37    4.46 v _216_/X (sky130_fd_sc_hd__or4b_2)
     3    0.01                           _088_ (net)
                  0.11    0.00    4.46 v _217_/A2 (sky130_fd_sc_hd__a21oi_2)
                  0.13    0.15    4.61 ^ _217_/Y (sky130_fd_sc_hd__a21oi_2)
     4    0.01                           _089_ (net)
                  0.13    0.00    4.61 ^ _228_/A3 (sky130_fd_sc_hd__a31o_1)
                  0.04    0.11    4.72 ^ _228_/X (sky130_fd_sc_hd__a31o_1)
     1    0.00                           _098_ (net)
                  0.04    0.00    4.72 ^ _229_/B (sky130_fd_sc_hd__and2_1)
                  0.04    0.09    4.81 ^ _229_/X (sky130_fd_sc_hd__and2_1)
     1    0.00                           _099_ (net)
                  0.04    0.00    4.81 ^ _230_/A (sky130_fd_sc_hd__clkbuf_1)
                  0.03    0.05    4.86 ^ _230_/X (sky130_fd_sc_hd__clkbuf_1)
     1    0.00                           _025_ (net)
                  0.03    0.00    4.86 ^ _286_/D (sky130_fd_sc_hd__dfrtp_1)
                                  4.86   data arrival time

                         20.00   20.00   clock clk (rise edge)
                          0.00   20.00   clock source latency
                  0.05    0.03   20.03 ^ clk (in)
     1    0.01                           clk (net)
                  0.05    0.00   20.03 ^ clkbuf_0_clk/A (sky130_fd_sc_hd__clkbuf_16)
                  0.05    0.10   20.13 ^ clkbuf_0_clk/X (sky130_fd_sc_hd__clkbuf_16)
     4    0.05                           clknet_0_clk (net)
                  0.05    0.00   20.14 ^ clkbuf_2_1__f_clk/A (sky130_fd_sc_hd__clkbuf_16)
                  0.04    0.10   20.23 ^ clkbuf_2_1__f_clk/X (sky130_fd_sc_hd__clkbuf_16)
    11    0.04                           clknet_2_1__leaf_clk (net)
                  0.04    0.00   20.24 ^ _286_/CLK (sky130_fd_sc_hd__dfrtp_1)
                         -0.25   19.99   clock uncertainty
                          0.00   19.99   clock reconvergence pessimism
                         -0.03   19.95   library setup time
                                 19.95   data required time
-----------------------------------------------------------------------------
                                 19.95   data required time
                                 -4.86   data arrival time
-----------------------------------------------------------------------------
                                 15.09   slack (MET)


Startpoint: tx_start (input port clocked by clk)
Endpoint: _284_ (rising edge-triggered flip-flop clocked by clk)
Path Group: clk
Path Type: max
Corner: Fastest

Fanout     Cap    Slew   Delay    Time   Description
-----------------------------------------------------------------------------
                          0.00    0.00   clock clk (rise edge)
                          0.00    0.00   clock network delay (propagated)
                          4.00    4.00 ^ input external delay
                  0.01    0.01    4.01 ^ tx_start (in)
     1    0.00                           tx_start (net)
                  0.01    0.00    4.01 ^ input11/A (sky130_fd_sc_hd__clkbuf_1)
                  0.06    0.08    4.08 ^ input11/X (sky130_fd_sc_hd__clkbuf_1)
     1    0.01                           net11 (net)
                  0.06    0.00    4.08 ^ _216_/D_N (sky130_fd_sc_hd__or4b_2)
                  0.11    0.37    4.46 v _216_/X (sky130_fd_sc_hd__or4b_2)
     3    0.01                           _088_ (net)
                  0.11    0.00    4.46 v _217_/A2 (sky130_fd_sc_hd__a21oi_2)
                  0.13    0.15    4.61 ^ _217_/Y (sky130_fd_sc_hd__a21oi_2)
     4    0.01                           _089_ (net)
                  0.13    0.00    4.61 ^ _219_/B (sky130_fd_sc_hd__and2_1)
                  0.06    0.12    4.73 ^ _219_/X (sky130_fd_sc_hd__and2_1)
     2    0.01                           _091_ (net)
                  0.06    0.00    4.73 ^ _220_/B1_N (sky130_fd_sc_hd__o21ba_1)
                  0.03    0.10    4.83 v _220_/X (sky130_fd_sc_hd__o21ba_1)
     1    0.00                           _023_ (net)
                  0.03    0.00    4.83 v _284_/D (sky130_fd_sc_hd__dfrtp_1)
                                  4.83   data arrival time

                         20.00   20.00   clock clk (rise edge)
                          0.00   20.00   clock source latency
                  0.05    0.03   20.03 ^ clk (in)
     1    0.01                           clk (net)
                  0.05    0.00   20.03 ^ clkbuf_0_clk/A (sky130_fd_sc_hd__clkbuf_16)
                  0.05    0.10   20.13 ^ clkbuf_0_clk/X (sky130_fd_sc_hd__clkbuf_16)
     4    0.05                           clknet_0_clk (net)
                  0.05    0.00   20.14 ^ clkbuf_2_1__f_clk/A (sky130_fd_sc_hd__clkbuf_16)
                  0.04    0.10   20.23 ^ clkbuf_2_1__f_clk/X (sky130_fd_sc_hd__clkbuf_16)
    11    0.04                           clknet_2_1__leaf_clk (net)
                  0.04    0.00   20.24 ^ _284_/CLK (sky130_fd_sc_hd__dfrtp_1)
                         -0.25   19.99   clock uncertainty
                          0.00   19.99   clock reconvergence pessimism
                         -0.06   19.93   library setup time
                                 19.93   data required time
-----------------------------------------------------------------------------
                                 19.93   data required time
                                 -4.83   data arrival time
-----------------------------------------------------------------------------
                                 15.09   slack (MET)


Startpoint: tx_start (input port clocked by clk)
Endpoint: _296_ (rising edge-triggered flip-flop clocked by clk)
Path Group: clk
Path Type: max
Corner: Fastest

Fanout     Cap    Slew   Delay    Time   Description
-----------------------------------------------------------------------------
                          0.00    0.00   clock clk (rise edge)
                          0.00    0.00   clock network delay (propagated)
                          4.00    4.00 ^ input external delay
                  0.01    0.01    4.01 ^ tx_start (in)
     1    0.00                           tx_start (net)
                  0.01    0.00    4.01 ^ input11/A (sky130_fd_sc_hd__clkbuf_1)
                  0.06    0.08    4.08 ^ input11/X (sky130_fd_sc_hd__clkbuf_1)
     1    0.01                           net11 (net)
                  0.06    0.00    4.08 ^ _216_/D_N (sky130_fd_sc_hd__or4b_2)
                  0.11    0.37    4.46 v _216_/X (sky130_fd_sc_hd__or4b_2)
     3    0.01                           _088_ (net)
                  0.11    0.00    4.46 v _223_/A (sky130_fd_sc_hd__clkbuf_4)
                  0.09    0.18    4.63 v _223_/X (sky130_fd_sc_hd__clkbuf_4)
    10    0.05                           _094_ (net)
                  0.09    0.00    4.64 v _259_/A1 (sky130_fd_sc_hd__a21oi_1)
                  0.08    0.09    4.73 ^ _259_/Y (sky130_fd_sc_hd__a21oi_1)
     1    0.00                           _119_ (net)
                  0.08    0.00    4.73 ^ _260_/B1 (sky130_fd_sc_hd__a21o_1)
                  0.04    0.06    4.80 ^ _260_/X (sky130_fd_sc_hd__a21o_1)
     1    0.00                           _035_ (net)
                  0.04    0.00    4.80 ^ _296_/D (sky130_fd_sc_hd__dfrtp_4)
                                  4.80   data arrival time

                         20.00   20.00   clock clk (rise edge)
                          0.00   20.00   clock source latency
                  0.05    0.03   20.03 ^ clk (in)
     1    0.01                           clk (net)
                  0.05    0.00   20.03 ^ clkbuf_0_clk/A (sky130_fd_sc_hd__clkbuf_16)
                  0.05    0.10   20.13 ^ clkbuf_0_clk/X (sky130_fd_sc_hd__clkbuf_16)
     4    0.05                           clknet_0_clk (net)
                  0.05    0.00   20.14 ^ clkbuf_2_1__f_clk/A (sky130_fd_sc_hd__clkbuf_16)
                  0.04    0.10   20.23 ^ clkbuf_2_1__f_clk/X (sky130_fd_sc_hd__clkbuf_16)
    11    0.04                           clknet_2_1__leaf_clk (net)
                  0.04    0.00   20.24 ^ _296_/CLK (sky130_fd_sc_hd__dfrtp_4)
                         -0.25   19.99   clock uncertainty
                          0.00   19.99   clock reconvergence pessimism
                         -0.04   19.95   library setup time
                                 19.95   data required time
-----------------------------------------------------------------------------
                                 19.95   data required time
                                 -4.80   data arrival time
-----------------------------------------------------------------------------
                                 15.15   slack (MET)


Startpoint: sleep (input port clocked by clk)
Endpoint: _273_ (rising edge-triggered flip-flop clocked by clk)
Path Group: clk
Path Type: max
Corner: Fastest

Fanout     Cap    Slew   Delay    Time   Description
-----------------------------------------------------------------------------
                          0.00    0.00   clock clk (rise edge)
                          0.00    0.00   clock network delay (propagated)
                          4.00    4.00 v input external delay
                  0.01    0.00    4.00 v sleep (in)
     1    0.00                           sleep (net)
                  0.01    0.00    4.00 v input2/A (sky130_fd_sc_hd__buf_1)
                  0.07    0.09    4.09 v input2/X (sky130_fd_sc_hd__buf_1)
     2    0.01                           net2 (net)
                  0.07    0.00    4.10 v _178_/B (sky130_fd_sc_hd__and2b_1)
                  0.03    0.11    4.21 v _178_/X (sky130_fd_sc_hd__and2b_1)
     1    0.00                           _061_ (net)
                  0.03    0.00    4.21 v _179_/A (sky130_fd_sc_hd__clkbuf_1)
                  0.02    0.06    4.27 v _179_/X (sky130_fd_sc_hd__clkbuf_1)
     1    0.00                           _012_ (net)
                  0.02    0.00    4.27 v _273_/D (sky130_fd_sc_hd__dfrtp_2)
                                  4.27   data arrival time

                         20.00   20.00   clock clk (rise edge)
                          0.00   20.00   clock source latency
                  0.05    0.03   20.03 ^ clk (in)
     1    0.01                           clk (net)
                  0.05    0.00   20.03 ^ clkbuf_0_clk/A (sky130_fd_sc_hd__clkbuf_16)
                  0.05    0.10   20.13 ^ clkbuf_0_clk/X (sky130_fd_sc_hd__clkbuf_16)
     4    0.05                           clknet_0_clk (net)
                  0.05    0.00   20.14 ^ clkbuf_2_2__f_clk/A (sky130_fd_sc_hd__clkbuf_16)
                  0.04    0.09   20.23 ^ clkbuf_2_2__f_clk/X (sky130_fd_sc_hd__clkbuf_16)
     8    0.03                           clknet_2_2__leaf_clk (net)
                  0.04    0.00   20.23 ^ _273_/CLK (sky130_fd_sc_hd__dfrtp_2)
                         -0.25   19.98   clock uncertainty
                          0.00   19.98   clock reconvergence pessimism
                         -0.06   19.92   library setup time
                                 19.92   data required time
-----------------------------------------------------------------------------
                                 19.92   data required time
                                 -4.27   data arrival time
-----------------------------------------------------------------------------
                                 15.66   slack (MET)


Startpoint: sleep (input port clocked by clk)
Endpoint: _272_ (rising edge-triggered flip-flop clocked by clk)
Path Group: clk
Path Type: max
Corner: Fastest

Fanout     Cap    Slew   Delay    Time   Description
-----------------------------------------------------------------------------
                          0.00    0.00   clock clk (rise edge)
                          0.00    0.00   clock network delay (propagated)
                          4.00    4.00 v input external delay
                  0.01    0.00    4.00 v sleep (in)
     1    0.00                           sleep (net)
                  0.01    0.00    4.00 v input2/A (sky130_fd_sc_hd__buf_1)
                  0.07    0.09    4.09 v input2/X (sky130_fd_sc_hd__buf_1)
     2    0.01                           net2 (net)
                  0.07    0.00    4.10 v _177_/B1 (sky130_fd_sc_hd__o21a_1)
                  0.03    0.07    4.17 v _177_/X (sky130_fd_sc_hd__o21a_1)
     1    0.00                           _011_ (net)
                  0.03    0.00    4.17 v _272_/D (sky130_fd_sc_hd__dfrtp_1)
                                  4.17   data arrival time

                         20.00   20.00   clock clk (rise edge)
                          0.00   20.00   clock source latency
                  0.05    0.03   20.03 ^ clk (in)
     1    0.01                           clk (net)
                  0.05    0.00   20.03 ^ clkbuf_0_clk/A (sky130_fd_sc_hd__clkbuf_16)
                  0.05    0.10   20.13 ^ clkbuf_0_clk/X (sky130_fd_sc_hd__clkbuf_16)
     4    0.05                           clknet_0_clk (net)
                  0.05    0.00   20.14 ^ clkbuf_2_2__f_clk/A (sky130_fd_sc_hd__clkbuf_16)
                  0.04    0.09   20.23 ^ clkbuf_2_2__f_clk/X (sky130_fd_sc_hd__clkbuf_16)
     8    0.03                           clknet_2_2__leaf_clk (net)
                  0.04    0.00   20.23 ^ _272_/CLK (sky130_fd_sc_hd__dfrtp_1)
                         -0.25   19.98   clock uncertainty
                          0.00   19.98   clock reconvergence pessimism
                         -0.06   19.92   library setup time
                                 19.92   data required time
-----------------------------------------------------------------------------
                                 19.92   data required time
                                 -4.17   data arrival time
-----------------------------------------------------------------------------
                                 15.75   slack (MET)


Startpoint: rst_n (input port clocked by clk)
Endpoint: _297_ (recovery check against rising-edge clock clk)
Path Group: asynchronous
Path Type: max
Corner: Fastest

Fanout     Cap    Slew   Delay    Time   Description
-----------------------------------------------------------------------------
                          0.00    0.00   clock clk (rise edge)
                          0.00    0.00   clock network delay (propagated)
                          4.00    4.00 ^ input external delay
                  0.02    0.01    4.01 ^ rst_n (in)
     1    0.00                           rst_n (net)
                  0.02    0.00    4.01 ^ input1/A (sky130_fd_sc_hd__clkbuf_2)
                  0.10    0.12    4.13 ^ input1/X (sky130_fd_sc_hd__clkbuf_2)
     4    0.03                           net1 (net)
                  0.10    0.00    4.13 ^ fanout17/A (sky130_fd_sc_hd__clkbuf_4)
                  0.11    0.18    4.31 ^ fanout17/X (sky130_fd_sc_hd__clkbuf_4)
    10    0.05                           net17 (net)
                  0.11    0.00    4.31 ^ _297_/RESET_B (sky130_fd_sc_hd__dfrtp_4)
                                  4.31   data arrival time

                         20.00   20.00   clock clk (rise edge)
                          0.00   20.00   clock source latency
                  0.05    0.03   20.03 ^ clk (in)
     1    0.01                           clk (net)
                  0.05    0.00   20.03 ^ clkbuf_0_clk/A (sky130_fd_sc_hd__clkbuf_16)
                  0.05    0.10   20.13 ^ clkbuf_0_clk/X (sky130_fd_sc_hd__clkbuf_16)
     4    0.05                           clknet_0_clk (net)
                  0.05    0.00   20.14 ^ clkbuf_2_1__f_clk/A (sky130_fd_sc_hd__clkbuf_16)
                  0.04    0.10   20.23 ^ clkbuf_2_1__f_clk/X (sky130_fd_sc_hd__clkbuf_16)
    11    0.04                           clknet_2_1__leaf_clk (net)
                  0.04    0.00   20.24 ^ _297_/CLK (sky130_fd_sc_hd__dfrtp_4)
                         -0.25   19.99   clock uncertainty
                          0.00   19.99   clock reconvergence pessimism
                          0.11   20.10   library recovery time
                                 20.10   data required time
-----------------------------------------------------------------------------
                                 20.10   data required time
                                 -4.31   data arrival time
-----------------------------------------------------------------------------
                                 15.79   slack (MET)


Startpoint: rst_n (input port clocked by clk)
Endpoint: _296_ (recovery check against rising-edge clock clk)
Path Group: asynchronous
Path Type: max
Corner: Fastest

Fanout     Cap    Slew   Delay    Time   Description
-----------------------------------------------------------------------------
                          0.00    0.00   clock clk (rise edge)
                          0.00    0.00   clock network delay (propagated)
                          4.00    4.00 ^ input external delay
                  0.02    0.01    4.01 ^ rst_n (in)
     1    0.00                           rst_n (net)
                  0.02    0.00    4.01 ^ input1/A (sky130_fd_sc_hd__clkbuf_2)
                  0.10    0.12    4.13 ^ input1/X (sky130_fd_sc_hd__clkbuf_2)
     4    0.03                           net1 (net)
                  0.10    0.00    4.13 ^ fanout17/A (sky130_fd_sc_hd__clkbuf_4)
                  0.11    0.18    4.31 ^ fanout17/X (sky130_fd_sc_hd__clkbuf_4)
    10    0.05                           net17 (net)
                  0.11    0.00    4.31 ^ _296_/RESET_B (sky130_fd_sc_hd__dfrtp_4)
                                  4.31   data arrival time

                         20.00   20.00   clock clk (rise edge)
                          0.00   20.00   clock source latency
                  0.05    0.03   20.03 ^ clk (in)
     1    0.01                           clk (net)
                  0.05    0.00   20.03 ^ clkbuf_0_clk/A (sky130_fd_sc_hd__clkbuf_16)
                  0.05    0.10   20.13 ^ clkbuf_0_clk/X (sky130_fd_sc_hd__clkbuf_16)
     4    0.05                           clknet_0_clk (net)
                  0.05    0.00   20.14 ^ clkbuf_2_1__f_clk/A (sky130_fd_sc_hd__clkbuf_16)
                  0.04    0.10   20.23 ^ clkbuf_2_1__f_clk/X (sky130_fd_sc_hd__clkbuf_16)
    11    0.04                           clknet_2_1__leaf_clk (net)
                  0.04    0.00   20.24 ^ _296_/CLK (sky130_fd_sc_hd__dfrtp_4)
                         -0.25   19.99   clock uncertainty
                          0.00   19.99   clock reconvergence pessimism
                          0.11   20.10   library recovery time
                                 20.10   data required time
-----------------------------------------------------------------------------
                                 20.10   data required time
                                 -4.31   data arrival time
-----------------------------------------------------------------------------
                                 15.79   slack (MET)


Startpoint: rst_n (input port clocked by clk)
Endpoint: _274_ (recovery check against rising-edge clock clk)
Path Group: asynchronous
Path Type: max
Corner: Fastest

Fanout     Cap    Slew   Delay    Time   Description
-----------------------------------------------------------------------------
                          0.00    0.00   clock clk (rise edge)
                          0.00    0.00   clock network delay (propagated)
                          4.00    4.00 ^ input external delay
                  0.02    0.01    4.01 ^ rst_n (in)
     1    0.00                           rst_n (net)
                  0.02    0.00    4.01 ^ input1/A (sky130_fd_sc_hd__clkbuf_2)
                  0.10    0.12    4.13 ^ input1/X (sky130_fd_sc_hd__clkbuf_2)
     4    0.03                           net1 (net)
                  0.10    0.00    4.13 ^ fanout16/A (sky130_fd_sc_hd__clkbuf_4)
                  0.10    0.17    4.30 ^ fanout16/X (sky130_fd_sc_hd__clkbuf_4)
     8    0.04                           net16 (net)
                  0.10    0.00    4.30 ^ _274_/RESET_B (sky130_fd_sc_hd__dfrtp_4)
                                  4.30   data arrival time

                         20.00   20.00   clock clk (rise edge)
                          0.00   20.00   clock source latency
                  0.05    0.03   20.03 ^ clk (in)
     1    0.01                           clk (net)
                  0.05    0.00   20.03 ^ clkbuf_0_clk/A (sky130_fd_sc_hd__clkbuf_16)
                  0.05    0.10   20.13 ^ clkbuf_0_clk/X (sky130_fd_sc_hd__clkbuf_16)
     4    0.05                           clknet_0_clk (net)
                  0.05    0.00   20.14 ^ clkbuf_2_2__f_clk/A (sky130_fd_sc_hd__clkbuf_16)
                  0.04    0.09   20.23 ^ clkbuf_2_2__f_clk/X (sky130_fd_sc_hd__clkbuf_16)
     8    0.03                           clknet_2_2__leaf_clk (net)
                  0.04    0.00   20.23 ^ _274_/CLK (sky130_fd_sc_hd__dfrtp_4)
                         -0.25   19.98   clock uncertainty
                          0.00   19.98   clock reconvergence pessimism
                          0.12   20.10   library recovery time
                                 20.10   data required time
-----------------------------------------------------------------------------
                                 20.10   data required time
                                 -4.30   data arrival time
-----------------------------------------------------------------------------
                                 15.79   slack (MET)


Startpoint: rst_n (input port clocked by clk)
Endpoint: _276_ (recovery check against rising-edge clock clk)
Path Group: asynchronous
Path Type: max
Corner: Fastest

Fanout     Cap    Slew   Delay    Time   Description
-----------------------------------------------------------------------------
                          0.00    0.00   clock clk (rise edge)
                          0.00    0.00   clock network delay (propagated)
                          4.00    4.00 ^ input external delay
                  0.02    0.01    4.01 ^ rst_n (in)
     1    0.00                           rst_n (net)
                  0.02    0.00    4.01 ^ input1/A (sky130_fd_sc_hd__clkbuf_2)
                  0.10    0.12    4.13 ^ input1/X (sky130_fd_sc_hd__clkbuf_2)
     4    0.03                           net1 (net)
                  0.10    0.00    4.13 ^ fanout16/A (sky130_fd_sc_hd__clkbuf_4)
                  0.10    0.17    4.30 ^ fanout16/X (sky130_fd_sc_hd__clkbuf_4)
     8    0.04                           net16 (net)
                  0.10    0.00    4.31 ^ _276_/RESET_B (sky130_fd_sc_hd__dfrtp_2)
                                  4.31   data arrival time

                         20.00   20.00   clock clk (rise edge)
                          0.00   20.00   clock source latency
                  0.05    0.03   20.03 ^ clk (in)
     1    0.01                           clk (net)
                  0.05    0.00   20.03 ^ clkbuf_0_clk/A (sky130_fd_sc_hd__clkbuf_16)
                  0.05    0.10   20.13 ^ clkbuf_0_clk/X (sky130_fd_sc_hd__clkbuf_16)
     4    0.05                           clknet_0_clk (net)
                  0.05    0.00   20.14 ^ clkbuf_2_2__f_clk/A (sky130_fd_sc_hd__clkbuf_16)
                  0.04    0.09   20.23 ^ clkbuf_2_2__f_clk/X (sky130_fd_sc_hd__clkbuf_16)
     8    0.03                           clknet_2_2__leaf_clk (net)
                  0.04    0.00   20.23 ^ _276_/CLK (sky130_fd_sc_hd__dfrtp_2)
                         -0.25   19.98   clock uncertainty
                          0.00   19.98   clock reconvergence pessimism
                          0.12   20.10   library recovery time
                                 20.10   data required time
-----------------------------------------------------------------------------
                                 20.10   data required time
                                 -4.31   data arrival time
-----------------------------------------------------------------------------
                                 15.80   slack (MET)


Startpoint: rst_n (input port clocked by clk)
Endpoint: _275_ (recovery check against rising-edge clock clk)
Path Group: asynchronous
Path Type: max
Corner: Fastest

Fanout     Cap    Slew   Delay    Time   Description
-----------------------------------------------------------------------------
                          0.00    0.00   clock clk (rise edge)
                          0.00    0.00   clock network delay (propagated)
                          4.00    4.00 ^ input external delay
                  0.02    0.01    4.01 ^ rst_n (in)
     1    0.00                           rst_n (net)
                  0.02    0.00    4.01 ^ input1/A (sky130_fd_sc_hd__clkbuf_2)
                  0.10    0.12    4.13 ^ input1/X (sky130_fd_sc_hd__clkbuf_2)
     4    0.03                           net1 (net)
                  0.10    0.00    4.13 ^ fanout16/A (sky130_fd_sc_hd__clkbuf_4)
                  0.10    0.17    4.30 ^ fanout16/X (sky130_fd_sc_hd__clkbuf_4)
     8    0.04                           net16 (net)
                  0.10    0.00    4.31 ^ _275_/RESET_B (sky130_fd_sc_hd__dfrtp_2)
                                  4.31   data arrival time

                         20.00   20.00   clock clk (rise edge)
                          0.00   20.00   clock source latency
                  0.05    0.03   20.03 ^ clk (in)
     1    0.01                           clk (net)
                  0.05    0.00   20.03 ^ clkbuf_0_clk/A (sky130_fd_sc_hd__clkbuf_16)
                  0.05    0.10   20.13 ^ clkbuf_0_clk/X (sky130_fd_sc_hd__clkbuf_16)
     4    0.05                           clknet_0_clk (net)
                  0.05    0.00   20.14 ^ clkbuf_2_2__f_clk/A (sky130_fd_sc_hd__clkbuf_16)
                  0.04    0.09   20.23 ^ clkbuf_2_2__f_clk/X (sky130_fd_sc_hd__clkbuf_16)
     8    0.03                           clknet_2_2__leaf_clk (net)
                  0.04    0.00   20.23 ^ _275_/CLK (sky130_fd_sc_hd__dfrtp_2)
                         -0.25   19.98   clock uncertainty
                          0.00   19.98   clock reconvergence pessimism
                          0.12   20.10   library recovery time
                                 20.10   data required time
-----------------------------------------------------------------------------
                                 20.10   data required time
                                 -4.31   data arrival time
-----------------------------------------------------------------------------
                                 15.80   slack (MET)


Startpoint: rst_n (input port clocked by clk)
Endpoint: _272_ (recovery check against rising-edge clock clk)
Path Group: asynchronous
Path Type: max
Corner: Fastest

Fanout     Cap    Slew   Delay    Time   Description
-----------------------------------------------------------------------------
                          0.00    0.00   clock clk (rise edge)
                          0.00    0.00   clock network delay (propagated)
                          4.00    4.00 ^ input external delay
                  0.02    0.01    4.01 ^ rst_n (in)
     1    0.00                           rst_n (net)
                  0.02    0.00    4.01 ^ input1/A (sky130_fd_sc_hd__clkbuf_2)
                  0.10    0.12    4.13 ^ input1/X (sky130_fd_sc_hd__clkbuf_2)
     4    0.03                           net1 (net)
                  0.10    0.00    4.13 ^ fanout15/A (sky130_fd_sc_hd__clkbuf_4)
                  0.11    0.18    4.31 ^ fanout15/X (sky130_fd_sc_hd__clkbuf_4)
    10    0.05                           net15 (net)
                  0.11    0.00    4.32 ^ _272_/RESET_B (sky130_fd_sc_hd__dfrtp_1)
                                  4.32   data arrival time

                         20.00   20.00   clock clk (rise edge)
                          0.00   20.00   clock source latency
                  0.05    0.03   20.03 ^ clk (in)
     1    0.01                           clk (net)
                  0.05    0.00   20.03 ^ clkbuf_0_clk/A (sky130_fd_sc_hd__clkbuf_16)
                  0.05    0.10   20.13 ^ clkbuf_0_clk/X (sky130_fd_sc_hd__clkbuf_16)
     4    0.05                           clknet_0_clk (net)
                  0.05    0.00   20.14 ^ clkbuf_2_2__f_clk/A (sky130_fd_sc_hd__clkbuf_16)
                  0.04    0.09   20.23 ^ clkbuf_2_2__f_clk/X (sky130_fd_sc_hd__clkbuf_16)
     8    0.03                           clknet_2_2__leaf_clk (net)
                  0.04    0.00   20.23 ^ _272_/CLK (sky130_fd_sc_hd__dfrtp_1)
                         -0.25   19.98   clock uncertainty
                          0.00   19.98   clock reconvergence pessimism
                          0.13   20.11   library recovery time
                                 20.11   data required time
-----------------------------------------------------------------------------
                                 20.11   data required time
                                 -4.32   data arrival time
-----------------------------------------------------------------------------
                                 15.80   slack (MET)


Startpoint: rst_n (input port clocked by clk)
Endpoint: _273_ (recovery check against rising-edge clock clk)
Path Group: asynchronous
Path Type: max
Corner: Fastest

Fanout     Cap    Slew   Delay    Time   Description
-----------------------------------------------------------------------------
                          0.00    0.00   clock clk (rise edge)
                          0.00    0.00   clock network delay (propagated)
                          4.00    4.00 ^ input external delay
                  0.02    0.01    4.01 ^ rst_n (in)
     1    0.00                           rst_n (net)
                  0.02    0.00    4.01 ^ input1/A (sky130_fd_sc_hd__clkbuf_2)
                  0.10    0.12    4.13 ^ input1/X (sky130_fd_sc_hd__clkbuf_2)
     4    0.03                           net1 (net)
                  0.10    0.00    4.13 ^ fanout16/A (sky130_fd_sc_hd__clkbuf_4)
                  0.10    0.17    4.30 ^ fanout16/X (sky130_fd_sc_hd__clkbuf_4)
     8    0.04                           net16 (net)
                  0.10    0.00    4.30 ^ _273_/RESET_B (sky130_fd_sc_hd__dfrtp_2)
                                  4.30   data arrival time

                         20.00   20.00   clock clk (rise edge)
                          0.00   20.00   clock source latency
                  0.05    0.03   20.03 ^ clk (in)
     1    0.01                           clk (net)
                  0.05    0.00   20.03 ^ clkbuf_0_clk/A (sky130_fd_sc_hd__clkbuf_16)
                  0.05    0.10   20.13 ^ clkbuf_0_clk/X (sky130_fd_sc_hd__clkbuf_16)
     4    0.05                           clknet_0_clk (net)
                  0.05    0.00   20.14 ^ clkbuf_2_2__f_clk/A (sky130_fd_sc_hd__clkbuf_16)
                  0.04    0.09   20.23 ^ clkbuf_2_2__f_clk/X (sky130_fd_sc_hd__clkbuf_16)
     8    0.03                           clknet_2_2__leaf_clk (net)
                  0.04    0.00   20.23 ^ _273_/CLK (sky130_fd_sc_hd__dfrtp_2)
                         -0.25   19.98   clock uncertainty
                          0.00   19.98   clock reconvergence pessimism
                          0.12   20.10   library recovery time
                                 20.10   data required time
-----------------------------------------------------------------------------
                                 20.10   data required time
                                 -4.30   data arrival time
-----------------------------------------------------------------------------
                                 15.80   slack (MET)


Startpoint: rst_n (input port clocked by clk)
Endpoint: _292_ (recovery check against rising-edge clock clk)
Path Group: asynchronous
Path Type: max
Corner: Fastest

Fanout     Cap    Slew   Delay    Time   Description
-----------------------------------------------------------------------------
                          0.00    0.00   clock clk (rise edge)
                          0.00    0.00   clock network delay (propagated)
                          4.00    4.00 ^ input external delay
                  0.02    0.01    4.01 ^ rst_n (in)
     1    0.00                           rst_n (net)
                  0.02    0.00    4.01 ^ input1/A (sky130_fd_sc_hd__clkbuf_2)
                  0.10    0.12    4.13 ^ input1/X (sky130_fd_sc_hd__clkbuf_2)
     4    0.03                           net1 (net)
                  0.10    0.00    4.13 ^ fanout15/A (sky130_fd_sc_hd__clkbuf_4)
                  0.11    0.18    4.31 ^ fanout15/X (sky130_fd_sc_hd__clkbuf_4)
    10    0.05                           net15 (net)
                  0.11    0.00    4.31 ^ _292_/RESET_B (sky130_fd_sc_hd__dfrtp_1)
                                  4.31   data arrival time

                         20.00   20.00   clock clk (rise edge)
                          0.00   20.00   clock source latency
                  0.05    0.03   20.03 ^ clk (in)
     1    0.01                           clk (net)
                  0.05    0.00   20.03 ^ clkbuf_0_clk/A (sky130_fd_sc_hd__clkbuf_16)
                  0.05    0.10   20.13 ^ clkbuf_0_clk/X (sky130_fd_sc_hd__clkbuf_16)
     4    0.05                           clknet_0_clk (net)
                  0.05    0.00   20.14 ^ clkbuf_2_0__f_clk/A (sky130_fd_sc_hd__clkbuf_16)
                  0.04    0.09   20.23 ^ clkbuf_2_0__f_clk/X (sky130_fd_sc_hd__clkbuf_16)
     9    0.03                           clknet_2_0__leaf_clk (net)
                  0.04    0.00   20.23 ^ _292_/CLK (sky130_fd_sc_hd__dfrtp_1)
                         -0.25   19.98   clock uncertainty
                          0.00   19.98   clock reconvergence pessimism
                          0.13   20.12   library recovery time
                                 20.12   data required time
-----------------------------------------------------------------------------
                                 20.12   data required time
                                 -4.31   data arrival time
-----------------------------------------------------------------------------
                                 15.80   slack (MET)


Startpoint: rst_n (input port clocked by clk)
Endpoint: _291_ (recovery check against rising-edge clock clk)
Path Group: asynchronous
Path Type: max
Corner: Fastest

Fanout     Cap    Slew   Delay    Time   Description
-----------------------------------------------------------------------------
                          0.00    0.00   clock clk (rise edge)
                          0.00    0.00   clock network delay (propagated)
                          4.00    4.00 ^ input external delay
                  0.02    0.01    4.01 ^ rst_n (in)
     1    0.00                           rst_n (net)
                  0.02    0.00    4.01 ^ input1/A (sky130_fd_sc_hd__clkbuf_2)
                  0.10    0.12    4.13 ^ input1/X (sky130_fd_sc_hd__clkbuf_2)
     4    0.03                           net1 (net)
                  0.10    0.00    4.13 ^ fanout15/A (sky130_fd_sc_hd__clkbuf_4)
                  0.11    0.18    4.31 ^ fanout15/X (sky130_fd_sc_hd__clkbuf_4)
    10    0.05                           net15 (net)
                  0.11    0.00    4.31 ^ _291_/RESET_B (sky130_fd_sc_hd__dfrtp_1)
                                  4.31   data arrival time

                         20.00   20.00   clock clk (rise edge)
                          0.00   20.00   clock source latency
                  0.05    0.03   20.03 ^ clk (in)
     1    0.01                           clk (net)
                  0.05    0.00   20.03 ^ clkbuf_0_clk/A (sky130_fd_sc_hd__clkbuf_16)
                  0.05    0.10   20.13 ^ clkbuf_0_clk/X (sky130_fd_sc_hd__clkbuf_16)
     4    0.05                           clknet_0_clk (net)
                  0.05    0.00   20.14 ^ clkbuf_2_0__f_clk/A (sky130_fd_sc_hd__clkbuf_16)
                  0.04    0.09   20.23 ^ clkbuf_2_0__f_clk/X (sky130_fd_sc_hd__clkbuf_16)
     9    0.03                           clknet_2_0__leaf_clk (net)
                  0.04    0.00   20.23 ^ _291_/CLK (sky130_fd_sc_hd__dfrtp_1)
                         -0.25   19.98   clock uncertainty
                          0.00   19.98   clock reconvergence pessimism
                          0.13   20.12   library recovery time
                                 20.12   data required time
-----------------------------------------------------------------------------
                                 20.12   data required time
                                 -4.31   data arrival time
-----------------------------------------------------------------------------
                                 15.80   slack (MET)


Startpoint: rst_n (input port clocked by clk)
Endpoint: _293_ (recovery check against rising-edge clock clk)
Path Group: asynchronous
Path Type: max
Corner: Fastest

Fanout     Cap    Slew   Delay    Time   Description
-----------------------------------------------------------------------------
                          0.00    0.00   clock clk (rise edge)
                          0.00    0.00   clock network delay (propagated)
                          4.00    4.00 ^ input external delay
                  0.02    0.01    4.01 ^ rst_n (in)
     1    0.00                           rst_n (net)
                  0.02    0.00    4.01 ^ input1/A (sky130_fd_sc_hd__clkbuf_2)
                  0.10    0.12    4.13 ^ input1/X (sky130_fd_sc_hd__clkbuf_2)
     4    0.03                           net1 (net)
                  0.10    0.00    4.13 ^ fanout15/A (sky130_fd_sc_hd__clkbuf_4)
                  0.11    0.18    4.31 ^ fanout15/X (sky130_fd_sc_hd__clkbuf_4)
    10    0.05                           net15 (net)
                  0.11    0.01    4.32 ^ _293_/RESET_B (sky130_fd_sc_hd__dfrtp_1)
                                  4.32   data arrival time

                         20.00   20.00   clock clk (rise edge)
                          0.00   20.00   clock source latency
                  0.05    0.03   20.03 ^ clk (in)
     1    0.01                           clk (net)
                  0.05    0.00   20.03 ^ clkbuf_0_clk/A (sky130_fd_sc_hd__clkbuf_16)
                  0.05    0.10   20.13 ^ clkbuf_0_clk/X (sky130_fd_sc_hd__clkbuf_16)
     4    0.05                           clknet_0_clk (net)
                  0.05    0.00   20.14 ^ clkbuf_2_0__f_clk/A (sky130_fd_sc_hd__clkbuf_16)
                  0.04    0.09   20.23 ^ clkbuf_2_0__f_clk/X (sky130_fd_sc_hd__clkbuf_16)
     9    0.03                           clknet_2_0__leaf_clk (net)
                  0.04    0.00   20.23 ^ _293_/CLK (sky130_fd_sc_hd__dfrtp_1)
                         -0.25   19.98   clock uncertainty
                          0.00   19.98   clock reconvergence pessimism
                          0.13   20.12   library recovery time
                                 20.12   data required time
-----------------------------------------------------------------------------
                                 20.12   data required time
                                 -4.32   data arrival time
-----------------------------------------------------------------------------
                                 15.80   slack (MET)


Startpoint: rst_n (input port clocked by clk)
Endpoint: _294_ (recovery check against rising-edge clock clk)
Path Group: asynchronous
Path Type: max
Corner: Fastest

Fanout     Cap    Slew   Delay    Time   Description
-----------------------------------------------------------------------------
                          0.00    0.00   clock clk (rise edge)
                          0.00    0.00   clock network delay (propagated)
                          4.00    4.00 ^ input external delay
                  0.02    0.01    4.01 ^ rst_n (in)
     1    0.00                           rst_n (net)
                  0.02    0.00    4.01 ^ input1/A (sky130_fd_sc_hd__clkbuf_2)
                  0.10    0.12    4.13 ^ input1/X (sky130_fd_sc_hd__clkbuf_2)
     4    0.03                           net1 (net)
                  0.10    0.00    4.13 ^ fanout15/A (sky130_fd_sc_hd__clkbuf_4)
                  0.11    0.18    4.31 ^ fanout15/X (sky130_fd_sc_hd__clkbuf_4)
    10    0.05                           net15 (net)
                  0.11    0.00    4.32 ^ _294_/RESET_B (sky130_fd_sc_hd__dfrtp_1)
                                  4.32   data arrival time

                         20.00   20.00   clock clk (rise edge)
                          0.00   20.00   clock source latency
                  0.05    0.03   20.03 ^ clk (in)
     1    0.01                           clk (net)
                  0.05    0.00   20.03 ^ clkbuf_0_clk/A (sky130_fd_sc_hd__clkbuf_16)
                  0.05    0.10   20.13 ^ clkbuf_0_clk/X (sky130_fd_sc_hd__clkbuf_16)
     4    0.05                           clknet_0_clk (net)
                  0.05    0.00   20.14 ^ clkbuf_2_0__f_clk/A (sky130_fd_sc_hd__clkbuf_16)
                  0.04    0.09   20.23 ^ clkbuf_2_0__f_clk/X (sky130_fd_sc_hd__clkbuf_16)
     9    0.03                           clknet_2_0__leaf_clk (net)
                  0.04    0.00   20.23 ^ _294_/CLK (sky130_fd_sc_hd__dfrtp_1)
                         -0.25   19.98   clock uncertainty
                          0.00   19.98   clock reconvergence pessimism
                          0.13   20.12   library recovery time
                                 20.12   data required time
-----------------------------------------------------------------------------
                                 20.12   data required time
                                 -4.32   data arrival time
-----------------------------------------------------------------------------
                                 15.80   slack (MET)


Startpoint: rst_n (input port clocked by clk)
Endpoint: _289_ (recovery check against rising-edge clock clk)
Path Group: asynchronous
Path Type: max
Corner: Fastest

Fanout     Cap    Slew   Delay    Time   Description
-----------------------------------------------------------------------------
                          0.00    0.00   clock clk (rise edge)
                          0.00    0.00   clock network delay (propagated)
                          4.00    4.00 ^ input external delay
                  0.02    0.01    4.01 ^ rst_n (in)
     1    0.00                           rst_n (net)
                  0.02    0.00    4.01 ^ input1/A (sky130_fd_sc_hd__clkbuf_2)
                  0.10    0.12    4.13 ^ input1/X (sky130_fd_sc_hd__clkbuf_2)
     4    0.03                           net1 (net)
                  0.10    0.00    4.13 ^ fanout15/A (sky130_fd_sc_hd__clkbuf_4)
                  0.11    0.18    4.31 ^ fanout15/X (sky130_fd_sc_hd__clkbuf_4)
    10    0.05                           net15 (net)
                  0.11    0.00    4.32 ^ _289_/RESET_B (sky130_fd_sc_hd__dfrtp_1)
                                  4.32   data arrival time

                         20.00   20.00   clock clk (rise edge)
                          0.00   20.00   clock source latency
                  0.05    0.03   20.03 ^ clk (in)
     1    0.01                           clk (net)
                  0.05    0.00   20.03 ^ clkbuf_0_clk/A (sky130_fd_sc_hd__clkbuf_16)
                  0.05    0.10   20.13 ^ clkbuf_0_clk/X (sky130_fd_sc_hd__clkbuf_16)
     4    0.05                           clknet_0_clk (net)
                  0.05    0.00   20.14 ^ clkbuf_2_0__f_clk/A (sky130_fd_sc_hd__clkbuf_16)
                  0.04    0.09   20.23 ^ clkbuf_2_0__f_clk/X (sky130_fd_sc_hd__clkbuf_16)
     9    0.03                           clknet_2_0__leaf_clk (net)
                  0.04    0.00   20.23 ^ _289_/CLK (sky130_fd_sc_hd__dfrtp_1)
                         -0.25   19.98   clock uncertainty
                          0.00   19.98   clock reconvergence pessimism
                          0.13   20.12   library recovery time
                                 20.12   data required time
-----------------------------------------------------------------------------
                                 20.12   data required time
                                 -4.32   data arrival time
-----------------------------------------------------------------------------
                                 15.80   slack (MET)


Startpoint: rst_n (input port clocked by clk)
Endpoint: _290_ (recovery check against rising-edge clock clk)
Path Group: asynchronous
Path Type: max
Corner: Fastest

Fanout     Cap    Slew   Delay    Time   Description
-----------------------------------------------------------------------------
                          0.00    0.00   clock clk (rise edge)
                          0.00    0.00   clock network delay (propagated)
                          4.00    4.00 ^ input external delay
                  0.02    0.01    4.01 ^ rst_n (in)
     1    0.00                           rst_n (net)
                  0.02    0.00    4.01 ^ input1/A (sky130_fd_sc_hd__clkbuf_2)
                  0.10    0.12    4.13 ^ input1/X (sky130_fd_sc_hd__clkbuf_2)
     4    0.03                           net1 (net)
                  0.10    0.00    4.13 ^ fanout15/A (sky130_fd_sc_hd__clkbuf_4)
                  0.11    0.18    4.31 ^ fanout15/X (sky130_fd_sc_hd__clkbuf_4)
    10    0.05                           net15 (net)
                  0.11    0.00    4.31 ^ _290_/RESET_B (sky130_fd_sc_hd__dfrtp_1)
                                  4.31   data arrival time

                         20.00   20.00   clock clk (rise edge)
                          0.00   20.00   clock source latency
                  0.05    0.03   20.03 ^ clk (in)
     1    0.01                           clk (net)
                  0.05    0.00   20.03 ^ clkbuf_0_clk/A (sky130_fd_sc_hd__clkbuf_16)
                  0.05    0.10   20.13 ^ clkbuf_0_clk/X (sky130_fd_sc_hd__clkbuf_16)
     4    0.05                           clknet_0_clk (net)
                  0.05    0.00   20.14 ^ clkbuf_2_0__f_clk/A (sky130_fd_sc_hd__clkbuf_16)
                  0.04    0.09   20.23 ^ clkbuf_2_0__f_clk/X (sky130_fd_sc_hd__clkbuf_16)
     9    0.03                           clknet_2_0__leaf_clk (net)
                  0.04    0.00   20.23 ^ _290_/CLK (sky130_fd_sc_hd__dfrtp_1)
                         -0.25   19.98   clock uncertainty
                          0.00   19.98   clock reconvergence pessimism
                          0.13   20.12   library recovery time
                                 20.12   data required time
-----------------------------------------------------------------------------
                                 20.12   data required time
                                 -4.31   data arrival time
-----------------------------------------------------------------------------
                                 15.80   slack (MET)


Startpoint: rst_n (input port clocked by clk)
Endpoint: _288_ (recovery check against rising-edge clock clk)
Path Group: asynchronous
Path Type: max
Corner: Fastest

Fanout     Cap    Slew   Delay    Time   Description
-----------------------------------------------------------------------------
                          0.00    0.00   clock clk (rise edge)
                          0.00    0.00   clock network delay (propagated)
                          4.00    4.00 ^ input external delay
                  0.02    0.01    4.01 ^ rst_n (in)
     1    0.00                           rst_n (net)
                  0.02    0.00    4.01 ^ input1/A (sky130_fd_sc_hd__clkbuf_2)
                  0.10    0.12    4.13 ^ input1/X (sky130_fd_sc_hd__clkbuf_2)
     4    0.03                           net1 (net)
                  0.10    0.00    4.13 ^ fanout15/A (sky130_fd_sc_hd__clkbuf_4)
                  0.11    0.18    4.31 ^ fanout15/X (sky130_fd_sc_hd__clkbuf_4)
    10    0.05                           net15 (net)
                  0.11    0.00    4.31 ^ _288_/RESET_B (sky130_fd_sc_hd__dfrtp_1)
                                  4.31   data arrival time

                         20.00   20.00   clock clk (rise edge)
                          0.00   20.00   clock source latency
                  0.05    0.03   20.03 ^ clk (in)
     1    0.01                           clk (net)
                  0.05    0.00   20.03 ^ clkbuf_0_clk/A (sky130_fd_sc_hd__clkbuf_16)
                  0.05    0.10   20.13 ^ clkbuf_0_clk/X (sky130_fd_sc_hd__clkbuf_16)
     4    0.05                           clknet_0_clk (net)
                  0.05    0.00   20.14 ^ clkbuf_2_0__f_clk/A (sky130_fd_sc_hd__clkbuf_16)
                  0.04    0.09   20.23 ^ clkbuf_2_0__f_clk/X (sky130_fd_sc_hd__clkbuf_16)
     9    0.03                           clknet_2_0__leaf_clk (net)
                  0.04    0.00   20.23 ^ _288_/CLK (sky130_fd_sc_hd__dfrtp_1)
                         -0.25   19.98   clock uncertainty
                          0.00   19.98   clock reconvergence pessimism
                          0.13   20.12   library recovery time
                                 20.12   data required time
-----------------------------------------------------------------------------
                                 20.12   data required time
                                 -4.31   data arrival time
-----------------------------------------------------------------------------
                                 15.80   slack (MET)


Startpoint: rst_n (input port clocked by clk)
Endpoint: _269_ (recovery check against rising-edge clock clk)
Path Group: asynchronous
Path Type: max
Corner: Fastest

Fanout     Cap    Slew   Delay    Time   Description
-----------------------------------------------------------------------------
                          0.00    0.00   clock clk (rise edge)
                          0.00    0.00   clock network delay (propagated)
                          4.00    4.00 ^ input external delay
                  0.02    0.01    4.01 ^ rst_n (in)
     1    0.00                           rst_n (net)
                  0.02    0.00    4.01 ^ input1/A (sky130_fd_sc_hd__clkbuf_2)
                  0.10    0.12    4.13 ^ input1/X (sky130_fd_sc_hd__clkbuf_2)
     4    0.03                           net1 (net)
                  0.10    0.00    4.13 ^ fanout18/A (sky130_fd_sc_hd__clkbuf_4)
                  0.10    0.17    4.30 ^ fanout18/X (sky130_fd_sc_hd__clkbuf_4)
     9    0.05                           net18 (net)
                  0.10    0.00    4.31 ^ _269_/RESET_B (sky130_fd_sc_hd__dfrtp_2)
                                  4.31   data arrival time

                         20.00   20.00   clock clk (rise edge)
                          0.00   20.00   clock source latency
                  0.05    0.03   20.03 ^ clk (in)
     1    0.01                           clk (net)
                  0.05    0.00   20.03 ^ clkbuf_0_clk/A (sky130_fd_sc_hd__clkbuf_16)
                  0.05    0.10   20.13 ^ clkbuf_0_clk/X (sky130_fd_sc_hd__clkbuf_16)
     4    0.05                           clknet_0_clk (net)
                  0.05    0.00   20.14 ^ clkbuf_2_1__f_clk/A (sky130_fd_sc_hd__clkbuf_16)
                  0.04    0.10   20.23 ^ clkbuf_2_1__f_clk/X (sky130_fd_sc_hd__clkbuf_16)
    11    0.04                           clknet_2_1__leaf_clk (net)
                  0.04    0.00   20.24 ^ _269_/CLK (sky130_fd_sc_hd__dfrtp_2)
                         -0.25   19.99   clock uncertainty
                          0.00   19.99   clock reconvergence pessimism
                          0.12   20.11   library recovery time
                                 20.11   data required time
-----------------------------------------------------------------------------
                                 20.11   data required time
                                 -4.31   data arrival time
-----------------------------------------------------------------------------
                                 15.80   slack (MET)


Startpoint: rst_n (input port clocked by clk)
Endpoint: _295_ (recovery check against rising-edge clock clk)
Path Group: asynchronous
Path Type: max
Corner: Fastest

Fanout     Cap    Slew   Delay    Time   Description
-----------------------------------------------------------------------------
                          0.00    0.00   clock clk (rise edge)
                          0.00    0.00   clock network delay (propagated)
                          4.00    4.00 ^ input external delay
                  0.02    0.01    4.01 ^ rst_n (in)
     1    0.00                           rst_n (net)
                  0.02    0.00    4.01 ^ input1/A (sky130_fd_sc_hd__clkbuf_2)
                  0.10    0.12    4.13 ^ input1/X (sky130_fd_sc_hd__clkbuf_2)
     4    0.03                           net1 (net)
                  0.10    0.00    4.13 ^ fanout15/A (sky130_fd_sc_hd__clkbuf_4)
                  0.11    0.18    4.31 ^ fanout15/X (sky130_fd_sc_hd__clkbuf_4)
    10    0.05                           net15 (net)
                  0.11    0.00    4.31 ^ _295_/RESET_B (sky130_fd_sc_hd__dfrtp_1)
                                  4.31   data arrival time

                         20.00   20.00   clock clk (rise edge)
                          0.00   20.00   clock source latency
                  0.05    0.03   20.03 ^ clk (in)
     1    0.01                           clk (net)
                  0.05    0.00   20.03 ^ clkbuf_0_clk/A (sky130_fd_sc_hd__clkbuf_16)
                  0.05    0.10   20.13 ^ clkbuf_0_clk/X (sky130_fd_sc_hd__clkbuf_16)
     4    0.05                           clknet_0_clk (net)
                  0.05    0.00   20.14 ^ clkbuf_2_0__f_clk/A (sky130_fd_sc_hd__clkbuf_16)
                  0.04    0.09   20.23 ^ clkbuf_2_0__f_clk/X (sky130_fd_sc_hd__clkbuf_16)
     9    0.03                           clknet_2_0__leaf_clk (net)
                  0.04    0.00   20.23 ^ _295_/CLK (sky130_fd_sc_hd__dfrtp_1)
                         -0.25   19.98   clock uncertainty
                          0.00   19.98   clock reconvergence pessimism
                          0.13   20.12   library recovery time
                                 20.12   data required time
-----------------------------------------------------------------------------
                                 20.12   data required time
                                 -4.31   data arrival time
-----------------------------------------------------------------------------
                                 15.80   slack (MET)


Startpoint: rst_n (input port clocked by clk)
Endpoint: _287_ (recovery check against rising-edge clock clk)
Path Group: asynchronous
Path Type: max
Corner: Fastest

Fanout     Cap    Slew   Delay    Time   Description
-----------------------------------------------------------------------------
                          0.00    0.00   clock clk (rise edge)
                          0.00    0.00   clock network delay (propagated)
                          4.00    4.00 ^ input external delay
                  0.02    0.01    4.01 ^ rst_n (in)
     1    0.00                           rst_n (net)
                  0.02    0.00    4.01 ^ input1/A (sky130_fd_sc_hd__clkbuf_2)
                  0.10    0.12    4.13 ^ input1/X (sky130_fd_sc_hd__clkbuf_2)
     4    0.03                           net1 (net)
                  0.10    0.00    4.13 ^ fanout15/A (sky130_fd_sc_hd__clkbuf_4)
                  0.11    0.18    4.31 ^ fanout15/X (sky130_fd_sc_hd__clkbuf_4)
    10    0.05                           net15 (net)
                  0.11    0.00    4.31 ^ _287_/RESET_B (sky130_fd_sc_hd__dfrtp_1)
                                  4.31   data arrival time

                         20.00   20.00   clock clk (rise edge)
                          0.00   20.00   clock source latency
                  0.05    0.03   20.03 ^ clk (in)
     1    0.01                           clk (net)
                  0.05    0.00   20.03 ^ clkbuf_0_clk/A (sky130_fd_sc_hd__clkbuf_16)
                  0.05    0.10   20.13 ^ clkbuf_0_clk/X (sky130_fd_sc_hd__clkbuf_16)
     4    0.05                           clknet_0_clk (net)
                  0.05    0.00   20.14 ^ clkbuf_2_0__f_clk/A (sky130_fd_sc_hd__clkbuf_16)
                  0.04    0.09   20.23 ^ clkbuf_2_0__f_clk/X (sky130_fd_sc_hd__clkbuf_16)
     9    0.03                           clknet_2_0__leaf_clk (net)
                  0.04    0.00   20.23 ^ _287_/CLK (sky130_fd_sc_hd__dfrtp_1)
                         -0.25   19.98   clock uncertainty
                          0.00   19.98   clock reconvergence pessimism
                          0.13   20.12   library recovery time
                                 20.12   data required time
-----------------------------------------------------------------------------
                                 20.12   data required time
                                 -4.31   data arrival time
-----------------------------------------------------------------------------
                                 15.81   slack (MET)


Startpoint: rst_n (input port clocked by clk)
Endpoint: _298_ (recovery check against rising-edge clock clk)
Path Group: asynchronous
Path Type: max
Corner: Fastest

Fanout     Cap    Slew   Delay    Time   Description
-----------------------------------------------------------------------------
                          0.00    0.00   clock clk (rise edge)
                          0.00    0.00   clock network delay (propagated)
                          4.00    4.00 ^ input external delay
                  0.02    0.01    4.01 ^ rst_n (in)
     1    0.00                           rst_n (net)
                  0.02    0.00    4.01 ^ input1/A (sky130_fd_sc_hd__clkbuf_2)
                  0.10    0.12    4.13 ^ input1/X (sky130_fd_sc_hd__clkbuf_2)
     4    0.03                           net1 (net)
                  0.10    0.00    4.13 ^ fanout17/A (sky130_fd_sc_hd__clkbuf_4)
                  0.11    0.18    4.31 ^ fanout17/X (sky130_fd_sc_hd__clkbuf_4)
    10    0.05                           net17 (net)
                  0.11    0.00    4.31 ^ _298_/RESET_B (sky130_fd_sc_hd__dfrtp_1)
                                  4.31   data arrival time

                         20.00   20.00   clock clk (rise edge)
                          0.00   20.00   clock source latency
                  0.05    0.03   20.03 ^ clk (in)
     1    0.01                           clk (net)
                  0.05    0.00   20.03 ^ clkbuf_0_clk/A (sky130_fd_sc_hd__clkbuf_16)
                  0.05    0.10   20.13 ^ clkbuf_0_clk/X (sky130_fd_sc_hd__clkbuf_16)
     4    0.05                           clknet_0_clk (net)
                  0.05    0.00   20.14 ^ clkbuf_2_1__f_clk/A (sky130_fd_sc_hd__clkbuf_16)
                  0.04    0.10   20.23 ^ clkbuf_2_1__f_clk/X (sky130_fd_sc_hd__clkbuf_16)
    11    0.04                           clknet_2_1__leaf_clk (net)
                  0.04    0.00   20.24 ^ _298_/CLK (sky130_fd_sc_hd__dfrtp_1)
                         -0.25   19.99   clock uncertainty
                          0.00   19.99   clock reconvergence pessimism
                          0.13   20.12   library recovery time
                                 20.12   data required time
-----------------------------------------------------------------------------
                                 20.12   data required time
                                 -4.31   data arrival time
-----------------------------------------------------------------------------
                                 15.81   slack (MET)


Startpoint: rst_n (input port clocked by clk)
Endpoint: _286_ (recovery check against rising-edge clock clk)
Path Group: asynchronous
Path Type: max
Corner: Fastest

Fanout     Cap    Slew   Delay    Time   Description
-----------------------------------------------------------------------------
                          0.00    0.00   clock clk (rise edge)
                          0.00    0.00   clock network delay (propagated)
                          4.00    4.00 ^ input external delay
                  0.02    0.01    4.01 ^ rst_n (in)
     1    0.00                           rst_n (net)
                  0.02    0.00    4.01 ^ input1/A (sky130_fd_sc_hd__clkbuf_2)
                  0.10    0.12    4.13 ^ input1/X (sky130_fd_sc_hd__clkbuf_2)
     4    0.03                           net1 (net)
                  0.10    0.00    4.13 ^ fanout17/A (sky130_fd_sc_hd__clkbuf_4)
                  0.11    0.18    4.31 ^ fanout17/X (sky130_fd_sc_hd__clkbuf_4)
    10    0.05                           net17 (net)
                  0.11    0.00    4.31 ^ _286_/RESET_B (sky130_fd_sc_hd__dfrtp_1)
                                  4.31   data arrival time

                         20.00   20.00   clock clk (rise edge)
                          0.00   20.00   clock source latency
                  0.05    0.03   20.03 ^ clk (in)
     1    0.01                           clk (net)
                  0.05    0.00   20.03 ^ clkbuf_0_clk/A (sky130_fd_sc_hd__clkbuf_16)
                  0.05    0.10   20.13 ^ clkbuf_0_clk/X (sky130_fd_sc_hd__clkbuf_16)
     4    0.05                           clknet_0_clk (net)
                  0.05    0.00   20.14 ^ clkbuf_2_1__f_clk/A (sky130_fd_sc_hd__clkbuf_16)
                  0.04    0.10   20.23 ^ clkbuf_2_1__f_clk/X (sky130_fd_sc_hd__clkbuf_16)
    11    0.04                           clknet_2_1__leaf_clk (net)
                  0.04    0.00   20.24 ^ _286_/CLK (sky130_fd_sc_hd__dfrtp_1)
                         -0.25   19.99   clock uncertainty
                          0.00   19.99   clock reconvergence pessimism
                          0.13   20.12   library recovery time
                                 20.12   data required time
-----------------------------------------------------------------------------
                                 20.12   data required time
                                 -4.31   data arrival time
-----------------------------------------------------------------------------
                                 15.81   slack (MET)


Startpoint: rst_n (input port clocked by clk)
Endpoint: _267_ (recovery check against rising-edge clock clk)
Path Group: asynchronous
Path Type: max
Corner: Fastest

Fanout     Cap    Slew   Delay    Time   Description
-----------------------------------------------------------------------------
                          0.00    0.00   clock clk (rise edge)
                          0.00    0.00   clock network delay (propagated)
                          4.00    4.00 ^ input external delay
                  0.02    0.01    4.01 ^ rst_n (in)
     1    0.00                           rst_n (net)
                  0.02    0.00    4.01 ^ input1/A (sky130_fd_sc_hd__clkbuf_2)
                  0.10    0.12    4.13 ^ input1/X (sky130_fd_sc_hd__clkbuf_2)
     4    0.03                           net1 (net)
                  0.10    0.00    4.13 ^ fanout17/A (sky130_fd_sc_hd__clkbuf_4)
                  0.11    0.18    4.31 ^ fanout17/X (sky130_fd_sc_hd__clkbuf_4)
    10    0.05                           net17 (net)
                  0.11    0.00    4.31 ^ _267_/RESET_B (sky130_fd_sc_hd__dfrtp_1)
                                  4.31   data arrival time

                         20.00   20.00   clock clk (rise edge)
                          0.00   20.00   clock source latency
                  0.05    0.03   20.03 ^ clk (in)
     1    0.01                           clk (net)
                  0.05    0.00   20.03 ^ clkbuf_0_clk/A (sky130_fd_sc_hd__clkbuf_16)
                  0.05    0.10   20.13 ^ clkbuf_0_clk/X (sky130_fd_sc_hd__clkbuf_16)
     4    0.05                           clknet_0_clk (net)
                  0.05    0.00   20.14 ^ clkbuf_2_1__f_clk/A (sky130_fd_sc_hd__clkbuf_16)
                  0.04    0.10   20.23 ^ clkbuf_2_1__f_clk/X (sky130_fd_sc_hd__clkbuf_16)
    11    0.04                           clknet_2_1__leaf_clk (net)
                  0.04    0.00   20.24 ^ _267_/CLK (sky130_fd_sc_hd__dfrtp_1)
                         -0.25   19.99   clock uncertainty
                          0.00   19.99   clock reconvergence pessimism
                          0.13   20.12   library recovery time
                                 20.12   data required time
-----------------------------------------------------------------------------
                                 20.12   data required time
                                 -4.31   data arrival time
-----------------------------------------------------------------------------
                                 15.81   slack (MET)


Startpoint: rst_n (input port clocked by clk)
Endpoint: _284_ (recovery check against rising-edge clock clk)
Path Group: asynchronous
Path Type: max
Corner: Fastest

Fanout     Cap    Slew   Delay    Time   Description
-----------------------------------------------------------------------------
                          0.00    0.00   clock clk (rise edge)
                          0.00    0.00   clock network delay (propagated)
                          4.00    4.00 ^ input external delay
                  0.02    0.01    4.01 ^ rst_n (in)
     1    0.00                           rst_n (net)
                  0.02    0.00    4.01 ^ input1/A (sky130_fd_sc_hd__clkbuf_2)
                  0.10    0.12    4.13 ^ input1/X (sky130_fd_sc_hd__clkbuf_2)
     4    0.03                           net1 (net)
                  0.10    0.00    4.13 ^ fanout17/A (sky130_fd_sc_hd__clkbuf_4)
                  0.11    0.18    4.31 ^ fanout17/X (sky130_fd_sc_hd__clkbuf_4)
    10    0.05                           net17 (net)
                  0.11    0.00    4.31 ^ _284_/RESET_B (sky130_fd_sc_hd__dfrtp_1)
                                  4.31   data arrival time

                         20.00   20.00   clock clk (rise edge)
                          0.00   20.00   clock source latency
                  0.05    0.03   20.03 ^ clk (in)
     1    0.01                           clk (net)
                  0.05    0.00   20.03 ^ clkbuf_0_clk/A (sky130_fd_sc_hd__clkbuf_16)
                  0.05    0.10   20.13 ^ clkbuf_0_clk/X (sky130_fd_sc_hd__clkbuf_16)
     4    0.05                           clknet_0_clk (net)
                  0.05    0.00   20.14 ^ clkbuf_2_1__f_clk/A (sky130_fd_sc_hd__clkbuf_16)
                  0.04    0.10   20.23 ^ clkbuf_2_1__f_clk/X (sky130_fd_sc_hd__clkbuf_16)
    11    0.04                           clknet_2_1__leaf_clk (net)
                  0.04    0.00   20.24 ^ _284_/CLK (sky130_fd_sc_hd__dfrtp_1)
                         -0.25   19.99   clock uncertainty
                          0.00   19.99   clock reconvergence pessimism
                          0.13   20.12   library recovery time
                                 20.12   data required time
-----------------------------------------------------------------------------
                                 20.12   data required time
                                 -4.31   data arrival time
-----------------------------------------------------------------------------
                                 15.81   slack (MET)


Startpoint: rst_n (input port clocked by clk)
Endpoint: _268_ (recovery check against rising-edge clock clk)
Path Group: asynchronous
Path Type: max
Corner: Fastest

Fanout     Cap    Slew   Delay    Time   Description
-----------------------------------------------------------------------------
                          0.00    0.00   clock clk (rise edge)
                          0.00    0.00   clock network delay (propagated)
                          4.00    4.00 ^ input external delay
                  0.02    0.01    4.01 ^ rst_n (in)
     1    0.00                           rst_n (net)
                  0.02    0.00    4.01 ^ input1/A (sky130_fd_sc_hd__clkbuf_2)
                  0.10    0.12    4.13 ^ input1/X (sky130_fd_sc_hd__clkbuf_2)
     4    0.03                           net1 (net)
                  0.10    0.00    4.13 ^ fanout17/A (sky130_fd_sc_hd__clkbuf_4)
                  0.11    0.18    4.31 ^ fanout17/X (sky130_fd_sc_hd__clkbuf_4)
    10    0.05                           net17 (net)
                  0.11    0.00    4.31 ^ _268_/RESET_B (sky130_fd_sc_hd__dfrtp_1)
                                  4.31   data arrival time

                         20.00   20.00   clock clk (rise edge)
                          0.00   20.00   clock source latency
                  0.05    0.03   20.03 ^ clk (in)
     1    0.01                           clk (net)
                  0.05    0.00   20.03 ^ clkbuf_0_clk/A (sky130_fd_sc_hd__clkbuf_16)
                  0.05    0.10   20.13 ^ clkbuf_0_clk/X (sky130_fd_sc_hd__clkbuf_16)
     4    0.05                           clknet_0_clk (net)
                  0.05    0.00   20.14 ^ clkbuf_2_1__f_clk/A (sky130_fd_sc_hd__clkbuf_16)
                  0.04    0.10   20.23 ^ clkbuf_2_1__f_clk/X (sky130_fd_sc_hd__clkbuf_16)
    11    0.04                           clknet_2_1__leaf_clk (net)
                  0.04    0.00   20.24 ^ _268_/CLK (sky130_fd_sc_hd__dfrtp_1)
                         -0.25   19.99   clock uncertainty
                          0.00   19.99   clock reconvergence pessimism
                          0.13   20.12   library recovery time
                                 20.12   data required time
-----------------------------------------------------------------------------
                                 20.12   data required time
                                 -4.31   data arrival time
-----------------------------------------------------------------------------
                                 15.81   slack (MET)


Startpoint: rst_n (input port clocked by clk)
Endpoint: _285_ (recovery check against rising-edge clock clk)
Path Group: asynchronous
Path Type: max
Corner: Fastest

Fanout     Cap    Slew   Delay    Time   Description
-----------------------------------------------------------------------------
                          0.00    0.00   clock clk (rise edge)
                          0.00    0.00   clock network delay (propagated)
                          4.00    4.00 ^ input external delay
                  0.02    0.01    4.01 ^ rst_n (in)
     1    0.00                           rst_n (net)
                  0.02    0.00    4.01 ^ input1/A (sky130_fd_sc_hd__clkbuf_2)
                  0.10    0.12    4.13 ^ input1/X (sky130_fd_sc_hd__clkbuf_2)
     4    0.03                           net1 (net)
                  0.10    0.00    4.13 ^ fanout17/A (sky130_fd_sc_hd__clkbuf_4)
                  0.11    0.18    4.31 ^ fanout17/X (sky130_fd_sc_hd__clkbuf_4)
    10    0.05                           net17 (net)
                  0.11    0.00    4.31 ^ _285_/RESET_B (sky130_fd_sc_hd__dfrtp_1)
                                  4.31   data arrival time

                         20.00   20.00   clock clk (rise edge)
                          0.00   20.00   clock source latency
                  0.05    0.03   20.03 ^ clk (in)
     1    0.01                           clk (net)
                  0.05    0.00   20.03 ^ clkbuf_0_clk/A (sky130_fd_sc_hd__clkbuf_16)
                  0.05    0.10   20.13 ^ clkbuf_0_clk/X (sky130_fd_sc_hd__clkbuf_16)
     4    0.05                           clknet_0_clk (net)
                  0.05    0.00   20.14 ^ clkbuf_2_1__f_clk/A (sky130_fd_sc_hd__clkbuf_16)
                  0.04    0.10   20.23 ^ clkbuf_2_1__f_clk/X (sky130_fd_sc_hd__clkbuf_16)
    11    0.04                           clknet_2_1__leaf_clk (net)
                  0.04    0.00   20.24 ^ _285_/CLK (sky130_fd_sc_hd__dfrtp_1)
                         -0.25   19.99   clock uncertainty
                          0.00   19.99   clock reconvergence pessimism
                          0.13   20.12   library recovery time
                                 20.12   data required time
-----------------------------------------------------------------------------
                                 20.12   data required time
                                 -4.31   data arrival time
-----------------------------------------------------------------------------
                                 15.81   slack (MET)


Startpoint: rst_n (input port clocked by clk)
Endpoint: _266_ (recovery check against rising-edge clock clk)
Path Group: asynchronous
Path Type: max
Corner: Fastest

Fanout     Cap    Slew   Delay    Time   Description
-----------------------------------------------------------------------------
                          0.00    0.00   clock clk (rise edge)
                          0.00    0.00   clock network delay (propagated)
                          4.00    4.00 ^ input external delay
                  0.02    0.01    4.01 ^ rst_n (in)
     1    0.00                           rst_n (net)
                  0.02    0.00    4.01 ^ input1/A (sky130_fd_sc_hd__clkbuf_2)
                  0.10    0.12    4.13 ^ input1/X (sky130_fd_sc_hd__clkbuf_2)
     4    0.03                           net1 (net)
                  0.10    0.00    4.13 ^ fanout17/A (sky130_fd_sc_hd__clkbuf_4)
                  0.11    0.18    4.31 ^ fanout17/X (sky130_fd_sc_hd__clkbuf_4)
    10    0.05                           net17 (net)
                  0.11    0.00    4.31 ^ _266_/RESET_B (sky130_fd_sc_hd__dfrtp_1)
                                  4.31   data arrival time

                         20.00   20.00   clock clk (rise edge)
                          0.00   20.00   clock source latency
                  0.05    0.03   20.03 ^ clk (in)
     1    0.01                           clk (net)
                  0.05    0.00   20.03 ^ clkbuf_0_clk/A (sky130_fd_sc_hd__clkbuf_16)
                  0.05    0.10   20.13 ^ clkbuf_0_clk/X (sky130_fd_sc_hd__clkbuf_16)
     4    0.05                           clknet_0_clk (net)
                  0.05    0.00   20.14 ^ clkbuf_2_1__f_clk/A (sky130_fd_sc_hd__clkbuf_16)
                  0.04    0.10   20.23 ^ clkbuf_2_1__f_clk/X (sky130_fd_sc_hd__clkbuf_16)
    11    0.04                           clknet_2_1__leaf_clk (net)
                  0.04    0.00   20.24 ^ _266_/CLK (sky130_fd_sc_hd__dfrtp_1)
                         -0.25   19.99   clock uncertainty
                          0.00   19.99   clock reconvergence pessimism
                          0.13   20.12   library recovery time
                                 20.12   data required time
-----------------------------------------------------------------------------
                                 20.12   data required time
                                 -4.31   data arrival time
-----------------------------------------------------------------------------
                                 15.81   slack (MET)


Startpoint: rst_n (input port clocked by clk)
Endpoint: _270_ (recovery check against rising-edge clock clk)
Path Group: asynchronous
Path Type: max
Corner: Fastest

Fanout     Cap    Slew   Delay    Time   Description
-----------------------------------------------------------------------------
                          0.00    0.00   clock clk (rise edge)
                          0.00    0.00   clock network delay (propagated)
                          4.00    4.00 ^ input external delay
                  0.02    0.01    4.01 ^ rst_n (in)
     1    0.00                           rst_n (net)
                  0.02    0.00    4.01 ^ input1/A (sky130_fd_sc_hd__clkbuf_2)
                  0.10    0.12    4.13 ^ input1/X (sky130_fd_sc_hd__clkbuf_2)
     4    0.03                           net1 (net)
                  0.10    0.00    4.13 ^ fanout17/A (sky130_fd_sc_hd__clkbuf_4)
                  0.11    0.18    4.31 ^ fanout17/X (sky130_fd_sc_hd__clkbuf_4)
    10    0.05                           net17 (net)
                  0.11    0.00    4.31 ^ _270_/RESET_B (sky130_fd_sc_hd__dfrtp_1)
                                  4.31   data arrival time

                         20.00   20.00   clock clk (rise edge)
                          0.00   20.00   clock source latency
                  0.05    0.03   20.03 ^ clk (in)
     1    0.01                           clk (net)
                  0.05    0.00   20.03 ^ clkbuf_0_clk/A (sky130_fd_sc_hd__clkbuf_16)
                  0.05    0.10   20.13 ^ clkbuf_0_clk/X (sky130_fd_sc_hd__clkbuf_16)
     4    0.05                           clknet_0_clk (net)
                  0.05    0.00   20.14 ^ clkbuf_2_1__f_clk/A (sky130_fd_sc_hd__clkbuf_16)
                  0.04    0.10   20.23 ^ clkbuf_2_1__f_clk/X (sky130_fd_sc_hd__clkbuf_16)
    11    0.04                           clknet_2_1__leaf_clk (net)
                  0.04    0.00   20.24 ^ _270_/CLK (sky130_fd_sc_hd__dfrtp_1)
                         -0.25   19.99   clock uncertainty
                          0.00   19.99   clock reconvergence pessimism
                          0.13   20.12   library recovery time
                                 20.12   data required time
-----------------------------------------------------------------------------
                                 20.12   data required time
                                 -4.31   data arrival time
-----------------------------------------------------------------------------
                                 15.81   slack (MET)


Startpoint: rst_n (input port clocked by clk)
Endpoint: _277_ (recovery check against rising-edge clock clk)
Path Group: asynchronous
Path Type: max
Corner: Fastest

Fanout     Cap    Slew   Delay    Time   Description
-----------------------------------------------------------------------------
                          0.00    0.00   clock clk (rise edge)
                          0.00    0.00   clock network delay (propagated)
                          4.00    4.00 ^ input external delay
                  0.02    0.01    4.01 ^ rst_n (in)
     1    0.00                           rst_n (net)
                  0.02    0.00    4.01 ^ input1/A (sky130_fd_sc_hd__clkbuf_2)
                  0.10    0.12    4.13 ^ input1/X (sky130_fd_sc_hd__clkbuf_2)
     4    0.03                           net1 (net)
                  0.10    0.00    4.13 ^ fanout16/A (sky130_fd_sc_hd__clkbuf_4)
                  0.10    0.17    4.30 ^ fanout16/X (sky130_fd_sc_hd__clkbuf_4)
     8    0.04                           net16 (net)
                  0.10    0.00    4.31 ^ _277_/RESET_B (sky130_fd_sc_hd__dfrtp_1)
                                  4.31   data arrival time

                         20.00   20.00   clock clk (rise edge)
                          0.00   20.00   clock source latency
                  0.05    0.03   20.03 ^ clk (in)
     1    0.01                           clk (net)
                  0.05    0.00   20.03 ^ clkbuf_0_clk/A (sky130_fd_sc_hd__clkbuf_16)
                  0.05    0.10   20.13 ^ clkbuf_0_clk/X (sky130_fd_sc_hd__clkbuf_16)
     4    0.05                           clknet_0_clk (net)
                  0.05    0.00   20.14 ^ clkbuf_2_2__f_clk/A (sky130_fd_sc_hd__clkbuf_16)
                  0.04    0.09   20.23 ^ clkbuf_2_2__f_clk/X (sky130_fd_sc_hd__clkbuf_16)
     8    0.03                           clknet_2_2__leaf_clk (net)
                  0.04    0.00   20.23 ^ _277_/CLK (sky130_fd_sc_hd__dfrtp_1)
                         -0.25   19.98   clock uncertainty
                          0.00   19.98   clock reconvergence pessimism
                          0.13   20.12   library recovery time
                                 20.12   data required time
-----------------------------------------------------------------------------
                                 20.12   data required time
                                 -4.31   data arrival time
-----------------------------------------------------------------------------
                                 15.81   slack (MET)


Startpoint: rst_n (input port clocked by clk)
Endpoint: _283_ (recovery check against rising-edge clock clk)
Path Group: asynchronous
Path Type: max
Corner: Fastest

Fanout     Cap    Slew   Delay    Time   Description
-----------------------------------------------------------------------------
                          0.00    0.00   clock clk (rise edge)
                          0.00    0.00   clock network delay (propagated)
                          4.00    4.00 ^ input external delay
                  0.02    0.01    4.01 ^ rst_n (in)
     1    0.00                           rst_n (net)
                  0.02    0.00    4.01 ^ input1/A (sky130_fd_sc_hd__clkbuf_2)
                  0.10    0.12    4.13 ^ input1/X (sky130_fd_sc_hd__clkbuf_2)
     4    0.03                           net1 (net)
                  0.10    0.00    4.13 ^ fanout16/A (sky130_fd_sc_hd__clkbuf_4)
                  0.10    0.17    4.30 ^ fanout16/X (sky130_fd_sc_hd__clkbuf_4)
     8    0.04                           net16 (net)
                  0.10    0.00    4.30 ^ _283_/RESET_B (sky130_fd_sc_hd__dfrtp_1)
                                  4.30   data arrival time

                         20.00   20.00   clock clk (rise edge)
                          0.00   20.00   clock source latency
                  0.05    0.03   20.03 ^ clk (in)
     1    0.01                           clk (net)
                  0.05    0.00   20.03 ^ clkbuf_0_clk/A (sky130_fd_sc_hd__clkbuf_16)
                  0.05    0.10   20.13 ^ clkbuf_0_clk/X (sky130_fd_sc_hd__clkbuf_16)
     4    0.05                           clknet_0_clk (net)
                  0.05    0.00   20.14 ^ clkbuf_2_2__f_clk/A (sky130_fd_sc_hd__clkbuf_16)
                  0.04    0.09   20.23 ^ clkbuf_2_2__f_clk/X (sky130_fd_sc_hd__clkbuf_16)
     8    0.03                           clknet_2_2__leaf_clk (net)
                  0.04    0.00   20.23 ^ _283_/CLK (sky130_fd_sc_hd__dfrtp_1)
                         -0.25   19.98   clock uncertainty
                          0.00   19.98   clock reconvergence pessimism
                          0.13   20.12   library recovery time
                                 20.12   data required time
-----------------------------------------------------------------------------
                                 20.12   data required time
                                 -4.30   data arrival time
-----------------------------------------------------------------------------
                                 15.81   slack (MET)


Startpoint: rst_n (input port clocked by clk)
Endpoint: _282_ (recovery check against rising-edge clock clk)
Path Group: asynchronous
Path Type: max
Corner: Fastest

Fanout     Cap    Slew   Delay    Time   Description
-----------------------------------------------------------------------------
                          0.00    0.00   clock clk (rise edge)
                          0.00    0.00   clock network delay (propagated)
                          4.00    4.00 ^ input external delay
                  0.02    0.01    4.01 ^ rst_n (in)
     1    0.00                           rst_n (net)
                  0.02    0.00    4.01 ^ input1/A (sky130_fd_sc_hd__clkbuf_2)
                  0.10    0.12    4.13 ^ input1/X (sky130_fd_sc_hd__clkbuf_2)
     4    0.03                           net1 (net)
                  0.10    0.00    4.13 ^ fanout16/A (sky130_fd_sc_hd__clkbuf_4)
                  0.10    0.17    4.30 ^ fanout16/X (sky130_fd_sc_hd__clkbuf_4)
     8    0.04                           net16 (net)
                  0.10    0.00    4.30 ^ _282_/RESET_B (sky130_fd_sc_hd__dfrtp_1)
                                  4.30   data arrival time

                         20.00   20.00   clock clk (rise edge)
                          0.00   20.00   clock source latency
                  0.05    0.03   20.03 ^ clk (in)
     1    0.01                           clk (net)
                  0.05    0.00   20.03 ^ clkbuf_0_clk/A (sky130_fd_sc_hd__clkbuf_16)
                  0.05    0.10   20.13 ^ clkbuf_0_clk/X (sky130_fd_sc_hd__clkbuf_16)
     4    0.05                           clknet_0_clk (net)
                  0.05    0.00   20.14 ^ clkbuf_2_2__f_clk/A (sky130_fd_sc_hd__clkbuf_16)
                  0.04    0.09   20.23 ^ clkbuf_2_2__f_clk/X (sky130_fd_sc_hd__clkbuf_16)
     8    0.03                           clknet_2_2__leaf_clk (net)
                  0.04    0.00   20.23 ^ _282_/CLK (sky130_fd_sc_hd__dfrtp_1)
                         -0.25   19.98   clock uncertainty
                          0.00   19.98   clock reconvergence pessimism
                          0.13   20.12   library recovery time
                                 20.12   data required time
-----------------------------------------------------------------------------
                                 20.12   data required time
                                 -4.30   data arrival time
-----------------------------------------------------------------------------
                                 15.81   slack (MET)


Startpoint: rst_n (input port clocked by clk)
Endpoint: _281_ (recovery check against rising-edge clock clk)
Path Group: asynchronous
Path Type: max
Corner: Fastest

Fanout     Cap    Slew   Delay    Time   Description
-----------------------------------------------------------------------------
                          0.00    0.00   clock clk (rise edge)
                          0.00    0.00   clock network delay (propagated)
                          4.00    4.00 ^ input external delay
                  0.02    0.01    4.01 ^ rst_n (in)
     1    0.00                           rst_n (net)
                  0.02    0.00    4.01 ^ input1/A (sky130_fd_sc_hd__clkbuf_2)
                  0.10    0.12    4.13 ^ input1/X (sky130_fd_sc_hd__clkbuf_2)
     4    0.03                           net1 (net)
                  0.10    0.00    4.13 ^ fanout18/A (sky130_fd_sc_hd__clkbuf_4)
                  0.10    0.17    4.30 ^ fanout18/X (sky130_fd_sc_hd__clkbuf_4)
     9    0.05                           net18 (net)
                  0.10    0.00    4.31 ^ _281_/RESET_B (sky130_fd_sc_hd__dfrtp_1)
                                  4.31   data arrival time

                         20.00   20.00   clock clk (rise edge)
                          0.00   20.00   clock source latency
                  0.05    0.03   20.03 ^ clk (in)
     1    0.01                           clk (net)
                  0.05    0.00   20.03 ^ clkbuf_0_clk/A (sky130_fd_sc_hd__clkbuf_16)
                  0.05    0.10   20.13 ^ clkbuf_0_clk/X (sky130_fd_sc_hd__clkbuf_16)
     4    0.05                           clknet_0_clk (net)
                  0.05    0.00   20.14 ^ clkbuf_2_3__f_clk/A (sky130_fd_sc_hd__clkbuf_16)
                  0.04    0.10   20.23 ^ clkbuf_2_3__f_clk/X (sky130_fd_sc_hd__clkbuf_16)
     9    0.03                           clknet_2_3__leaf_clk (net)
                  0.04    0.00   20.24 ^ _281_/CLK (sky130_fd_sc_hd__dfrtp_1)
                         -0.25   19.99   clock uncertainty
                          0.00   19.99   clock reconvergence pessimism
                          0.13   20.12   library recovery time
                                 20.12   data required time
-----------------------------------------------------------------------------
                                 20.12   data required time
                                 -4.31   data arrival time
-----------------------------------------------------------------------------
                                 15.81   slack (MET)


Startpoint: rst_n (input port clocked by clk)
Endpoint: _263_ (recovery check against rising-edge clock clk)
Path Group: asynchronous
Path Type: max
Corner: Fastest

Fanout     Cap    Slew   Delay    Time   Description
-----------------------------------------------------------------------------
                          0.00    0.00   clock clk (rise edge)
                          0.00    0.00   clock network delay (propagated)
                          4.00    4.00 ^ input external delay
                  0.02    0.01    4.01 ^ rst_n (in)
     1    0.00                           rst_n (net)
                  0.02    0.00    4.01 ^ input1/A (sky130_fd_sc_hd__clkbuf_2)
                  0.10    0.12    4.13 ^ input1/X (sky130_fd_sc_hd__clkbuf_2)
     4    0.03                           net1 (net)
                  0.10    0.00    4.13 ^ fanout18/A (sky130_fd_sc_hd__clkbuf_4)
                  0.10    0.17    4.30 ^ fanout18/X (sky130_fd_sc_hd__clkbuf_4)
     9    0.05                           net18 (net)
                  0.10    0.00    4.31 ^ _263_/RESET_B (sky130_fd_sc_hd__dfrtp_1)
                                  4.31   data arrival time

                         20.00   20.00   clock clk (rise edge)
                          0.00   20.00   clock source latency
                  0.05    0.03   20.03 ^ clk (in)
     1    0.01                           clk (net)
                  0.05    0.00   20.03 ^ clkbuf_0_clk/A (sky130_fd_sc_hd__clkbuf_16)
                  0.05    0.10   20.13 ^ clkbuf_0_clk/X (sky130_fd_sc_hd__clkbuf_16)
     4    0.05                           clknet_0_clk (net)
                  0.05    0.00   20.14 ^ clkbuf_2_3__f_clk/A (sky130_fd_sc_hd__clkbuf_16)
                  0.04    0.10   20.23 ^ clkbuf_2_3__f_clk/X (sky130_fd_sc_hd__clkbuf_16)
     9    0.03                           clknet_2_3__leaf_clk (net)
                  0.04    0.00   20.24 ^ _263_/CLK (sky130_fd_sc_hd__dfrtp_1)
                         -0.25   19.99   clock uncertainty
                          0.00   19.99   clock reconvergence pessimism
                          0.13   20.12   library recovery time
                                 20.12   data required time
-----------------------------------------------------------------------------
                                 20.12   data required time
                                 -4.31   data arrival time
-----------------------------------------------------------------------------
                                 15.81   slack (MET)


Startpoint: rst_n (input port clocked by clk)
Endpoint: _262_ (recovery check against rising-edge clock clk)
Path Group: asynchronous
Path Type: max
Corner: Fastest

Fanout     Cap    Slew   Delay    Time   Description
-----------------------------------------------------------------------------
                          0.00    0.00   clock clk (rise edge)
                          0.00    0.00   clock network delay (propagated)
                          4.00    4.00 ^ input external delay
                  0.02    0.01    4.01 ^ rst_n (in)
     1    0.00                           rst_n (net)
                  0.02    0.00    4.01 ^ input1/A (sky130_fd_sc_hd__clkbuf_2)
                  0.10    0.12    4.13 ^ input1/X (sky130_fd_sc_hd__clkbuf_2)
     4    0.03                           net1 (net)
                  0.10    0.00    4.13 ^ fanout18/A (sky130_fd_sc_hd__clkbuf_4)
                  0.10    0.17    4.30 ^ fanout18/X (sky130_fd_sc_hd__clkbuf_4)
     9    0.05                           net18 (net)
                  0.10    0.00    4.31 ^ _262_/RESET_B (sky130_fd_sc_hd__dfrtp_1)
                                  4.31   data arrival time

                         20.00   20.00   clock clk (rise edge)
                          0.00   20.00   clock source latency
                  0.05    0.03   20.03 ^ clk (in)
     1    0.01                           clk (net)
                  0.05    0.00   20.03 ^ clkbuf_0_clk/A (sky130_fd_sc_hd__clkbuf_16)
                  0.05    0.10   20.13 ^ clkbuf_0_clk/X (sky130_fd_sc_hd__clkbuf_16)
     4    0.05                           clknet_0_clk (net)
                  0.05    0.00   20.14 ^ clkbuf_2_3__f_clk/A (sky130_fd_sc_hd__clkbuf_16)
                  0.04    0.10   20.23 ^ clkbuf_2_3__f_clk/X (sky130_fd_sc_hd__clkbuf_16)
     9    0.03                           clknet_2_3__leaf_clk (net)
                  0.04    0.00   20.24 ^ _262_/CLK (sky130_fd_sc_hd__dfrtp_1)
                         -0.25   19.99   clock uncertainty
                          0.00   19.99   clock reconvergence pessimism
                          0.13   20.12   library recovery time
                                 20.12   data required time
-----------------------------------------------------------------------------
                                 20.12   data required time
                                 -4.31   data arrival time
-----------------------------------------------------------------------------
                                 15.81   slack (MET)


Startpoint: rst_n (input port clocked by clk)
Endpoint: _279_ (recovery check against rising-edge clock clk)
Path Group: asynchronous
Path Type: max
Corner: Fastest

Fanout     Cap    Slew   Delay    Time   Description
-----------------------------------------------------------------------------
                          0.00    0.00   clock clk (rise edge)
                          0.00    0.00   clock network delay (propagated)
                          4.00    4.00 ^ input external delay
                  0.02    0.01    4.01 ^ rst_n (in)
     1    0.00                           rst_n (net)
                  0.02    0.00    4.01 ^ input1/A (sky130_fd_sc_hd__clkbuf_2)
                  0.10    0.12    4.13 ^ input1/X (sky130_fd_sc_hd__clkbuf_2)
     4    0.03                           net1 (net)
                  0.10    0.00    4.13 ^ fanout18/A (sky130_fd_sc_hd__clkbuf_4)
                  0.10    0.17    4.30 ^ fanout18/X (sky130_fd_sc_hd__clkbuf_4)
     9    0.05                           net18 (net)
                  0.10    0.00    4.31 ^ _279_/RESET_B (sky130_fd_sc_hd__dfrtp_1)
                                  4.31   data arrival time

                         20.00   20.00   clock clk (rise edge)
                          0.00   20.00   clock source latency
                  0.05    0.03   20.03 ^ clk (in)
     1    0.01                           clk (net)
                  0.05    0.00   20.03 ^ clkbuf_0_clk/A (sky130_fd_sc_hd__clkbuf_16)
                  0.05    0.10   20.13 ^ clkbuf_0_clk/X (sky130_fd_sc_hd__clkbuf_16)
     4    0.05                           clknet_0_clk (net)
                  0.05    0.00   20.14 ^ clkbuf_2_3__f_clk/A (sky130_fd_sc_hd__clkbuf_16)
                  0.04    0.10   20.23 ^ clkbuf_2_3__f_clk/X (sky130_fd_sc_hd__clkbuf_16)
     9    0.03                           clknet_2_3__leaf_clk (net)
                  0.04    0.00   20.24 ^ _279_/CLK (sky130_fd_sc_hd__dfrtp_1)
                         -0.25   19.99   clock uncertainty
                          0.00   19.99   clock reconvergence pessimism
                          0.13   20.12   library recovery time
                                 20.12   data required time
-----------------------------------------------------------------------------
                                 20.12   data required time
                                 -4.31   data arrival time
-----------------------------------------------------------------------------
                                 15.81   slack (MET)


Startpoint: rst_n (input port clocked by clk)
Endpoint: _280_ (recovery check against rising-edge clock clk)
Path Group: asynchronous
Path Type: max
Corner: Fastest

Fanout     Cap    Slew   Delay    Time   Description
-----------------------------------------------------------------------------
                          0.00    0.00   clock clk (rise edge)
                          0.00    0.00   clock network delay (propagated)
                          4.00    4.00 ^ input external delay
                  0.02    0.01    4.01 ^ rst_n (in)
     1    0.00                           rst_n (net)
                  0.02    0.00    4.01 ^ input1/A (sky130_fd_sc_hd__clkbuf_2)
                  0.10    0.12    4.13 ^ input1/X (sky130_fd_sc_hd__clkbuf_2)
     4    0.03                           net1 (net)
                  0.10    0.00    4.13 ^ fanout18/A (sky130_fd_sc_hd__clkbuf_4)
                  0.10    0.17    4.30 ^ fanout18/X (sky130_fd_sc_hd__clkbuf_4)
     9    0.05                           net18 (net)
                  0.10    0.00    4.31 ^ _280_/RESET_B (sky130_fd_sc_hd__dfrtp_1)
                                  4.31   data arrival time

                         20.00   20.00   clock clk (rise edge)
                          0.00   20.00   clock source latency
                  0.05    0.03   20.03 ^ clk (in)
     1    0.01                           clk (net)
                  0.05    0.00   20.03 ^ clkbuf_0_clk/A (sky130_fd_sc_hd__clkbuf_16)
                  0.05    0.10   20.13 ^ clkbuf_0_clk/X (sky130_fd_sc_hd__clkbuf_16)
     4    0.05                           clknet_0_clk (net)
                  0.05    0.00   20.14 ^ clkbuf_2_3__f_clk/A (sky130_fd_sc_hd__clkbuf_16)
                  0.04    0.10   20.23 ^ clkbuf_2_3__f_clk/X (sky130_fd_sc_hd__clkbuf_16)
     9    0.03                           clknet_2_3__leaf_clk (net)
                  0.04    0.00   20.24 ^ _280_/CLK (sky130_fd_sc_hd__dfrtp_1)
                         -0.25   19.99   clock uncertainty
                          0.00   19.99   clock reconvergence pessimism
                          0.13   20.12   library recovery time
                                 20.12   data required time
-----------------------------------------------------------------------------
                                 20.12   data required time
                                 -4.31   data arrival time
-----------------------------------------------------------------------------
                                 15.81   slack (MET)


Startpoint: rst_n (input port clocked by clk)
Endpoint: _265_ (recovery check against rising-edge clock clk)
Path Group: asynchronous
Path Type: max
Corner: Fastest

Fanout     Cap    Slew   Delay    Time   Description
-----------------------------------------------------------------------------
                          0.00    0.00   clock clk (rise edge)
                          0.00    0.00   clock network delay (propagated)
                          4.00    4.00 ^ input external delay
                  0.02    0.01    4.01 ^ rst_n (in)
     1    0.00                           rst_n (net)
                  0.02    0.00    4.01 ^ input1/A (sky130_fd_sc_hd__clkbuf_2)
                  0.10    0.12    4.13 ^ input1/X (sky130_fd_sc_hd__clkbuf_2)
     4    0.03                           net1 (net)
                  0.10    0.00    4.13 ^ fanout18/A (sky130_fd_sc_hd__clkbuf_4)
                  0.10    0.17    4.30 ^ fanout18/X (sky130_fd_sc_hd__clkbuf_4)
     9    0.05                           net18 (net)
                  0.10    0.00    4.31 ^ _265_/RESET_B (sky130_fd_sc_hd__dfrtp_1)
                                  4.31   data arrival time

                         20.00   20.00   clock clk (rise edge)
                          0.00   20.00   clock source latency
                  0.05    0.03   20.03 ^ clk (in)
     1    0.01                           clk (net)
                  0.05    0.00   20.03 ^ clkbuf_0_clk/A (sky130_fd_sc_hd__clkbuf_16)
                  0.05    0.10   20.13 ^ clkbuf_0_clk/X (sky130_fd_sc_hd__clkbuf_16)
     4    0.05                           clknet_0_clk (net)
                  0.05    0.00   20.14 ^ clkbuf_2_3__f_clk/A (sky130_fd_sc_hd__clkbuf_16)
                  0.04    0.10   20.23 ^ clkbuf_2_3__f_clk/X (sky130_fd_sc_hd__clkbuf_16)
     9    0.03                           clknet_2_3__leaf_clk (net)
                  0.04    0.00   20.24 ^ _265_/CLK (sky130_fd_sc_hd__dfrtp_1)
                         -0.25   19.99   clock uncertainty
                          0.00   19.99   clock reconvergence pessimism
                          0.13   20.12   library recovery time
                                 20.12   data required time
-----------------------------------------------------------------------------
                                 20.12   data required time
                                 -4.31   data arrival time
-----------------------------------------------------------------------------
                                 15.81   slack (MET)


Startpoint: rst_n (input port clocked by clk)
Endpoint: _264_ (recovery check against rising-edge clock clk)
Path Group: asynchronous
Path Type: max
Corner: Fastest

Fanout     Cap    Slew   Delay    Time   Description
-----------------------------------------------------------------------------
                          0.00    0.00   clock clk (rise edge)
                          0.00    0.00   clock network delay (propagated)
                          4.00    4.00 ^ input external delay
                  0.02    0.01    4.01 ^ rst_n (in)
     1    0.00                           rst_n (net)
                  0.02    0.00    4.01 ^ input1/A (sky130_fd_sc_hd__clkbuf_2)
                  0.10    0.12    4.13 ^ input1/X (sky130_fd_sc_hd__clkbuf_2)
     4    0.03                           net1 (net)
                  0.10    0.00    4.13 ^ fanout18/A (sky130_fd_sc_hd__clkbuf_4)
                  0.10    0.17    4.30 ^ fanout18/X (sky130_fd_sc_hd__clkbuf_4)
     9    0.05                           net18 (net)
                  0.10    0.00    4.31 ^ _264_/RESET_B (sky130_fd_sc_hd__dfrtp_1)
                                  4.31   data arrival time

                         20.00   20.00   clock clk (rise edge)
                          0.00   20.00   clock source latency
                  0.05    0.03   20.03 ^ clk (in)
     1    0.01                           clk (net)
                  0.05    0.00   20.03 ^ clkbuf_0_clk/A (sky130_fd_sc_hd__clkbuf_16)
                  0.05    0.10   20.13 ^ clkbuf_0_clk/X (sky130_fd_sc_hd__clkbuf_16)
     4    0.05                           clknet_0_clk (net)
                  0.05    0.00   20.14 ^ clkbuf_2_3__f_clk/A (sky130_fd_sc_hd__clkbuf_16)
                  0.04    0.10   20.23 ^ clkbuf_2_3__f_clk/X (sky130_fd_sc_hd__clkbuf_16)
     9    0.03                           clknet_2_3__leaf_clk (net)
                  0.04    0.00   20.24 ^ _264_/CLK (sky130_fd_sc_hd__dfrtp_1)
                         -0.25   19.99   clock uncertainty
                          0.00   19.99   clock reconvergence pessimism
                          0.13   20.12   library recovery time
                                 20.12   data required time
-----------------------------------------------------------------------------
                                 20.12   data required time
                                 -4.31   data arrival time
-----------------------------------------------------------------------------
                                 15.81   slack (MET)


Startpoint: rst_n (input port clocked by clk)
Endpoint: _271_ (recovery check against rising-edge clock clk)
Path Group: asynchronous
Path Type: max
Corner: Fastest

Fanout     Cap    Slew   Delay    Time   Description
-----------------------------------------------------------------------------
                          0.00    0.00   clock clk (rise edge)
                          0.00    0.00   clock network delay (propagated)
                          4.00    4.00 ^ input external delay
                  0.02    0.01    4.01 ^ rst_n (in)
     1    0.00                           rst_n (net)
                  0.02    0.00    4.01 ^ input1/A (sky130_fd_sc_hd__clkbuf_2)
                  0.10    0.12    4.13 ^ input1/X (sky130_fd_sc_hd__clkbuf_2)
     4    0.03                           net1 (net)
                  0.10    0.00    4.13 ^ fanout18/A (sky130_fd_sc_hd__clkbuf_4)
                  0.10    0.17    4.30 ^ fanout18/X (sky130_fd_sc_hd__clkbuf_4)
     9    0.05                           net18 (net)
                  0.10    0.00    4.31 ^ _271_/RESET_B (sky130_fd_sc_hd__dfrtp_1)
                                  4.31   data arrival time

                         20.00   20.00   clock clk (rise edge)
                          0.00   20.00   clock source latency
                  0.05    0.03   20.03 ^ clk (in)
     1    0.01                           clk (net)
                  0.05    0.00   20.03 ^ clkbuf_0_clk/A (sky130_fd_sc_hd__clkbuf_16)
                  0.05    0.10   20.13 ^ clkbuf_0_clk/X (sky130_fd_sc_hd__clkbuf_16)
     4    0.05                           clknet_0_clk (net)
                  0.05    0.00   20.14 ^ clkbuf_2_3__f_clk/A (sky130_fd_sc_hd__clkbuf_16)
                  0.04    0.10   20.23 ^ clkbuf_2_3__f_clk/X (sky130_fd_sc_hd__clkbuf_16)
     9    0.03                           clknet_2_3__leaf_clk (net)
                  0.04    0.00   20.24 ^ _271_/CLK (sky130_fd_sc_hd__dfrtp_1)
                         -0.25   19.99   clock uncertainty
                          0.00   19.99   clock reconvergence pessimism
                          0.13   20.12   library recovery time
                                 20.12   data required time
-----------------------------------------------------------------------------
                                 20.12   data required time
                                 -4.31   data arrival time
-----------------------------------------------------------------------------
                                 15.82   slack (MET)


Startpoint: rst_n (input port clocked by clk)
Endpoint: _278_ (recovery check against rising-edge clock clk)
Path Group: asynchronous
Path Type: max
Corner: Fastest

Fanout     Cap    Slew   Delay    Time   Description
-----------------------------------------------------------------------------
                          0.00    0.00   clock clk (rise edge)
                          0.00    0.00   clock network delay (propagated)
                          4.00    4.00 ^ input external delay
                  0.02    0.01    4.01 ^ rst_n (in)
     1    0.00                           rst_n (net)
                  0.02    0.00    4.01 ^ input1/A (sky130_fd_sc_hd__clkbuf_2)
                  0.10    0.12    4.13 ^ input1/X (sky130_fd_sc_hd__clkbuf_2)
     4    0.03                           net1 (net)
                  0.10    0.00    4.13 ^ fanout16/A (sky130_fd_sc_hd__clkbuf_4)
                  0.10    0.17    4.30 ^ fanout16/X (sky130_fd_sc_hd__clkbuf_4)
     8    0.04                           net16 (net)
                  0.10    0.00    4.30 ^ _278_/RESET_B (sky130_fd_sc_hd__dfrtp_1)
                                  4.30   data arrival time

                         20.00   20.00   clock clk (rise edge)
                          0.00   20.00   clock source latency
                  0.05    0.03   20.03 ^ clk (in)
     1    0.01                           clk (net)
                  0.05    0.00   20.03 ^ clkbuf_0_clk/A (sky130_fd_sc_hd__clkbuf_16)
                  0.05    0.10   20.13 ^ clkbuf_0_clk/X (sky130_fd_sc_hd__clkbuf_16)
     4    0.05                           clknet_0_clk (net)
                  0.05    0.00   20.14 ^ clkbuf_2_3__f_clk/A (sky130_fd_sc_hd__clkbuf_16)
                  0.04    0.10   20.23 ^ clkbuf_2_3__f_clk/X (sky130_fd_sc_hd__clkbuf_16)
     9    0.03                           clknet_2_3__leaf_clk (net)
                  0.04    0.00   20.23 ^ _278_/CLK (sky130_fd_sc_hd__dfrtp_1)
                         -0.25   19.98   clock uncertainty
                          0.00   19.98   clock reconvergence pessimism
                          0.14   20.12   library recovery time
                                 20.12   data required time
-----------------------------------------------------------------------------
                                 20.12   data required time
                                 -4.30   data arrival time
-----------------------------------------------------------------------------
                                 15.82   slack (MET)


Startpoint: _263_ (rising edge-triggered flip-flop clocked by clk)
Endpoint: _266_ (rising edge-triggered flip-flop clocked by clk)
Path Group: clk
Path Type: max
Corner: Fastest

Fanout     Cap    Slew   Delay    Time   Description
-----------------------------------------------------------------------------
                          0.00    0.00   clock clk (rise edge)
                          0.00    0.00   clock source latency
                  0.05    0.03    0.03 ^ clk (in)
     1    0.01                           clk (net)
                  0.05    0.00    0.03 ^ clkbuf_0_clk/A (sky130_fd_sc_hd__clkbuf_16)
                  0.05    0.11    0.15 ^ clkbuf_0_clk/X (sky130_fd_sc_hd__clkbuf_16)
     4    0.05                           clknet_0_clk (net)
                  0.05    0.00    0.15 ^ clkbuf_2_3__f_clk/A (sky130_fd_sc_hd__clkbuf_16)
                  0.04    0.11    0.26 ^ clkbuf_2_3__f_clk/X (sky130_fd_sc_hd__clkbuf_16)
     9    0.03                           clknet_2_3__leaf_clk (net)
                  0.04    0.00    0.26 ^ _263_/CLK (sky130_fd_sc_hd__dfrtp_1)
                  0.06    0.28    0.54 v _263_/Q (sky130_fd_sc_hd__dfrtp_1)
     4    0.01                           baud_counter[1] (net)
                  0.06    0.00    0.54 v _137_/A (sky130_fd_sc_hd__or4b_1)
                  0.06    0.29    0.84 v _137_/X (sky130_fd_sc_hd__or4b_1)
     1    0.00                           _126_ (net)
                  0.06    0.00    0.84 v _138_/D (sky130_fd_sc_hd__or4_1)
                  0.09    0.27    1.10 v _138_/X (sky130_fd_sc_hd__or4_1)
     3    0.01                           _127_ (net)
                  0.09    0.00    1.10 v _155_/B_N (sky130_fd_sc_hd__nor2b_1)
                  0.07    0.14    1.24 v _155_/Y (sky130_fd_sc_hd__nor2b_1)
     4    0.01                           _045_ (net)
                  0.07    0.00    1.24 v _157_/A2 (sky130_fd_sc_hd__a32o_1)
                  0.04    0.14    1.39 v _157_/X (sky130_fd_sc_hd__a32o_1)
     1    0.00                           _005_ (net)
                  0.04    0.00    1.39 v _266_/D (sky130_fd_sc_hd__dfrtp_1)
                                  1.39   data arrival time

                         20.00   20.00   clock clk (rise edge)
                          0.00   20.00   clock source latency
                  0.05    0.03   20.03 ^ clk (in)
     1    0.01                           clk (net)
                  0.05    0.00   20.03 ^ clkbuf_0_clk/A (sky130_fd_sc_hd__clkbuf_16)
                  0.05    0.10   20.13 ^ clkbuf_0_clk/X (sky130_fd_sc_hd__clkbuf_16)
     4    0.05                           clknet_0_clk (net)
                  0.05    0.00   20.14 ^ clkbuf_2_1__f_clk/A (sky130_fd_sc_hd__clkbuf_16)
                  0.04    0.10   20.23 ^ clkbuf_2_1__f_clk/X (sky130_fd_sc_hd__clkbuf_16)
    11    0.04                           clknet_2_1__leaf_clk (net)
                  0.04    0.00   20.24 ^ _266_/CLK (sky130_fd_sc_hd__dfrtp_1)
                         -0.25   19.99   clock uncertainty
                          0.01   20.00   clock reconvergence pessimism
                         -0.06   19.94   library setup time
                                 19.94   data required time
-----------------------------------------------------------------------------
                                 19.94   data required time
                                 -1.39   data arrival time
-----------------------------------------------------------------------------
                                 18.55   slack (MET)


Startpoint: _263_ (rising edge-triggered flip-flop clocked by clk)
Endpoint: _270_ (rising edge-triggered flip-flop clocked by clk)
Path Group: clk
Path Type: max
Corner: Fastest

Fanout     Cap    Slew   Delay    Time   Description
-----------------------------------------------------------------------------
                          0.00    0.00   clock clk (rise edge)
                          0.00    0.00   clock source latency
                  0.05    0.03    0.03 ^ clk (in)
     1    0.01                           clk (net)
                  0.05    0.00    0.03 ^ clkbuf_0_clk/A (sky130_fd_sc_hd__clkbuf_16)
                  0.05    0.11    0.15 ^ clkbuf_0_clk/X (sky130_fd_sc_hd__clkbuf_16)
     4    0.05                           clknet_0_clk (net)
                  0.05    0.00    0.15 ^ clkbuf_2_3__f_clk/A (sky130_fd_sc_hd__clkbuf_16)
                  0.04    0.11    0.26 ^ clkbuf_2_3__f_clk/X (sky130_fd_sc_hd__clkbuf_16)
     9    0.03                           clknet_2_3__leaf_clk (net)
                  0.04    0.00    0.26 ^ _263_/CLK (sky130_fd_sc_hd__dfrtp_1)
                  0.06    0.28    0.54 v _263_/Q (sky130_fd_sc_hd__dfrtp_1)
     4    0.01                           baud_counter[1] (net)
                  0.06    0.00    0.54 v _137_/A (sky130_fd_sc_hd__or4b_1)
                  0.06    0.29    0.84 v _137_/X (sky130_fd_sc_hd__or4b_1)
     1    0.00                           _126_ (net)
                  0.06    0.00    0.84 v _138_/D (sky130_fd_sc_hd__or4_1)
                  0.09    0.27    1.10 v _138_/X (sky130_fd_sc_hd__or4_1)
     3    0.01                           _127_ (net)
                  0.09    0.00    1.10 v _155_/B_N (sky130_fd_sc_hd__nor2b_1)
                  0.07    0.14    1.24 v _155_/Y (sky130_fd_sc_hd__nor2b_1)
     4    0.01                           _045_ (net)
                  0.07    0.00    1.24 v _169_/A1 (sky130_fd_sc_hd__a32o_1)
                  0.04    0.13    1.37 v _169_/X (sky130_fd_sc_hd__a32o_1)
     1    0.00                           _009_ (net)
                  0.04    0.00    1.37 v _270_/D (sky130_fd_sc_hd__dfrtp_1)
                                  1.37   data arrival time

                         20.00   20.00   clock clk (rise edge)
                          0.00   20.00   clock source latency
                  0.05    0.03   20.03 ^ clk (in)
     1    0.01                           clk (net)
                  0.05    0.00   20.03 ^ clkbuf_0_clk/A (sky130_fd_sc_hd__clkbuf_16)
                  0.05    0.10   20.13 ^ clkbuf_0_clk/X (sky130_fd_sc_hd__clkbuf_16)
     4    0.05                           clknet_0_clk (net)
                  0.05    0.00   20.14 ^ clkbuf_2_1__f_clk/A (sky130_fd_sc_hd__clkbuf_16)
                  0.04    0.10   20.23 ^ clkbuf_2_1__f_clk/X (sky130_fd_sc_hd__clkbuf_16)
    11    0.04                           clknet_2_1__leaf_clk (net)
                  0.04    0.00   20.24 ^ _270_/CLK (sky130_fd_sc_hd__dfrtp_1)
                         -0.25   19.99   clock uncertainty
                          0.01   20.00   clock reconvergence pessimism
                         -0.06   19.94   library setup time
                                 19.94   data required time
-----------------------------------------------------------------------------
                                 19.94   data required time
                                 -1.37   data arrival time
-----------------------------------------------------------------------------
                                 18.57   slack (MET)


Startpoint: _263_ (rising edge-triggered flip-flop clocked by clk)
Endpoint: _267_ (rising edge-triggered flip-flop clocked by clk)
Path Group: clk
Path Type: max
Corner: Fastest

Fanout     Cap    Slew   Delay    Time   Description
-----------------------------------------------------------------------------
                          0.00    0.00   clock clk (rise edge)
                          0.00    0.00   clock source latency
                  0.05    0.03    0.03 ^ clk (in)
     1    0.01                           clk (net)
                  0.05    0.00    0.03 ^ clkbuf_0_clk/A (sky130_fd_sc_hd__clkbuf_16)
                  0.05    0.11    0.15 ^ clkbuf_0_clk/X (sky130_fd_sc_hd__clkbuf_16)
     4    0.05                           clknet_0_clk (net)
                  0.05    0.00    0.15 ^ clkbuf_2_3__f_clk/A (sky130_fd_sc_hd__clkbuf_16)
                  0.04    0.11    0.26 ^ clkbuf_2_3__f_clk/X (sky130_fd_sc_hd__clkbuf_16)
     9    0.03                           clknet_2_3__leaf_clk (net)
                  0.04    0.00    0.26 ^ _263_/CLK (sky130_fd_sc_hd__dfrtp_1)
                  0.06    0.28    0.54 v _263_/Q (sky130_fd_sc_hd__dfrtp_1)
     4    0.01                           baud_counter[1] (net)
                  0.06    0.00    0.54 v _137_/A (sky130_fd_sc_hd__or4b_1)
                  0.06    0.29    0.84 v _137_/X (sky130_fd_sc_hd__or4b_1)
     1    0.00                           _126_ (net)
                  0.06    0.00    0.84 v _138_/D (sky130_fd_sc_hd__or4_1)
                  0.09    0.27    1.10 v _138_/X (sky130_fd_sc_hd__or4_1)
     3    0.01                           _127_ (net)
                  0.09    0.00    1.10 v _155_/B_N (sky130_fd_sc_hd__nor2b_1)
                  0.07    0.14    1.24 v _155_/Y (sky130_fd_sc_hd__nor2b_1)
     4    0.01                           _045_ (net)
                  0.07    0.00    1.24 v _160_/A1 (sky130_fd_sc_hd__a32o_1)
                  0.03    0.12    1.36 v _160_/X (sky130_fd_sc_hd__a32o_1)
     1    0.00                           _006_ (net)
                  0.03    0.00    1.36 v _267_/D (sky130_fd_sc_hd__dfrtp_1)
                                  1.36   data arrival time

                         20.00   20.00   clock clk (rise edge)
                          0.00   20.00   clock source latency
                  0.05    0.03   20.03 ^ clk (in)
     1    0.01                           clk (net)
                  0.05    0.00   20.03 ^ clkbuf_0_clk/A (sky130_fd_sc_hd__clkbuf_16)
                  0.05    0.10   20.13 ^ clkbuf_0_clk/X (sky130_fd_sc_hd__clkbuf_16)
     4    0.05                           clknet_0_clk (net)
                  0.05    0.00   20.14 ^ clkbuf_2_1__f_clk/A (sky130_fd_sc_hd__clkbuf_16)
                  0.04    0.10   20.23 ^ clkbuf_2_1__f_clk/X (sky130_fd_sc_hd__clkbuf_16)
    11    0.04                           clknet_2_1__leaf_clk (net)
                  0.04    0.00   20.24 ^ _267_/CLK (sky130_fd_sc_hd__dfrtp_1)
                         -0.25   19.99   clock uncertainty
                          0.01   20.00   clock reconvergence pessimism
                         -0.06   19.94   library setup time
                                 19.94   data required time
-----------------------------------------------------------------------------
                                 19.94   data required time
                                 -1.36   data arrival time
-----------------------------------------------------------------------------
                                 18.57   slack (MET)


Startpoint: _263_ (rising edge-triggered flip-flop clocked by clk)
Endpoint: _269_ (rising edge-triggered flip-flop clocked by clk)
Path Group: clk
Path Type: max
Corner: Fastest

Fanout     Cap    Slew   Delay    Time   Description
-----------------------------------------------------------------------------
                          0.00    0.00   clock clk (rise edge)
                          0.00    0.00   clock source latency
                  0.05    0.03    0.03 ^ clk (in)
     1    0.01                           clk (net)
                  0.05    0.00    0.03 ^ clkbuf_0_clk/A (sky130_fd_sc_hd__clkbuf_16)
                  0.05    0.11    0.15 ^ clkbuf_0_clk/X (sky130_fd_sc_hd__clkbuf_16)
     4    0.05                           clknet_0_clk (net)
                  0.05    0.00    0.15 ^ clkbuf_2_3__f_clk/A (sky130_fd_sc_hd__clkbuf_16)
                  0.04    0.11    0.26 ^ clkbuf_2_3__f_clk/X (sky130_fd_sc_hd__clkbuf_16)
     9    0.03                           clknet_2_3__leaf_clk (net)
                  0.04    0.00    0.26 ^ _263_/CLK (sky130_fd_sc_hd__dfrtp_1)
                  0.06    0.28    0.54 v _263_/Q (sky130_fd_sc_hd__dfrtp_1)
     4    0.01                           baud_counter[1] (net)
                  0.06    0.00    0.54 v _137_/A (sky130_fd_sc_hd__or4b_1)
                  0.06    0.29    0.84 v _137_/X (sky130_fd_sc_hd__or4b_1)
     1    0.00                           _126_ (net)
                  0.06    0.00    0.84 v _138_/D (sky130_fd_sc_hd__or4_1)
                  0.09    0.27    1.10 v _138_/X (sky130_fd_sc_hd__or4_1)
     3    0.01                           _127_ (net)
                  0.09    0.00    1.10 v _155_/B_N (sky130_fd_sc_hd__nor2b_1)
                  0.07    0.14    1.24 v _155_/Y (sky130_fd_sc_hd__nor2b_1)
     4    0.01                           _045_ (net)
                  0.07    0.00    1.24 v _165_/B1 (sky130_fd_sc_hd__a22o_1)
                  0.03    0.09    1.34 v _165_/X (sky130_fd_sc_hd__a22o_1)
     1    0.00                           _008_ (net)
                  0.03    0.00    1.34 v _269_/D (sky130_fd_sc_hd__dfrtp_2)
                                  1.34   data arrival time

                         20.00   20.00   clock clk (rise edge)
                          0.00   20.00   clock source latency
                  0.05    0.03   20.03 ^ clk (in)
     1    0.01                           clk (net)
                  0.05    0.00   20.03 ^ clkbuf_0_clk/A (sky130_fd_sc_hd__clkbuf_16)
                  0.05    0.10   20.13 ^ clkbuf_0_clk/X (sky130_fd_sc_hd__clkbuf_16)
     4    0.05                           clknet_0_clk (net)
                  0.05    0.00   20.14 ^ clkbuf_2_1__f_clk/A (sky130_fd_sc_hd__clkbuf_16)
                  0.04    0.10   20.23 ^ clkbuf_2_1__f_clk/X (sky130_fd_sc_hd__clkbuf_16)
    11    0.04                           clknet_2_1__leaf_clk (net)
                  0.04    0.00   20.24 ^ _269_/CLK (sky130_fd_sc_hd__dfrtp_2)
                         -0.25   19.99   clock uncertainty
                          0.01   20.00   clock reconvergence pessimism
                         -0.06   19.94   library setup time
                                 19.94   data required time
-----------------------------------------------------------------------------
                                 19.94   data required time
                                 -1.34   data arrival time
-----------------------------------------------------------------------------
                                 18.60   slack (MET)


Startpoint: _297_ (rising edge-triggered flip-flop clocked by clk)
Endpoint: _276_ (rising edge-triggered flip-flop clocked by clk)
Path Group: clk
Path Type: max
Corner: Fastest

Fanout     Cap    Slew   Delay    Time   Description
-----------------------------------------------------------------------------
                          0.00    0.00   clock clk (rise edge)
                          0.00    0.00   clock source latency
                  0.05    0.03    0.03 ^ clk (in)
     1    0.01                           clk (net)
                  0.05    0.00    0.03 ^ clkbuf_0_clk/A (sky130_fd_sc_hd__clkbuf_16)
                  0.05    0.11    0.15 ^ clkbuf_0_clk/X (sky130_fd_sc_hd__clkbuf_16)
     4    0.05                           clknet_0_clk (net)
                  0.05    0.00    0.15 ^ clkbuf_2_1__f_clk/A (sky130_fd_sc_hd__clkbuf_16)
                  0.04    0.11    0.26 ^ clkbuf_2_1__f_clk/X (sky130_fd_sc_hd__clkbuf_16)
    11    0.04                           clknet_2_1__leaf_clk (net)
                  0.04    0.00    0.26 ^ _297_/CLK (sky130_fd_sc_hd__dfrtp_4)
                  0.07    0.35    0.61 v _297_/Q (sky130_fd_sc_hd__dfrtp_4)
     8    0.03                           state[1] (net)
                  0.07    0.00    0.61 v _181_/A (sky130_fd_sc_hd__or4b_2)
                  0.11    0.43    1.05 v _181_/X (sky130_fd_sc_hd__or4b_2)
     3    0.02                           _063_ (net)
                  0.11    0.00    1.05 v _190_/B (sky130_fd_sc_hd__nor2_2)
                  0.19    0.18    1.22 ^ _190_/Y (sky130_fd_sc_hd__nor2_2)
     6    0.02                           _070_ (net)
                  0.19    0.00    1.23 ^ _193_/A2 (sky130_fd_sc_hd__a32o_1)
                  0.04    0.12    1.35 ^ _193_/X (sky130_fd_sc_hd__a32o_1)
     1    0.00                           _015_ (net)
                  0.04    0.00    1.35 ^ _276_/D (sky130_fd_sc_hd__dfrtp_2)
                                  1.35   data arrival time

                         20.00   20.00   clock clk (rise edge)
                          0.00   20.00   clock source latency
                  0.05    0.03   20.03 ^ clk (in)
     1    0.01                           clk (net)
                  0.05    0.00   20.03 ^ clkbuf_0_clk/A (sky130_fd_sc_hd__clkbuf_16)
                  0.05    0.10   20.13 ^ clkbuf_0_clk/X (sky130_fd_sc_hd__clkbuf_16)
     4    0.05                           clknet_0_clk (net)
                  0.05    0.00   20.14 ^ clkbuf_2_2__f_clk/A (sky130_fd_sc_hd__clkbuf_16)
                  0.04    0.09   20.23 ^ clkbuf_2_2__f_clk/X (sky130_fd_sc_hd__clkbuf_16)
     8    0.03                           clknet_2_2__leaf_clk (net)
                  0.04    0.00   20.23 ^ _276_/CLK (sky130_fd_sc_hd__dfrtp_2)
                         -0.25   19.98   clock uncertainty
                          0.01   20.00   clock reconvergence pessimism
                         -0.04   19.96   library setup time
                                 19.96   data required time
-----------------------------------------------------------------------------
                                 19.96   data required time
                                 -1.35   data arrival time
-----------------------------------------------------------------------------
                                 18.61   slack (MET)


Startpoint: _297_ (rising edge-triggered flip-flop clocked by clk)
Endpoint: _281_ (rising edge-triggered flip-flop clocked by clk)
Path Group: clk
Path Type: max
Corner: Fastest

Fanout     Cap    Slew   Delay    Time   Description
-----------------------------------------------------------------------------
                          0.00    0.00   clock clk (rise edge)
                          0.00    0.00   clock source latency
                  0.05    0.03    0.03 ^ clk (in)
     1    0.01                           clk (net)
                  0.05    0.00    0.03 ^ clkbuf_0_clk/A (sky130_fd_sc_hd__clkbuf_16)
                  0.05    0.11    0.15 ^ clkbuf_0_clk/X (sky130_fd_sc_hd__clkbuf_16)
     4    0.05                           clknet_0_clk (net)
                  0.05    0.00    0.15 ^ clkbuf_2_1__f_clk/A (sky130_fd_sc_hd__clkbuf_16)
                  0.04    0.11    0.26 ^ clkbuf_2_1__f_clk/X (sky130_fd_sc_hd__clkbuf_16)
    11    0.04                           clknet_2_1__leaf_clk (net)
                  0.04    0.00    0.26 ^ _297_/CLK (sky130_fd_sc_hd__dfrtp_4)
                  0.07    0.35    0.61 v _297_/Q (sky130_fd_sc_hd__dfrtp_4)
     8    0.03                           state[1] (net)
                  0.07    0.00    0.61 v _181_/A (sky130_fd_sc_hd__or4b_2)
                  0.11    0.43    1.05 v _181_/X (sky130_fd_sc_hd__or4b_2)
     3    0.02                           _063_ (net)
                  0.11    0.00    1.05 v _190_/B (sky130_fd_sc_hd__nor2_2)
                  0.19    0.18    1.22 ^ _190_/Y (sky130_fd_sc_hd__nor2_2)
     6    0.02                           _070_ (net)
                  0.19    0.00    1.23 ^ _210_/A1 (sky130_fd_sc_hd__a32o_1)
                  0.04    0.12    1.35 ^ _210_/X (sky130_fd_sc_hd__a32o_1)
     1    0.00                           _020_ (net)
                  0.04    0.00    1.35 ^ _281_/D (sky130_fd_sc_hd__dfrtp_1)
                                  1.35   data arrival time

                         20.00   20.00   clock clk (rise edge)
                          0.00   20.00   clock source latency
                  0.05    0.03   20.03 ^ clk (in)
     1    0.01                           clk (net)
                  0.05    0.00   20.03 ^ clkbuf_0_clk/A (sky130_fd_sc_hd__clkbuf_16)
                  0.05    0.10   20.13 ^ clkbuf_0_clk/X (sky130_fd_sc_hd__clkbuf_16)
     4    0.05                           clknet_0_clk (net)
                  0.05    0.00   20.14 ^ clkbuf_2_3__f_clk/A (sky130_fd_sc_hd__clkbuf_16)
                  0.04    0.10   20.23 ^ clkbuf_2_3__f_clk/X (sky130_fd_sc_hd__clkbuf_16)
     9    0.03                           clknet_2_3__leaf_clk (net)
                  0.04    0.00   20.24 ^ _281_/CLK (sky130_fd_sc_hd__dfrtp_1)
                         -0.25   19.99   clock uncertainty
                          0.01   20.00   clock reconvergence pessimism
                         -0.04   19.96   library setup time
                                 19.96   data required time
-----------------------------------------------------------------------------
                                 19.96   data required time
                                 -1.35   data arrival time
-----------------------------------------------------------------------------
                                 18.61   slack (MET)


Startpoint: _297_ (rising edge-triggered flip-flop clocked by clk)
Endpoint: _277_ (rising edge-triggered flip-flop clocked by clk)
Path Group: clk
Path Type: max
Corner: Fastest

Fanout     Cap    Slew   Delay    Time   Description
-----------------------------------------------------------------------------
                          0.00    0.00   clock clk (rise edge)
                          0.00    0.00   clock source latency
                  0.05    0.03    0.03 ^ clk (in)
     1    0.01                           clk (net)
                  0.05    0.00    0.03 ^ clkbuf_0_clk/A (sky130_fd_sc_hd__clkbuf_16)
                  0.05    0.11    0.15 ^ clkbuf_0_clk/X (sky130_fd_sc_hd__clkbuf_16)
     4    0.05                           clknet_0_clk (net)
                  0.05    0.00    0.15 ^ clkbuf_2_1__f_clk/A (sky130_fd_sc_hd__clkbuf_16)
                  0.04    0.11    0.26 ^ clkbuf_2_1__f_clk/X (sky130_fd_sc_hd__clkbuf_16)
    11    0.04                           clknet_2_1__leaf_clk (net)
                  0.04    0.00    0.26 ^ _297_/CLK (sky130_fd_sc_hd__dfrtp_4)
                  0.07    0.35    0.61 v _297_/Q (sky130_fd_sc_hd__dfrtp_4)
     8    0.03                           state[1] (net)
                  0.07    0.00    0.61 v _181_/A (sky130_fd_sc_hd__or4b_2)
                  0.11    0.43    1.05 v _181_/X (sky130_fd_sc_hd__or4b_2)
     3    0.02                           _063_ (net)
                  0.11    0.00    1.05 v _190_/B (sky130_fd_sc_hd__nor2_2)
                  0.19    0.18    1.22 ^ _190_/Y (sky130_fd_sc_hd__nor2_2)
     6    0.02                           _070_ (net)
                  0.19    0.00    1.23 ^ _197_/A1 (sky130_fd_sc_hd__a32o_1)
                  0.04    0.12    1.34 ^ _197_/X (sky130_fd_sc_hd__a32o_1)
     1    0.00                           _016_ (net)
                  0.04    0.00    1.34 ^ _277_/D (sky130_fd_sc_hd__dfrtp_1)
                                  1.34   data arrival time

                         20.00   20.00   clock clk (rise edge)
                          0.00   20.00   clock source latency
                  0.05    0.03   20.03 ^ clk (in)
     1    0.01                           clk (net)
                  0.05    0.00   20.03 ^ clkbuf_0_clk/A (sky130_fd_sc_hd__clkbuf_16)
                  0.05    0.10   20.13 ^ clkbuf_0_clk/X (sky130_fd_sc_hd__clkbuf_16)
     4    0.05                           clknet_0_clk (net)
                  0.05    0.00   20.14 ^ clkbuf_2_2__f_clk/A (sky130_fd_sc_hd__clkbuf_16)
                  0.04    0.09   20.23 ^ clkbuf_2_2__f_clk/X (sky130_fd_sc_hd__clkbuf_16)
     8    0.03                           clknet_2_2__leaf_clk (net)
                  0.04    0.00   20.23 ^ _277_/CLK (sky130_fd_sc_hd__dfrtp_1)
                         -0.25   19.98   clock uncertainty
                          0.01   20.00   clock reconvergence pessimism
                         -0.04   19.96   library setup time
                                 19.96   data required time
-----------------------------------------------------------------------------
                                 19.96   data required time
                                 -1.34   data arrival time
-----------------------------------------------------------------------------
                                 18.62   slack (MET)


Startpoint: _297_ (rising edge-triggered flip-flop clocked by clk)
Endpoint: _278_ (rising edge-triggered flip-flop clocked by clk)
Path Group: clk
Path Type: max
Corner: Fastest

Fanout     Cap    Slew   Delay    Time   Description
-----------------------------------------------------------------------------
                          0.00    0.00   clock clk (rise edge)
                          0.00    0.00   clock source latency
                  0.05    0.03    0.03 ^ clk (in)
     1    0.01                           clk (net)
                  0.05    0.00    0.03 ^ clkbuf_0_clk/A (sky130_fd_sc_hd__clkbuf_16)
                  0.05    0.11    0.15 ^ clkbuf_0_clk/X (sky130_fd_sc_hd__clkbuf_16)
     4    0.05                           clknet_0_clk (net)
                  0.05    0.00    0.15 ^ clkbuf_2_1__f_clk/A (sky130_fd_sc_hd__clkbuf_16)
                  0.04    0.11    0.26 ^ clkbuf_2_1__f_clk/X (sky130_fd_sc_hd__clkbuf_16)
    11    0.04                           clknet_2_1__leaf_clk (net)
                  0.04    0.00    0.26 ^ _297_/CLK (sky130_fd_sc_hd__dfrtp_4)
                  0.07    0.35    0.61 v _297_/Q (sky130_fd_sc_hd__dfrtp_4)
     8    0.03                           state[1] (net)
                  0.07    0.00    0.61 v _181_/A (sky130_fd_sc_hd__or4b_2)
                  0.11    0.43    1.05 v _181_/X (sky130_fd_sc_hd__or4b_2)
     3    0.02                           _063_ (net)
                  0.11    0.00    1.05 v _190_/B (sky130_fd_sc_hd__nor2_2)
                  0.19    0.18    1.22 ^ _190_/Y (sky130_fd_sc_hd__nor2_2)
     6    0.02                           _070_ (net)
                  0.19    0.00    1.23 ^ _200_/A1 (sky130_fd_sc_hd__a32o_1)
                  0.04    0.12    1.35 ^ _200_/X (sky130_fd_sc_hd__a32o_1)
     1    0.00                           _017_ (net)
                  0.04    0.00    1.35 ^ _278_/D (sky130_fd_sc_hd__dfrtp_1)
                                  1.35   data arrival time

                         20.00   20.00   clock clk (rise edge)
                          0.00   20.00   clock source latency
                  0.05    0.03   20.03 ^ clk (in)
     1    0.01                           clk (net)
                  0.05    0.00   20.03 ^ clkbuf_0_clk/A (sky130_fd_sc_hd__clkbuf_16)
                  0.05    0.10   20.13 ^ clkbuf_0_clk/X (sky130_fd_sc_hd__clkbuf_16)
     4    0.05                           clknet_0_clk (net)
                  0.05    0.00   20.14 ^ clkbuf_2_3__f_clk/A (sky130_fd_sc_hd__clkbuf_16)
                  0.04    0.10   20.23 ^ clkbuf_2_3__f_clk/X (sky130_fd_sc_hd__clkbuf_16)
     9    0.03                           clknet_2_3__leaf_clk (net)
                  0.04    0.00   20.23 ^ _278_/CLK (sky130_fd_sc_hd__dfrtp_1)
                         -0.25   19.98   clock uncertainty
                          0.01   20.00   clock reconvergence pessimism
                         -0.04   19.96   library setup time
                                 19.96   data required time
-----------------------------------------------------------------------------
                                 19.96   data required time
                                 -1.35   data arrival time
-----------------------------------------------------------------------------
                                 18.62   slack (MET)


Startpoint: _264_ (rising edge-triggered flip-flop clocked by clk)
Endpoint: _271_ (rising edge-triggered flip-flop clocked by clk)
Path Group: clk
Path Type: max
Corner: Fastest

Fanout     Cap    Slew   Delay    Time   Description
-----------------------------------------------------------------------------
                          0.00    0.00   clock clk (rise edge)
                          0.00    0.00   clock source latency
                  0.05    0.03    0.03 ^ clk (in)
     1    0.01                           clk (net)
                  0.05    0.00    0.03 ^ clkbuf_0_clk/A (sky130_fd_sc_hd__clkbuf_16)
                  0.05    0.11    0.15 ^ clkbuf_0_clk/X (sky130_fd_sc_hd__clkbuf_16)
     4    0.05                           clknet_0_clk (net)
                  0.05    0.00    0.15 ^ clkbuf_2_3__f_clk/A (sky130_fd_sc_hd__clkbuf_16)
                  0.04    0.11    0.26 ^ clkbuf_2_3__f_clk/X (sky130_fd_sc_hd__clkbuf_16)
     9    0.03                           clknet_2_3__leaf_clk (net)
                  0.04    0.00    0.26 ^ _264_/CLK (sky130_fd_sc_hd__dfrtp_1)
                  0.11    0.29    0.55 ^ _264_/Q (sky130_fd_sc_hd__dfrtp_1)
     5    0.02                           baud_counter[2] (net)
                  0.11    0.00    0.55 ^ _153_/D (sky130_fd_sc_hd__and4_1)
                  0.14    0.22    0.77 ^ _153_/X (sky130_fd_sc_hd__and4_1)
     6    0.02                           _043_ (net)
                  0.14    0.00    0.78 ^ _168_/C_N (sky130_fd_sc_hd__or4bb_1)
                  0.08    0.31    1.09 v _168_/X (sky130_fd_sc_hd__or4bb_1)
     2    0.01                           _054_ (net)
                  0.08    0.00    1.09 v _170_/B (sky130_fd_sc_hd__or2_1)
                  0.04    0.15    1.24 v _170_/X (sky130_fd_sc_hd__or2_1)
     1    0.01                           _055_ (net)
                  0.04    0.00    1.24 v _171_/B (sky130_fd_sc_hd__xnor2_1)
                  0.04    0.09    1.33 v _171_/Y (sky130_fd_sc_hd__xnor2_1)
     1    0.00                           _010_ (net)
                  0.04    0.00    1.33 v _271_/D (sky130_fd_sc_hd__dfrtp_1)
                                  1.33   data arrival time

                         20.00   20.00   clock clk (rise edge)
                          0.00   20.00   clock source latency
                  0.05    0.03   20.03 ^ clk (in)
     1    0.01                           clk (net)
                  0.05    0.00   20.03 ^ clkbuf_0_clk/A (sky130_fd_sc_hd__clkbuf_16)
                  0.05    0.10   20.13 ^ clkbuf_0_clk/X (sky130_fd_sc_hd__clkbuf_16)
     4    0.05                           clknet_0_clk (net)
                  0.05    0.00   20.14 ^ clkbuf_2_3__f_clk/A (sky130_fd_sc_hd__clkbuf_16)
                  0.04    0.10   20.23 ^ clkbuf_2_3__f_clk/X (sky130_fd_sc_hd__clkbuf_16)
     9    0.03                           clknet_2_3__leaf_clk (net)
                  0.04    0.00   20.24 ^ _271_/CLK (sky130_fd_sc_hd__dfrtp_1)
                         -0.25   19.99   clock uncertainty
                          0.02   20.01   clock reconvergence pessimism
                         -0.07   19.95   library setup time
                                 19.95   data required time
-----------------------------------------------------------------------------
                                 19.95   data required time
                                 -1.33   data arrival time
-----------------------------------------------------------------------------
                                 18.62   slack (MET)


Startpoint: _297_ (rising edge-triggered flip-flop clocked by clk)
Endpoint: _280_ (rising edge-triggered flip-flop clocked by clk)
Path Group: clk
Path Type: max
Corner: Fastest

Fanout     Cap    Slew   Delay    Time   Description
-----------------------------------------------------------------------------
                          0.00    0.00   clock clk (rise edge)
                          0.00    0.00   clock source latency
                  0.05    0.03    0.03 ^ clk (in)
     1    0.01                           clk (net)
                  0.05    0.00    0.03 ^ clkbuf_0_clk/A (sky130_fd_sc_hd__clkbuf_16)
                  0.05    0.11    0.15 ^ clkbuf_0_clk/X (sky130_fd_sc_hd__clkbuf_16)
     4    0.05                           clknet_0_clk (net)
                  0.05    0.00    0.15 ^ clkbuf_2_1__f_clk/A (sky130_fd_sc_hd__clkbuf_16)
                  0.04    0.11    0.26 ^ clkbuf_2_1__f_clk/X (sky130_fd_sc_hd__clkbuf_16)
    11    0.04                           clknet_2_1__leaf_clk (net)
                  0.04    0.00    0.26 ^ _297_/CLK (sky130_fd_sc_hd__dfrtp_4)
                  0.07    0.35    0.61 v _297_/Q (sky130_fd_sc_hd__dfrtp_4)
     8    0.03                           state[1] (net)
                  0.07    0.00    0.61 v _181_/A (sky130_fd_sc_hd__or4b_2)
                  0.11    0.43    1.05 v _181_/X (sky130_fd_sc_hd__or4b_2)
     3    0.02                           _063_ (net)
                  0.11    0.00    1.05 v _190_/B (sky130_fd_sc_hd__nor2_2)
                  0.19    0.18    1.22 ^ _190_/Y (sky130_fd_sc_hd__nor2_2)
     6    0.02                           _070_ (net)
                  0.19    0.00    1.23 ^ _207_/A1 (sky130_fd_sc_hd__a32o_1)
                  0.04    0.12    1.34 ^ _207_/X (sky130_fd_sc_hd__a32o_1)
     1    0.00                           _019_ (net)
                  0.04    0.00    1.34 ^ _280_/D (sky130_fd_sc_hd__dfrtp_1)
                                  1.34   data arrival time

                         20.00   20.00   clock clk (rise edge)
                          0.00   20.00   clock source latency
                  0.05    0.03   20.03 ^ clk (in)
     1    0.01                           clk (net)
                  0.05    0.00   20.03 ^ clkbuf_0_clk/A (sky130_fd_sc_hd__clkbuf_16)
                  0.05    0.10   20.13 ^ clkbuf_0_clk/X (sky130_fd_sc_hd__clkbuf_16)
     4    0.05                           clknet_0_clk (net)
                  0.05    0.00   20.14 ^ clkbuf_2_3__f_clk/A (sky130_fd_sc_hd__clkbuf_16)
                  0.04    0.10   20.23 ^ clkbuf_2_3__f_clk/X (sky130_fd_sc_hd__clkbuf_16)
     9    0.03                           clknet_2_3__leaf_clk (net)
                  0.04    0.00   20.24 ^ _280_/CLK (sky130_fd_sc_hd__dfrtp_1)
                         -0.25   19.99   clock uncertainty
                          0.01   20.00   clock reconvergence pessimism
                         -0.04   19.96   library setup time
                                 19.96   data required time
-----------------------------------------------------------------------------
                                 19.96   data required time
                                 -1.34   data arrival time
-----------------------------------------------------------------------------
                                 18.62   slack (MET)


Startpoint: _297_ (rising edge-triggered flip-flop clocked by clk)
Endpoint: _279_ (rising edge-triggered flip-flop clocked by clk)
Path Group: clk
Path Type: max
Corner: Fastest

Fanout     Cap    Slew   Delay    Time   Description
-----------------------------------------------------------------------------
                          0.00    0.00   clock clk (rise edge)
                          0.00    0.00   clock source latency
                  0.05    0.03    0.03 ^ clk (in)
     1    0.01                           clk (net)
                  0.05    0.00    0.03 ^ clkbuf_0_clk/A (sky130_fd_sc_hd__clkbuf_16)
                  0.05    0.11    0.15 ^ clkbuf_0_clk/X (sky130_fd_sc_hd__clkbuf_16)
     4    0.05                           clknet_0_clk (net)
                  0.05    0.00    0.15 ^ clkbuf_2_1__f_clk/A (sky130_fd_sc_hd__clkbuf_16)
                  0.04    0.11    0.26 ^ clkbuf_2_1__f_clk/X (sky130_fd_sc_hd__clkbuf_16)
    11    0.04                           clknet_2_1__leaf_clk (net)
                  0.04    0.00    0.26 ^ _297_/CLK (sky130_fd_sc_hd__dfrtp_4)
                  0.07    0.35    0.61 v _297_/Q (sky130_fd_sc_hd__dfrtp_4)
     8    0.03                           state[1] (net)
                  0.07    0.00    0.61 v _181_/A (sky130_fd_sc_hd__or4b_2)
                  0.11    0.43    1.05 v _181_/X (sky130_fd_sc_hd__or4b_2)
     3    0.02                           _063_ (net)
                  0.11    0.00    1.05 v _192_/B (sky130_fd_sc_hd__nor2_2)
                  0.19    0.18    1.22 ^ _192_/Y (sky130_fd_sc_hd__nor2_2)
     6    0.02                           _072_ (net)
                  0.19    0.00    1.23 ^ _204_/A2 (sky130_fd_sc_hd__a22o_1)
                  0.04    0.11    1.33 ^ _204_/X (sky130_fd_sc_hd__a22o_1)
     1    0.00                           _018_ (net)
                  0.04    0.00    1.33 ^ _279_/D (sky130_fd_sc_hd__dfrtp_1)
                                  1.33   data arrival time

                         20.00   20.00   clock clk (rise edge)
                          0.00   20.00   clock source latency
                  0.05    0.03   20.03 ^ clk (in)
     1    0.01                           clk (net)
                  0.05    0.00   20.03 ^ clkbuf_0_clk/A (sky130_fd_sc_hd__clkbuf_16)
                  0.05    0.10   20.13 ^ clkbuf_0_clk/X (sky130_fd_sc_hd__clkbuf_16)
     4    0.05                           clknet_0_clk (net)
                  0.05    0.00   20.14 ^ clkbuf_2_3__f_clk/A (sky130_fd_sc_hd__clkbuf_16)
                  0.04    0.10   20.23 ^ clkbuf_2_3__f_clk/X (sky130_fd_sc_hd__clkbuf_16)
     9    0.03                           clknet_2_3__leaf_clk (net)
                  0.04    0.00   20.24 ^ _279_/CLK (sky130_fd_sc_hd__dfrtp_1)
                         -0.25   19.99   clock uncertainty
                          0.01   20.00   clock reconvergence pessimism
                         -0.04   19.96   library setup time
                                 19.96   data required time
-----------------------------------------------------------------------------
                                 19.96   data required time
                                 -1.33   data arrival time
-----------------------------------------------------------------------------
                                 18.63   slack (MET)


Startpoint: _268_ (rising edge-triggered flip-flop clocked by clk)
Endpoint: _263_ (rising edge-triggered flip-flop clocked by clk)
Path Group: clk
Path Type: max
Corner: Fastest

Fanout     Cap    Slew   Delay    Time   Description
-----------------------------------------------------------------------------
                          0.00    0.00   clock clk (rise edge)
                          0.00    0.00   clock source latency
                  0.05    0.03    0.03 ^ clk (in)
     1    0.01                           clk (net)
                  0.05    0.00    0.03 ^ clkbuf_0_clk/A (sky130_fd_sc_hd__clkbuf_16)
                  0.05    0.11    0.15 ^ clkbuf_0_clk/X (sky130_fd_sc_hd__clkbuf_16)
     4    0.05                           clknet_0_clk (net)
                  0.05    0.00    0.15 ^ clkbuf_2_1__f_clk/A (sky130_fd_sc_hd__clkbuf_16)
                  0.04    0.11    0.26 ^ clkbuf_2_1__f_clk/X (sky130_fd_sc_hd__clkbuf_16)
    11    0.04                           clknet_2_1__leaf_clk (net)
                  0.04    0.00    0.26 ^ _268_/CLK (sky130_fd_sc_hd__dfrtp_1)
                  0.07    0.29    0.55 v _268_/Q (sky130_fd_sc_hd__dfrtp_1)
     4    0.01                           baud_counter[6] (net)
                  0.07    0.00    0.55 v _135_/A (sky130_fd_sc_hd__or3b_1)
                  0.05    0.22    0.77 v _135_/X (sky130_fd_sc_hd__or3b_1)
     1    0.00                           _124_ (net)
                  0.05    0.00    0.77 v _138_/B (sky130_fd_sc_hd__or4_1)
                  0.09    0.33    1.09 v _138_/X (sky130_fd_sc_hd__or4_1)
     3    0.01                           _127_ (net)
                  0.09    0.00    1.09 v _148_/A2 (sky130_fd_sc_hd__o211a_1)
                  0.03    0.14    1.24 v _148_/X (sky130_fd_sc_hd__o211a_1)
     1    0.00                           _002_ (net)
                  0.03    0.00    1.24 v _263_/D (sky130_fd_sc_hd__dfrtp_1)
                                  1.24   data arrival time

                         20.00   20.00   clock clk (rise edge)
                          0.00   20.00   clock source latency
                  0.05    0.03   20.03 ^ clk (in)
     1    0.01                           clk (net)
                  0.05    0.00   20.03 ^ clkbuf_0_clk/A (sky130_fd_sc_hd__clkbuf_16)
                  0.05    0.10   20.13 ^ clkbuf_0_clk/X (sky130_fd_sc_hd__clkbuf_16)
     4    0.05                           clknet_0_clk (net)
                  0.05    0.00   20.14 ^ clkbuf_2_3__f_clk/A (sky130_fd_sc_hd__clkbuf_16)
                  0.04    0.10   20.23 ^ clkbuf_2_3__f_clk/X (sky130_fd_sc_hd__clkbuf_16)
     9    0.03                           clknet_2_3__leaf_clk (net)
                  0.04    0.00   20.24 ^ _263_/CLK (sky130_fd_sc_hd__dfrtp_1)
                         -0.25   19.99   clock uncertainty
                          0.01   20.00   clock reconvergence pessimism
                         -0.06   19.94   library setup time
                                 19.94   data required time
-----------------------------------------------------------------------------
                                 19.94   data required time
                                 -1.24   data arrival time
-----------------------------------------------------------------------------
                                 18.70   slack (MET)


Startpoint: _297_ (rising edge-triggered flip-flop clocked by clk)
Endpoint: _274_ (rising edge-triggered flip-flop clocked by clk)
Path Group: clk
Path Type: max
Corner: Fastest

Fanout     Cap    Slew   Delay    Time   Description
-----------------------------------------------------------------------------
                          0.00    0.00   clock clk (rise edge)
                          0.00    0.00   clock source latency
                  0.05    0.03    0.03 ^ clk (in)
     1    0.01                           clk (net)
                  0.05    0.00    0.03 ^ clkbuf_0_clk/A (sky130_fd_sc_hd__clkbuf_16)
                  0.05    0.11    0.15 ^ clkbuf_0_clk/X (sky130_fd_sc_hd__clkbuf_16)
     4    0.05                           clknet_0_clk (net)
                  0.05    0.00    0.15 ^ clkbuf_2_1__f_clk/A (sky130_fd_sc_hd__clkbuf_16)
                  0.04    0.11    0.26 ^ clkbuf_2_1__f_clk/X (sky130_fd_sc_hd__clkbuf_16)
    11    0.04                           clknet_2_1__leaf_clk (net)
                  0.04    0.00    0.26 ^ _297_/CLK (sky130_fd_sc_hd__dfrtp_4)
                  0.07    0.35    0.61 v _297_/Q (sky130_fd_sc_hd__dfrtp_4)
     8    0.03                           state[1] (net)
                  0.07    0.00    0.61 v _181_/A (sky130_fd_sc_hd__or4b_2)
                  0.11    0.43    1.05 v _181_/X (sky130_fd_sc_hd__or4b_2)
     3    0.02                           _063_ (net)
                  0.11    0.00    1.05 v _182_/B1 (sky130_fd_sc_hd__a21oi_1)
                  0.08    0.08    1.12 ^ _182_/Y (sky130_fd_sc_hd__a21oi_1)
     1    0.00                           _064_ (net)
                  0.08    0.00    1.12 ^ _183_/B1 (sky130_fd_sc_hd__o21a_1)
                  0.03    0.07    1.19 ^ _183_/X (sky130_fd_sc_hd__o21a_1)
     1    0.00                           _013_ (net)
                  0.03    0.00    1.19 ^ _274_/D (sky130_fd_sc_hd__dfrtp_4)
                                  1.19   data arrival time

                         20.00   20.00   clock clk (rise edge)
                          0.00   20.00   clock source latency
                  0.05    0.03   20.03 ^ clk (in)
     1    0.01                           clk (net)
                  0.05    0.00   20.03 ^ clkbuf_0_clk/A (sky130_fd_sc_hd__clkbuf_16)
                  0.05    0.10   20.13 ^ clkbuf_0_clk/X (sky130_fd_sc_hd__clkbuf_16)
     4    0.05                           clknet_0_clk (net)
                  0.05    0.00   20.14 ^ clkbuf_2_2__f_clk/A (sky130_fd_sc_hd__clkbuf_16)
                  0.04    0.09   20.23 ^ clkbuf_2_2__f_clk/X (sky130_fd_sc_hd__clkbuf_16)
     8    0.03                           clknet_2_2__leaf_clk (net)
                  0.04    0.00   20.23 ^ _274_/CLK (sky130_fd_sc_hd__dfrtp_4)
                         -0.25   19.98   clock uncertainty
                          0.01   20.00   clock reconvergence pessimism
                         -0.04   19.96   library setup time
                                 19.96   data required time
-----------------------------------------------------------------------------
                                 19.96   data required time
                                 -1.19   data arrival time
-----------------------------------------------------------------------------
                                 18.77   slack (MET)


Startpoint: _264_ (rising edge-triggered flip-flop clocked by clk)
Endpoint: _268_ (rising edge-triggered flip-flop clocked by clk)
Path Group: clk
Path Type: max
Corner: Fastest

Fanout     Cap    Slew   Delay    Time   Description
-----------------------------------------------------------------------------
                          0.00    0.00   clock clk (rise edge)
                          0.00    0.00   clock source latency
                  0.05    0.03    0.03 ^ clk (in)
     1    0.01                           clk (net)
                  0.05    0.00    0.03 ^ clkbuf_0_clk/A (sky130_fd_sc_hd__clkbuf_16)
                  0.05    0.11    0.15 ^ clkbuf_0_clk/X (sky130_fd_sc_hd__clkbuf_16)
     4    0.05                           clknet_0_clk (net)
                  0.05    0.00    0.15 ^ clkbuf_2_3__f_clk/A (sky130_fd_sc_hd__clkbuf_16)
                  0.04    0.11    0.26 ^ clkbuf_2_3__f_clk/X (sky130_fd_sc_hd__clkbuf_16)
     9    0.03                           clknet_2_3__leaf_clk (net)
                  0.04    0.00    0.26 ^ _264_/CLK (sky130_fd_sc_hd__dfrtp_1)
                  0.11    0.29    0.55 ^ _264_/Q (sky130_fd_sc_hd__dfrtp_1)
     5    0.02                           baud_counter[2] (net)
                  0.11    0.00    0.55 ^ _153_/D (sky130_fd_sc_hd__and4_1)
                  0.14    0.22    0.77 ^ _153_/X (sky130_fd_sc_hd__and4_1)
     6    0.02                           _043_ (net)
                  0.14    0.00    0.78 ^ _159_/B_N (sky130_fd_sc_hd__or2b_1)
                  0.05    0.16    0.94 v _159_/X (sky130_fd_sc_hd__or2b_1)
     2    0.01                           _048_ (net)
                  0.05    0.00    0.94 v _161_/B (sky130_fd_sc_hd__or2_1)
                  0.04    0.14    1.07 v _161_/X (sky130_fd_sc_hd__or2_1)
     1    0.00                           _049_ (net)
                  0.04    0.00    1.07 v _162_/B (sky130_fd_sc_hd__xnor2_1)
                  0.04    0.09    1.16 v _162_/Y (sky130_fd_sc_hd__xnor2_1)
     1    0.00                           _007_ (net)
                  0.04    0.00    1.16 v _268_/D (sky130_fd_sc_hd__dfrtp_1)
                                  1.16   data arrival time

                         20.00   20.00   clock clk (rise edge)
                          0.00   20.00   clock source latency
                  0.05    0.03   20.03 ^ clk (in)
     1    0.01                           clk (net)
                  0.05    0.00   20.03 ^ clkbuf_0_clk/A (sky130_fd_sc_hd__clkbuf_16)
                  0.05    0.10   20.13 ^ clkbuf_0_clk/X (sky130_fd_sc_hd__clkbuf_16)
     4    0.05                           clknet_0_clk (net)
                  0.05    0.00   20.14 ^ clkbuf_2_1__f_clk/A (sky130_fd_sc_hd__clkbuf_16)
                  0.04    0.10   20.23 ^ clkbuf_2_1__f_clk/X (sky130_fd_sc_hd__clkbuf_16)
    11    0.04                           clknet_2_1__leaf_clk (net)
                  0.04    0.00   20.24 ^ _268_/CLK (sky130_fd_sc_hd__dfrtp_1)
                         -0.25   19.99   clock uncertainty
                          0.01   20.00   clock reconvergence pessimism
                         -0.06   19.94   library setup time
                                 19.94   data required time
-----------------------------------------------------------------------------
                                 19.94   data required time
                                 -1.16   data arrival time
-----------------------------------------------------------------------------
                                 18.78   slack (MET)


Startpoint: _263_ (rising edge-triggered flip-flop clocked by clk)
Endpoint: _298_ (rising edge-triggered flip-flop clocked by clk)
Path Group: clk
Path Type: max
Corner: Fastest

Fanout     Cap    Slew   Delay    Time   Description
-----------------------------------------------------------------------------
                          0.00    0.00   clock clk (rise edge)
                          0.00    0.00   clock source latency
                  0.05    0.03    0.03 ^ clk (in)
     1    0.01                           clk (net)
                  0.05    0.00    0.03 ^ clkbuf_0_clk/A (sky130_fd_sc_hd__clkbuf_16)
                  0.05    0.11    0.15 ^ clkbuf_0_clk/X (sky130_fd_sc_hd__clkbuf_16)
     4    0.05                           clknet_0_clk (net)
                  0.05    0.00    0.15 ^ clkbuf_2_3__f_clk/A (sky130_fd_sc_hd__clkbuf_16)
                  0.04    0.11    0.26 ^ clkbuf_2_3__f_clk/X (sky130_fd_sc_hd__clkbuf_16)
     9    0.03                           clknet_2_3__leaf_clk (net)
                  0.04    0.00    0.26 ^ _263_/CLK (sky130_fd_sc_hd__dfrtp_1)
                  0.06    0.28    0.54 v _263_/Q (sky130_fd_sc_hd__dfrtp_1)
     4    0.01                           baud_counter[1] (net)
                  0.06    0.00    0.54 v _137_/A (sky130_fd_sc_hd__or4b_1)
                  0.06    0.29    0.84 v _137_/X (sky130_fd_sc_hd__or4b_1)
     1    0.00                           _126_ (net)
                  0.06    0.00    0.84 v _138_/D (sky130_fd_sc_hd__or4_1)
                  0.09    0.27    1.10 v _138_/X (sky130_fd_sc_hd__or4_1)
     3    0.01                           _127_ (net)
                  0.09    0.00    1.10 v _139_/B (sky130_fd_sc_hd__nor2_1)
                  0.06    0.07    1.17 ^ _139_/Y (sky130_fd_sc_hd__nor2_1)
     1    0.00                           _000_ (net)
                  0.06    0.00    1.17 ^ _298_/D (sky130_fd_sc_hd__dfrtp_1)
                                  1.17   data arrival time

                         20.00   20.00   clock clk (rise edge)
                          0.00   20.00   clock source latency
                  0.05    0.03   20.03 ^ clk (in)
     1    0.01                           clk (net)
                  0.05    0.00   20.03 ^ clkbuf_0_clk/A (sky130_fd_sc_hd__clkbuf_16)
                  0.05    0.10   20.13 ^ clkbuf_0_clk/X (sky130_fd_sc_hd__clkbuf_16)
     4    0.05                           clknet_0_clk (net)
                  0.05    0.00   20.14 ^ clkbuf_2_1__f_clk/A (sky130_fd_sc_hd__clkbuf_16)
                  0.04    0.10   20.23 ^ clkbuf_2_1__f_clk/X (sky130_fd_sc_hd__clkbuf_16)
    11    0.04                           clknet_2_1__leaf_clk (net)
                  0.04    0.00   20.24 ^ _298_/CLK (sky130_fd_sc_hd__dfrtp_1)
                         -0.25   19.99   clock uncertainty
                          0.01   20.00   clock reconvergence pessimism
                         -0.04   19.96   library setup time
                                 19.96   data required time
-----------------------------------------------------------------------------
                                 19.96   data required time
                                 -1.17   data arrival time
-----------------------------------------------------------------------------
                                 18.79   slack (MET)


Startpoint: _278_ (rising edge-triggered flip-flop clocked by clk)
Endpoint: _275_ (rising edge-triggered flip-flop clocked by clk)
Path Group: clk
Path Type: max
Corner: Fastest

Fanout     Cap    Slew   Delay    Time   Description
-----------------------------------------------------------------------------
                          0.00    0.00   clock clk (rise edge)
                          0.00    0.00   clock source latency
                  0.05    0.03    0.03 ^ clk (in)
     1    0.01                           clk (net)
                  0.05    0.00    0.03 ^ clkbuf_0_clk/A (sky130_fd_sc_hd__clkbuf_16)
                  0.05    0.11    0.15 ^ clkbuf_0_clk/X (sky130_fd_sc_hd__clkbuf_16)
     4    0.05                           clknet_0_clk (net)
                  0.05    0.00    0.15 ^ clkbuf_2_3__f_clk/A (sky130_fd_sc_hd__clkbuf_16)
                  0.04    0.11    0.26 ^ clkbuf_2_3__f_clk/X (sky130_fd_sc_hd__clkbuf_16)
     9    0.03                           clknet_2_3__leaf_clk (net)
                  0.04    0.00    0.26 ^ _278_/CLK (sky130_fd_sc_hd__dfrtp_1)
                  0.07    0.29    0.55 v _278_/Q (sky130_fd_sc_hd__dfrtp_1)
     5    0.01                           idle_counter[4] (net)
                  0.07    0.00    0.55 v _172_/D (sky130_fd_sc_hd__and4_1)
                  0.07    0.18    0.73 v _172_/X (sky130_fd_sc_hd__and4_1)
     3    0.01                           _056_ (net)
                  0.07    0.00    0.73 v _180_/A1 (sky130_fd_sc_hd__a21oi_2)
                  0.16    0.16    0.89 ^ _180_/Y (sky130_fd_sc_hd__a21oi_2)
     5    0.02                           _062_ (net)
                  0.16    0.00    0.90 ^ _185_/C (sky130_fd_sc_hd__nand3_1)
                  0.06    0.06    0.96 v _185_/Y (sky130_fd_sc_hd__nand3_1)
     1    0.00                           _066_ (net)
                  0.06    0.00    0.96 v _187_/B (sky130_fd_sc_hd__and3_1)
                  0.03    0.11    1.07 v _187_/X (sky130_fd_sc_hd__and3_1)
     1    0.00                           _068_ (net)
                  0.03    0.00    1.07 v _188_/A (sky130_fd_sc_hd__clkbuf_1)
                  0.02    0.06    1.12 v _188_/X (sky130_fd_sc_hd__clkbuf_1)
     1    0.00                           _014_ (net)
                  0.02    0.00    1.12 v _275_/D (sky130_fd_sc_hd__dfrtp_2)
                                  1.12   data arrival time

                         20.00   20.00   clock clk (rise edge)
                          0.00   20.00   clock source latency
                  0.05    0.03   20.03 ^ clk (in)
     1    0.01                           clk (net)
                  0.05    0.00   20.03 ^ clkbuf_0_clk/A (sky130_fd_sc_hd__clkbuf_16)
                  0.05    0.10   20.13 ^ clkbuf_0_clk/X (sky130_fd_sc_hd__clkbuf_16)
     4    0.05                           clknet_0_clk (net)
                  0.05    0.00   20.14 ^ clkbuf_2_2__f_clk/A (sky130_fd_sc_hd__clkbuf_16)
                  0.04    0.09   20.23 ^ clkbuf_2_2__f_clk/X (sky130_fd_sc_hd__clkbuf_16)
     8    0.03                           clknet_2_2__leaf_clk (net)
                  0.04    0.00   20.23 ^ _275_/CLK (sky130_fd_sc_hd__dfrtp_2)
                         -0.25   19.98   clock uncertainty
                          0.01   20.00   clock reconvergence pessimism
                         -0.06   19.94   library setup time
                                 19.94   data required time
-----------------------------------------------------------------------------
                                 19.94   data required time
                                 -1.12   data arrival time
-----------------------------------------------------------------------------
                                 18.81   slack (MET)


Startpoint: _264_ (rising edge-triggered flip-flop clocked by clk)
Endpoint: _264_ (rising edge-triggered flip-flop clocked by clk)
Path Group: clk
Path Type: max
Corner: Fastest

Fanout     Cap    Slew   Delay    Time   Description
-----------------------------------------------------------------------------
                          0.00    0.00   clock clk (rise edge)
                          0.00    0.00   clock source latency
                  0.05    0.03    0.03 ^ clk (in)
     1    0.01                           clk (net)
                  0.05    0.00    0.03 ^ clkbuf_0_clk/A (sky130_fd_sc_hd__clkbuf_16)
                  0.05    0.11    0.15 ^ clkbuf_0_clk/X (sky130_fd_sc_hd__clkbuf_16)
     4    0.05                           clknet_0_clk (net)
                  0.05    0.00    0.15 ^ clkbuf_2_3__f_clk/A (sky130_fd_sc_hd__clkbuf_16)
                  0.04    0.11    0.26 ^ clkbuf_2_3__f_clk/X (sky130_fd_sc_hd__clkbuf_16)
     9    0.03                           clknet_2_3__leaf_clk (net)
                  0.04    0.00    0.26 ^ _264_/CLK (sky130_fd_sc_hd__dfrtp_1)
                  0.08    0.30    0.56 v _264_/Q (sky130_fd_sc_hd__dfrtp_1)
     5    0.02                           baud_counter[2] (net)
                  0.08    0.00    0.56 v hold12/A (sky130_fd_sc_hd__dlygate4sd3_1)
                  0.05    0.43    0.99 v hold12/X (sky130_fd_sc_hd__dlygate4sd3_1)
     1    0.01                           net30 (net)
                  0.05    0.00    0.99 v _149_/A (sky130_fd_sc_hd__xnor2_1)
                  0.04    0.09    1.08 v _149_/Y (sky130_fd_sc_hd__xnor2_1)
     1    0.00                           _003_ (net)
                  0.04    0.00    1.08 v _264_/D (sky130_fd_sc_hd__dfrtp_1)
                                  1.08   data arrival time

                         20.00   20.00   clock clk (rise edge)
                          0.00   20.00   clock source latency
                  0.05    0.03   20.03 ^ clk (in)
     1    0.01                           clk (net)
                  0.05    0.00   20.03 ^ clkbuf_0_clk/A (sky130_fd_sc_hd__clkbuf_16)
                  0.05    0.10   20.13 ^ clkbuf_0_clk/X (sky130_fd_sc_hd__clkbuf_16)
     4    0.05                           clknet_0_clk (net)
                  0.05    0.00   20.14 ^ clkbuf_2_3__f_clk/A (sky130_fd_sc_hd__clkbuf_16)
                  0.04    0.10   20.23 ^ clkbuf_2_3__f_clk/X (sky130_fd_sc_hd__clkbuf_16)
     9    0.03                           clknet_2_3__leaf_clk (net)
                  0.04    0.00   20.24 ^ _264_/CLK (sky130_fd_sc_hd__dfrtp_1)
                         -0.25   19.99   clock uncertainty
                          0.02   20.01   clock reconvergence pessimism
                         -0.06   19.95   library setup time
                                 19.95   data required time
-----------------------------------------------------------------------------
                                 19.95   data required time
                                 -1.08   data arrival time
-----------------------------------------------------------------------------
                                 18.87   slack (MET)


Startpoint: _297_ (rising edge-triggered flip-flop clocked by clk)
Endpoint: _283_ (rising edge-triggered flip-flop clocked by clk)
Path Group: clk
Path Type: max
Corner: Fastest

Fanout     Cap    Slew   Delay    Time   Description
-----------------------------------------------------------------------------
                          0.00    0.00   clock clk (rise edge)
                          0.00    0.00   clock source latency
                  0.05    0.03    0.03 ^ clk (in)
     1    0.01                           clk (net)
                  0.05    0.00    0.03 ^ clkbuf_0_clk/A (sky130_fd_sc_hd__clkbuf_16)
                  0.05    0.11    0.15 ^ clkbuf_0_clk/X (sky130_fd_sc_hd__clkbuf_16)
     4    0.05                           clknet_0_clk (net)
                  0.05    0.00    0.15 ^ clkbuf_2_1__f_clk/A (sky130_fd_sc_hd__clkbuf_16)
                  0.04    0.11    0.26 ^ clkbuf_2_1__f_clk/X (sky130_fd_sc_hd__clkbuf_16)
    11    0.04                           clknet_2_1__leaf_clk (net)
                  0.04    0.00    0.26 ^ _297_/CLK (sky130_fd_sc_hd__dfrtp_4)
                  0.07    0.35    0.61 v _297_/Q (sky130_fd_sc_hd__dfrtp_4)
     8    0.03                           state[1] (net)
                  0.07    0.00    0.61 v _131_/A (sky130_fd_sc_hd__nor2_1)
                  0.14    0.14    0.75 ^ _131_/Y (sky130_fd_sc_hd__nor2_1)
     3    0.01                           _121_ (net)
                  0.14    0.00    0.75 ^ _184_/B (sky130_fd_sc_hd__and3b_1)
                  0.09    0.16    0.91 ^ _184_/X (sky130_fd_sc_hd__and3b_1)
     3    0.01                           _065_ (net)
                  0.09    0.00    0.91 ^ _213_/B (sky130_fd_sc_hd__and2_1)
                  0.04    0.09    1.00 ^ _213_/X (sky130_fd_sc_hd__and2_1)
     1    0.00                           _086_ (net)
                  0.04    0.00    1.00 ^ _214_/A (sky130_fd_sc_hd__clkbuf_1)
                  0.03    0.06    1.06 ^ _214_/X (sky130_fd_sc_hd__clkbuf_1)
     1    0.00                           _022_ (net)
                  0.03    0.00    1.06 ^ _283_/D (sky130_fd_sc_hd__dfrtp_1)
                                  1.06   data arrival time

                         20.00   20.00   clock clk (rise edge)
                          0.00   20.00   clock source latency
                  0.05    0.03   20.03 ^ clk (in)
     1    0.01                           clk (net)
                  0.05    0.00   20.03 ^ clkbuf_0_clk/A (sky130_fd_sc_hd__clkbuf_16)
                  0.05    0.10   20.13 ^ clkbuf_0_clk/X (sky130_fd_sc_hd__clkbuf_16)
     4    0.05                           clknet_0_clk (net)
                  0.05    0.00   20.14 ^ clkbuf_2_2__f_clk/A (sky130_fd_sc_hd__clkbuf_16)
                  0.04    0.09   20.23 ^ clkbuf_2_2__f_clk/X (sky130_fd_sc_hd__clkbuf_16)
     8    0.03                           clknet_2_2__leaf_clk (net)
                  0.04    0.00   20.23 ^ _283_/CLK (sky130_fd_sc_hd__dfrtp_1)
                         -0.25   19.98   clock uncertainty
                          0.01   20.00   clock reconvergence pessimism
                         -0.04   19.96   library setup time
                                 19.96   data required time
-----------------------------------------------------------------------------
                                 19.96   data required time
                                 -1.06   data arrival time
-----------------------------------------------------------------------------
                                 18.90   slack (MET)


Startpoint: _282_ (rising edge-triggered flip-flop clocked by clk)
Endpoint: _282_ (rising edge-triggered flip-flop clocked by clk)
Path Group: clk
Path Type: max
Corner: Fastest

Fanout     Cap    Slew   Delay    Time   Description
-----------------------------------------------------------------------------
                          0.00    0.00   clock clk (rise edge)
                          0.00    0.00   clock source latency
                  0.05    0.03    0.03 ^ clk (in)
     1    0.01                           clk (net)
                  0.05    0.00    0.03 ^ clkbuf_0_clk/A (sky130_fd_sc_hd__clkbuf_16)
                  0.05    0.11    0.15 ^ clkbuf_0_clk/X (sky130_fd_sc_hd__clkbuf_16)
     4    0.05                           clknet_0_clk (net)
                  0.05    0.00    0.15 ^ clkbuf_2_2__f_clk/A (sky130_fd_sc_hd__clkbuf_16)
                  0.04    0.10    0.25 ^ clkbuf_2_2__f_clk/X (sky130_fd_sc_hd__clkbuf_16)
     8    0.03                           clknet_2_2__leaf_clk (net)
                  0.04    0.00    0.26 ^ _282_/CLK (sky130_fd_sc_hd__dfrtp_1)
                  0.04    0.26    0.52 v _282_/Q (sky130_fd_sc_hd__dfrtp_1)
     2    0.01                           idle_counter[8] (net)
                  0.04    0.00    0.52 v hold3/A (sky130_fd_sc_hd__dlygate4sd3_1)
                  0.04    0.40    0.92 v hold3/X (sky130_fd_sc_hd__dlygate4sd3_1)
     1    0.00                           net21 (net)
                  0.04    0.00    0.92 v _212_/A1 (sky130_fd_sc_hd__o21a_1)
                  0.03    0.11    1.03 v _212_/X (sky130_fd_sc_hd__o21a_1)
     1    0.00                           _021_ (net)
                  0.03    0.00    1.03 v _282_/D (sky130_fd_sc_hd__dfrtp_1)
                                  1.03   data arrival time

                         20.00   20.00   clock clk (rise edge)
                          0.00   20.00   clock source latency
                  0.05    0.03   20.03 ^ clk (in)
     1    0.01                           clk (net)
                  0.05    0.00   20.03 ^ clkbuf_0_clk/A (sky130_fd_sc_hd__clkbuf_16)
                  0.05    0.10   20.13 ^ clkbuf_0_clk/X (sky130_fd_sc_hd__clkbuf_16)
     4    0.05                           clknet_0_clk (net)
                  0.05    0.00   20.14 ^ clkbuf_2_2__f_clk/A (sky130_fd_sc_hd__clkbuf_16)
                  0.04    0.09   20.23 ^ clkbuf_2_2__f_clk/X (sky130_fd_sc_hd__clkbuf_16)
     8    0.03                           clknet_2_2__leaf_clk (net)
                  0.04    0.00   20.23 ^ _282_/CLK (sky130_fd_sc_hd__dfrtp_1)
                         -0.25   19.98   clock uncertainty
                          0.02   20.01   clock reconvergence pessimism
                         -0.06   19.94   library setup time
                                 19.94   data required time
-----------------------------------------------------------------------------
                                 19.94   data required time
                                 -1.03   data arrival time
-----------------------------------------------------------------------------
                                 18.91   slack (MET)


Startpoint: _273_ (rising edge-triggered flip-flop clocked by clk)
Endpoint: _297_ (rising edge-triggered flip-flop clocked by clk)
Path Group: clk
Path Type: max
Corner: Fastest

Fanout     Cap    Slew   Delay    Time   Description
-----------------------------------------------------------------------------
                          0.00    0.00   clock clk (rise edge)
                          0.00    0.00   clock source latency
                  0.05    0.03    0.03 ^ clk (in)
     1    0.01                           clk (net)
                  0.05    0.00    0.03 ^ clkbuf_0_clk/A (sky130_fd_sc_hd__clkbuf_16)
                  0.05    0.11    0.15 ^ clkbuf_0_clk/X (sky130_fd_sc_hd__clkbuf_16)
     4    0.05                           clknet_0_clk (net)
                  0.05    0.00    0.15 ^ clkbuf_2_2__f_clk/A (sky130_fd_sc_hd__clkbuf_16)
                  0.04    0.10    0.25 ^ clkbuf_2_2__f_clk/X (sky130_fd_sc_hd__clkbuf_16)
     8    0.03                           clknet_2_2__leaf_clk (net)
                  0.04    0.00    0.26 ^ _273_/CLK (sky130_fd_sc_hd__dfrtp_2)
                  0.07    0.31    0.56 v _273_/Q (sky130_fd_sc_hd__dfrtp_2)
     5    0.02                           net12 (net)
                  0.07    0.00    0.57 v _130_/A (sky130_fd_sc_hd__clkbuf_4)
                  0.08    0.15    0.72 v _130_/X (sky130_fd_sc_hd__clkbuf_4)
    10    0.04                           _120_ (net)
                  0.08    0.00    0.72 v _132_/A (sky130_fd_sc_hd__nor2_1)
                  0.19    0.18    0.90 ^ _132_/Y (sky130_fd_sc_hd__nor2_1)
     3    0.02                           net14 (net)
                  0.19    0.00    0.90 ^ _261_/A2 (sky130_fd_sc_hd__a32o_1)
                  0.04    0.12    1.02 ^ _261_/X (sky130_fd_sc_hd__a32o_1)
     1    0.00                           _036_ (net)
                  0.04    0.00    1.02 ^ _297_/D (sky130_fd_sc_hd__dfrtp_4)
                                  1.02   data arrival time

                         20.00   20.00   clock clk (rise edge)
                          0.00   20.00   clock source latency
                  0.05    0.03   20.03 ^ clk (in)
     1    0.01                           clk (net)
                  0.05    0.00   20.03 ^ clkbuf_0_clk/A (sky130_fd_sc_hd__clkbuf_16)
                  0.05    0.10   20.13 ^ clkbuf_0_clk/X (sky130_fd_sc_hd__clkbuf_16)
     4    0.05                           clknet_0_clk (net)
                  0.05    0.00   20.14 ^ clkbuf_2_1__f_clk/A (sky130_fd_sc_hd__clkbuf_16)
                  0.04    0.10   20.23 ^ clkbuf_2_1__f_clk/X (sky130_fd_sc_hd__clkbuf_16)
    11    0.04                           clknet_2_1__leaf_clk (net)
                  0.04    0.00   20.24 ^ _297_/CLK (sky130_fd_sc_hd__dfrtp_4)
                         -0.25   19.99   clock uncertainty
                          0.01   20.00   clock reconvergence pessimism
                         -0.04   19.96   library setup time
                                 19.96   data required time
-----------------------------------------------------------------------------
                                 19.96   data required time
                                 -1.02   data arrival time
-----------------------------------------------------------------------------
                                 18.94   slack (MET)


Startpoint: _273_ (rising edge-triggered flip-flop clocked by clk)
Endpoint: _265_ (rising edge-triggered flip-flop clocked by clk)
Path Group: clk
Path Type: max
Corner: Fastest

Fanout     Cap    Slew   Delay    Time   Description
-----------------------------------------------------------------------------
                          0.00    0.00   clock clk (rise edge)
                          0.00    0.00   clock source latency
                  0.05    0.03    0.03 ^ clk (in)
     1    0.01                           clk (net)
                  0.05    0.00    0.03 ^ clkbuf_0_clk/A (sky130_fd_sc_hd__clkbuf_16)
                  0.05    0.11    0.15 ^ clkbuf_0_clk/X (sky130_fd_sc_hd__clkbuf_16)
     4    0.05                           clknet_0_clk (net)
                  0.05    0.00    0.15 ^ clkbuf_2_2__f_clk/A (sky130_fd_sc_hd__clkbuf_16)
                  0.04    0.10    0.25 ^ clkbuf_2_2__f_clk/X (sky130_fd_sc_hd__clkbuf_16)
     8    0.03                           clknet_2_2__leaf_clk (net)
                  0.04    0.00    0.26 ^ _273_/CLK (sky130_fd_sc_hd__dfrtp_2)
                  0.07    0.31    0.56 v _273_/Q (sky130_fd_sc_hd__dfrtp_2)
     5    0.02                           net12 (net)
                  0.07    0.00    0.57 v _143_/A_N (sky130_fd_sc_hd__and2b_1)
                  0.07    0.17    0.73 ^ _143_/X (sky130_fd_sc_hd__and2b_1)
     3    0.01                           _037_ (net)
                  0.07    0.00    0.73 ^ _146_/B (sky130_fd_sc_hd__nand2_1)
                  0.08    0.08    0.82 v _146_/Y (sky130_fd_sc_hd__nand2_1)
     3    0.01                           _039_ (net)
                  0.08    0.00    0.82 v _150_/B (sky130_fd_sc_hd__nand2_1)
                  0.06    0.07    0.89 ^ _150_/Y (sky130_fd_sc_hd__nand2_1)
     1    0.01                           _041_ (net)
                  0.06    0.00    0.89 ^ _152_/A (sky130_fd_sc_hd__xnor2_1)
                  0.10    0.09    0.98 ^ _152_/Y (sky130_fd_sc_hd__xnor2_1)
     1    0.00                           _004_ (net)
                  0.10    0.00    0.98 ^ _265_/D (sky130_fd_sc_hd__dfrtp_1)
                                  0.98   data arrival time

                         20.00   20.00   clock clk (rise edge)
                          0.00   20.00   clock source latency
                  0.05    0.03   20.03 ^ clk (in)
     1    0.01                           clk (net)
                  0.05    0.00   20.03 ^ clkbuf_0_clk/A (sky130_fd_sc_hd__clkbuf_16)
                  0.05    0.10   20.13 ^ clkbuf_0_clk/X (sky130_fd_sc_hd__clkbuf_16)
     4    0.05                           clknet_0_clk (net)
                  0.05    0.00   20.14 ^ clkbuf_2_3__f_clk/A (sky130_fd_sc_hd__clkbuf_16)
                  0.04    0.10   20.23 ^ clkbuf_2_3__f_clk/X (sky130_fd_sc_hd__clkbuf_16)
     9    0.03                           clknet_2_3__leaf_clk (net)
                  0.04    0.00   20.24 ^ _265_/CLK (sky130_fd_sc_hd__dfrtp_1)
                         -0.25   19.99   clock uncertainty
                          0.01   20.00   clock reconvergence pessimism
                         -0.04   19.96   library setup time
                                 19.96   data required time
-----------------------------------------------------------------------------
                                 19.96   data required time
                                 -0.98   data arrival time
-----------------------------------------------------------------------------
                                 18.98   slack (MET)


Startpoint: _273_ (rising edge-triggered flip-flop clocked by clk)
Endpoint: _262_ (rising edge-triggered flip-flop clocked by clk)
Path Group: clk
Path Type: max
Corner: Fastest

Fanout     Cap    Slew   Delay    Time   Description
-----------------------------------------------------------------------------
                          0.00    0.00   clock clk (rise edge)
                          0.00    0.00   clock source latency
                  0.05    0.03    0.03 ^ clk (in)
     1    0.01                           clk (net)
                  0.05    0.00    0.03 ^ clkbuf_0_clk/A (sky130_fd_sc_hd__clkbuf_16)
                  0.05    0.11    0.15 ^ clkbuf_0_clk/X (sky130_fd_sc_hd__clkbuf_16)
     4    0.05                           clknet_0_clk (net)
                  0.05    0.00    0.15 ^ clkbuf_2_2__f_clk/A (sky130_fd_sc_hd__clkbuf_16)
                  0.04    0.10    0.25 ^ clkbuf_2_2__f_clk/X (sky130_fd_sc_hd__clkbuf_16)
     8    0.03                           clknet_2_2__leaf_clk (net)
                  0.04    0.00    0.26 ^ _273_/CLK (sky130_fd_sc_hd__dfrtp_2)
                  0.07    0.31    0.56 v _273_/Q (sky130_fd_sc_hd__dfrtp_2)
     5    0.02                           net12 (net)
                  0.07    0.00    0.57 v _130_/A (sky130_fd_sc_hd__clkbuf_4)
                  0.08    0.15    0.72 v _130_/X (sky130_fd_sc_hd__clkbuf_4)
    10    0.04                           _120_ (net)
                  0.08    0.00    0.72 v _144_/B (sky130_fd_sc_hd__and2b_1)
                  0.03    0.11    0.83 v _144_/X (sky130_fd_sc_hd__and2b_1)
     1    0.00                           _038_ (net)
                  0.03    0.00    0.83 v _145_/B (sky130_fd_sc_hd__nor2_1)
                  0.05    0.05    0.88 ^ _145_/Y (sky130_fd_sc_hd__nor2_1)
     1    0.00                           _001_ (net)
                  0.05    0.00    0.88 ^ _262_/D (sky130_fd_sc_hd__dfrtp_1)
                                  0.88   data arrival time

                         20.00   20.00   clock clk (rise edge)
                          0.00   20.00   clock source latency
                  0.05    0.03   20.03 ^ clk (in)
     1    0.01                           clk (net)
                  0.05    0.00   20.03 ^ clkbuf_0_clk/A (sky130_fd_sc_hd__clkbuf_16)
                  0.05    0.10   20.13 ^ clkbuf_0_clk/X (sky130_fd_sc_hd__clkbuf_16)
     4    0.05                           clknet_0_clk (net)
                  0.05    0.00   20.14 ^ clkbuf_2_3__f_clk/A (sky130_fd_sc_hd__clkbuf_16)
                  0.04    0.10   20.23 ^ clkbuf_2_3__f_clk/X (sky130_fd_sc_hd__clkbuf_16)
     9    0.03                           clknet_2_3__leaf_clk (net)
                  0.04    0.00   20.24 ^ _262_/CLK (sky130_fd_sc_hd__dfrtp_1)
                         -0.25   19.99   clock uncertainty
                          0.01   20.00   clock reconvergence pessimism
                         -0.04   19.96   library setup time
                                 19.96   data required time
-----------------------------------------------------------------------------
                                 19.96   data required time
                                 -0.88   data arrival time
-----------------------------------------------------------------------------
                                 19.08   slack (MET)



======================= Slowest Corner ===================================

Startpoint: tx_start (input port clocked by clk)
Endpoint: _288_ (rising edge-triggered flip-flop clocked by clk)
Path Group: clk
Path Type: max
Corner: Slowest

Fanout     Cap    Slew   Delay    Time   Description
-----------------------------------------------------------------------------
                          0.00    0.00   clock clk (rise edge)
                          0.00    0.00   clock network delay (propagated)
                          4.00    4.00 ^ input external delay
                  0.03    0.02    4.02 ^ tx_start (in)
     1    0.00                           tx_start (net)
                  0.03    0.00    4.02 ^ input11/A (sky130_fd_sc_hd__clkbuf_1)
                  0.15    0.20    4.21 ^ input11/X (sky130_fd_sc_hd__clkbuf_1)
     1    0.01                           net11 (net)
                  0.15    0.00    4.21 ^ _216_/D_N (sky130_fd_sc_hd__or4b_2)
                  0.30    1.65    5.86 v _216_/X (sky130_fd_sc_hd__or4b_2)
     3    0.01                           _088_ (net)
                  0.30    0.00    5.87 v _223_/A (sky130_fd_sc_hd__clkbuf_4)
                  0.18    0.48    6.35 v _223_/X (sky130_fd_sc_hd__clkbuf_4)
    10    0.05                           _094_ (net)
                  0.18    0.00    6.35 v _233_/S (sky130_fd_sc_hd__mux2_1)
                  0.13    0.79    7.15 v _233_/X (sky130_fd_sc_hd__mux2_1)
     1    0.00                           _101_ (net)
                  0.13    0.00    7.15 v _235_/A1 (sky130_fd_sc_hd__mux2_1)
                  0.11    0.71    7.86 v _235_/X (sky130_fd_sc_hd__mux2_1)
     1    0.00                           _103_ (net)
                  0.11    0.00    7.86 v _236_/A (sky130_fd_sc_hd__clkbuf_1)
                  0.05    0.19    8.05 v _236_/X (sky130_fd_sc_hd__clkbuf_1)
     1    0.00                           _027_ (net)
                  0.05    0.00    8.05 v _288_/D (sky130_fd_sc_hd__dfrtp_1)
                                  8.05   data arrival time

                         20.00   20.00   clock clk (rise edge)
                          0.00   20.00   clock source latency
                  0.11    0.07   20.07 ^ clk (in)
     1    0.01                           clk (net)
                  0.11    0.00   20.07 ^ clkbuf_0_clk/A (sky130_fd_sc_hd__clkbuf_16)
                  0.10    0.26   20.33 ^ clkbuf_0_clk/X (sky130_fd_sc_hd__clkbuf_16)
     4    0.05                           clknet_0_clk (net)
                  0.10    0.00   20.34 ^ clkbuf_2_0__f_clk/A (sky130_fd_sc_hd__clkbuf_16)
                  0.08    0.23   20.57 ^ clkbuf_2_0__f_clk/X (sky130_fd_sc_hd__clkbuf_16)
     9    0.03                           clknet_2_0__leaf_clk (net)
                  0.08    0.00   20.57 ^ _288_/CLK (sky130_fd_sc_hd__dfrtp_1)
                         -0.25   20.32   clock uncertainty
                          0.00   20.32   clock reconvergence pessimism
                         -0.26   20.06   library setup time
                                 20.06   data required time
-----------------------------------------------------------------------------
                                 20.06   data required time
                                 -8.05   data arrival time
-----------------------------------------------------------------------------
                                 12.01   slack (MET)


Startpoint: tx_start (input port clocked by clk)
Endpoint: _289_ (rising edge-triggered flip-flop clocked by clk)
Path Group: clk
Path Type: max
Corner: Slowest

Fanout     Cap    Slew   Delay    Time   Description
-----------------------------------------------------------------------------
                          0.00    0.00   clock clk (rise edge)
                          0.00    0.00   clock network delay (propagated)
                          4.00    4.00 ^ input external delay
                  0.03    0.02    4.02 ^ tx_start (in)
     1    0.00                           tx_start (net)
                  0.03    0.00    4.02 ^ input11/A (sky130_fd_sc_hd__clkbuf_1)
                  0.15    0.20    4.21 ^ input11/X (sky130_fd_sc_hd__clkbuf_1)
     1    0.01                           net11 (net)
                  0.15    0.00    4.21 ^ _216_/D_N (sky130_fd_sc_hd__or4b_2)
                  0.30    1.65    5.86 v _216_/X (sky130_fd_sc_hd__or4b_2)
     3    0.01                           _088_ (net)
                  0.30    0.00    5.87 v _223_/A (sky130_fd_sc_hd__clkbuf_4)
                  0.18    0.48    6.35 v _223_/X (sky130_fd_sc_hd__clkbuf_4)
    10    0.05                           _094_ (net)
                  0.18    0.00    6.35 v _237_/S (sky130_fd_sc_hd__mux2_1)
                  0.12    0.78    7.13 v _237_/X (sky130_fd_sc_hd__mux2_1)
     1    0.00                           _104_ (net)
                  0.12    0.00    7.13 v _238_/A1 (sky130_fd_sc_hd__mux2_1)
                  0.11    0.70    7.83 v _238_/X (sky130_fd_sc_hd__mux2_1)
     1    0.00                           _105_ (net)
                  0.11    0.00    7.83 v _239_/A (sky130_fd_sc_hd__clkbuf_1)
                  0.04    0.18    8.01 v _239_/X (sky130_fd_sc_hd__clkbuf_1)
     1    0.00                           _028_ (net)
                  0.04    0.00    8.01 v _289_/D (sky130_fd_sc_hd__dfrtp_1)
                                  8.01   data arrival time

                         20.00   20.00   clock clk (rise edge)
                          0.00   20.00   clock source latency
                  0.11    0.07   20.07 ^ clk (in)
     1    0.01                           clk (net)
                  0.11    0.00   20.07 ^ clkbuf_0_clk/A (sky130_fd_sc_hd__clkbuf_16)
                  0.10    0.26   20.33 ^ clkbuf_0_clk/X (sky130_fd_sc_hd__clkbuf_16)
     4    0.05                           clknet_0_clk (net)
                  0.10    0.00   20.34 ^ clkbuf_2_0__f_clk/A (sky130_fd_sc_hd__clkbuf_16)
                  0.08    0.23   20.57 ^ clkbuf_2_0__f_clk/X (sky130_fd_sc_hd__clkbuf_16)
     9    0.03                           clknet_2_0__leaf_clk (net)
                  0.08    0.00   20.57 ^ _289_/CLK (sky130_fd_sc_hd__dfrtp_1)
                         -0.25   20.32   clock uncertainty
                          0.00   20.32   clock reconvergence pessimism
                         -0.26   20.06   library setup time
                                 20.06   data required time
-----------------------------------------------------------------------------
                                 20.06   data required time
                                 -8.01   data arrival time
-----------------------------------------------------------------------------
                                 12.04   slack (MET)


Startpoint: tx_start (input port clocked by clk)
Endpoint: _292_ (rising edge-triggered flip-flop clocked by clk)
Path Group: clk
Path Type: max
Corner: Slowest

Fanout     Cap    Slew   Delay    Time   Description
-----------------------------------------------------------------------------
                          0.00    0.00   clock clk (rise edge)
                          0.00    0.00   clock network delay (propagated)
                          4.00    4.00 ^ input external delay
                  0.03    0.02    4.02 ^ tx_start (in)
     1    0.00                           tx_start (net)
                  0.03    0.00    4.02 ^ input11/A (sky130_fd_sc_hd__clkbuf_1)
                  0.15    0.20    4.21 ^ input11/X (sky130_fd_sc_hd__clkbuf_1)
     1    0.01                           net11 (net)
                  0.15    0.00    4.21 ^ _216_/D_N (sky130_fd_sc_hd__or4b_2)
                  0.30    1.65    5.86 v _216_/X (sky130_fd_sc_hd__or4b_2)
     3    0.01                           _088_ (net)
                  0.30    0.00    5.87 v _223_/A (sky130_fd_sc_hd__clkbuf_4)
                  0.18    0.48    6.35 v _223_/X (sky130_fd_sc_hd__clkbuf_4)
    10    0.05                           _094_ (net)
                  0.18    0.00    6.35 v _246_/S (sky130_fd_sc_hd__mux2_1)
                  0.11    0.77    7.12 v _246_/X (sky130_fd_sc_hd__mux2_1)
     1    0.00                           _110_ (net)
                  0.11    0.00    7.12 v _247_/A1 (sky130_fd_sc_hd__mux2_1)
                  0.11    0.71    7.83 v _247_/X (sky130_fd_sc_hd__mux2_1)
     1    0.00                           _111_ (net)
                  0.11    0.00    7.83 v _248_/A (sky130_fd_sc_hd__clkbuf_1)
                  0.04    0.18    8.01 v _248_/X (sky130_fd_sc_hd__clkbuf_1)
     1    0.00                           _031_ (net)
                  0.04    0.00    8.01 v _292_/D (sky130_fd_sc_hd__dfrtp_1)
                                  8.01   data arrival time

                         20.00   20.00   clock clk (rise edge)
                          0.00   20.00   clock source latency
                  0.11    0.07   20.07 ^ clk (in)
     1    0.01                           clk (net)
                  0.11    0.00   20.07 ^ clkbuf_0_clk/A (sky130_fd_sc_hd__clkbuf_16)
                  0.10    0.26   20.33 ^ clkbuf_0_clk/X (sky130_fd_sc_hd__clkbuf_16)
     4    0.05                           clknet_0_clk (net)
                  0.10    0.00   20.34 ^ clkbuf_2_0__f_clk/A (sky130_fd_sc_hd__clkbuf_16)
                  0.08    0.23   20.57 ^ clkbuf_2_0__f_clk/X (sky130_fd_sc_hd__clkbuf_16)
     9    0.03                           clknet_2_0__leaf_clk (net)
                  0.08    0.00   20.57 ^ _292_/CLK (sky130_fd_sc_hd__dfrtp_1)
                         -0.25   20.32   clock uncertainty
                          0.00   20.32   clock reconvergence pessimism
                         -0.26   20.06   library setup time
                                 20.06   data required time
-----------------------------------------------------------------------------
                                 20.06   data required time
                                 -8.01   data arrival time
-----------------------------------------------------------------------------
                                 12.05   slack (MET)


Startpoint: tx_start (input port clocked by clk)
Endpoint: _291_ (rising edge-triggered flip-flop clocked by clk)
Path Group: clk
Path Type: max
Corner: Slowest

Fanout     Cap    Slew   Delay    Time   Description
-----------------------------------------------------------------------------
                          0.00    0.00   clock clk (rise edge)
                          0.00    0.00   clock network delay (propagated)
                          4.00    4.00 ^ input external delay
                  0.03    0.02    4.02 ^ tx_start (in)
     1    0.00                           tx_start (net)
                  0.03    0.00    4.02 ^ input11/A (sky130_fd_sc_hd__clkbuf_1)
                  0.15    0.20    4.21 ^ input11/X (sky130_fd_sc_hd__clkbuf_1)
     1    0.01                           net11 (net)
                  0.15    0.00    4.21 ^ _216_/D_N (sky130_fd_sc_hd__or4b_2)
                  0.30    1.65    5.86 v _216_/X (sky130_fd_sc_hd__or4b_2)
     3    0.01                           _088_ (net)
                  0.30    0.00    5.87 v _223_/A (sky130_fd_sc_hd__clkbuf_4)
                  0.18    0.48    6.35 v _223_/X (sky130_fd_sc_hd__clkbuf_4)
    10    0.05                           _094_ (net)
                  0.18    0.00    6.35 v _243_/S (sky130_fd_sc_hd__mux2_1)
                  0.11    0.77    7.12 v _243_/X (sky130_fd_sc_hd__mux2_1)
     1    0.00                           _108_ (net)
                  0.11    0.00    7.12 v _244_/A1 (sky130_fd_sc_hd__mux2_1)
                  0.10    0.69    7.81 v _244_/X (sky130_fd_sc_hd__mux2_1)
     1    0.00                           _109_ (net)
                  0.10    0.00    7.81 v _245_/A (sky130_fd_sc_hd__clkbuf_1)
                  0.05    0.18    7.99 v _245_/X (sky130_fd_sc_hd__clkbuf_1)
     1    0.00                           _030_ (net)
                  0.05    0.00    7.99 v _291_/D (sky130_fd_sc_hd__dfrtp_1)
                                  7.99   data arrival time

                         20.00   20.00   clock clk (rise edge)
                          0.00   20.00   clock source latency
                  0.11    0.07   20.07 ^ clk (in)
     1    0.01                           clk (net)
                  0.11    0.00   20.07 ^ clkbuf_0_clk/A (sky130_fd_sc_hd__clkbuf_16)
                  0.10    0.26   20.33 ^ clkbuf_0_clk/X (sky130_fd_sc_hd__clkbuf_16)
     4    0.05                           clknet_0_clk (net)
                  0.10    0.00   20.34 ^ clkbuf_2_0__f_clk/A (sky130_fd_sc_hd__clkbuf_16)
                  0.08    0.23   20.57 ^ clkbuf_2_0__f_clk/X (sky130_fd_sc_hd__clkbuf_16)
     9    0.03                           clknet_2_0__leaf_clk (net)
                  0.08    0.00   20.57 ^ _291_/CLK (sky130_fd_sc_hd__dfrtp_1)
                         -0.25   20.32   clock uncertainty
                          0.00   20.32   clock reconvergence pessimism
                         -0.26   20.06   library setup time
                                 20.06   data required time
-----------------------------------------------------------------------------
                                 20.06   data required time
                                 -7.99   data arrival time
-----------------------------------------------------------------------------
                                 12.07   slack (MET)


Startpoint: tx_start (input port clocked by clk)
Endpoint: _293_ (rising edge-triggered flip-flop clocked by clk)
Path Group: clk
Path Type: max
Corner: Slowest

Fanout     Cap    Slew   Delay    Time   Description
-----------------------------------------------------------------------------
                          0.00    0.00   clock clk (rise edge)
                          0.00    0.00   clock network delay (propagated)
                          4.00    4.00 ^ input external delay
                  0.03    0.02    4.02 ^ tx_start (in)
     1    0.00                           tx_start (net)
                  0.03    0.00    4.02 ^ input11/A (sky130_fd_sc_hd__clkbuf_1)
                  0.15    0.20    4.21 ^ input11/X (sky130_fd_sc_hd__clkbuf_1)
     1    0.01                           net11 (net)
                  0.15    0.00    4.21 ^ _216_/D_N (sky130_fd_sc_hd__or4b_2)
                  0.30    1.65    5.86 v _216_/X (sky130_fd_sc_hd__or4b_2)
     3    0.01                           _088_ (net)
                  0.30    0.00    5.87 v _223_/A (sky130_fd_sc_hd__clkbuf_4)
                  0.18    0.48    6.35 v _223_/X (sky130_fd_sc_hd__clkbuf_4)
    10    0.05                           _094_ (net)
                  0.18    0.00    6.35 v _249_/S (sky130_fd_sc_hd__mux2_1)
                  0.10    0.75    7.11 v _249_/X (sky130_fd_sc_hd__mux2_1)
     1    0.00                           _112_ (net)
                  0.10    0.00    7.11 v _250_/A1 (sky130_fd_sc_hd__mux2_1)
                  0.11    0.69    7.80 v _250_/X (sky130_fd_sc_hd__mux2_1)
     1    0.00                           _113_ (net)
                  0.11    0.00    7.80 v _251_/A (sky130_fd_sc_hd__clkbuf_1)
                  0.05    0.18    7.98 v _251_/X (sky130_fd_sc_hd__clkbuf_1)
     1    0.00                           _032_ (net)
                  0.05    0.00    7.98 v _293_/D (sky130_fd_sc_hd__dfrtp_1)
                                  7.98   data arrival time

                         20.00   20.00   clock clk (rise edge)
                          0.00   20.00   clock source latency
                  0.11    0.07   20.07 ^ clk (in)
     1    0.01                           clk (net)
                  0.11    0.00   20.07 ^ clkbuf_0_clk/A (sky130_fd_sc_hd__clkbuf_16)
                  0.10    0.26   20.33 ^ clkbuf_0_clk/X (sky130_fd_sc_hd__clkbuf_16)
     4    0.05                           clknet_0_clk (net)
                  0.10    0.00   20.34 ^ clkbuf_2_0__f_clk/A (sky130_fd_sc_hd__clkbuf_16)
                  0.08    0.23   20.57 ^ clkbuf_2_0__f_clk/X (sky130_fd_sc_hd__clkbuf_16)
     9    0.03                           clknet_2_0__leaf_clk (net)
                  0.08    0.00   20.57 ^ _293_/CLK (sky130_fd_sc_hd__dfrtp_1)
                         -0.25   20.32   clock uncertainty
                          0.00   20.32   clock reconvergence pessimism
                         -0.26   20.06   library setup time
                                 20.06   data required time
-----------------------------------------------------------------------------
                                 20.06   data required time
                                 -7.98   data arrival time
-----------------------------------------------------------------------------
                                 12.08   slack (MET)


Startpoint: tx_start (input port clocked by clk)
Endpoint: _290_ (rising edge-triggered flip-flop clocked by clk)
Path Group: clk
Path Type: max
Corner: Slowest

Fanout     Cap    Slew   Delay    Time   Description
-----------------------------------------------------------------------------
                          0.00    0.00   clock clk (rise edge)
                          0.00    0.00   clock network delay (propagated)
                          4.00    4.00 ^ input external delay
                  0.03    0.02    4.02 ^ tx_start (in)
     1    0.00                           tx_start (net)
                  0.03    0.00    4.02 ^ input11/A (sky130_fd_sc_hd__clkbuf_1)
                  0.15    0.20    4.21 ^ input11/X (sky130_fd_sc_hd__clkbuf_1)
     1    0.01                           net11 (net)
                  0.15    0.00    4.21 ^ _216_/D_N (sky130_fd_sc_hd__or4b_2)
                  0.30    1.65    5.86 v _216_/X (sky130_fd_sc_hd__or4b_2)
     3    0.01                           _088_ (net)
                  0.30    0.00    5.87 v _223_/A (sky130_fd_sc_hd__clkbuf_4)
                  0.18    0.48    6.35 v _223_/X (sky130_fd_sc_hd__clkbuf_4)
    10    0.05                           _094_ (net)
                  0.18    0.00    6.35 v _240_/S (sky130_fd_sc_hd__mux2_1)
                  0.10    0.75    7.11 v _240_/X (sky130_fd_sc_hd__mux2_1)
     1    0.00                           _106_ (net)
                  0.10    0.00    7.11 v _241_/A1 (sky130_fd_sc_hd__mux2_1)
                  0.10    0.69    7.79 v _241_/X (sky130_fd_sc_hd__mux2_1)
     1    0.00                           _107_ (net)
                  0.10    0.00    7.79 v _242_/A (sky130_fd_sc_hd__clkbuf_1)
                  0.04    0.18    7.97 v _242_/X (sky130_fd_sc_hd__clkbuf_1)
     1    0.00                           _029_ (net)
                  0.04    0.00    7.97 v _290_/D (sky130_fd_sc_hd__dfrtp_1)
                                  7.97   data arrival time

                         20.00   20.00   clock clk (rise edge)
                          0.00   20.00   clock source latency
                  0.11    0.07   20.07 ^ clk (in)
     1    0.01                           clk (net)
                  0.11    0.00   20.07 ^ clkbuf_0_clk/A (sky130_fd_sc_hd__clkbuf_16)
                  0.10    0.26   20.33 ^ clkbuf_0_clk/X (sky130_fd_sc_hd__clkbuf_16)
     4    0.05                           clknet_0_clk (net)
                  0.10    0.00   20.34 ^ clkbuf_2_0__f_clk/A (sky130_fd_sc_hd__clkbuf_16)
                  0.08    0.23   20.57 ^ clkbuf_2_0__f_clk/X (sky130_fd_sc_hd__clkbuf_16)
     9    0.03                           clknet_2_0__leaf_clk (net)
                  0.08    0.00   20.57 ^ _290_/CLK (sky130_fd_sc_hd__dfrtp_1)
                         -0.25   20.32   clock uncertainty
                          0.00   20.32   clock reconvergence pessimism
                         -0.26   20.06   library setup time
                                 20.06   data required time
-----------------------------------------------------------------------------
                                 20.06   data required time
                                 -7.97   data arrival time
-----------------------------------------------------------------------------
                                 12.09   slack (MET)


Startpoint: tx_start (input port clocked by clk)
Endpoint: _294_ (rising edge-triggered flip-flop clocked by clk)
Path Group: clk
Path Type: max
Corner: Slowest

Fanout     Cap    Slew   Delay    Time   Description
-----------------------------------------------------------------------------
                          0.00    0.00   clock clk (rise edge)
                          0.00    0.00   clock network delay (propagated)
                          4.00    4.00 ^ input external delay
                  0.03    0.02    4.02 ^ tx_start (in)
     1    0.00                           tx_start (net)
                  0.03    0.00    4.02 ^ input11/A (sky130_fd_sc_hd__clkbuf_1)
                  0.15    0.20    4.21 ^ input11/X (sky130_fd_sc_hd__clkbuf_1)
     1    0.01                           net11 (net)
                  0.15    0.00    4.21 ^ _216_/D_N (sky130_fd_sc_hd__or4b_2)
                  0.30    1.65    5.86 v _216_/X (sky130_fd_sc_hd__or4b_2)
     3    0.01                           _088_ (net)
                  0.30    0.00    5.87 v _223_/A (sky130_fd_sc_hd__clkbuf_4)
                  0.18    0.48    6.35 v _223_/X (sky130_fd_sc_hd__clkbuf_4)
    10    0.05                           _094_ (net)
                  0.18    0.00    6.35 v _234_/A1 (sky130_fd_sc_hd__a21oi_4)
                  0.45    0.51    6.86 ^ _234_/Y (sky130_fd_sc_hd__a21oi_4)
     8    0.04                           _102_ (net)
                  0.45    0.00    6.86 ^ _253_/S (sky130_fd_sc_hd__mux2_1)
                  0.11    0.85    7.71 v _253_/X (sky130_fd_sc_hd__mux2_1)
     1    0.00                           _115_ (net)
                  0.11    0.00    7.71 v _254_/A (sky130_fd_sc_hd__clkbuf_1)
                  0.05    0.19    7.90 v _254_/X (sky130_fd_sc_hd__clkbuf_1)
     1    0.00                           _033_ (net)
                  0.05    0.00    7.90 v _294_/D (sky130_fd_sc_hd__dfrtp_1)
                                  7.90   data arrival time

                         20.00   20.00   clock clk (rise edge)
                          0.00   20.00   clock source latency
                  0.11    0.07   20.07 ^ clk (in)
     1    0.01                           clk (net)
                  0.11    0.00   20.07 ^ clkbuf_0_clk/A (sky130_fd_sc_hd__clkbuf_16)
                  0.10    0.26   20.33 ^ clkbuf_0_clk/X (sky130_fd_sc_hd__clkbuf_16)
     4    0.05                           clknet_0_clk (net)
                  0.10    0.00   20.34 ^ clkbuf_2_0__f_clk/A (sky130_fd_sc_hd__clkbuf_16)
                  0.08    0.23   20.57 ^ clkbuf_2_0__f_clk/X (sky130_fd_sc_hd__clkbuf_16)
     9    0.03                           clknet_2_0__leaf_clk (net)
                  0.08    0.00   20.57 ^ _294_/CLK (sky130_fd_sc_hd__dfrtp_1)
                         -0.25   20.32   clock uncertainty
                          0.00   20.32   clock reconvergence pessimism
                         -0.27   20.05   library setup time
                                 20.05   data required time
-----------------------------------------------------------------------------
                                 20.05   data required time
                                 -7.90   data arrival time
-----------------------------------------------------------------------------
                                 12.15   slack (MET)


Startpoint: _273_ (rising edge-triggered flip-flop clocked by clk)
Endpoint: tx (output port clocked by clk)
Path Group: clk
Path Type: max
Corner: Slowest

Fanout     Cap    Slew   Delay    Time   Description
-----------------------------------------------------------------------------
                          0.00    0.00   clock clk (rise edge)
                          0.00    0.00   clock source latency
                  0.11    0.08    0.08 ^ clk (in)
     1    0.01                           clk (net)
                  0.11    0.00    0.08 ^ clkbuf_0_clk/A (sky130_fd_sc_hd__clkbuf_16)
                  0.10    0.29    0.37 ^ clkbuf_0_clk/X (sky130_fd_sc_hd__clkbuf_16)
     4    0.05                           clknet_0_clk (net)
                  0.10    0.00    0.37 ^ clkbuf_2_2__f_clk/A (sky130_fd_sc_hd__clkbuf_16)
                  0.07    0.25    0.62 ^ clkbuf_2_2__f_clk/X (sky130_fd_sc_hd__clkbuf_16)
     8    0.02                           clknet_2_2__leaf_clk (net)
                  0.07    0.00    0.63 ^ _273_/CLK (sky130_fd_sc_hd__dfrtp_2)
                  0.16    0.95    1.58 v _273_/Q (sky130_fd_sc_hd__dfrtp_2)
     5    0.02                           net12 (net)
                  0.16    0.00    1.58 v _130_/A (sky130_fd_sc_hd__clkbuf_4)
                  0.15    0.40    1.98 v _130_/X (sky130_fd_sc_hd__clkbuf_4)
    10    0.04                           _120_ (net)
                  0.15    0.00    1.98 v _132_/A (sky130_fd_sc_hd__nor2_1)
                  0.48    0.49    2.47 ^ _132_/Y (sky130_fd_sc_hd__nor2_1)
     3    0.02                           net14 (net)
                  0.48    0.00    2.47 ^ _142_/B1 (sky130_fd_sc_hd__o211ai_1)
                  0.26    0.44    2.91 v _142_/Y (sky130_fd_sc_hd__o211ai_1)
     1    0.01                           net13 (net)
                  0.26    0.00    2.91 v output13/A (sky130_fd_sc_hd__clkbuf_4)
                  0.14    0.44    3.34 v output13/X (sky130_fd_sc_hd__clkbuf_4)
     1    0.03                           tx (net)
                  0.14    0.00    3.35 v tx (out)
                                  3.35   data arrival time

                         20.00   20.00   clock clk (rise edge)
                          0.00   20.00   clock network delay (propagated)
                         -0.25   19.75   clock uncertainty
                          0.00   19.75   clock reconvergence pessimism
                         -4.00   15.75   output external delay
                                 15.75   data required time
-----------------------------------------------------------------------------
                                 15.75   data required time
                                 -3.35   data arrival time
-----------------------------------------------------------------------------
                                 12.40   slack (MET)


Startpoint: tx_start (input port clocked by clk)
Endpoint: _295_ (rising edge-triggered flip-flop clocked by clk)
Path Group: clk
Path Type: max
Corner: Slowest

Fanout     Cap    Slew   Delay    Time   Description
-----------------------------------------------------------------------------
                          0.00    0.00   clock clk (rise edge)
                          0.00    0.00   clock network delay (propagated)
                          4.00    4.00 ^ input external delay
                  0.03    0.02    4.02 ^ tx_start (in)
     1    0.00                           tx_start (net)
                  0.03    0.00    4.02 ^ input11/A (sky130_fd_sc_hd__clkbuf_1)
                  0.15    0.20    4.21 ^ input11/X (sky130_fd_sc_hd__clkbuf_1)
     1    0.01                           net11 (net)
                  0.15    0.00    4.21 ^ _216_/D_N (sky130_fd_sc_hd__or4b_2)
                  0.30    1.65    5.86 v _216_/X (sky130_fd_sc_hd__or4b_2)
     3    0.01                           _088_ (net)
                  0.30    0.00    5.87 v _223_/A (sky130_fd_sc_hd__clkbuf_4)
                  0.18    0.48    6.35 v _223_/X (sky130_fd_sc_hd__clkbuf_4)
    10    0.05                           _094_ (net)
                  0.18    0.00    6.35 v _234_/A1 (sky130_fd_sc_hd__a21oi_4)
                  0.45    0.51    6.86 ^ _234_/Y (sky130_fd_sc_hd__a21oi_4)
     8    0.04                           _102_ (net)
                  0.45    0.00    6.86 ^ _255_/A (sky130_fd_sc_hd__inv_2)
                  0.08    0.15    7.01 v _255_/Y (sky130_fd_sc_hd__inv_2)
     1    0.00                           _116_ (net)
                  0.08    0.00    7.01 v _257_/A2 (sky130_fd_sc_hd__a22o_1)
                  0.07    0.43    7.44 v _257_/X (sky130_fd_sc_hd__a22o_1)
     1    0.00                           _034_ (net)
                  0.07    0.00    7.44 v _295_/D (sky130_fd_sc_hd__dfrtp_1)
                                  7.44   data arrival time

                         20.00   20.00   clock clk (rise edge)
                          0.00   20.00   clock source latency
                  0.11    0.07   20.07 ^ clk (in)
     1    0.01                           clk (net)
                  0.11    0.00   20.07 ^ clkbuf_0_clk/A (sky130_fd_sc_hd__clkbuf_16)
                  0.10    0.26   20.33 ^ clkbuf_0_clk/X (sky130_fd_sc_hd__clkbuf_16)
     4    0.05                           clknet_0_clk (net)
                  0.10    0.00   20.34 ^ clkbuf_2_0__f_clk/A (sky130_fd_sc_hd__clkbuf_16)
                  0.08    0.23   20.57 ^ clkbuf_2_0__f_clk/X (sky130_fd_sc_hd__clkbuf_16)
     9    0.03                           clknet_2_0__leaf_clk (net)
                  0.08    0.00   20.57 ^ _295_/CLK (sky130_fd_sc_hd__dfrtp_1)
                         -0.25   20.32   clock uncertainty
                          0.00   20.32   clock reconvergence pessimism
                         -0.27   20.05   library setup time
                                 20.05   data required time
-----------------------------------------------------------------------------
                                 20.05   data required time
                                 -7.44   data arrival time
-----------------------------------------------------------------------------
                                 12.60   slack (MET)


Startpoint: _273_ (rising edge-triggered flip-flop clocked by clk)
Endpoint: tx_busy (output port clocked by clk)
Path Group: clk
Path Type: max
Corner: Slowest

Fanout     Cap    Slew   Delay    Time   Description
-----------------------------------------------------------------------------
                          0.00    0.00   clock clk (rise edge)
                          0.00    0.00   clock source latency
                  0.11    0.08    0.08 ^ clk (in)
     1    0.01                           clk (net)
                  0.11    0.00    0.08 ^ clkbuf_0_clk/A (sky130_fd_sc_hd__clkbuf_16)
                  0.10    0.29    0.37 ^ clkbuf_0_clk/X (sky130_fd_sc_hd__clkbuf_16)
     4    0.05                           clknet_0_clk (net)
                  0.10    0.00    0.37 ^ clkbuf_2_2__f_clk/A (sky130_fd_sc_hd__clkbuf_16)
                  0.07    0.25    0.62 ^ clkbuf_2_2__f_clk/X (sky130_fd_sc_hd__clkbuf_16)
     8    0.02                           clknet_2_2__leaf_clk (net)
                  0.07    0.00    0.63 ^ _273_/CLK (sky130_fd_sc_hd__dfrtp_2)
                  0.16    0.95    1.58 v _273_/Q (sky130_fd_sc_hd__dfrtp_2)
     5    0.02                           net12 (net)
                  0.16    0.00    1.58 v _130_/A (sky130_fd_sc_hd__clkbuf_4)
                  0.15    0.40    1.98 v _130_/X (sky130_fd_sc_hd__clkbuf_4)
    10    0.04                           _120_ (net)
                  0.15    0.00    1.98 v _132_/A (sky130_fd_sc_hd__nor2_1)
                  0.48    0.49    2.47 ^ _132_/Y (sky130_fd_sc_hd__nor2_1)
     3    0.02                           net14 (net)
                  0.48    0.00    2.47 ^ output14/A (sky130_fd_sc_hd__clkbuf_4)
                  0.18    0.54    3.01 ^ output14/X (sky130_fd_sc_hd__clkbuf_4)
     1    0.03                           tx_busy (net)
                  0.18    0.00    3.01 ^ tx_busy (out)
                                  3.01   data arrival time

                         20.00   20.00   clock clk (rise edge)
                          0.00   20.00   clock network delay (propagated)
                         -0.25   19.75   clock uncertainty
                          0.00   19.75   clock reconvergence pessimism
                         -4.00   15.75   output external delay
                                 15.75   data required time
-----------------------------------------------------------------------------
                                 15.75   data required time
                                 -3.01   data arrival time
-----------------------------------------------------------------------------
                                 12.74   slack (MET)


Startpoint: tx_start (input port clocked by clk)
Endpoint: _287_ (rising edge-triggered flip-flop clocked by clk)
Path Group: clk
Path Type: max
Corner: Slowest

Fanout     Cap    Slew   Delay    Time   Description
-----------------------------------------------------------------------------
                          0.00    0.00   clock clk (rise edge)
                          0.00    0.00   clock network delay (propagated)
                          4.00    4.00 ^ input external delay
                  0.03    0.02    4.02 ^ tx_start (in)
     1    0.00                           tx_start (net)
                  0.03    0.00    4.02 ^ input11/A (sky130_fd_sc_hd__clkbuf_1)
                  0.15    0.20    4.21 ^ input11/X (sky130_fd_sc_hd__clkbuf_1)
     1    0.01                           net11 (net)
                  0.15    0.00    4.21 ^ _216_/D_N (sky130_fd_sc_hd__or4b_2)
                  0.30    1.65    5.86 v _216_/X (sky130_fd_sc_hd__or4b_2)
     3    0.01                           _088_ (net)
                  0.30    0.00    5.87 v _217_/A2 (sky130_fd_sc_hd__a21oi_2)
                  0.30    0.46    6.33 ^ _217_/Y (sky130_fd_sc_hd__a21oi_2)
     4    0.01                           _089_ (net)
                  0.30    0.00    6.33 ^ _227_/B1 (sky130_fd_sc_hd__o21ai_1)
                  0.15    0.26    6.59 v _227_/Y (sky130_fd_sc_hd__o21ai_1)
     2    0.01                           _097_ (net)
                  0.15    0.00    6.59 v _232_/B1 (sky130_fd_sc_hd__a2bb2o_1)
                  0.10    0.64    7.23 v _232_/X (sky130_fd_sc_hd__a2bb2o_1)
     1    0.00                           _026_ (net)
                  0.10    0.00    7.23 v _287_/D (sky130_fd_sc_hd__dfrtp_1)
                                  7.23   data arrival time

                         20.00   20.00   clock clk (rise edge)
                          0.00   20.00   clock source latency
                  0.11    0.07   20.07 ^ clk (in)
     1    0.01                           clk (net)
                  0.11    0.00   20.07 ^ clkbuf_0_clk/A (sky130_fd_sc_hd__clkbuf_16)
                  0.10    0.26   20.33 ^ clkbuf_0_clk/X (sky130_fd_sc_hd__clkbuf_16)
     4    0.05                           clknet_0_clk (net)
                  0.10    0.00   20.34 ^ clkbuf_2_0__f_clk/A (sky130_fd_sc_hd__clkbuf_16)
                  0.08    0.23   20.57 ^ clkbuf_2_0__f_clk/X (sky130_fd_sc_hd__clkbuf_16)
     9    0.03                           clknet_2_0__leaf_clk (net)
                  0.08    0.00   20.57 ^ _287_/CLK (sky130_fd_sc_hd__dfrtp_1)
                         -0.25   20.32   clock uncertainty
                          0.00   20.32   clock reconvergence pessimism
                         -0.29   20.04   library setup time
                                 20.04   data required time
-----------------------------------------------------------------------------
                                 20.04   data required time
                                 -7.23   data arrival time
-----------------------------------------------------------------------------
                                 12.80   slack (MET)


Startpoint: tx_start (input port clocked by clk)
Endpoint: _285_ (rising edge-triggered flip-flop clocked by clk)
Path Group: clk
Path Type: max
Corner: Slowest

Fanout     Cap    Slew   Delay    Time   Description
-----------------------------------------------------------------------------
                          0.00    0.00   clock clk (rise edge)
                          0.00    0.00   clock network delay (propagated)
                          4.00    4.00 ^ input external delay
                  0.03    0.02    4.02 ^ tx_start (in)
     1    0.00                           tx_start (net)
                  0.03    0.00    4.02 ^ input11/A (sky130_fd_sc_hd__clkbuf_1)
                  0.15    0.20    4.21 ^ input11/X (sky130_fd_sc_hd__clkbuf_1)
     1    0.01                           net11 (net)
                  0.15    0.00    4.21 ^ _216_/D_N (sky130_fd_sc_hd__or4b_2)
                  0.30    1.65    5.86 v _216_/X (sky130_fd_sc_hd__or4b_2)
     3    0.01                           _088_ (net)
                  0.30    0.00    5.87 v _223_/A (sky130_fd_sc_hd__clkbuf_4)
                  0.18    0.48    6.35 v _223_/X (sky130_fd_sc_hd__clkbuf_4)
    10    0.05                           _094_ (net)
                  0.18    0.00    6.35 v _224_/A2 (sky130_fd_sc_hd__a21o_1)
                  0.09    0.41    6.77 v _224_/X (sky130_fd_sc_hd__a21o_1)
     2    0.01                           _095_ (net)
                  0.09    0.00    6.77 v _225_/B2 (sky130_fd_sc_hd__o22a_1)
                  0.10    0.35    7.12 v _225_/X (sky130_fd_sc_hd__o22a_1)
     1    0.00                           _024_ (net)
                  0.10    0.00    7.12 v _285_/D (sky130_fd_sc_hd__dfrtp_1)
                                  7.12   data arrival time

                         20.00   20.00   clock clk (rise edge)
                          0.00   20.00   clock source latency
                  0.11    0.07   20.07 ^ clk (in)
     1    0.01                           clk (net)
                  0.11    0.00   20.07 ^ clkbuf_0_clk/A (sky130_fd_sc_hd__clkbuf_16)
                  0.10    0.26   20.33 ^ clkbuf_0_clk/X (sky130_fd_sc_hd__clkbuf_16)
     4    0.05                           clknet_0_clk (net)
                  0.10    0.00   20.34 ^ clkbuf_2_1__f_clk/A (sky130_fd_sc_hd__clkbuf_16)
                  0.08    0.24   20.58 ^ clkbuf_2_1__f_clk/X (sky130_fd_sc_hd__clkbuf_16)
    11    0.03                           clknet_2_1__leaf_clk (net)
                  0.08    0.00   20.58 ^ _285_/CLK (sky130_fd_sc_hd__dfrtp_1)
                         -0.25   20.33   clock uncertainty
                          0.00   20.33   clock reconvergence pessimism
                         -0.28   20.04   library setup time
                                 20.04   data required time
-----------------------------------------------------------------------------
                                 20.04   data required time
                                 -7.12   data arrival time
-----------------------------------------------------------------------------
                                 12.93   slack (MET)


Startpoint: tx_start (input port clocked by clk)
Endpoint: _286_ (rising edge-triggered flip-flop clocked by clk)
Path Group: clk
Path Type: max
Corner: Slowest

Fanout     Cap    Slew   Delay    Time   Description
-----------------------------------------------------------------------------
                          0.00    0.00   clock clk (rise edge)
                          0.00    0.00   clock network delay (propagated)
                          4.00    4.00 ^ input external delay
                  0.03    0.02    4.02 ^ tx_start (in)
     1    0.00                           tx_start (net)
                  0.03    0.00    4.02 ^ input11/A (sky130_fd_sc_hd__clkbuf_1)
                  0.15    0.20    4.21 ^ input11/X (sky130_fd_sc_hd__clkbuf_1)
     1    0.01                           net11 (net)
                  0.15    0.00    4.21 ^ _216_/D_N (sky130_fd_sc_hd__or4b_2)
                  0.30    1.65    5.86 v _216_/X (sky130_fd_sc_hd__or4b_2)
     3    0.01                           _088_ (net)
                  0.30    0.00    5.87 v _217_/A2 (sky130_fd_sc_hd__a21oi_2)
                  0.30    0.46    6.33 ^ _217_/Y (sky130_fd_sc_hd__a21oi_2)
     4    0.01                           _089_ (net)
                  0.30    0.00    6.33 ^ _227_/B1 (sky130_fd_sc_hd__o21ai_1)
                  0.15    0.26    6.59 v _227_/Y (sky130_fd_sc_hd__o21ai_1)
     2    0.01                           _097_ (net)
                  0.15    0.00    6.59 v _229_/A (sky130_fd_sc_hd__and2_1)
                  0.07    0.33    6.92 v _229_/X (sky130_fd_sc_hd__and2_1)
     1    0.00                           _099_ (net)
                  0.07    0.00    6.92 v _230_/A (sky130_fd_sc_hd__clkbuf_1)
                  0.04    0.16    7.08 v _230_/X (sky130_fd_sc_hd__clkbuf_1)
     1    0.00                           _025_ (net)
                  0.04    0.00    7.08 v _286_/D (sky130_fd_sc_hd__dfrtp_1)
                                  7.08   data arrival time

                         20.00   20.00   clock clk (rise edge)
                          0.00   20.00   clock source latency
                  0.11    0.07   20.07 ^ clk (in)
     1    0.01                           clk (net)
                  0.11    0.00   20.07 ^ clkbuf_0_clk/A (sky130_fd_sc_hd__clkbuf_16)
                  0.10    0.26   20.33 ^ clkbuf_0_clk/X (sky130_fd_sc_hd__clkbuf_16)
     4    0.05                           clknet_0_clk (net)
                  0.10    0.00   20.34 ^ clkbuf_2_1__f_clk/A (sky130_fd_sc_hd__clkbuf_16)
                  0.08    0.24   20.58 ^ clkbuf_2_1__f_clk/X (sky130_fd_sc_hd__clkbuf_16)
    11    0.03                           clknet_2_1__leaf_clk (net)
                  0.08    0.00   20.58 ^ _286_/CLK (sky130_fd_sc_hd__dfrtp_1)
                         -0.25   20.33   clock uncertainty
                          0.00   20.33   clock reconvergence pessimism
                         -0.26   20.07   library setup time
                                 20.07   data required time
-----------------------------------------------------------------------------
                                 20.07   data required time
                                 -7.08   data arrival time
-----------------------------------------------------------------------------
                                 12.98   slack (MET)


Startpoint: tx_start (input port clocked by clk)
Endpoint: _284_ (rising edge-triggered flip-flop clocked by clk)
Path Group: clk
Path Type: max
Corner: Slowest

Fanout     Cap    Slew   Delay    Time   Description
-----------------------------------------------------------------------------
                          0.00    0.00   clock clk (rise edge)
                          0.00    0.00   clock network delay (propagated)
                          4.00    4.00 ^ input external delay
                  0.03    0.02    4.02 ^ tx_start (in)
     1    0.00                           tx_start (net)
                  0.03    0.00    4.02 ^ input11/A (sky130_fd_sc_hd__clkbuf_1)
                  0.15    0.20    4.21 ^ input11/X (sky130_fd_sc_hd__clkbuf_1)
     1    0.01                           net11 (net)
                  0.15    0.00    4.21 ^ _216_/D_N (sky130_fd_sc_hd__or4b_2)
                  0.30    1.65    5.86 v _216_/X (sky130_fd_sc_hd__or4b_2)
     3    0.01                           _088_ (net)
                  0.30    0.00    5.87 v _217_/A2 (sky130_fd_sc_hd__a21oi_2)
                  0.30    0.46    6.33 ^ _217_/Y (sky130_fd_sc_hd__a21oi_2)
     4    0.01                           _089_ (net)
                  0.30    0.00    6.33 ^ _219_/B (sky130_fd_sc_hd__and2_1)
                  0.13    0.37    6.70 ^ _219_/X (sky130_fd_sc_hd__and2_1)
     2    0.01                           _091_ (net)
                  0.13    0.00    6.70 ^ _220_/B1_N (sky130_fd_sc_hd__o21ba_1)
                  0.07    0.31    7.00 v _220_/X (sky130_fd_sc_hd__o21ba_1)
     1    0.00                           _023_ (net)
                  0.07    0.00    7.00 v _284_/D (sky130_fd_sc_hd__dfrtp_1)
                                  7.00   data arrival time

                         20.00   20.00   clock clk (rise edge)
                          0.00   20.00   clock source latency
                  0.11    0.07   20.07 ^ clk (in)
     1    0.01                           clk (net)
                  0.11    0.00   20.07 ^ clkbuf_0_clk/A (sky130_fd_sc_hd__clkbuf_16)
                  0.10    0.26   20.33 ^ clkbuf_0_clk/X (sky130_fd_sc_hd__clkbuf_16)
     4    0.05                           clknet_0_clk (net)
                  0.10    0.00   20.34 ^ clkbuf_2_1__f_clk/A (sky130_fd_sc_hd__clkbuf_16)
                  0.08    0.24   20.58 ^ clkbuf_2_1__f_clk/X (sky130_fd_sc_hd__clkbuf_16)
    11    0.03                           clknet_2_1__leaf_clk (net)
                  0.08    0.00   20.58 ^ _284_/CLK (sky130_fd_sc_hd__dfrtp_1)
                         -0.25   20.33   clock uncertainty
                          0.00   20.33   clock reconvergence pessimism
                         -0.27   20.06   library setup time
                                 20.06   data required time
-----------------------------------------------------------------------------
                                 20.06   data required time
                                 -7.00   data arrival time
-----------------------------------------------------------------------------
                                 13.05   slack (MET)


Startpoint: tx_start (input port clocked by clk)
Endpoint: _296_ (rising edge-triggered flip-flop clocked by clk)
Path Group: clk
Path Type: max
Corner: Slowest

Fanout     Cap    Slew   Delay    Time   Description
-----------------------------------------------------------------------------
                          0.00    0.00   clock clk (rise edge)
                          0.00    0.00   clock network delay (propagated)
                          4.00    4.00 ^ input external delay
                  0.03    0.02    4.02 ^ tx_start (in)
     1    0.00                           tx_start (net)
                  0.03    0.00    4.02 ^ input11/A (sky130_fd_sc_hd__clkbuf_1)
                  0.15    0.20    4.21 ^ input11/X (sky130_fd_sc_hd__clkbuf_1)
     1    0.01                           net11 (net)
                  0.15    0.00    4.21 ^ _216_/D_N (sky130_fd_sc_hd__or4b_2)
                  0.30    1.65    5.86 v _216_/X (sky130_fd_sc_hd__or4b_2)
     3    0.01                           _088_ (net)
                  0.30    0.00    5.87 v _223_/A (sky130_fd_sc_hd__clkbuf_4)
                  0.18    0.48    6.35 v _223_/X (sky130_fd_sc_hd__clkbuf_4)
    10    0.05                           _094_ (net)
                  0.18    0.00    6.35 v _259_/A1 (sky130_fd_sc_hd__a21oi_1)
                  0.18    0.27    6.62 ^ _259_/Y (sky130_fd_sc_hd__a21oi_1)
     1    0.00                           _119_ (net)
                  0.18    0.00    6.62 ^ _260_/B1 (sky130_fd_sc_hd__a21o_1)
                  0.08    0.21    6.83 ^ _260_/X (sky130_fd_sc_hd__a21o_1)
     1    0.00                           _035_ (net)
                  0.08    0.00    6.83 ^ _296_/D (sky130_fd_sc_hd__dfrtp_4)
                                  6.83   data arrival time

                         20.00   20.00   clock clk (rise edge)
                          0.00   20.00   clock source latency
                  0.11    0.07   20.07 ^ clk (in)
     1    0.01                           clk (net)
                  0.11    0.00   20.07 ^ clkbuf_0_clk/A (sky130_fd_sc_hd__clkbuf_16)
                  0.10    0.26   20.33 ^ clkbuf_0_clk/X (sky130_fd_sc_hd__clkbuf_16)
     4    0.05                           clknet_0_clk (net)
                  0.10    0.00   20.34 ^ clkbuf_2_1__f_clk/A (sky130_fd_sc_hd__clkbuf_16)
                  0.08    0.24   20.58 ^ clkbuf_2_1__f_clk/X (sky130_fd_sc_hd__clkbuf_16)
    11    0.03                           clknet_2_1__leaf_clk (net)
                  0.08    0.00   20.58 ^ _296_/CLK (sky130_fd_sc_hd__dfrtp_4)
                         -0.25   20.33   clock uncertainty
                          0.00   20.33   clock reconvergence pessimism
                         -0.14   20.19   library setup time
                                 20.19   data required time
-----------------------------------------------------------------------------
                                 20.19   data required time
                                 -6.83   data arrival time
-----------------------------------------------------------------------------
                                 13.36   slack (MET)


Startpoint: _273_ (rising edge-triggered flip-flop clocked by clk)
Endpoint: sleep_ack (output port clocked by clk)
Path Group: clk
Path Type: max
Corner: Slowest

Fanout     Cap    Slew   Delay    Time   Description
-----------------------------------------------------------------------------
                          0.00    0.00   clock clk (rise edge)
                          0.00    0.00   clock source latency
                  0.11    0.08    0.08 ^ clk (in)
     1    0.01                           clk (net)
                  0.11    0.00    0.08 ^ clkbuf_0_clk/A (sky130_fd_sc_hd__clkbuf_16)
                  0.10    0.29    0.37 ^ clkbuf_0_clk/X (sky130_fd_sc_hd__clkbuf_16)
     4    0.05                           clknet_0_clk (net)
                  0.10    0.00    0.37 ^ clkbuf_2_2__f_clk/A (sky130_fd_sc_hd__clkbuf_16)
                  0.07    0.25    0.62 ^ clkbuf_2_2__f_clk/X (sky130_fd_sc_hd__clkbuf_16)
     8    0.02                           clknet_2_2__leaf_clk (net)
                  0.07    0.00    0.63 ^ _273_/CLK (sky130_fd_sc_hd__dfrtp_2)
                  0.16    0.95    1.58 v _273_/Q (sky130_fd_sc_hd__dfrtp_2)
     5    0.02                           net12 (net)
                  0.16    0.00    1.58 v output12/A (sky130_fd_sc_hd__clkbuf_4)
                  0.14    0.38    1.97 v output12/X (sky130_fd_sc_hd__clkbuf_4)
     1    0.03                           sleep_ack (net)
                  0.14    0.00    1.97 v sleep_ack (out)
                                  1.97   data arrival time

                         20.00   20.00   clock clk (rise edge)
                          0.00   20.00   clock network delay (propagated)
                         -0.25   19.75   clock uncertainty
                          0.00   19.75   clock reconvergence pessimism
                         -4.00   15.75   output external delay
                                 15.75   data required time
-----------------------------------------------------------------------------
                                 15.75   data required time
                                 -1.97   data arrival time
-----------------------------------------------------------------------------
                                 13.78   slack (MET)


Startpoint: _263_ (rising edge-triggered flip-flop clocked by clk)
Endpoint: _266_ (rising edge-triggered flip-flop clocked by clk)
Path Group: clk
Path Type: max
Corner: Slowest

Fanout     Cap    Slew   Delay    Time   Description
-----------------------------------------------------------------------------
                          0.00    0.00   clock clk (rise edge)
                          0.00    0.00   clock source latency
                  0.11    0.08    0.08 ^ clk (in)
     1    0.01                           clk (net)
                  0.11    0.00    0.08 ^ clkbuf_0_clk/A (sky130_fd_sc_hd__clkbuf_16)
                  0.10    0.29    0.37 ^ clkbuf_0_clk/X (sky130_fd_sc_hd__clkbuf_16)
     4    0.05                           clknet_0_clk (net)
                  0.10    0.00    0.37 ^ clkbuf_2_3__f_clk/A (sky130_fd_sc_hd__clkbuf_16)
                  0.08    0.26    0.63 ^ clkbuf_2_3__f_clk/X (sky130_fd_sc_hd__clkbuf_16)
     9    0.03                           clknet_2_3__leaf_clk (net)
                  0.08    0.00    0.64 ^ _263_/CLK (sky130_fd_sc_hd__dfrtp_1)
                  0.15    0.86    1.49 v _263_/Q (sky130_fd_sc_hd__dfrtp_1)
     4    0.01                           baud_counter[1] (net)
                  0.15    0.00    1.49 v _137_/A (sky130_fd_sc_hd__or4b_1)
                  0.17    1.27    2.76 v _137_/X (sky130_fd_sc_hd__or4b_1)
     1    0.00                           _126_ (net)
                  0.17    0.00    2.76 v _138_/D (sky130_fd_sc_hd__or4_1)
                  0.26    1.16    3.92 v _138_/X (sky130_fd_sc_hd__or4_1)
     3    0.01                           _127_ (net)
                  0.26    0.00    3.92 v _155_/B_N (sky130_fd_sc_hd__nor2b_1)
                  0.14    0.45    4.37 v _155_/Y (sky130_fd_sc_hd__nor2b_1)
     4    0.01                           _045_ (net)
                  0.14    0.00    4.37 v _157_/A2 (sky130_fd_sc_hd__a32o_1)
                  0.09    0.51    4.88 v _157_/X (sky130_fd_sc_hd__a32o_1)
     1    0.00                           _005_ (net)
                  0.09    0.00    4.88 v _266_/D (sky130_fd_sc_hd__dfrtp_1)
                                  4.88   data arrival time

                         20.00   20.00   clock clk (rise edge)
                          0.00   20.00   clock source latency
                  0.11    0.07   20.07 ^ clk (in)
     1    0.01                           clk (net)
                  0.11    0.00   20.07 ^ clkbuf_0_clk/A (sky130_fd_sc_hd__clkbuf_16)
                  0.10    0.26   20.33 ^ clkbuf_0_clk/X (sky130_fd_sc_hd__clkbuf_16)
     4    0.05                           clknet_0_clk (net)
                  0.10    0.00   20.34 ^ clkbuf_2_1__f_clk/A (sky130_fd_sc_hd__clkbuf_16)
                  0.08    0.24   20.58 ^ clkbuf_2_1__f_clk/X (sky130_fd_sc_hd__clkbuf_16)
    11    0.03                           clknet_2_1__leaf_clk (net)
                  0.08    0.00   20.58 ^ _266_/CLK (sky130_fd_sc_hd__dfrtp_1)
                         -0.25   20.33   clock uncertainty
                          0.04   20.36   clock reconvergence pessimism
                         -0.28   20.08   library setup time
                                 20.08   data required time
-----------------------------------------------------------------------------
                                 20.08   data required time
                                 -4.88   data arrival time
-----------------------------------------------------------------------------
                                 15.21   slack (MET)


Startpoint: _263_ (rising edge-triggered flip-flop clocked by clk)
Endpoint: _270_ (rising edge-triggered flip-flop clocked by clk)
Path Group: clk
Path Type: max
Corner: Slowest

Fanout     Cap    Slew   Delay    Time   Description
-----------------------------------------------------------------------------
                          0.00    0.00   clock clk (rise edge)
                          0.00    0.00   clock source latency
                  0.11    0.08    0.08 ^ clk (in)
     1    0.01                           clk (net)
                  0.11    0.00    0.08 ^ clkbuf_0_clk/A (sky130_fd_sc_hd__clkbuf_16)
                  0.10    0.29    0.37 ^ clkbuf_0_clk/X (sky130_fd_sc_hd__clkbuf_16)
     4    0.05                           clknet_0_clk (net)
                  0.10    0.00    0.37 ^ clkbuf_2_3__f_clk/A (sky130_fd_sc_hd__clkbuf_16)
                  0.08    0.26    0.63 ^ clkbuf_2_3__f_clk/X (sky130_fd_sc_hd__clkbuf_16)
     9    0.03                           clknet_2_3__leaf_clk (net)
                  0.08    0.00    0.64 ^ _263_/CLK (sky130_fd_sc_hd__dfrtp_1)
                  0.15    0.86    1.49 v _263_/Q (sky130_fd_sc_hd__dfrtp_1)
     4    0.01                           baud_counter[1] (net)
                  0.15    0.00    1.49 v _137_/A (sky130_fd_sc_hd__or4b_1)
                  0.17    1.27    2.76 v _137_/X (sky130_fd_sc_hd__or4b_1)
     1    0.00                           _126_ (net)
                  0.17    0.00    2.76 v _138_/D (sky130_fd_sc_hd__or4_1)
                  0.26    1.16    3.92 v _138_/X (sky130_fd_sc_hd__or4_1)
     3    0.01                           _127_ (net)
                  0.26    0.00    3.92 v _155_/B_N (sky130_fd_sc_hd__nor2b_1)
                  0.14    0.45    4.37 v _155_/Y (sky130_fd_sc_hd__nor2b_1)
     4    0.01                           _045_ (net)
                  0.14    0.00    4.37 v _169_/A1 (sky130_fd_sc_hd__a32o_1)
                  0.08    0.45    4.82 v _169_/X (sky130_fd_sc_hd__a32o_1)
     1    0.00                           _009_ (net)
                  0.08    0.00    4.82 v _270_/D (sky130_fd_sc_hd__dfrtp_1)
                                  4.82   data arrival time

                         20.00   20.00   clock clk (rise edge)
                          0.00   20.00   clock source latency
                  0.11    0.07   20.07 ^ clk (in)
     1    0.01                           clk (net)
                  0.11    0.00   20.07 ^ clkbuf_0_clk/A (sky130_fd_sc_hd__clkbuf_16)
                  0.10    0.26   20.33 ^ clkbuf_0_clk/X (sky130_fd_sc_hd__clkbuf_16)
     4    0.05                           clknet_0_clk (net)
                  0.10    0.00   20.34 ^ clkbuf_2_1__f_clk/A (sky130_fd_sc_hd__clkbuf_16)
                  0.08    0.24   20.58 ^ clkbuf_2_1__f_clk/X (sky130_fd_sc_hd__clkbuf_16)
    11    0.03                           clknet_2_1__leaf_clk (net)
                  0.08    0.00   20.58 ^ _270_/CLK (sky130_fd_sc_hd__dfrtp_1)
                         -0.25   20.33   clock uncertainty
                          0.04   20.36   clock reconvergence pessimism
                         -0.28   20.09   library setup time
                                 20.09   data required time
-----------------------------------------------------------------------------
                                 20.09   data required time
                                 -4.82   data arrival time
-----------------------------------------------------------------------------
                                 15.26   slack (MET)


Startpoint: sleep (input port clocked by clk)
Endpoint: _273_ (rising edge-triggered flip-flop clocked by clk)
Path Group: clk
Path Type: max
Corner: Slowest

Fanout     Cap    Slew   Delay    Time   Description
-----------------------------------------------------------------------------
                          0.00    0.00   clock clk (rise edge)
                          0.00    0.00   clock network delay (propagated)
                          4.00    4.00 v input external delay
                  0.02    0.01    4.01 v sleep (in)
     1    0.00                           sleep (net)
                  0.02    0.00    4.01 v input2/A (sky130_fd_sc_hd__buf_1)
                  0.16    0.23    4.24 v input2/X (sky130_fd_sc_hd__buf_1)
     2    0.01                           net2 (net)
                  0.16    0.00    4.24 v _178_/B (sky130_fd_sc_hd__and2b_1)
                  0.07    0.38    4.62 v _178_/X (sky130_fd_sc_hd__and2b_1)
     1    0.00                           _061_ (net)
                  0.07    0.00    4.62 v _179_/A (sky130_fd_sc_hd__clkbuf_1)
                  0.05    0.16    4.79 v _179_/X (sky130_fd_sc_hd__clkbuf_1)
     1    0.00                           _012_ (net)
                  0.05    0.00    4.79 v _273_/D (sky130_fd_sc_hd__dfrtp_2)
                                  4.79   data arrival time

                         20.00   20.00   clock clk (rise edge)
                          0.00   20.00   clock source latency
                  0.11    0.07   20.07 ^ clk (in)
     1    0.01                           clk (net)
                  0.11    0.00   20.07 ^ clkbuf_0_clk/A (sky130_fd_sc_hd__clkbuf_16)
                  0.10    0.26   20.33 ^ clkbuf_0_clk/X (sky130_fd_sc_hd__clkbuf_16)
     4    0.05                           clknet_0_clk (net)
                  0.10    0.00   20.34 ^ clkbuf_2_2__f_clk/A (sky130_fd_sc_hd__clkbuf_16)
                  0.07    0.23   20.56 ^ clkbuf_2_2__f_clk/X (sky130_fd_sc_hd__clkbuf_16)
     8    0.02                           clknet_2_2__leaf_clk (net)
                  0.07    0.00   20.57 ^ _273_/CLK (sky130_fd_sc_hd__dfrtp_2)
                         -0.25   20.32   clock uncertainty
                          0.00   20.32   clock reconvergence pessimism
                         -0.27   20.05   library setup time
                                 20.05   data required time
-----------------------------------------------------------------------------
                                 20.05   data required time
                                 -4.79   data arrival time
-----------------------------------------------------------------------------
                                 15.27   slack (MET)


Startpoint: _263_ (rising edge-triggered flip-flop clocked by clk)
Endpoint: _267_ (rising edge-triggered flip-flop clocked by clk)
Path Group: clk
Path Type: max
Corner: Slowest

Fanout     Cap    Slew   Delay    Time   Description
-----------------------------------------------------------------------------
                          0.00    0.00   clock clk (rise edge)
                          0.00    0.00   clock source latency
                  0.11    0.08    0.08 ^ clk (in)
     1    0.01                           clk (net)
                  0.11    0.00    0.08 ^ clkbuf_0_clk/A (sky130_fd_sc_hd__clkbuf_16)
                  0.10    0.29    0.37 ^ clkbuf_0_clk/X (sky130_fd_sc_hd__clkbuf_16)
     4    0.05                           clknet_0_clk (net)
                  0.10    0.00    0.37 ^ clkbuf_2_3__f_clk/A (sky130_fd_sc_hd__clkbuf_16)
                  0.08    0.26    0.63 ^ clkbuf_2_3__f_clk/X (sky130_fd_sc_hd__clkbuf_16)
     9    0.03                           clknet_2_3__leaf_clk (net)
                  0.08    0.00    0.64 ^ _263_/CLK (sky130_fd_sc_hd__dfrtp_1)
                  0.15    0.86    1.49 v _263_/Q (sky130_fd_sc_hd__dfrtp_1)
     4    0.01                           baud_counter[1] (net)
                  0.15    0.00    1.49 v _137_/A (sky130_fd_sc_hd__or4b_1)
                  0.17    1.27    2.76 v _137_/X (sky130_fd_sc_hd__or4b_1)
     1    0.00                           _126_ (net)
                  0.17    0.00    2.76 v _138_/D (sky130_fd_sc_hd__or4_1)
                  0.26    1.16    3.92 v _138_/X (sky130_fd_sc_hd__or4_1)
     3    0.01                           _127_ (net)
                  0.26    0.00    3.92 v _155_/B_N (sky130_fd_sc_hd__nor2b_1)
                  0.14    0.45    4.37 v _155_/Y (sky130_fd_sc_hd__nor2b_1)
     4    0.01                           _045_ (net)
                  0.14    0.00    4.37 v _160_/A1 (sky130_fd_sc_hd__a32o_1)
                  0.07    0.44    4.81 v _160_/X (sky130_fd_sc_hd__a32o_1)
     1    0.00                           _006_ (net)
                  0.07    0.00    4.81 v _267_/D (sky130_fd_sc_hd__dfrtp_1)
                                  4.81   data arrival time

                         20.00   20.00   clock clk (rise edge)
                          0.00   20.00   clock source latency
                  0.11    0.07   20.07 ^ clk (in)
     1    0.01                           clk (net)
                  0.11    0.00   20.07 ^ clkbuf_0_clk/A (sky130_fd_sc_hd__clkbuf_16)
                  0.10    0.26   20.33 ^ clkbuf_0_clk/X (sky130_fd_sc_hd__clkbuf_16)
     4    0.05                           clknet_0_clk (net)
                  0.10    0.00   20.34 ^ clkbuf_2_1__f_clk/A (sky130_fd_sc_hd__clkbuf_16)
                  0.08    0.24   20.58 ^ clkbuf_2_1__f_clk/X (sky130_fd_sc_hd__clkbuf_16)
    11    0.03                           clknet_2_1__leaf_clk (net)
                  0.08    0.00   20.58 ^ _267_/CLK (sky130_fd_sc_hd__dfrtp_1)
                         -0.25   20.33   clock uncertainty
                          0.04   20.36   clock reconvergence pessimism
                         -0.27   20.09   library setup time
                                 20.09   data required time
-----------------------------------------------------------------------------
                                 20.09   data required time
                                 -4.81   data arrival time
-----------------------------------------------------------------------------
                                 15.28   slack (MET)


Startpoint: _263_ (rising edge-triggered flip-flop clocked by clk)
Endpoint: _269_ (rising edge-triggered flip-flop clocked by clk)
Path Group: clk
Path Type: max
Corner: Slowest

Fanout     Cap    Slew   Delay    Time   Description
-----------------------------------------------------------------------------
                          0.00    0.00   clock clk (rise edge)
                          0.00    0.00   clock source latency
                  0.11    0.08    0.08 ^ clk (in)
     1    0.01                           clk (net)
                  0.11    0.00    0.08 ^ clkbuf_0_clk/A (sky130_fd_sc_hd__clkbuf_16)
                  0.10    0.29    0.37 ^ clkbuf_0_clk/X (sky130_fd_sc_hd__clkbuf_16)
     4    0.05                           clknet_0_clk (net)
                  0.10    0.00    0.37 ^ clkbuf_2_3__f_clk/A (sky130_fd_sc_hd__clkbuf_16)
                  0.08    0.26    0.63 ^ clkbuf_2_3__f_clk/X (sky130_fd_sc_hd__clkbuf_16)
     9    0.03                           clknet_2_3__leaf_clk (net)
                  0.08    0.00    0.64 ^ _263_/CLK (sky130_fd_sc_hd__dfrtp_1)
                  0.15    0.86    1.49 v _263_/Q (sky130_fd_sc_hd__dfrtp_1)
     4    0.01                           baud_counter[1] (net)
                  0.15    0.00    1.49 v _137_/A (sky130_fd_sc_hd__or4b_1)
                  0.17    1.27    2.76 v _137_/X (sky130_fd_sc_hd__or4b_1)
     1    0.00                           _126_ (net)
                  0.17    0.00    2.76 v _138_/D (sky130_fd_sc_hd__or4_1)
                  0.26    1.16    3.92 v _138_/X (sky130_fd_sc_hd__or4_1)
     3    0.01                           _127_ (net)
                  0.26    0.00    3.92 v _155_/B_N (sky130_fd_sc_hd__nor2b_1)
                  0.14    0.45    4.37 v _155_/Y (sky130_fd_sc_hd__nor2b_1)
     4    0.01                           _045_ (net)
                  0.14    0.00    4.37 v _165_/B1 (sky130_fd_sc_hd__a22o_1)
                  0.07    0.36    4.73 v _165_/X (sky130_fd_sc_hd__a22o_1)
     1    0.00                           _008_ (net)
                  0.07    0.00    4.73 v _269_/D (sky130_fd_sc_hd__dfrtp_2)
                                  4.73   data arrival time

                         20.00   20.00   clock clk (rise edge)
                          0.00   20.00   clock source latency
                  0.11    0.07   20.07 ^ clk (in)
     1    0.01                           clk (net)
                  0.11    0.00   20.07 ^ clkbuf_0_clk/A (sky130_fd_sc_hd__clkbuf_16)
                  0.10    0.26   20.33 ^ clkbuf_0_clk/X (sky130_fd_sc_hd__clkbuf_16)
     4    0.05                           clknet_0_clk (net)
                  0.10    0.00   20.34 ^ clkbuf_2_1__f_clk/A (sky130_fd_sc_hd__clkbuf_16)
                  0.08    0.24   20.58 ^ clkbuf_2_1__f_clk/X (sky130_fd_sc_hd__clkbuf_16)
    11    0.03                           clknet_2_1__leaf_clk (net)
                  0.08    0.00   20.58 ^ _269_/CLK (sky130_fd_sc_hd__dfrtp_2)
                         -0.25   20.33   clock uncertainty
                          0.04   20.36   clock reconvergence pessimism
                         -0.27   20.09   library setup time
                                 20.09   data required time
-----------------------------------------------------------------------------
                                 20.09   data required time
                                 -4.73   data arrival time
-----------------------------------------------------------------------------
                                 15.36   slack (MET)


Startpoint: sleep (input port clocked by clk)
Endpoint: _272_ (rising edge-triggered flip-flop clocked by clk)
Path Group: clk
Path Type: max
Corner: Slowest

Fanout     Cap    Slew   Delay    Time   Description
-----------------------------------------------------------------------------
                          0.00    0.00   clock clk (rise edge)
                          0.00    0.00   clock network delay (propagated)
                          4.00    4.00 v input external delay
                  0.02    0.01    4.01 v sleep (in)
     1    0.00                           sleep (net)
                  0.02    0.00    4.01 v input2/A (sky130_fd_sc_hd__buf_1)
                  0.16    0.23    4.24 v input2/X (sky130_fd_sc_hd__buf_1)
     2    0.01                           net2 (net)
                  0.16    0.00    4.24 v _177_/B1 (sky130_fd_sc_hd__o21a_1)
                  0.06    0.24    4.48 v _177_/X (sky130_fd_sc_hd__o21a_1)
     1    0.00                           _011_ (net)
                  0.06    0.00    4.48 v _272_/D (sky130_fd_sc_hd__dfrtp_1)
                                  4.48   data arrival time

                         20.00   20.00   clock clk (rise edge)
                          0.00   20.00   clock source latency
                  0.11    0.07   20.07 ^ clk (in)
     1    0.01                           clk (net)
                  0.11    0.00   20.07 ^ clkbuf_0_clk/A (sky130_fd_sc_hd__clkbuf_16)
                  0.10    0.26   20.33 ^ clkbuf_0_clk/X (sky130_fd_sc_hd__clkbuf_16)
     4    0.05                           clknet_0_clk (net)
                  0.10    0.00   20.34 ^ clkbuf_2_2__f_clk/A (sky130_fd_sc_hd__clkbuf_16)
                  0.07    0.23   20.56 ^ clkbuf_2_2__f_clk/X (sky130_fd_sc_hd__clkbuf_16)
     8    0.02                           clknet_2_2__leaf_clk (net)
                  0.07    0.00   20.57 ^ _272_/CLK (sky130_fd_sc_hd__dfrtp_1)
                         -0.25   20.32   clock uncertainty
                          0.00   20.32   clock reconvergence pessimism
                         -0.27   20.04   library setup time
                                 20.04   data required time
-----------------------------------------------------------------------------
                                 20.04   data required time
                                 -4.48   data arrival time
-----------------------------------------------------------------------------
                                 15.56   slack (MET)


Startpoint: _297_ (rising edge-triggered flip-flop clocked by clk)
Endpoint: _276_ (rising edge-triggered flip-flop clocked by clk)
Path Group: clk
Path Type: max
Corner: Slowest

Fanout     Cap    Slew   Delay    Time   Description
-----------------------------------------------------------------------------
                          0.00    0.00   clock clk (rise edge)
                          0.00    0.00   clock source latency
                  0.11    0.08    0.08 ^ clk (in)
     1    0.01                           clk (net)
                  0.11    0.00    0.08 ^ clkbuf_0_clk/A (sky130_fd_sc_hd__clkbuf_16)
                  0.10    0.29    0.37 ^ clkbuf_0_clk/X (sky130_fd_sc_hd__clkbuf_16)
     4    0.05                           clknet_0_clk (net)
                  0.10    0.00    0.37 ^ clkbuf_2_1__f_clk/A (sky130_fd_sc_hd__clkbuf_16)
                  0.08    0.27    0.64 ^ clkbuf_2_1__f_clk/X (sky130_fd_sc_hd__clkbuf_16)
    11    0.03                           clknet_2_1__leaf_clk (net)
                  0.08    0.00    0.64 ^ _297_/CLK (sky130_fd_sc_hd__dfrtp_4)
                  0.17    1.13    1.77 v _297_/Q (sky130_fd_sc_hd__dfrtp_4)
     8    0.03                           state[1] (net)
                  0.17    0.00    1.77 v _181_/A (sky130_fd_sc_hd__or4b_2)
                  0.31    1.87    3.64 v _181_/X (sky130_fd_sc_hd__or4b_2)
     3    0.02                           _063_ (net)
                  0.31    0.00    3.64 v _190_/B (sky130_fd_sc_hd__nor2_2)
                  0.45    0.51    4.14 ^ _190_/Y (sky130_fd_sc_hd__nor2_2)
     6    0.02                           _070_ (net)
                  0.45    0.00    4.15 ^ _193_/A2 (sky130_fd_sc_hd__a32o_1)
                  0.09    0.48    4.63 ^ _193_/X (sky130_fd_sc_hd__a32o_1)
     1    0.00                           _015_ (net)
                  0.09    0.00    4.63 ^ _276_/D (sky130_fd_sc_hd__dfrtp_2)
                                  4.63   data arrival time

                         20.00   20.00   clock clk (rise edge)
                          0.00   20.00   clock source latency
                  0.11    0.07   20.07 ^ clk (in)
     1    0.01                           clk (net)
                  0.11    0.00   20.07 ^ clkbuf_0_clk/A (sky130_fd_sc_hd__clkbuf_16)
                  0.10    0.26   20.33 ^ clkbuf_0_clk/X (sky130_fd_sc_hd__clkbuf_16)
     4    0.05                           clknet_0_clk (net)
                  0.10    0.00   20.34 ^ clkbuf_2_2__f_clk/A (sky130_fd_sc_hd__clkbuf_16)
                  0.07    0.23   20.56 ^ clkbuf_2_2__f_clk/X (sky130_fd_sc_hd__clkbuf_16)
     8    0.02                           clknet_2_2__leaf_clk (net)
                  0.07    0.00   20.57 ^ _276_/CLK (sky130_fd_sc_hd__dfrtp_2)
                         -0.25   20.32   clock uncertainty
                          0.04   20.35   clock reconvergence pessimism
                         -0.14   20.21   library setup time
                                 20.21   data required time
-----------------------------------------------------------------------------
                                 20.21   data required time
                                 -4.63   data arrival time
-----------------------------------------------------------------------------
                                 15.58   slack (MET)


Startpoint: _297_ (rising edge-triggered flip-flop clocked by clk)
Endpoint: _281_ (rising edge-triggered flip-flop clocked by clk)
Path Group: clk
Path Type: max
Corner: Slowest

Fanout     Cap    Slew   Delay    Time   Description
-----------------------------------------------------------------------------
                          0.00    0.00   clock clk (rise edge)
                          0.00    0.00   clock source latency
                  0.11    0.08    0.08 ^ clk (in)
     1    0.01                           clk (net)
                  0.11    0.00    0.08 ^ clkbuf_0_clk/A (sky130_fd_sc_hd__clkbuf_16)
                  0.10    0.29    0.37 ^ clkbuf_0_clk/X (sky130_fd_sc_hd__clkbuf_16)
     4    0.05                           clknet_0_clk (net)
                  0.10    0.00    0.37 ^ clkbuf_2_1__f_clk/A (sky130_fd_sc_hd__clkbuf_16)
                  0.08    0.27    0.64 ^ clkbuf_2_1__f_clk/X (sky130_fd_sc_hd__clkbuf_16)
    11    0.03                           clknet_2_1__leaf_clk (net)
                  0.08    0.00    0.64 ^ _297_/CLK (sky130_fd_sc_hd__dfrtp_4)
                  0.17    1.13    1.77 v _297_/Q (sky130_fd_sc_hd__dfrtp_4)
     8    0.03                           state[1] (net)
                  0.17    0.00    1.77 v _181_/A (sky130_fd_sc_hd__or4b_2)
                  0.31    1.87    3.64 v _181_/X (sky130_fd_sc_hd__or4b_2)
     3    0.02                           _063_ (net)
                  0.31    0.00    3.64 v _190_/B (sky130_fd_sc_hd__nor2_2)
                  0.45    0.51    4.14 ^ _190_/Y (sky130_fd_sc_hd__nor2_2)
     6    0.02                           _070_ (net)
                  0.45    0.00    4.15 ^ _210_/A1 (sky130_fd_sc_hd__a32o_1)
                  0.10    0.48    4.63 ^ _210_/X (sky130_fd_sc_hd__a32o_1)
     1    0.00                           _020_ (net)
                  0.10    0.00    4.63 ^ _281_/D (sky130_fd_sc_hd__dfrtp_1)
                                  4.63   data arrival time

                         20.00   20.00   clock clk (rise edge)
                          0.00   20.00   clock source latency
                  0.11    0.07   20.07 ^ clk (in)
     1    0.01                           clk (net)
                  0.11    0.00   20.07 ^ clkbuf_0_clk/A (sky130_fd_sc_hd__clkbuf_16)
                  0.10    0.26   20.33 ^ clkbuf_0_clk/X (sky130_fd_sc_hd__clkbuf_16)
     4    0.05                           clknet_0_clk (net)
                  0.10    0.00   20.34 ^ clkbuf_2_3__f_clk/A (sky130_fd_sc_hd__clkbuf_16)
                  0.08    0.24   20.57 ^ clkbuf_2_3__f_clk/X (sky130_fd_sc_hd__clkbuf_16)
     9    0.03                           clknet_2_3__leaf_clk (net)
                  0.08    0.00   20.57 ^ _281_/CLK (sky130_fd_sc_hd__dfrtp_1)
                         -0.25   20.32   clock uncertainty
                          0.04   20.36   clock reconvergence pessimism
                         -0.14   20.22   library setup time
                                 20.22   data required time
-----------------------------------------------------------------------------
                                 20.22   data required time
                                 -4.63   data arrival time
-----------------------------------------------------------------------------
                                 15.59   slack (MET)


Startpoint: _297_ (rising edge-triggered flip-flop clocked by clk)
Endpoint: _278_ (rising edge-triggered flip-flop clocked by clk)
Path Group: clk
Path Type: max
Corner: Slowest

Fanout     Cap    Slew   Delay    Time   Description
-----------------------------------------------------------------------------
                          0.00    0.00   clock clk (rise edge)
                          0.00    0.00   clock source latency
                  0.11    0.08    0.08 ^ clk (in)
     1    0.01                           clk (net)
                  0.11    0.00    0.08 ^ clkbuf_0_clk/A (sky130_fd_sc_hd__clkbuf_16)
                  0.10    0.29    0.37 ^ clkbuf_0_clk/X (sky130_fd_sc_hd__clkbuf_16)
     4    0.05                           clknet_0_clk (net)
                  0.10    0.00    0.37 ^ clkbuf_2_1__f_clk/A (sky130_fd_sc_hd__clkbuf_16)
                  0.08    0.27    0.64 ^ clkbuf_2_1__f_clk/X (sky130_fd_sc_hd__clkbuf_16)
    11    0.03                           clknet_2_1__leaf_clk (net)
                  0.08    0.00    0.64 ^ _297_/CLK (sky130_fd_sc_hd__dfrtp_4)
                  0.17    1.13    1.77 v _297_/Q (sky130_fd_sc_hd__dfrtp_4)
     8    0.03                           state[1] (net)
                  0.17    0.00    1.77 v _181_/A (sky130_fd_sc_hd__or4b_2)
                  0.31    1.87    3.64 v _181_/X (sky130_fd_sc_hd__or4b_2)
     3    0.02                           _063_ (net)
                  0.31    0.00    3.64 v _190_/B (sky130_fd_sc_hd__nor2_2)
                  0.45    0.51    4.14 ^ _190_/Y (sky130_fd_sc_hd__nor2_2)
     6    0.02                           _070_ (net)
                  0.45    0.00    4.15 ^ _200_/A1 (sky130_fd_sc_hd__a32o_1)
                  0.10    0.48    4.62 ^ _200_/X (sky130_fd_sc_hd__a32o_1)
     1    0.00                           _017_ (net)
                  0.10    0.00    4.62 ^ _278_/D (sky130_fd_sc_hd__dfrtp_1)
                                  4.62   data arrival time

                         20.00   20.00   clock clk (rise edge)
                          0.00   20.00   clock source latency
                  0.11    0.07   20.07 ^ clk (in)
     1    0.01                           clk (net)
                  0.11    0.00   20.07 ^ clkbuf_0_clk/A (sky130_fd_sc_hd__clkbuf_16)
                  0.10    0.26   20.33 ^ clkbuf_0_clk/X (sky130_fd_sc_hd__clkbuf_16)
     4    0.05                           clknet_0_clk (net)
                  0.10    0.00   20.34 ^ clkbuf_2_3__f_clk/A (sky130_fd_sc_hd__clkbuf_16)
                  0.08    0.24   20.57 ^ clkbuf_2_3__f_clk/X (sky130_fd_sc_hd__clkbuf_16)
     9    0.03                           clknet_2_3__leaf_clk (net)
                  0.08    0.00   20.57 ^ _278_/CLK (sky130_fd_sc_hd__dfrtp_1)
                         -0.25   20.32   clock uncertainty
                          0.04   20.36   clock reconvergence pessimism
                         -0.14   20.22   library setup time
                                 20.22   data required time
-----------------------------------------------------------------------------
                                 20.22   data required time
                                 -4.62   data arrival time
-----------------------------------------------------------------------------
                                 15.60   slack (MET)


Startpoint: _297_ (rising edge-triggered flip-flop clocked by clk)
Endpoint: _277_ (rising edge-triggered flip-flop clocked by clk)
Path Group: clk
Path Type: max
Corner: Slowest

Fanout     Cap    Slew   Delay    Time   Description
-----------------------------------------------------------------------------
                          0.00    0.00   clock clk (rise edge)
                          0.00    0.00   clock source latency
                  0.11    0.08    0.08 ^ clk (in)
     1    0.01                           clk (net)
                  0.11    0.00    0.08 ^ clkbuf_0_clk/A (sky130_fd_sc_hd__clkbuf_16)
                  0.10    0.29    0.37 ^ clkbuf_0_clk/X (sky130_fd_sc_hd__clkbuf_16)
     4    0.05                           clknet_0_clk (net)
                  0.10    0.00    0.37 ^ clkbuf_2_1__f_clk/A (sky130_fd_sc_hd__clkbuf_16)
                  0.08    0.27    0.64 ^ clkbuf_2_1__f_clk/X (sky130_fd_sc_hd__clkbuf_16)
    11    0.03                           clknet_2_1__leaf_clk (net)
                  0.08    0.00    0.64 ^ _297_/CLK (sky130_fd_sc_hd__dfrtp_4)
                  0.17    1.13    1.77 v _297_/Q (sky130_fd_sc_hd__dfrtp_4)
     8    0.03                           state[1] (net)
                  0.17    0.00    1.77 v _181_/A (sky130_fd_sc_hd__or4b_2)
                  0.31    1.87    3.64 v _181_/X (sky130_fd_sc_hd__or4b_2)
     3    0.02                           _063_ (net)
                  0.31    0.00    3.64 v _190_/B (sky130_fd_sc_hd__nor2_2)
                  0.45    0.51    4.14 ^ _190_/Y (sky130_fd_sc_hd__nor2_2)
     6    0.02                           _070_ (net)
                  0.45    0.00    4.15 ^ _197_/A1 (sky130_fd_sc_hd__a32o_1)
                  0.09    0.47    4.61 ^ _197_/X (sky130_fd_sc_hd__a32o_1)
     1    0.00                           _016_ (net)
                  0.09    0.00    4.61 ^ _277_/D (sky130_fd_sc_hd__dfrtp_1)
                                  4.61   data arrival time

                         20.00   20.00   clock clk (rise edge)
                          0.00   20.00   clock source latency
                  0.11    0.07   20.07 ^ clk (in)
     1    0.01                           clk (net)
                  0.11    0.00   20.07 ^ clkbuf_0_clk/A (sky130_fd_sc_hd__clkbuf_16)
                  0.10    0.26   20.33 ^ clkbuf_0_clk/X (sky130_fd_sc_hd__clkbuf_16)
     4    0.05                           clknet_0_clk (net)
                  0.10    0.00   20.34 ^ clkbuf_2_2__f_clk/A (sky130_fd_sc_hd__clkbuf_16)
                  0.07    0.23   20.56 ^ clkbuf_2_2__f_clk/X (sky130_fd_sc_hd__clkbuf_16)
     8    0.02                           clknet_2_2__leaf_clk (net)
                  0.07    0.00   20.57 ^ _277_/CLK (sky130_fd_sc_hd__dfrtp_1)
                         -0.25   20.32   clock uncertainty
                          0.04   20.35   clock reconvergence pessimism
                         -0.14   20.21   library setup time
                                 20.21   data required time
-----------------------------------------------------------------------------
                                 20.21   data required time
                                 -4.61   data arrival time
-----------------------------------------------------------------------------
                                 15.60   slack (MET)


Startpoint: _297_ (rising edge-triggered flip-flop clocked by clk)
Endpoint: _280_ (rising edge-triggered flip-flop clocked by clk)
Path Group: clk
Path Type: max
Corner: Slowest

Fanout     Cap    Slew   Delay    Time   Description
-----------------------------------------------------------------------------
                          0.00    0.00   clock clk (rise edge)
                          0.00    0.00   clock source latency
                  0.11    0.08    0.08 ^ clk (in)
     1    0.01                           clk (net)
                  0.11    0.00    0.08 ^ clkbuf_0_clk/A (sky130_fd_sc_hd__clkbuf_16)
                  0.10    0.29    0.37 ^ clkbuf_0_clk/X (sky130_fd_sc_hd__clkbuf_16)
     4    0.05                           clknet_0_clk (net)
                  0.10    0.00    0.37 ^ clkbuf_2_1__f_clk/A (sky130_fd_sc_hd__clkbuf_16)
                  0.08    0.27    0.64 ^ clkbuf_2_1__f_clk/X (sky130_fd_sc_hd__clkbuf_16)
    11    0.03                           clknet_2_1__leaf_clk (net)
                  0.08    0.00    0.64 ^ _297_/CLK (sky130_fd_sc_hd__dfrtp_4)
                  0.17    1.13    1.77 v _297_/Q (sky130_fd_sc_hd__dfrtp_4)
     8    0.03                           state[1] (net)
                  0.17    0.00    1.77 v _181_/A (sky130_fd_sc_hd__or4b_2)
                  0.31    1.87    3.64 v _181_/X (sky130_fd_sc_hd__or4b_2)
     3    0.02                           _063_ (net)
                  0.31    0.00    3.64 v _190_/B (sky130_fd_sc_hd__nor2_2)
                  0.45    0.51    4.14 ^ _190_/Y (sky130_fd_sc_hd__nor2_2)
     6    0.02                           _070_ (net)
                  0.45    0.00    4.15 ^ _207_/A1 (sky130_fd_sc_hd__a32o_1)
                  0.09    0.47    4.61 ^ _207_/X (sky130_fd_sc_hd__a32o_1)
     1    0.00                           _019_ (net)
                  0.09    0.00    4.61 ^ _280_/D (sky130_fd_sc_hd__dfrtp_1)
                                  4.61   data arrival time

                         20.00   20.00   clock clk (rise edge)
                          0.00   20.00   clock source latency
                  0.11    0.07   20.07 ^ clk (in)
     1    0.01                           clk (net)
                  0.11    0.00   20.07 ^ clkbuf_0_clk/A (sky130_fd_sc_hd__clkbuf_16)
                  0.10    0.26   20.33 ^ clkbuf_0_clk/X (sky130_fd_sc_hd__clkbuf_16)
     4    0.05                           clknet_0_clk (net)
                  0.10    0.00   20.34 ^ clkbuf_2_3__f_clk/A (sky130_fd_sc_hd__clkbuf_16)
                  0.08    0.24   20.57 ^ clkbuf_2_3__f_clk/X (sky130_fd_sc_hd__clkbuf_16)
     9    0.03                           clknet_2_3__leaf_clk (net)
                  0.08    0.00   20.57 ^ _280_/CLK (sky130_fd_sc_hd__dfrtp_1)
                         -0.25   20.32   clock uncertainty
                          0.04   20.36   clock reconvergence pessimism
                         -0.14   20.22   library setup time
                                 20.22   data required time
-----------------------------------------------------------------------------
                                 20.22   data required time
                                 -4.61   data arrival time
-----------------------------------------------------------------------------
                                 15.61   slack (MET)


Startpoint: _297_ (rising edge-triggered flip-flop clocked by clk)
Endpoint: _279_ (rising edge-triggered flip-flop clocked by clk)
Path Group: clk
Path Type: max
Corner: Slowest

Fanout     Cap    Slew   Delay    Time   Description
-----------------------------------------------------------------------------
                          0.00    0.00   clock clk (rise edge)
                          0.00    0.00   clock source latency
                  0.11    0.08    0.08 ^ clk (in)
     1    0.01                           clk (net)
                  0.11    0.00    0.08 ^ clkbuf_0_clk/A (sky130_fd_sc_hd__clkbuf_16)
                  0.10    0.29    0.37 ^ clkbuf_0_clk/X (sky130_fd_sc_hd__clkbuf_16)
     4    0.05                           clknet_0_clk (net)
                  0.10    0.00    0.37 ^ clkbuf_2_1__f_clk/A (sky130_fd_sc_hd__clkbuf_16)
                  0.08    0.27    0.64 ^ clkbuf_2_1__f_clk/X (sky130_fd_sc_hd__clkbuf_16)
    11    0.03                           clknet_2_1__leaf_clk (net)
                  0.08    0.00    0.64 ^ _297_/CLK (sky130_fd_sc_hd__dfrtp_4)
                  0.17    1.13    1.77 v _297_/Q (sky130_fd_sc_hd__dfrtp_4)
     8    0.03                           state[1] (net)
                  0.17    0.00    1.77 v _181_/A (sky130_fd_sc_hd__or4b_2)
                  0.31    1.87    3.64 v _181_/X (sky130_fd_sc_hd__or4b_2)
     3    0.02                           _063_ (net)
                  0.31    0.00    3.64 v _192_/B (sky130_fd_sc_hd__nor2_2)
                  0.45    0.50    4.14 ^ _192_/Y (sky130_fd_sc_hd__nor2_2)
     6    0.02                           _072_ (net)
                  0.45    0.00    4.14 ^ _204_/A2 (sky130_fd_sc_hd__a22o_1)
                  0.09    0.43    4.57 ^ _204_/X (sky130_fd_sc_hd__a22o_1)
     1    0.00                           _018_ (net)
                  0.09    0.00    4.57 ^ _279_/D (sky130_fd_sc_hd__dfrtp_1)
                                  4.57   data arrival time

                         20.00   20.00   clock clk (rise edge)
                          0.00   20.00   clock source latency
                  0.11    0.07   20.07 ^ clk (in)
     1    0.01                           clk (net)
                  0.11    0.00   20.07 ^ clkbuf_0_clk/A (sky130_fd_sc_hd__clkbuf_16)
                  0.10    0.26   20.33 ^ clkbuf_0_clk/X (sky130_fd_sc_hd__clkbuf_16)
     4    0.05                           clknet_0_clk (net)
                  0.10    0.00   20.34 ^ clkbuf_2_3__f_clk/A (sky130_fd_sc_hd__clkbuf_16)
                  0.08    0.24   20.57 ^ clkbuf_2_3__f_clk/X (sky130_fd_sc_hd__clkbuf_16)
     9    0.03                           clknet_2_3__leaf_clk (net)
                  0.08    0.00   20.57 ^ _279_/CLK (sky130_fd_sc_hd__dfrtp_1)
                         -0.25   20.32   clock uncertainty
                          0.04   20.36   clock reconvergence pessimism
                         -0.14   20.22   library setup time
                                 20.22   data required time
-----------------------------------------------------------------------------
                                 20.22   data required time
                                 -4.57   data arrival time
-----------------------------------------------------------------------------
                                 15.65   slack (MET)


Startpoint: _263_ (rising edge-triggered flip-flop clocked by clk)
Endpoint: _263_ (rising edge-triggered flip-flop clocked by clk)
Path Group: clk
Path Type: max
Corner: Slowest

Fanout     Cap    Slew   Delay    Time   Description
-----------------------------------------------------------------------------
                          0.00    0.00   clock clk (rise edge)
                          0.00    0.00   clock source latency
                  0.11    0.08    0.08 ^ clk (in)
     1    0.01                           clk (net)
                  0.11    0.00    0.08 ^ clkbuf_0_clk/A (sky130_fd_sc_hd__clkbuf_16)
                  0.10    0.29    0.37 ^ clkbuf_0_clk/X (sky130_fd_sc_hd__clkbuf_16)
     4    0.05                           clknet_0_clk (net)
                  0.10    0.00    0.37 ^ clkbuf_2_3__f_clk/A (sky130_fd_sc_hd__clkbuf_16)
                  0.08    0.26    0.63 ^ clkbuf_2_3__f_clk/X (sky130_fd_sc_hd__clkbuf_16)
     9    0.03                           clknet_2_3__leaf_clk (net)
                  0.08    0.00    0.64 ^ _263_/CLK (sky130_fd_sc_hd__dfrtp_1)
                  0.15    0.86    1.49 v _263_/Q (sky130_fd_sc_hd__dfrtp_1)
     4    0.01                           baud_counter[1] (net)
                  0.15    0.00    1.49 v _137_/A (sky130_fd_sc_hd__or4b_1)
                  0.17    1.27    2.76 v _137_/X (sky130_fd_sc_hd__or4b_1)
     1    0.00                           _126_ (net)
                  0.17    0.00    2.76 v _138_/D (sky130_fd_sc_hd__or4_1)
                  0.26    1.16    3.92 v _138_/X (sky130_fd_sc_hd__or4_1)
     3    0.01                           _127_ (net)
                  0.26    0.00    3.92 v _148_/A2 (sky130_fd_sc_hd__o211a_1)
                  0.07    0.47    4.39 v _148_/X (sky130_fd_sc_hd__o211a_1)
     1    0.00                           _002_ (net)
                  0.07    0.00    4.39 v _263_/D (sky130_fd_sc_hd__dfrtp_1)
                                  4.39   data arrival time

                         20.00   20.00   clock clk (rise edge)
                          0.00   20.00   clock source latency
                  0.11    0.07   20.07 ^ clk (in)
     1    0.01                           clk (net)
                  0.11    0.00   20.07 ^ clkbuf_0_clk/A (sky130_fd_sc_hd__clkbuf_16)
                  0.10    0.26   20.33 ^ clkbuf_0_clk/X (sky130_fd_sc_hd__clkbuf_16)
     4    0.05                           clknet_0_clk (net)
                  0.10    0.00   20.34 ^ clkbuf_2_3__f_clk/A (sky130_fd_sc_hd__clkbuf_16)
                  0.08    0.24   20.57 ^ clkbuf_2_3__f_clk/X (sky130_fd_sc_hd__clkbuf_16)
     9    0.03                           clknet_2_3__leaf_clk (net)
                  0.08    0.00   20.57 ^ _263_/CLK (sky130_fd_sc_hd__dfrtp_1)
                         -0.25   20.32   clock uncertainty
                          0.06   20.39   clock reconvergence pessimism
                         -0.27   20.11   library setup time
                                 20.11   data required time
-----------------------------------------------------------------------------
                                 20.11   data required time
                                 -4.39   data arrival time
-----------------------------------------------------------------------------
                                 15.72   slack (MET)


Startpoint: _264_ (rising edge-triggered flip-flop clocked by clk)
Endpoint: _271_ (rising edge-triggered flip-flop clocked by clk)
Path Group: clk
Path Type: max
Corner: Slowest

Fanout     Cap    Slew   Delay    Time   Description
-----------------------------------------------------------------------------
                          0.00    0.00   clock clk (rise edge)
                          0.00    0.00   clock source latency
                  0.11    0.08    0.08 ^ clk (in)
     1    0.01                           clk (net)
                  0.11    0.00    0.08 ^ clkbuf_0_clk/A (sky130_fd_sc_hd__clkbuf_16)
                  0.10    0.29    0.37 ^ clkbuf_0_clk/X (sky130_fd_sc_hd__clkbuf_16)
     4    0.05                           clknet_0_clk (net)
                  0.10    0.00    0.37 ^ clkbuf_2_3__f_clk/A (sky130_fd_sc_hd__clkbuf_16)
                  0.08    0.26    0.63 ^ clkbuf_2_3__f_clk/X (sky130_fd_sc_hd__clkbuf_16)
     9    0.03                           clknet_2_3__leaf_clk (net)
                  0.08    0.00    0.64 ^ _264_/CLK (sky130_fd_sc_hd__dfrtp_1)
                  0.24    0.82    1.46 ^ _264_/Q (sky130_fd_sc_hd__dfrtp_1)
     5    0.02                           baud_counter[2] (net)
                  0.24    0.00    1.46 ^ _153_/D (sky130_fd_sc_hd__and4_1)
                  0.32    0.68    2.13 ^ _153_/X (sky130_fd_sc_hd__and4_1)
     6    0.02                           _043_ (net)
                  0.32    0.00    2.13 ^ _168_/C_N (sky130_fd_sc_hd__or4bb_1)
                  0.22    1.33    3.46 v _168_/X (sky130_fd_sc_hd__or4bb_1)
     2    0.01                           _054_ (net)
                  0.22    0.00    3.46 v _170_/B (sky130_fd_sc_hd__or2_1)
                  0.12    0.57    4.03 v _170_/X (sky130_fd_sc_hd__or2_1)
     1    0.00                           _055_ (net)
                  0.12    0.00    4.03 v _171_/B (sky130_fd_sc_hd__xnor2_1)
                  0.10    0.24    4.28 v _171_/Y (sky130_fd_sc_hd__xnor2_1)
     1    0.00                           _010_ (net)
                  0.10    0.00    4.28 v _271_/D (sky130_fd_sc_hd__dfrtp_1)
                                  4.28   data arrival time

                         20.00   20.00   clock clk (rise edge)
                          0.00   20.00   clock source latency
                  0.11    0.07   20.07 ^ clk (in)
     1    0.01                           clk (net)
                  0.11    0.00   20.07 ^ clkbuf_0_clk/A (sky130_fd_sc_hd__clkbuf_16)
                  0.10    0.26   20.33 ^ clkbuf_0_clk/X (sky130_fd_sc_hd__clkbuf_16)
     4    0.05                           clknet_0_clk (net)
                  0.10    0.00   20.34 ^ clkbuf_2_3__f_clk/A (sky130_fd_sc_hd__clkbuf_16)
                  0.08    0.24   20.57 ^ clkbuf_2_3__f_clk/X (sky130_fd_sc_hd__clkbuf_16)
     9    0.03                           clknet_2_3__leaf_clk (net)
                  0.08    0.00   20.58 ^ _271_/CLK (sky130_fd_sc_hd__dfrtp_1)
                         -0.25   20.33   clock uncertainty
                          0.06   20.39   clock reconvergence pessimism
                         -0.29   20.10   library setup time
                                 20.10   data required time
-----------------------------------------------------------------------------
                                 20.10   data required time
                                 -4.28   data arrival time
-----------------------------------------------------------------------------
                                 15.82   slack (MET)


Startpoint: rst_n (input port clocked by clk)
Endpoint: _297_ (recovery check against rising-edge clock clk)
Path Group: asynchronous
Path Type: max
Corner: Slowest

Fanout     Cap    Slew   Delay    Time   Description
-----------------------------------------------------------------------------
                          0.00    0.00   clock clk (rise edge)
                          0.00    0.00   clock network delay (propagated)
                          4.00    4.00 ^ input external delay
                  0.04    0.02    4.02 ^ rst_n (in)
     1    0.00                           rst_n (net)
                  0.04    0.00    4.02 ^ input1/A (sky130_fd_sc_hd__clkbuf_2)
                  0.22    0.30    4.32 ^ input1/X (sky130_fd_sc_hd__clkbuf_2)
     4    0.03                           net1 (net)
                  0.22    0.00    4.32 ^ fanout17/A (sky130_fd_sc_hd__clkbuf_4)
                  0.23    0.46    4.78 ^ fanout17/X (sky130_fd_sc_hd__clkbuf_4)
    10    0.05                           net17 (net)
                  0.23    0.00    4.78 ^ _297_/RESET_B (sky130_fd_sc_hd__dfrtp_4)
                                  4.78   data arrival time

                         20.00   20.00   clock clk (rise edge)
                          0.00   20.00   clock source latency
                  0.11    0.07   20.07 ^ clk (in)
     1    0.01                           clk (net)
                  0.11    0.00   20.07 ^ clkbuf_0_clk/A (sky130_fd_sc_hd__clkbuf_16)
                  0.10    0.26   20.33 ^ clkbuf_0_clk/X (sky130_fd_sc_hd__clkbuf_16)
     4    0.05                           clknet_0_clk (net)
                  0.10    0.00   20.34 ^ clkbuf_2_1__f_clk/A (sky130_fd_sc_hd__clkbuf_16)
                  0.08    0.24   20.58 ^ clkbuf_2_1__f_clk/X (sky130_fd_sc_hd__clkbuf_16)
    11    0.03                           clknet_2_1__leaf_clk (net)
                  0.08    0.00   20.58 ^ _297_/CLK (sky130_fd_sc_hd__dfrtp_4)
                         -0.25   20.33   clock uncertainty
                          0.00   20.33   clock reconvergence pessimism
                          0.37   20.70   library recovery time
                                 20.70   data required time
-----------------------------------------------------------------------------
                                 20.70   data required time
                                 -4.78   data arrival time
-----------------------------------------------------------------------------
                                 15.92   slack (MET)


Startpoint: rst_n (input port clocked by clk)
Endpoint: _296_ (recovery check against rising-edge clock clk)
Path Group: asynchronous
Path Type: max
Corner: Slowest

Fanout     Cap    Slew   Delay    Time   Description
-----------------------------------------------------------------------------
                          0.00    0.00   clock clk (rise edge)
                          0.00    0.00   clock network delay (propagated)
                          4.00    4.00 ^ input external delay
                  0.04    0.02    4.02 ^ rst_n (in)
     1    0.00                           rst_n (net)
                  0.04    0.00    4.02 ^ input1/A (sky130_fd_sc_hd__clkbuf_2)
                  0.22    0.30    4.32 ^ input1/X (sky130_fd_sc_hd__clkbuf_2)
     4    0.03                           net1 (net)
                  0.22    0.00    4.32 ^ fanout17/A (sky130_fd_sc_hd__clkbuf_4)
                  0.23    0.46    4.78 ^ fanout17/X (sky130_fd_sc_hd__clkbuf_4)
    10    0.05                           net17 (net)
                  0.23    0.00    4.78 ^ _296_/RESET_B (sky130_fd_sc_hd__dfrtp_4)
                                  4.78   data arrival time

                         20.00   20.00   clock clk (rise edge)
                          0.00   20.00   clock source latency
                  0.11    0.07   20.07 ^ clk (in)
     1    0.01                           clk (net)
                  0.11    0.00   20.07 ^ clkbuf_0_clk/A (sky130_fd_sc_hd__clkbuf_16)
                  0.10    0.26   20.33 ^ clkbuf_0_clk/X (sky130_fd_sc_hd__clkbuf_16)
     4    0.05                           clknet_0_clk (net)
                  0.10    0.00   20.34 ^ clkbuf_2_1__f_clk/A (sky130_fd_sc_hd__clkbuf_16)
                  0.08    0.24   20.58 ^ clkbuf_2_1__f_clk/X (sky130_fd_sc_hd__clkbuf_16)
    11    0.03                           clknet_2_1__leaf_clk (net)
                  0.08    0.00   20.58 ^ _296_/CLK (sky130_fd_sc_hd__dfrtp_4)
                         -0.25   20.33   clock uncertainty
                          0.00   20.33   clock reconvergence pessimism
                          0.37   20.70   library recovery time
                                 20.70   data required time
-----------------------------------------------------------------------------
                                 20.70   data required time
                                 -4.78   data arrival time
-----------------------------------------------------------------------------
                                 15.92   slack (MET)


Startpoint: rst_n (input port clocked by clk)
Endpoint: _274_ (recovery check against rising-edge clock clk)
Path Group: asynchronous
Path Type: max
Corner: Slowest

Fanout     Cap    Slew   Delay    Time   Description
-----------------------------------------------------------------------------
                          0.00    0.00   clock clk (rise edge)
                          0.00    0.00   clock network delay (propagated)
                          4.00    4.00 ^ input external delay
                  0.04    0.02    4.02 ^ rst_n (in)
     1    0.00                           rst_n (net)
                  0.04    0.00    4.02 ^ input1/A (sky130_fd_sc_hd__clkbuf_2)
                  0.22    0.30    4.32 ^ input1/X (sky130_fd_sc_hd__clkbuf_2)
     4    0.03                           net1 (net)
                  0.22    0.00    4.32 ^ fanout16/A (sky130_fd_sc_hd__clkbuf_4)
                  0.20    0.43    4.76 ^ fanout16/X (sky130_fd_sc_hd__clkbuf_4)
     8    0.04                           net16 (net)
                  0.20    0.00    4.76 ^ _274_/RESET_B (sky130_fd_sc_hd__dfrtp_4)
                                  4.76   data arrival time

                         20.00   20.00   clock clk (rise edge)
                          0.00   20.00   clock source latency
                  0.11    0.07   20.07 ^ clk (in)
     1    0.01                           clk (net)
                  0.11    0.00   20.07 ^ clkbuf_0_clk/A (sky130_fd_sc_hd__clkbuf_16)
                  0.10    0.26   20.33 ^ clkbuf_0_clk/X (sky130_fd_sc_hd__clkbuf_16)
     4    0.05                           clknet_0_clk (net)
                  0.10    0.00   20.34 ^ clkbuf_2_2__f_clk/A (sky130_fd_sc_hd__clkbuf_16)
                  0.07    0.23   20.56 ^ clkbuf_2_2__f_clk/X (sky130_fd_sc_hd__clkbuf_16)
     8    0.02                           clknet_2_2__leaf_clk (net)
                  0.07    0.00   20.57 ^ _274_/CLK (sky130_fd_sc_hd__dfrtp_4)
                         -0.25   20.32   clock uncertainty
                          0.00   20.32   clock reconvergence pessimism
                          0.38   20.70   library recovery time
                                 20.70   data required time
-----------------------------------------------------------------------------
                                 20.70   data required time
                                 -4.76   data arrival time
-----------------------------------------------------------------------------
                                 15.94   slack (MET)


Startpoint: rst_n (input port clocked by clk)
Endpoint: _272_ (recovery check against rising-edge clock clk)
Path Group: asynchronous
Path Type: max
Corner: Slowest

Fanout     Cap    Slew   Delay    Time   Description
-----------------------------------------------------------------------------
                          0.00    0.00   clock clk (rise edge)
                          0.00    0.00   clock network delay (propagated)
                          4.00    4.00 ^ input external delay
                  0.04    0.02    4.02 ^ rst_n (in)
     1    0.00                           rst_n (net)
                  0.04    0.00    4.02 ^ input1/A (sky130_fd_sc_hd__clkbuf_2)
                  0.22    0.30    4.32 ^ input1/X (sky130_fd_sc_hd__clkbuf_2)
     4    0.03                           net1 (net)
                  0.22    0.00    4.32 ^ fanout15/A (sky130_fd_sc_hd__clkbuf_4)
                  0.23    0.45    4.77 ^ fanout15/X (sky130_fd_sc_hd__clkbuf_4)
    10    0.05                           net15 (net)
                  0.23    0.00    4.78 ^ _272_/RESET_B (sky130_fd_sc_hd__dfrtp_1)
                                  4.78   data arrival time

                         20.00   20.00   clock clk (rise edge)
                          0.00   20.00   clock source latency
                  0.11    0.07   20.07 ^ clk (in)
     1    0.01                           clk (net)
                  0.11    0.00   20.07 ^ clkbuf_0_clk/A (sky130_fd_sc_hd__clkbuf_16)
                  0.10    0.26   20.33 ^ clkbuf_0_clk/X (sky130_fd_sc_hd__clkbuf_16)
     4    0.05                           clknet_0_clk (net)
                  0.10    0.00   20.34 ^ clkbuf_2_2__f_clk/A (sky130_fd_sc_hd__clkbuf_16)
                  0.07    0.23   20.56 ^ clkbuf_2_2__f_clk/X (sky130_fd_sc_hd__clkbuf_16)
     8    0.02                           clknet_2_2__leaf_clk (net)
                  0.07    0.00   20.57 ^ _272_/CLK (sky130_fd_sc_hd__dfrtp_1)
                         -0.25   20.32   clock uncertainty
                          0.00   20.32   clock reconvergence pessimism
                          0.40   20.72   library recovery time
                                 20.72   data required time
-----------------------------------------------------------------------------
                                 20.72   data required time
                                 -4.78   data arrival time
-----------------------------------------------------------------------------
                                 15.94   slack (MET)


Startpoint: rst_n (input port clocked by clk)
Endpoint: _276_ (recovery check against rising-edge clock clk)
Path Group: asynchronous
Path Type: max
Corner: Slowest

Fanout     Cap    Slew   Delay    Time   Description
-----------------------------------------------------------------------------
                          0.00    0.00   clock clk (rise edge)
                          0.00    0.00   clock network delay (propagated)
                          4.00    4.00 ^ input external delay
                  0.04    0.02    4.02 ^ rst_n (in)
     1    0.00                           rst_n (net)
                  0.04    0.00    4.02 ^ input1/A (sky130_fd_sc_hd__clkbuf_2)
                  0.22    0.30    4.32 ^ input1/X (sky130_fd_sc_hd__clkbuf_2)
     4    0.03                           net1 (net)
                  0.22    0.00    4.32 ^ fanout16/A (sky130_fd_sc_hd__clkbuf_4)
                  0.20    0.43    4.76 ^ fanout16/X (sky130_fd_sc_hd__clkbuf_4)
     8    0.04                           net16 (net)
                  0.20    0.00    4.76 ^ _276_/RESET_B (sky130_fd_sc_hd__dfrtp_2)
                                  4.76   data arrival time

                         20.00   20.00   clock clk (rise edge)
                          0.00   20.00   clock source latency
                  0.11    0.07   20.07 ^ clk (in)
     1    0.01                           clk (net)
                  0.11    0.00   20.07 ^ clkbuf_0_clk/A (sky130_fd_sc_hd__clkbuf_16)
                  0.10    0.26   20.33 ^ clkbuf_0_clk/X (sky130_fd_sc_hd__clkbuf_16)
     4    0.05                           clknet_0_clk (net)
                  0.10    0.00   20.34 ^ clkbuf_2_2__f_clk/A (sky130_fd_sc_hd__clkbuf_16)
                  0.07    0.23   20.56 ^ clkbuf_2_2__f_clk/X (sky130_fd_sc_hd__clkbuf_16)
     8    0.02                           clknet_2_2__leaf_clk (net)
                  0.07    0.00   20.57 ^ _276_/CLK (sky130_fd_sc_hd__dfrtp_2)
                         -0.25   20.32   clock uncertainty
                          0.00   20.32   clock reconvergence pessimism
                          0.39   20.70   library recovery time
                                 20.70   data required time
-----------------------------------------------------------------------------
                                 20.70   data required time
                                 -4.76   data arrival time
-----------------------------------------------------------------------------
                                 15.94   slack (MET)


Startpoint: rst_n (input port clocked by clk)
Endpoint: _275_ (recovery check against rising-edge clock clk)
Path Group: asynchronous
Path Type: max
Corner: Slowest

Fanout     Cap    Slew   Delay    Time   Description
-----------------------------------------------------------------------------
                          0.00    0.00   clock clk (rise edge)
                          0.00    0.00   clock network delay (propagated)
                          4.00    4.00 ^ input external delay
                  0.04    0.02    4.02 ^ rst_n (in)
     1    0.00                           rst_n (net)
                  0.04    0.00    4.02 ^ input1/A (sky130_fd_sc_hd__clkbuf_2)
                  0.22    0.30    4.32 ^ input1/X (sky130_fd_sc_hd__clkbuf_2)
     4    0.03                           net1 (net)
                  0.22    0.00    4.32 ^ fanout16/A (sky130_fd_sc_hd__clkbuf_4)
                  0.20    0.43    4.76 ^ fanout16/X (sky130_fd_sc_hd__clkbuf_4)
     8    0.04                           net16 (net)
                  0.20    0.00    4.76 ^ _275_/RESET_B (sky130_fd_sc_hd__dfrtp_2)
                                  4.76   data arrival time

                         20.00   20.00   clock clk (rise edge)
                          0.00   20.00   clock source latency
                  0.11    0.07   20.07 ^ clk (in)
     1    0.01                           clk (net)
                  0.11    0.00   20.07 ^ clkbuf_0_clk/A (sky130_fd_sc_hd__clkbuf_16)
                  0.10    0.26   20.33 ^ clkbuf_0_clk/X (sky130_fd_sc_hd__clkbuf_16)
     4    0.05                           clknet_0_clk (net)
                  0.10    0.00   20.34 ^ clkbuf_2_2__f_clk/A (sky130_fd_sc_hd__clkbuf_16)
                  0.07    0.23   20.56 ^ clkbuf_2_2__f_clk/X (sky130_fd_sc_hd__clkbuf_16)
     8    0.02                           clknet_2_2__leaf_clk (net)
                  0.07    0.00   20.57 ^ _275_/CLK (sky130_fd_sc_hd__dfrtp_2)
                         -0.25   20.32   clock uncertainty
                          0.00   20.32   clock reconvergence pessimism
                          0.39   20.70   library recovery time
                                 20.70   data required time
-----------------------------------------------------------------------------
                                 20.70   data required time
                                 -4.76   data arrival time
-----------------------------------------------------------------------------
                                 15.95   slack (MET)


Startpoint: rst_n (input port clocked by clk)
Endpoint: _273_ (recovery check against rising-edge clock clk)
Path Group: asynchronous
Path Type: max
Corner: Slowest

Fanout     Cap    Slew   Delay    Time   Description
-----------------------------------------------------------------------------
                          0.00    0.00   clock clk (rise edge)
                          0.00    0.00   clock network delay (propagated)
                          4.00    4.00 ^ input external delay
                  0.04    0.02    4.02 ^ rst_n (in)
     1    0.00                           rst_n (net)
                  0.04    0.00    4.02 ^ input1/A (sky130_fd_sc_hd__clkbuf_2)
                  0.22    0.30    4.32 ^ input1/X (sky130_fd_sc_hd__clkbuf_2)
     4    0.03                           net1 (net)
                  0.22    0.00    4.32 ^ fanout16/A (sky130_fd_sc_hd__clkbuf_4)
                  0.20    0.43    4.76 ^ fanout16/X (sky130_fd_sc_hd__clkbuf_4)
     8    0.04                           net16 (net)
                  0.20    0.00    4.76 ^ _273_/RESET_B (sky130_fd_sc_hd__dfrtp_2)
                                  4.76   data arrival time

                         20.00   20.00   clock clk (rise edge)
                          0.00   20.00   clock source latency
                  0.11    0.07   20.07 ^ clk (in)
     1    0.01                           clk (net)
                  0.11    0.00   20.07 ^ clkbuf_0_clk/A (sky130_fd_sc_hd__clkbuf_16)
                  0.10    0.26   20.33 ^ clkbuf_0_clk/X (sky130_fd_sc_hd__clkbuf_16)
     4    0.05                           clknet_0_clk (net)
                  0.10    0.00   20.34 ^ clkbuf_2_2__f_clk/A (sky130_fd_sc_hd__clkbuf_16)
                  0.07    0.23   20.56 ^ clkbuf_2_2__f_clk/X (sky130_fd_sc_hd__clkbuf_16)
     8    0.02                           clknet_2_2__leaf_clk (net)
                  0.07    0.00   20.57 ^ _273_/CLK (sky130_fd_sc_hd__dfrtp_2)
                         -0.25   20.32   clock uncertainty
                          0.00   20.32   clock reconvergence pessimism
                          0.39   20.71   library recovery time
                                 20.71   data required time
-----------------------------------------------------------------------------
                                 20.71   data required time
                                 -4.76   data arrival time
-----------------------------------------------------------------------------
                                 15.95   slack (MET)


Startpoint: rst_n (input port clocked by clk)
Endpoint: _292_ (recovery check against rising-edge clock clk)
Path Group: asynchronous
Path Type: max
Corner: Slowest

Fanout     Cap    Slew   Delay    Time   Description
-----------------------------------------------------------------------------
                          0.00    0.00   clock clk (rise edge)
                          0.00    0.00   clock network delay (propagated)
                          4.00    4.00 ^ input external delay
                  0.04    0.02    4.02 ^ rst_n (in)
     1    0.00                           rst_n (net)
                  0.04    0.00    4.02 ^ input1/A (sky130_fd_sc_hd__clkbuf_2)
                  0.22    0.30    4.32 ^ input1/X (sky130_fd_sc_hd__clkbuf_2)
     4    0.03                           net1 (net)
                  0.22    0.00    4.32 ^ fanout15/A (sky130_fd_sc_hd__clkbuf_4)
                  0.23    0.45    4.77 ^ fanout15/X (sky130_fd_sc_hd__clkbuf_4)
    10    0.05                           net15 (net)
                  0.23    0.00    4.78 ^ _292_/RESET_B (sky130_fd_sc_hd__dfrtp_1)
                                  4.78   data arrival time

                         20.00   20.00   clock clk (rise edge)
                          0.00   20.00   clock source latency
                  0.11    0.07   20.07 ^ clk (in)
     1    0.01                           clk (net)
                  0.11    0.00   20.07 ^ clkbuf_0_clk/A (sky130_fd_sc_hd__clkbuf_16)
                  0.10    0.26   20.33 ^ clkbuf_0_clk/X (sky130_fd_sc_hd__clkbuf_16)
     4    0.05                           clknet_0_clk (net)
                  0.10    0.00   20.34 ^ clkbuf_2_0__f_clk/A (sky130_fd_sc_hd__clkbuf_16)
                  0.08    0.23   20.57 ^ clkbuf_2_0__f_clk/X (sky130_fd_sc_hd__clkbuf_16)
     9    0.03                           clknet_2_0__leaf_clk (net)
                  0.08    0.00   20.57 ^ _292_/CLK (sky130_fd_sc_hd__dfrtp_1)
                         -0.25   20.32   clock uncertainty
                          0.00   20.32   clock reconvergence pessimism
                          0.41   20.73   library recovery time
                                 20.73   data required time
-----------------------------------------------------------------------------
                                 20.73   data required time
                                 -4.78   data arrival time
-----------------------------------------------------------------------------
                                 15.95   slack (MET)


Startpoint: rst_n (input port clocked by clk)
Endpoint: _291_ (recovery check against rising-edge clock clk)
Path Group: asynchronous
Path Type: max
Corner: Slowest

Fanout     Cap    Slew   Delay    Time   Description
-----------------------------------------------------------------------------
                          0.00    0.00   clock clk (rise edge)
                          0.00    0.00   clock network delay (propagated)
                          4.00    4.00 ^ input external delay
                  0.04    0.02    4.02 ^ rst_n (in)
     1    0.00                           rst_n (net)
                  0.04    0.00    4.02 ^ input1/A (sky130_fd_sc_hd__clkbuf_2)
                  0.22    0.30    4.32 ^ input1/X (sky130_fd_sc_hd__clkbuf_2)
     4    0.03                           net1 (net)
                  0.22    0.00    4.32 ^ fanout15/A (sky130_fd_sc_hd__clkbuf_4)
                  0.23    0.45    4.77 ^ fanout15/X (sky130_fd_sc_hd__clkbuf_4)
    10    0.05                           net15 (net)
                  0.23    0.00    4.78 ^ _291_/RESET_B (sky130_fd_sc_hd__dfrtp_1)
                                  4.78   data arrival time

                         20.00   20.00   clock clk (rise edge)
                          0.00   20.00   clock source latency
                  0.11    0.07   20.07 ^ clk (in)
     1    0.01                           clk (net)
                  0.11    0.00   20.07 ^ clkbuf_0_clk/A (sky130_fd_sc_hd__clkbuf_16)
                  0.10    0.26   20.33 ^ clkbuf_0_clk/X (sky130_fd_sc_hd__clkbuf_16)
     4    0.05                           clknet_0_clk (net)
                  0.10    0.00   20.34 ^ clkbuf_2_0__f_clk/A (sky130_fd_sc_hd__clkbuf_16)
                  0.08    0.23   20.57 ^ clkbuf_2_0__f_clk/X (sky130_fd_sc_hd__clkbuf_16)
     9    0.03                           clknet_2_0__leaf_clk (net)
                  0.08    0.00   20.57 ^ _291_/CLK (sky130_fd_sc_hd__dfrtp_1)
                         -0.25   20.32   clock uncertainty
                          0.00   20.32   clock reconvergence pessimism
                          0.41   20.73   library recovery time
                                 20.73   data required time
-----------------------------------------------------------------------------
                                 20.73   data required time
                                 -4.78   data arrival time
-----------------------------------------------------------------------------
                                 15.95   slack (MET)


Startpoint: rst_n (input port clocked by clk)
Endpoint: _293_ (recovery check against rising-edge clock clk)
Path Group: asynchronous
Path Type: max
Corner: Slowest

Fanout     Cap    Slew   Delay    Time   Description
-----------------------------------------------------------------------------
                          0.00    0.00   clock clk (rise edge)
                          0.00    0.00   clock network delay (propagated)
                          4.00    4.00 ^ input external delay
                  0.04    0.02    4.02 ^ rst_n (in)
     1    0.00                           rst_n (net)
                  0.04    0.00    4.02 ^ input1/A (sky130_fd_sc_hd__clkbuf_2)
                  0.22    0.30    4.32 ^ input1/X (sky130_fd_sc_hd__clkbuf_2)
     4    0.03                           net1 (net)
                  0.22    0.00    4.32 ^ fanout15/A (sky130_fd_sc_hd__clkbuf_4)
                  0.23    0.45    4.77 ^ fanout15/X (sky130_fd_sc_hd__clkbuf_4)
    10    0.05                           net15 (net)
                  0.23    0.00    4.78 ^ _293_/RESET_B (sky130_fd_sc_hd__dfrtp_1)
                                  4.78   data arrival time

                         20.00   20.00   clock clk (rise edge)
                          0.00   20.00   clock source latency
                  0.11    0.07   20.07 ^ clk (in)
     1    0.01                           clk (net)
                  0.11    0.00   20.07 ^ clkbuf_0_clk/A (sky130_fd_sc_hd__clkbuf_16)
                  0.10    0.26   20.33 ^ clkbuf_0_clk/X (sky130_fd_sc_hd__clkbuf_16)
     4    0.05                           clknet_0_clk (net)
                  0.10    0.00   20.34 ^ clkbuf_2_0__f_clk/A (sky130_fd_sc_hd__clkbuf_16)
                  0.08    0.23   20.57 ^ clkbuf_2_0__f_clk/X (sky130_fd_sc_hd__clkbuf_16)
     9    0.03                           clknet_2_0__leaf_clk (net)
                  0.08    0.00   20.57 ^ _293_/CLK (sky130_fd_sc_hd__dfrtp_1)
                         -0.25   20.32   clock uncertainty
                          0.00   20.32   clock reconvergence pessimism
                          0.41   20.73   library recovery time
                                 20.73   data required time
-----------------------------------------------------------------------------
                                 20.73   data required time
                                 -4.78   data arrival time
-----------------------------------------------------------------------------
                                 15.95   slack (MET)


Startpoint: rst_n (input port clocked by clk)
Endpoint: _294_ (recovery check against rising-edge clock clk)
Path Group: asynchronous
Path Type: max
Corner: Slowest

Fanout     Cap    Slew   Delay    Time   Description
-----------------------------------------------------------------------------
                          0.00    0.00   clock clk (rise edge)
                          0.00    0.00   clock network delay (propagated)
                          4.00    4.00 ^ input external delay
                  0.04    0.02    4.02 ^ rst_n (in)
     1    0.00                           rst_n (net)
                  0.04    0.00    4.02 ^ input1/A (sky130_fd_sc_hd__clkbuf_2)
                  0.22    0.30    4.32 ^ input1/X (sky130_fd_sc_hd__clkbuf_2)
     4    0.03                           net1 (net)
                  0.22    0.00    4.32 ^ fanout15/A (sky130_fd_sc_hd__clkbuf_4)
                  0.23    0.45    4.77 ^ fanout15/X (sky130_fd_sc_hd__clkbuf_4)
    10    0.05                           net15 (net)
                  0.23    0.00    4.78 ^ _294_/RESET_B (sky130_fd_sc_hd__dfrtp_1)
                                  4.78   data arrival time

                         20.00   20.00   clock clk (rise edge)
                          0.00   20.00   clock source latency
                  0.11    0.07   20.07 ^ clk (in)
     1    0.01                           clk (net)
                  0.11    0.00   20.07 ^ clkbuf_0_clk/A (sky130_fd_sc_hd__clkbuf_16)
                  0.10    0.26   20.33 ^ clkbuf_0_clk/X (sky130_fd_sc_hd__clkbuf_16)
     4    0.05                           clknet_0_clk (net)
                  0.10    0.00   20.34 ^ clkbuf_2_0__f_clk/A (sky130_fd_sc_hd__clkbuf_16)
                  0.08    0.23   20.57 ^ clkbuf_2_0__f_clk/X (sky130_fd_sc_hd__clkbuf_16)
     9    0.03                           clknet_2_0__leaf_clk (net)
                  0.08    0.00   20.57 ^ _294_/CLK (sky130_fd_sc_hd__dfrtp_1)
                         -0.25   20.32   clock uncertainty
                          0.00   20.32   clock reconvergence pessimism
                          0.41   20.73   library recovery time
                                 20.73   data required time
-----------------------------------------------------------------------------
                                 20.73   data required time
                                 -4.78   data arrival time
-----------------------------------------------------------------------------
                                 15.95   slack (MET)


Startpoint: rst_n (input port clocked by clk)
Endpoint: _289_ (recovery check against rising-edge clock clk)
Path Group: asynchronous
Path Type: max
Corner: Slowest

Fanout     Cap    Slew   Delay    Time   Description
-----------------------------------------------------------------------------
                          0.00    0.00   clock clk (rise edge)
                          0.00    0.00   clock network delay (propagated)
                          4.00    4.00 ^ input external delay
                  0.04    0.02    4.02 ^ rst_n (in)
     1    0.00                           rst_n (net)
                  0.04    0.00    4.02 ^ input1/A (sky130_fd_sc_hd__clkbuf_2)
                  0.22    0.30    4.32 ^ input1/X (sky130_fd_sc_hd__clkbuf_2)
     4    0.03                           net1 (net)
                  0.22    0.00    4.32 ^ fanout15/A (sky130_fd_sc_hd__clkbuf_4)
                  0.23    0.45    4.77 ^ fanout15/X (sky130_fd_sc_hd__clkbuf_4)
    10    0.05                           net15 (net)
                  0.23    0.00    4.78 ^ _289_/RESET_B (sky130_fd_sc_hd__dfrtp_1)
                                  4.78   data arrival time

                         20.00   20.00   clock clk (rise edge)
                          0.00   20.00   clock source latency
                  0.11    0.07   20.07 ^ clk (in)
     1    0.01                           clk (net)
                  0.11    0.00   20.07 ^ clkbuf_0_clk/A (sky130_fd_sc_hd__clkbuf_16)
                  0.10    0.26   20.33 ^ clkbuf_0_clk/X (sky130_fd_sc_hd__clkbuf_16)
     4    0.05                           clknet_0_clk (net)
                  0.10    0.00   20.34 ^ clkbuf_2_0__f_clk/A (sky130_fd_sc_hd__clkbuf_16)
                  0.08    0.23   20.57 ^ clkbuf_2_0__f_clk/X (sky130_fd_sc_hd__clkbuf_16)
     9    0.03                           clknet_2_0__leaf_clk (net)
                  0.08    0.00   20.57 ^ _289_/CLK (sky130_fd_sc_hd__dfrtp_1)
                         -0.25   20.32   clock uncertainty
                          0.00   20.32   clock reconvergence pessimism
                          0.41   20.73   library recovery time
                                 20.73   data required time
-----------------------------------------------------------------------------
                                 20.73   data required time
                                 -4.78   data arrival time
-----------------------------------------------------------------------------
                                 15.95   slack (MET)


Startpoint: rst_n (input port clocked by clk)
Endpoint: _290_ (recovery check against rising-edge clock clk)
Path Group: asynchronous
Path Type: max
Corner: Slowest

Fanout     Cap    Slew   Delay    Time   Description
-----------------------------------------------------------------------------
                          0.00    0.00   clock clk (rise edge)
                          0.00    0.00   clock network delay (propagated)
                          4.00    4.00 ^ input external delay
                  0.04    0.02    4.02 ^ rst_n (in)
     1    0.00                           rst_n (net)
                  0.04    0.00    4.02 ^ input1/A (sky130_fd_sc_hd__clkbuf_2)
                  0.22    0.30    4.32 ^ input1/X (sky130_fd_sc_hd__clkbuf_2)
     4    0.03                           net1 (net)
                  0.22    0.00    4.32 ^ fanout15/A (sky130_fd_sc_hd__clkbuf_4)
                  0.23    0.45    4.77 ^ fanout15/X (sky130_fd_sc_hd__clkbuf_4)
    10    0.05                           net15 (net)
                  0.23    0.00    4.78 ^ _290_/RESET_B (sky130_fd_sc_hd__dfrtp_1)
                                  4.78   data arrival time

                         20.00   20.00   clock clk (rise edge)
                          0.00   20.00   clock source latency
                  0.11    0.07   20.07 ^ clk (in)
     1    0.01                           clk (net)
                  0.11    0.00   20.07 ^ clkbuf_0_clk/A (sky130_fd_sc_hd__clkbuf_16)
                  0.10    0.26   20.33 ^ clkbuf_0_clk/X (sky130_fd_sc_hd__clkbuf_16)
     4    0.05                           clknet_0_clk (net)
                  0.10    0.00   20.34 ^ clkbuf_2_0__f_clk/A (sky130_fd_sc_hd__clkbuf_16)
                  0.08    0.23   20.57 ^ clkbuf_2_0__f_clk/X (sky130_fd_sc_hd__clkbuf_16)
     9    0.03                           clknet_2_0__leaf_clk (net)
                  0.08    0.00   20.57 ^ _290_/CLK (sky130_fd_sc_hd__dfrtp_1)
                         -0.25   20.32   clock uncertainty
                          0.00   20.32   clock reconvergence pessimism
                          0.41   20.73   library recovery time
                                 20.73   data required time
-----------------------------------------------------------------------------
                                 20.73   data required time
                                 -4.78   data arrival time
-----------------------------------------------------------------------------
                                 15.95   slack (MET)


Startpoint: rst_n (input port clocked by clk)
Endpoint: _288_ (recovery check against rising-edge clock clk)
Path Group: asynchronous
Path Type: max
Corner: Slowest

Fanout     Cap    Slew   Delay    Time   Description
-----------------------------------------------------------------------------
                          0.00    0.00   clock clk (rise edge)
                          0.00    0.00   clock network delay (propagated)
                          4.00    4.00 ^ input external delay
                  0.04    0.02    4.02 ^ rst_n (in)
     1    0.00                           rst_n (net)
                  0.04    0.00    4.02 ^ input1/A (sky130_fd_sc_hd__clkbuf_2)
                  0.22    0.30    4.32 ^ input1/X (sky130_fd_sc_hd__clkbuf_2)
     4    0.03                           net1 (net)
                  0.22    0.00    4.32 ^ fanout15/A (sky130_fd_sc_hd__clkbuf_4)
                  0.23    0.45    4.77 ^ fanout15/X (sky130_fd_sc_hd__clkbuf_4)
    10    0.05                           net15 (net)
                  0.23    0.00    4.78 ^ _288_/RESET_B (sky130_fd_sc_hd__dfrtp_1)
                                  4.78   data arrival time

                         20.00   20.00   clock clk (rise edge)
                          0.00   20.00   clock source latency
                  0.11    0.07   20.07 ^ clk (in)
     1    0.01                           clk (net)
                  0.11    0.00   20.07 ^ clkbuf_0_clk/A (sky130_fd_sc_hd__clkbuf_16)
                  0.10    0.26   20.33 ^ clkbuf_0_clk/X (sky130_fd_sc_hd__clkbuf_16)
     4    0.05                           clknet_0_clk (net)
                  0.10    0.00   20.34 ^ clkbuf_2_0__f_clk/A (sky130_fd_sc_hd__clkbuf_16)
                  0.08    0.23   20.57 ^ clkbuf_2_0__f_clk/X (sky130_fd_sc_hd__clkbuf_16)
     9    0.03                           clknet_2_0__leaf_clk (net)
                  0.08    0.00   20.57 ^ _288_/CLK (sky130_fd_sc_hd__dfrtp_1)
                         -0.25   20.32   clock uncertainty
                          0.00   20.32   clock reconvergence pessimism
                          0.41   20.73   library recovery time
                                 20.73   data required time
-----------------------------------------------------------------------------
                                 20.73   data required time
                                 -4.78   data arrival time
-----------------------------------------------------------------------------
                                 15.95   slack (MET)


Startpoint: rst_n (input port clocked by clk)
Endpoint: _295_ (recovery check against rising-edge clock clk)
Path Group: asynchronous
Path Type: max
Corner: Slowest

Fanout     Cap    Slew   Delay    Time   Description
-----------------------------------------------------------------------------
                          0.00    0.00   clock clk (rise edge)
                          0.00    0.00   clock network delay (propagated)
                          4.00    4.00 ^ input external delay
                  0.04    0.02    4.02 ^ rst_n (in)
     1    0.00                           rst_n (net)
                  0.04    0.00    4.02 ^ input1/A (sky130_fd_sc_hd__clkbuf_2)
                  0.22    0.30    4.32 ^ input1/X (sky130_fd_sc_hd__clkbuf_2)
     4    0.03                           net1 (net)
                  0.22    0.00    4.32 ^ fanout15/A (sky130_fd_sc_hd__clkbuf_4)
                  0.23    0.45    4.77 ^ fanout15/X (sky130_fd_sc_hd__clkbuf_4)
    10    0.05                           net15 (net)
                  0.23    0.00    4.78 ^ _295_/RESET_B (sky130_fd_sc_hd__dfrtp_1)
                                  4.78   data arrival time

                         20.00   20.00   clock clk (rise edge)
                          0.00   20.00   clock source latency
                  0.11    0.07   20.07 ^ clk (in)
     1    0.01                           clk (net)
                  0.11    0.00   20.07 ^ clkbuf_0_clk/A (sky130_fd_sc_hd__clkbuf_16)
                  0.10    0.26   20.33 ^ clkbuf_0_clk/X (sky130_fd_sc_hd__clkbuf_16)
     4    0.05                           clknet_0_clk (net)
                  0.10    0.00   20.34 ^ clkbuf_2_0__f_clk/A (sky130_fd_sc_hd__clkbuf_16)
                  0.08    0.23   20.57 ^ clkbuf_2_0__f_clk/X (sky130_fd_sc_hd__clkbuf_16)
     9    0.03                           clknet_2_0__leaf_clk (net)
                  0.08    0.00   20.57 ^ _295_/CLK (sky130_fd_sc_hd__dfrtp_1)
                         -0.25   20.32   clock uncertainty
                          0.00   20.32   clock reconvergence pessimism
                          0.41   20.73   library recovery time
                                 20.73   data required time
-----------------------------------------------------------------------------
                                 20.73   data required time
                                 -4.78   data arrival time
-----------------------------------------------------------------------------
                                 15.95   slack (MET)


Startpoint: rst_n (input port clocked by clk)
Endpoint: _287_ (recovery check against rising-edge clock clk)
Path Group: asynchronous
Path Type: max
Corner: Slowest

Fanout     Cap    Slew   Delay    Time   Description
-----------------------------------------------------------------------------
                          0.00    0.00   clock clk (rise edge)
                          0.00    0.00   clock network delay (propagated)
                          4.00    4.00 ^ input external delay
                  0.04    0.02    4.02 ^ rst_n (in)
     1    0.00                           rst_n (net)
                  0.04    0.00    4.02 ^ input1/A (sky130_fd_sc_hd__clkbuf_2)
                  0.22    0.30    4.32 ^ input1/X (sky130_fd_sc_hd__clkbuf_2)
     4    0.03                           net1 (net)
                  0.22    0.00    4.32 ^ fanout15/A (sky130_fd_sc_hd__clkbuf_4)
                  0.23    0.45    4.77 ^ fanout15/X (sky130_fd_sc_hd__clkbuf_4)
    10    0.05                           net15 (net)
                  0.23    0.00    4.78 ^ _287_/RESET_B (sky130_fd_sc_hd__dfrtp_1)
                                  4.78   data arrival time

                         20.00   20.00   clock clk (rise edge)
                          0.00   20.00   clock source latency
                  0.11    0.07   20.07 ^ clk (in)
     1    0.01                           clk (net)
                  0.11    0.00   20.07 ^ clkbuf_0_clk/A (sky130_fd_sc_hd__clkbuf_16)
                  0.10    0.26   20.33 ^ clkbuf_0_clk/X (sky130_fd_sc_hd__clkbuf_16)
     4    0.05                           clknet_0_clk (net)
                  0.10    0.00   20.34 ^ clkbuf_2_0__f_clk/A (sky130_fd_sc_hd__clkbuf_16)
                  0.08    0.23   20.57 ^ clkbuf_2_0__f_clk/X (sky130_fd_sc_hd__clkbuf_16)
     9    0.03                           clknet_2_0__leaf_clk (net)
                  0.08    0.00   20.57 ^ _287_/CLK (sky130_fd_sc_hd__dfrtp_1)
                         -0.25   20.32   clock uncertainty
                          0.00   20.32   clock reconvergence pessimism
                          0.41   20.73   library recovery time
                                 20.73   data required time
-----------------------------------------------------------------------------
                                 20.73   data required time
                                 -4.78   data arrival time
-----------------------------------------------------------------------------
                                 15.95   slack (MET)


Startpoint: rst_n (input port clocked by clk)
Endpoint: _269_ (recovery check against rising-edge clock clk)
Path Group: asynchronous
Path Type: max
Corner: Slowest

Fanout     Cap    Slew   Delay    Time   Description
-----------------------------------------------------------------------------
                          0.00    0.00   clock clk (rise edge)
                          0.00    0.00   clock network delay (propagated)
                          4.00    4.00 ^ input external delay
                  0.04    0.02    4.02 ^ rst_n (in)
     1    0.00                           rst_n (net)
                  0.04    0.00    4.02 ^ input1/A (sky130_fd_sc_hd__clkbuf_2)
                  0.22    0.30    4.32 ^ input1/X (sky130_fd_sc_hd__clkbuf_2)
     4    0.03                           net1 (net)
                  0.22    0.00    4.32 ^ fanout18/A (sky130_fd_sc_hd__clkbuf_4)
                  0.21    0.44    4.76 ^ fanout18/X (sky130_fd_sc_hd__clkbuf_4)
     9    0.04                           net18 (net)
                  0.21    0.00    4.76 ^ _269_/RESET_B (sky130_fd_sc_hd__dfrtp_2)
                                  4.76   data arrival time

                         20.00   20.00   clock clk (rise edge)
                          0.00   20.00   clock source latency
                  0.11    0.07   20.07 ^ clk (in)
     1    0.01                           clk (net)
                  0.11    0.00   20.07 ^ clkbuf_0_clk/A (sky130_fd_sc_hd__clkbuf_16)
                  0.10    0.26   20.33 ^ clkbuf_0_clk/X (sky130_fd_sc_hd__clkbuf_16)
     4    0.05                           clknet_0_clk (net)
                  0.10    0.00   20.34 ^ clkbuf_2_1__f_clk/A (sky130_fd_sc_hd__clkbuf_16)
                  0.08    0.24   20.58 ^ clkbuf_2_1__f_clk/X (sky130_fd_sc_hd__clkbuf_16)
    11    0.03                           clknet_2_1__leaf_clk (net)
                  0.08    0.00   20.58 ^ _269_/CLK (sky130_fd_sc_hd__dfrtp_2)
                         -0.25   20.33   clock uncertainty
                          0.00   20.33   clock reconvergence pessimism
                          0.39   20.72   library recovery time
                                 20.72   data required time
-----------------------------------------------------------------------------
                                 20.72   data required time
                                 -4.76   data arrival time
-----------------------------------------------------------------------------
                                 15.96   slack (MET)


Startpoint: rst_n (input port clocked by clk)
Endpoint: _298_ (recovery check against rising-edge clock clk)
Path Group: asynchronous
Path Type: max
Corner: Slowest

Fanout     Cap    Slew   Delay    Time   Description
-----------------------------------------------------------------------------
                          0.00    0.00   clock clk (rise edge)
                          0.00    0.00   clock network delay (propagated)
                          4.00    4.00 ^ input external delay
                  0.04    0.02    4.02 ^ rst_n (in)
     1    0.00                           rst_n (net)
                  0.04    0.00    4.02 ^ input1/A (sky130_fd_sc_hd__clkbuf_2)
                  0.22    0.30    4.32 ^ input1/X (sky130_fd_sc_hd__clkbuf_2)
     4    0.03                           net1 (net)
                  0.22    0.00    4.32 ^ fanout17/A (sky130_fd_sc_hd__clkbuf_4)
                  0.23    0.46    4.78 ^ fanout17/X (sky130_fd_sc_hd__clkbuf_4)
    10    0.05                           net17 (net)
                  0.23    0.00    4.78 ^ _298_/RESET_B (sky130_fd_sc_hd__dfrtp_1)
                                  4.78   data arrival time

                         20.00   20.00   clock clk (rise edge)
                          0.00   20.00   clock source latency
                  0.11    0.07   20.07 ^ clk (in)
     1    0.01                           clk (net)
                  0.11    0.00   20.07 ^ clkbuf_0_clk/A (sky130_fd_sc_hd__clkbuf_16)
                  0.10    0.26   20.33 ^ clkbuf_0_clk/X (sky130_fd_sc_hd__clkbuf_16)
     4    0.05                           clknet_0_clk (net)
                  0.10    0.00   20.34 ^ clkbuf_2_1__f_clk/A (sky130_fd_sc_hd__clkbuf_16)
                  0.08    0.24   20.58 ^ clkbuf_2_1__f_clk/X (sky130_fd_sc_hd__clkbuf_16)
    11    0.03                           clknet_2_1__leaf_clk (net)
                  0.08    0.00   20.58 ^ _298_/CLK (sky130_fd_sc_hd__dfrtp_1)
                         -0.25   20.33   clock uncertainty
                          0.00   20.33   clock reconvergence pessimism
                          0.41   20.74   library recovery time
                                 20.74   data required time
-----------------------------------------------------------------------------
                                 20.74   data required time
                                 -4.78   data arrival time
-----------------------------------------------------------------------------
                                 15.96   slack (MET)


Startpoint: rst_n (input port clocked by clk)
Endpoint: _286_ (recovery check against rising-edge clock clk)
Path Group: asynchronous
Path Type: max
Corner: Slowest

Fanout     Cap    Slew   Delay    Time   Description
-----------------------------------------------------------------------------
                          0.00    0.00   clock clk (rise edge)
                          0.00    0.00   clock network delay (propagated)
                          4.00    4.00 ^ input external delay
                  0.04    0.02    4.02 ^ rst_n (in)
     1    0.00                           rst_n (net)
                  0.04    0.00    4.02 ^ input1/A (sky130_fd_sc_hd__clkbuf_2)
                  0.22    0.30    4.32 ^ input1/X (sky130_fd_sc_hd__clkbuf_2)
     4    0.03                           net1 (net)
                  0.22    0.00    4.32 ^ fanout17/A (sky130_fd_sc_hd__clkbuf_4)
                  0.23    0.46    4.78 ^ fanout17/X (sky130_fd_sc_hd__clkbuf_4)
    10    0.05                           net17 (net)
                  0.23    0.00    4.78 ^ _286_/RESET_B (sky130_fd_sc_hd__dfrtp_1)
                                  4.78   data arrival time

                         20.00   20.00   clock clk (rise edge)
                          0.00   20.00   clock source latency
                  0.11    0.07   20.07 ^ clk (in)
     1    0.01                           clk (net)
                  0.11    0.00   20.07 ^ clkbuf_0_clk/A (sky130_fd_sc_hd__clkbuf_16)
                  0.10    0.26   20.33 ^ clkbuf_0_clk/X (sky130_fd_sc_hd__clkbuf_16)
     4    0.05                           clknet_0_clk (net)
                  0.10    0.00   20.34 ^ clkbuf_2_1__f_clk/A (sky130_fd_sc_hd__clkbuf_16)
                  0.08    0.24   20.58 ^ clkbuf_2_1__f_clk/X (sky130_fd_sc_hd__clkbuf_16)
    11    0.03                           clknet_2_1__leaf_clk (net)
                  0.08    0.00   20.58 ^ _286_/CLK (sky130_fd_sc_hd__dfrtp_1)
                         -0.25   20.33   clock uncertainty
                          0.00   20.33   clock reconvergence pessimism
                          0.41   20.74   library recovery time
                                 20.74   data required time
-----------------------------------------------------------------------------
                                 20.74   data required time
                                 -4.78   data arrival time
-----------------------------------------------------------------------------
                                 15.96   slack (MET)


Startpoint: rst_n (input port clocked by clk)
Endpoint: _267_ (recovery check against rising-edge clock clk)
Path Group: asynchronous
Path Type: max
Corner: Slowest

Fanout     Cap    Slew   Delay    Time   Description
-----------------------------------------------------------------------------
                          0.00    0.00   clock clk (rise edge)
                          0.00    0.00   clock network delay (propagated)
                          4.00    4.00 ^ input external delay
                  0.04    0.02    4.02 ^ rst_n (in)
     1    0.00                           rst_n (net)
                  0.04    0.00    4.02 ^ input1/A (sky130_fd_sc_hd__clkbuf_2)
                  0.22    0.30    4.32 ^ input1/X (sky130_fd_sc_hd__clkbuf_2)
     4    0.03                           net1 (net)
                  0.22    0.00    4.32 ^ fanout17/A (sky130_fd_sc_hd__clkbuf_4)
                  0.23    0.46    4.78 ^ fanout17/X (sky130_fd_sc_hd__clkbuf_4)
    10    0.05                           net17 (net)
                  0.23    0.00    4.78 ^ _267_/RESET_B (sky130_fd_sc_hd__dfrtp_1)
                                  4.78   data arrival time

                         20.00   20.00   clock clk (rise edge)
                          0.00   20.00   clock source latency
                  0.11    0.07   20.07 ^ clk (in)
     1    0.01                           clk (net)
                  0.11    0.00   20.07 ^ clkbuf_0_clk/A (sky130_fd_sc_hd__clkbuf_16)
                  0.10    0.26   20.33 ^ clkbuf_0_clk/X (sky130_fd_sc_hd__clkbuf_16)
     4    0.05                           clknet_0_clk (net)
                  0.10    0.00   20.34 ^ clkbuf_2_1__f_clk/A (sky130_fd_sc_hd__clkbuf_16)
                  0.08    0.24   20.58 ^ clkbuf_2_1__f_clk/X (sky130_fd_sc_hd__clkbuf_16)
    11    0.03                           clknet_2_1__leaf_clk (net)
                  0.08    0.00   20.58 ^ _267_/CLK (sky130_fd_sc_hd__dfrtp_1)
                         -0.25   20.33   clock uncertainty
                          0.00   20.33   clock reconvergence pessimism
                          0.41   20.74   library recovery time
                                 20.74   data required time
-----------------------------------------------------------------------------
                                 20.74   data required time
                                 -4.78   data arrival time
-----------------------------------------------------------------------------
                                 15.96   slack (MET)


Startpoint: rst_n (input port clocked by clk)
Endpoint: _268_ (recovery check against rising-edge clock clk)
Path Group: asynchronous
Path Type: max
Corner: Slowest

Fanout     Cap    Slew   Delay    Time   Description
-----------------------------------------------------------------------------
                          0.00    0.00   clock clk (rise edge)
                          0.00    0.00   clock network delay (propagated)
                          4.00    4.00 ^ input external delay
                  0.04    0.02    4.02 ^ rst_n (in)
     1    0.00                           rst_n (net)
                  0.04    0.00    4.02 ^ input1/A (sky130_fd_sc_hd__clkbuf_2)
                  0.22    0.30    4.32 ^ input1/X (sky130_fd_sc_hd__clkbuf_2)
     4    0.03                           net1 (net)
                  0.22    0.00    4.32 ^ fanout17/A (sky130_fd_sc_hd__clkbuf_4)
                  0.23    0.46    4.78 ^ fanout17/X (sky130_fd_sc_hd__clkbuf_4)
    10    0.05                           net17 (net)
                  0.23    0.00    4.78 ^ _268_/RESET_B (sky130_fd_sc_hd__dfrtp_1)
                                  4.78   data arrival time

                         20.00   20.00   clock clk (rise edge)
                          0.00   20.00   clock source latency
                  0.11    0.07   20.07 ^ clk (in)
     1    0.01                           clk (net)
                  0.11    0.00   20.07 ^ clkbuf_0_clk/A (sky130_fd_sc_hd__clkbuf_16)
                  0.10    0.26   20.33 ^ clkbuf_0_clk/X (sky130_fd_sc_hd__clkbuf_16)
     4    0.05                           clknet_0_clk (net)
                  0.10    0.00   20.34 ^ clkbuf_2_1__f_clk/A (sky130_fd_sc_hd__clkbuf_16)
                  0.08    0.24   20.58 ^ clkbuf_2_1__f_clk/X (sky130_fd_sc_hd__clkbuf_16)
    11    0.03                           clknet_2_1__leaf_clk (net)
                  0.08    0.00   20.58 ^ _268_/CLK (sky130_fd_sc_hd__dfrtp_1)
                         -0.25   20.33   clock uncertainty
                          0.00   20.33   clock reconvergence pessimism
                          0.41   20.74   library recovery time
                                 20.74   data required time
-----------------------------------------------------------------------------
                                 20.74   data required time
                                 -4.78   data arrival time
-----------------------------------------------------------------------------
                                 15.96   slack (MET)


Startpoint: rst_n (input port clocked by clk)
Endpoint: _284_ (recovery check against rising-edge clock clk)
Path Group: asynchronous
Path Type: max
Corner: Slowest

Fanout     Cap    Slew   Delay    Time   Description
-----------------------------------------------------------------------------
                          0.00    0.00   clock clk (rise edge)
                          0.00    0.00   clock network delay (propagated)
                          4.00    4.00 ^ input external delay
                  0.04    0.02    4.02 ^ rst_n (in)
     1    0.00                           rst_n (net)
                  0.04    0.00    4.02 ^ input1/A (sky130_fd_sc_hd__clkbuf_2)
                  0.22    0.30    4.32 ^ input1/X (sky130_fd_sc_hd__clkbuf_2)
     4    0.03                           net1 (net)
                  0.22    0.00    4.32 ^ fanout17/A (sky130_fd_sc_hd__clkbuf_4)
                  0.23    0.46    4.78 ^ fanout17/X (sky130_fd_sc_hd__clkbuf_4)
    10    0.05                           net17 (net)
                  0.23    0.00    4.78 ^ _284_/RESET_B (sky130_fd_sc_hd__dfrtp_1)
                                  4.78   data arrival time

                         20.00   20.00   clock clk (rise edge)
                          0.00   20.00   clock source latency
                  0.11    0.07   20.07 ^ clk (in)
     1    0.01                           clk (net)
                  0.11    0.00   20.07 ^ clkbuf_0_clk/A (sky130_fd_sc_hd__clkbuf_16)
                  0.10    0.26   20.33 ^ clkbuf_0_clk/X (sky130_fd_sc_hd__clkbuf_16)
     4    0.05                           clknet_0_clk (net)
                  0.10    0.00   20.34 ^ clkbuf_2_1__f_clk/A (sky130_fd_sc_hd__clkbuf_16)
                  0.08    0.24   20.58 ^ clkbuf_2_1__f_clk/X (sky130_fd_sc_hd__clkbuf_16)
    11    0.03                           clknet_2_1__leaf_clk (net)
                  0.08    0.00   20.58 ^ _284_/CLK (sky130_fd_sc_hd__dfrtp_1)
                         -0.25   20.33   clock uncertainty
                          0.00   20.33   clock reconvergence pessimism
                          0.41   20.74   library recovery time
                                 20.74   data required time
-----------------------------------------------------------------------------
                                 20.74   data required time
                                 -4.78   data arrival time
-----------------------------------------------------------------------------
                                 15.96   slack (MET)


Startpoint: rst_n (input port clocked by clk)
Endpoint: _285_ (recovery check against rising-edge clock clk)
Path Group: asynchronous
Path Type: max
Corner: Slowest

Fanout     Cap    Slew   Delay    Time   Description
-----------------------------------------------------------------------------
                          0.00    0.00   clock clk (rise edge)
                          0.00    0.00   clock network delay (propagated)
                          4.00    4.00 ^ input external delay
                  0.04    0.02    4.02 ^ rst_n (in)
     1    0.00                           rst_n (net)
                  0.04    0.00    4.02 ^ input1/A (sky130_fd_sc_hd__clkbuf_2)
                  0.22    0.30    4.32 ^ input1/X (sky130_fd_sc_hd__clkbuf_2)
     4    0.03                           net1 (net)
                  0.22    0.00    4.32 ^ fanout17/A (sky130_fd_sc_hd__clkbuf_4)
                  0.23    0.46    4.78 ^ fanout17/X (sky130_fd_sc_hd__clkbuf_4)
    10    0.05                           net17 (net)
                  0.23    0.00    4.78 ^ _285_/RESET_B (sky130_fd_sc_hd__dfrtp_1)
                                  4.78   data arrival time

                         20.00   20.00   clock clk (rise edge)
                          0.00   20.00   clock source latency
                  0.11    0.07   20.07 ^ clk (in)
     1    0.01                           clk (net)
                  0.11    0.00   20.07 ^ clkbuf_0_clk/A (sky130_fd_sc_hd__clkbuf_16)
                  0.10    0.26   20.33 ^ clkbuf_0_clk/X (sky130_fd_sc_hd__clkbuf_16)
     4    0.05                           clknet_0_clk (net)
                  0.10    0.00   20.34 ^ clkbuf_2_1__f_clk/A (sky130_fd_sc_hd__clkbuf_16)
                  0.08    0.24   20.58 ^ clkbuf_2_1__f_clk/X (sky130_fd_sc_hd__clkbuf_16)
    11    0.03                           clknet_2_1__leaf_clk (net)
                  0.08    0.00   20.58 ^ _285_/CLK (sky130_fd_sc_hd__dfrtp_1)
                         -0.25   20.33   clock uncertainty
                          0.00   20.33   clock reconvergence pessimism
                          0.41   20.74   library recovery time
                                 20.74   data required time
-----------------------------------------------------------------------------
                                 20.74   data required time
                                 -4.78   data arrival time
-----------------------------------------------------------------------------
                                 15.96   slack (MET)


Startpoint: rst_n (input port clocked by clk)
Endpoint: _270_ (recovery check against rising-edge clock clk)
Path Group: asynchronous
Path Type: max
Corner: Slowest

Fanout     Cap    Slew   Delay    Time   Description
-----------------------------------------------------------------------------
                          0.00    0.00   clock clk (rise edge)
                          0.00    0.00   clock network delay (propagated)
                          4.00    4.00 ^ input external delay
                  0.04    0.02    4.02 ^ rst_n (in)
     1    0.00                           rst_n (net)
                  0.04    0.00    4.02 ^ input1/A (sky130_fd_sc_hd__clkbuf_2)
                  0.22    0.30    4.32 ^ input1/X (sky130_fd_sc_hd__clkbuf_2)
     4    0.03                           net1 (net)
                  0.22    0.00    4.32 ^ fanout17/A (sky130_fd_sc_hd__clkbuf_4)
                  0.23    0.46    4.78 ^ fanout17/X (sky130_fd_sc_hd__clkbuf_4)
    10    0.05                           net17 (net)
                  0.23    0.00    4.78 ^ _270_/RESET_B (sky130_fd_sc_hd__dfrtp_1)
                                  4.78   data arrival time

                         20.00   20.00   clock clk (rise edge)
                          0.00   20.00   clock source latency
                  0.11    0.07   20.07 ^ clk (in)
     1    0.01                           clk (net)
                  0.11    0.00   20.07 ^ clkbuf_0_clk/A (sky130_fd_sc_hd__clkbuf_16)
                  0.10    0.26   20.33 ^ clkbuf_0_clk/X (sky130_fd_sc_hd__clkbuf_16)
     4    0.05                           clknet_0_clk (net)
                  0.10    0.00   20.34 ^ clkbuf_2_1__f_clk/A (sky130_fd_sc_hd__clkbuf_16)
                  0.08    0.24   20.58 ^ clkbuf_2_1__f_clk/X (sky130_fd_sc_hd__clkbuf_16)
    11    0.03                           clknet_2_1__leaf_clk (net)
                  0.08    0.00   20.58 ^ _270_/CLK (sky130_fd_sc_hd__dfrtp_1)
                         -0.25   20.33   clock uncertainty
                          0.00   20.33   clock reconvergence pessimism
                          0.41   20.74   library recovery time
                                 20.74   data required time
-----------------------------------------------------------------------------
                                 20.74   data required time
                                 -4.78   data arrival time
-----------------------------------------------------------------------------
                                 15.96   slack (MET)


Startpoint: rst_n (input port clocked by clk)
Endpoint: _266_ (recovery check against rising-edge clock clk)
Path Group: asynchronous
Path Type: max
Corner: Slowest

Fanout     Cap    Slew   Delay    Time   Description
-----------------------------------------------------------------------------
                          0.00    0.00   clock clk (rise edge)
                          0.00    0.00   clock network delay (propagated)
                          4.00    4.00 ^ input external delay
                  0.04    0.02    4.02 ^ rst_n (in)
     1    0.00                           rst_n (net)
                  0.04    0.00    4.02 ^ input1/A (sky130_fd_sc_hd__clkbuf_2)
                  0.22    0.30    4.32 ^ input1/X (sky130_fd_sc_hd__clkbuf_2)
     4    0.03                           net1 (net)
                  0.22    0.00    4.32 ^ fanout17/A (sky130_fd_sc_hd__clkbuf_4)
                  0.23    0.46    4.78 ^ fanout17/X (sky130_fd_sc_hd__clkbuf_4)
    10    0.05                           net17 (net)
                  0.23    0.00    4.78 ^ _266_/RESET_B (sky130_fd_sc_hd__dfrtp_1)
                                  4.78   data arrival time

                         20.00   20.00   clock clk (rise edge)
                          0.00   20.00   clock source latency
                  0.11    0.07   20.07 ^ clk (in)
     1    0.01                           clk (net)
                  0.11    0.00   20.07 ^ clkbuf_0_clk/A (sky130_fd_sc_hd__clkbuf_16)
                  0.10    0.26   20.33 ^ clkbuf_0_clk/X (sky130_fd_sc_hd__clkbuf_16)
     4    0.05                           clknet_0_clk (net)
                  0.10    0.00   20.34 ^ clkbuf_2_1__f_clk/A (sky130_fd_sc_hd__clkbuf_16)
                  0.08    0.24   20.58 ^ clkbuf_2_1__f_clk/X (sky130_fd_sc_hd__clkbuf_16)
    11    0.03                           clknet_2_1__leaf_clk (net)
                  0.08    0.00   20.58 ^ _266_/CLK (sky130_fd_sc_hd__dfrtp_1)
                         -0.25   20.33   clock uncertainty
                          0.00   20.33   clock reconvergence pessimism
                          0.41   20.74   library recovery time
                                 20.74   data required time
-----------------------------------------------------------------------------
                                 20.74   data required time
                                 -4.78   data arrival time
-----------------------------------------------------------------------------
                                 15.96   slack (MET)


Startpoint: rst_n (input port clocked by clk)
Endpoint: _277_ (recovery check against rising-edge clock clk)
Path Group: asynchronous
Path Type: max
Corner: Slowest

Fanout     Cap    Slew   Delay    Time   Description
-----------------------------------------------------------------------------
                          0.00    0.00   clock clk (rise edge)
                          0.00    0.00   clock network delay (propagated)
                          4.00    4.00 ^ input external delay
                  0.04    0.02    4.02 ^ rst_n (in)
     1    0.00                           rst_n (net)
                  0.04    0.00    4.02 ^ input1/A (sky130_fd_sc_hd__clkbuf_2)
                  0.22    0.30    4.32 ^ input1/X (sky130_fd_sc_hd__clkbuf_2)
     4    0.03                           net1 (net)
                  0.22    0.00    4.32 ^ fanout16/A (sky130_fd_sc_hd__clkbuf_4)
                  0.20    0.43    4.76 ^ fanout16/X (sky130_fd_sc_hd__clkbuf_4)
     8    0.04                           net16 (net)
                  0.20    0.00    4.76 ^ _277_/RESET_B (sky130_fd_sc_hd__dfrtp_1)
                                  4.76   data arrival time

                         20.00   20.00   clock clk (rise edge)
                          0.00   20.00   clock source latency
                  0.11    0.07   20.07 ^ clk (in)
     1    0.01                           clk (net)
                  0.11    0.00   20.07 ^ clkbuf_0_clk/A (sky130_fd_sc_hd__clkbuf_16)
                  0.10    0.26   20.33 ^ clkbuf_0_clk/X (sky130_fd_sc_hd__clkbuf_16)
     4    0.05                           clknet_0_clk (net)
                  0.10    0.00   20.34 ^ clkbuf_2_2__f_clk/A (sky130_fd_sc_hd__clkbuf_16)
                  0.07    0.23   20.56 ^ clkbuf_2_2__f_clk/X (sky130_fd_sc_hd__clkbuf_16)
     8    0.02                           clknet_2_2__leaf_clk (net)
                  0.07    0.00   20.57 ^ _277_/CLK (sky130_fd_sc_hd__dfrtp_1)
                         -0.25   20.32   clock uncertainty
                          0.00   20.32   clock reconvergence pessimism
                          0.41   20.73   library recovery time
                                 20.73   data required time
-----------------------------------------------------------------------------
                                 20.73   data required time
                                 -4.76   data arrival time
-----------------------------------------------------------------------------
                                 15.97   slack (MET)


Startpoint: rst_n (input port clocked by clk)
Endpoint: _283_ (recovery check against rising-edge clock clk)
Path Group: asynchronous
Path Type: max
Corner: Slowest

Fanout     Cap    Slew   Delay    Time   Description
-----------------------------------------------------------------------------
                          0.00    0.00   clock clk (rise edge)
                          0.00    0.00   clock network delay (propagated)
                          4.00    4.00 ^ input external delay
                  0.04    0.02    4.02 ^ rst_n (in)
     1    0.00                           rst_n (net)
                  0.04    0.00    4.02 ^ input1/A (sky130_fd_sc_hd__clkbuf_2)
                  0.22    0.30    4.32 ^ input1/X (sky130_fd_sc_hd__clkbuf_2)
     4    0.03                           net1 (net)
                  0.22    0.00    4.32 ^ fanout16/A (sky130_fd_sc_hd__clkbuf_4)
                  0.20    0.43    4.76 ^ fanout16/X (sky130_fd_sc_hd__clkbuf_4)
     8    0.04                           net16 (net)
                  0.20    0.00    4.76 ^ _283_/RESET_B (sky130_fd_sc_hd__dfrtp_1)
                                  4.76   data arrival time

                         20.00   20.00   clock clk (rise edge)
                          0.00   20.00   clock source latency
                  0.11    0.07   20.07 ^ clk (in)
     1    0.01                           clk (net)
                  0.11    0.00   20.07 ^ clkbuf_0_clk/A (sky130_fd_sc_hd__clkbuf_16)
                  0.10    0.26   20.33 ^ clkbuf_0_clk/X (sky130_fd_sc_hd__clkbuf_16)
     4    0.05                           clknet_0_clk (net)
                  0.10    0.00   20.34 ^ clkbuf_2_2__f_clk/A (sky130_fd_sc_hd__clkbuf_16)
                  0.07    0.23   20.56 ^ clkbuf_2_2__f_clk/X (sky130_fd_sc_hd__clkbuf_16)
     8    0.02                           clknet_2_2__leaf_clk (net)
                  0.07    0.00   20.57 ^ _283_/CLK (sky130_fd_sc_hd__dfrtp_1)
                         -0.25   20.32   clock uncertainty
                          0.00   20.32   clock reconvergence pessimism
                          0.41   20.73   library recovery time
                                 20.73   data required time
-----------------------------------------------------------------------------
                                 20.73   data required time
                                 -4.76   data arrival time
-----------------------------------------------------------------------------
                                 15.97   slack (MET)


Startpoint: rst_n (input port clocked by clk)
Endpoint: _282_ (recovery check against rising-edge clock clk)
Path Group: asynchronous
Path Type: max
Corner: Slowest

Fanout     Cap    Slew   Delay    Time   Description
-----------------------------------------------------------------------------
                          0.00    0.00   clock clk (rise edge)
                          0.00    0.00   clock network delay (propagated)
                          4.00    4.00 ^ input external delay
                  0.04    0.02    4.02 ^ rst_n (in)
     1    0.00                           rst_n (net)
                  0.04    0.00    4.02 ^ input1/A (sky130_fd_sc_hd__clkbuf_2)
                  0.22    0.30    4.32 ^ input1/X (sky130_fd_sc_hd__clkbuf_2)
     4    0.03                           net1 (net)
                  0.22    0.00    4.32 ^ fanout16/A (sky130_fd_sc_hd__clkbuf_4)
                  0.20    0.43    4.76 ^ fanout16/X (sky130_fd_sc_hd__clkbuf_4)
     8    0.04                           net16 (net)
                  0.20    0.00    4.76 ^ _282_/RESET_B (sky130_fd_sc_hd__dfrtp_1)
                                  4.76   data arrival time

                         20.00   20.00   clock clk (rise edge)
                          0.00   20.00   clock source latency
                  0.11    0.07   20.07 ^ clk (in)
     1    0.01                           clk (net)
                  0.11    0.00   20.07 ^ clkbuf_0_clk/A (sky130_fd_sc_hd__clkbuf_16)
                  0.10    0.26   20.33 ^ clkbuf_0_clk/X (sky130_fd_sc_hd__clkbuf_16)
     4    0.05                           clknet_0_clk (net)
                  0.10    0.00   20.34 ^ clkbuf_2_2__f_clk/A (sky130_fd_sc_hd__clkbuf_16)
                  0.07    0.23   20.56 ^ clkbuf_2_2__f_clk/X (sky130_fd_sc_hd__clkbuf_16)
     8    0.02                           clknet_2_2__leaf_clk (net)
                  0.07    0.00   20.57 ^ _282_/CLK (sky130_fd_sc_hd__dfrtp_1)
                         -0.25   20.32   clock uncertainty
                          0.00   20.32   clock reconvergence pessimism
                          0.41   20.73   library recovery time
                                 20.73   data required time
-----------------------------------------------------------------------------
                                 20.73   data required time
                                 -4.76   data arrival time
-----------------------------------------------------------------------------
                                 15.97   slack (MET)


Startpoint: rst_n (input port clocked by clk)
Endpoint: _281_ (recovery check against rising-edge clock clk)
Path Group: asynchronous
Path Type: max
Corner: Slowest

Fanout     Cap    Slew   Delay    Time   Description
-----------------------------------------------------------------------------
                          0.00    0.00   clock clk (rise edge)
                          0.00    0.00   clock network delay (propagated)
                          4.00    4.00 ^ input external delay
                  0.04    0.02    4.02 ^ rst_n (in)
     1    0.00                           rst_n (net)
                  0.04    0.00    4.02 ^ input1/A (sky130_fd_sc_hd__clkbuf_2)
                  0.22    0.30    4.32 ^ input1/X (sky130_fd_sc_hd__clkbuf_2)
     4    0.03                           net1 (net)
                  0.22    0.00    4.32 ^ fanout18/A (sky130_fd_sc_hd__clkbuf_4)
                  0.21    0.44    4.76 ^ fanout18/X (sky130_fd_sc_hd__clkbuf_4)
     9    0.04                           net18 (net)
                  0.21    0.00    4.76 ^ _281_/RESET_B (sky130_fd_sc_hd__dfrtp_1)
                                  4.76   data arrival time

                         20.00   20.00   clock clk (rise edge)
                          0.00   20.00   clock source latency
                  0.11    0.07   20.07 ^ clk (in)
     1    0.01                           clk (net)
                  0.11    0.00   20.07 ^ clkbuf_0_clk/A (sky130_fd_sc_hd__clkbuf_16)
                  0.10    0.26   20.33 ^ clkbuf_0_clk/X (sky130_fd_sc_hd__clkbuf_16)
     4    0.05                           clknet_0_clk (net)
                  0.10    0.00   20.34 ^ clkbuf_2_3__f_clk/A (sky130_fd_sc_hd__clkbuf_16)
                  0.08    0.24   20.57 ^ clkbuf_2_3__f_clk/X (sky130_fd_sc_hd__clkbuf_16)
     9    0.03                           clknet_2_3__leaf_clk (net)
                  0.08    0.00   20.57 ^ _281_/CLK (sky130_fd_sc_hd__dfrtp_1)
                         -0.25   20.32   clock uncertainty
                          0.00   20.32   clock reconvergence pessimism
                          0.41   20.74   library recovery time
                                 20.74   data required time
-----------------------------------------------------------------------------
                                 20.74   data required time
                                 -4.76   data arrival time
-----------------------------------------------------------------------------
                                 15.98   slack (MET)


Startpoint: rst_n (input port clocked by clk)
Endpoint: _263_ (recovery check against rising-edge clock clk)
Path Group: asynchronous
Path Type: max
Corner: Slowest

Fanout     Cap    Slew   Delay    Time   Description
-----------------------------------------------------------------------------
                          0.00    0.00   clock clk (rise edge)
                          0.00    0.00   clock network delay (propagated)
                          4.00    4.00 ^ input external delay
                  0.04    0.02    4.02 ^ rst_n (in)
     1    0.00                           rst_n (net)
                  0.04    0.00    4.02 ^ input1/A (sky130_fd_sc_hd__clkbuf_2)
                  0.22    0.30    4.32 ^ input1/X (sky130_fd_sc_hd__clkbuf_2)
     4    0.03                           net1 (net)
                  0.22    0.00    4.32 ^ fanout18/A (sky130_fd_sc_hd__clkbuf_4)
                  0.21    0.44    4.76 ^ fanout18/X (sky130_fd_sc_hd__clkbuf_4)
     9    0.04                           net18 (net)
                  0.21    0.00    4.76 ^ _263_/RESET_B (sky130_fd_sc_hd__dfrtp_1)
                                  4.76   data arrival time

                         20.00   20.00   clock clk (rise edge)
                          0.00   20.00   clock source latency
                  0.11    0.07   20.07 ^ clk (in)
     1    0.01                           clk (net)
                  0.11    0.00   20.07 ^ clkbuf_0_clk/A (sky130_fd_sc_hd__clkbuf_16)
                  0.10    0.26   20.33 ^ clkbuf_0_clk/X (sky130_fd_sc_hd__clkbuf_16)
     4    0.05                           clknet_0_clk (net)
                  0.10    0.00   20.34 ^ clkbuf_2_3__f_clk/A (sky130_fd_sc_hd__clkbuf_16)
                  0.08    0.24   20.57 ^ clkbuf_2_3__f_clk/X (sky130_fd_sc_hd__clkbuf_16)
     9    0.03                           clknet_2_3__leaf_clk (net)
                  0.08    0.00   20.57 ^ _263_/CLK (sky130_fd_sc_hd__dfrtp_1)
                         -0.25   20.32   clock uncertainty
                          0.00   20.32   clock reconvergence pessimism
                          0.41   20.74   library recovery time
                                 20.74   data required time
-----------------------------------------------------------------------------
                                 20.74   data required time
                                 -4.76   data arrival time
-----------------------------------------------------------------------------
                                 15.98   slack (MET)


Startpoint: rst_n (input port clocked by clk)
Endpoint: _262_ (recovery check against rising-edge clock clk)
Path Group: asynchronous
Path Type: max
Corner: Slowest

Fanout     Cap    Slew   Delay    Time   Description
-----------------------------------------------------------------------------
                          0.00    0.00   clock clk (rise edge)
                          0.00    0.00   clock network delay (propagated)
                          4.00    4.00 ^ input external delay
                  0.04    0.02    4.02 ^ rst_n (in)
     1    0.00                           rst_n (net)
                  0.04    0.00    4.02 ^ input1/A (sky130_fd_sc_hd__clkbuf_2)
                  0.22    0.30    4.32 ^ input1/X (sky130_fd_sc_hd__clkbuf_2)
     4    0.03                           net1 (net)
                  0.22    0.00    4.32 ^ fanout18/A (sky130_fd_sc_hd__clkbuf_4)
                  0.21    0.44    4.76 ^ fanout18/X (sky130_fd_sc_hd__clkbuf_4)
     9    0.04                           net18 (net)
                  0.21    0.00    4.76 ^ _262_/RESET_B (sky130_fd_sc_hd__dfrtp_1)
                                  4.76   data arrival time

                         20.00   20.00   clock clk (rise edge)
                          0.00   20.00   clock source latency
                  0.11    0.07   20.07 ^ clk (in)
     1    0.01                           clk (net)
                  0.11    0.00   20.07 ^ clkbuf_0_clk/A (sky130_fd_sc_hd__clkbuf_16)
                  0.10    0.26   20.33 ^ clkbuf_0_clk/X (sky130_fd_sc_hd__clkbuf_16)
     4    0.05                           clknet_0_clk (net)
                  0.10    0.00   20.34 ^ clkbuf_2_3__f_clk/A (sky130_fd_sc_hd__clkbuf_16)
                  0.08    0.24   20.57 ^ clkbuf_2_3__f_clk/X (sky130_fd_sc_hd__clkbuf_16)
     9    0.03                           clknet_2_3__leaf_clk (net)
                  0.08    0.00   20.57 ^ _262_/CLK (sky130_fd_sc_hd__dfrtp_1)
                         -0.25   20.32   clock uncertainty
                          0.00   20.32   clock reconvergence pessimism
                          0.41   20.74   library recovery time
                                 20.74   data required time
-----------------------------------------------------------------------------
                                 20.74   data required time
                                 -4.76   data arrival time
-----------------------------------------------------------------------------
                                 15.98   slack (MET)


Startpoint: rst_n (input port clocked by clk)
Endpoint: _279_ (recovery check against rising-edge clock clk)
Path Group: asynchronous
Path Type: max
Corner: Slowest

Fanout     Cap    Slew   Delay    Time   Description
-----------------------------------------------------------------------------
                          0.00    0.00   clock clk (rise edge)
                          0.00    0.00   clock network delay (propagated)
                          4.00    4.00 ^ input external delay
                  0.04    0.02    4.02 ^ rst_n (in)
     1    0.00                           rst_n (net)
                  0.04    0.00    4.02 ^ input1/A (sky130_fd_sc_hd__clkbuf_2)
                  0.22    0.30    4.32 ^ input1/X (sky130_fd_sc_hd__clkbuf_2)
     4    0.03                           net1 (net)
                  0.22    0.00    4.32 ^ fanout18/A (sky130_fd_sc_hd__clkbuf_4)
                  0.21    0.44    4.76 ^ fanout18/X (sky130_fd_sc_hd__clkbuf_4)
     9    0.04                           net18 (net)
                  0.21    0.00    4.76 ^ _279_/RESET_B (sky130_fd_sc_hd__dfrtp_1)
                                  4.76   data arrival time

                         20.00   20.00   clock clk (rise edge)
                          0.00   20.00   clock source latency
                  0.11    0.07   20.07 ^ clk (in)
     1    0.01                           clk (net)
                  0.11    0.00   20.07 ^ clkbuf_0_clk/A (sky130_fd_sc_hd__clkbuf_16)
                  0.10    0.26   20.33 ^ clkbuf_0_clk/X (sky130_fd_sc_hd__clkbuf_16)
     4    0.05                           clknet_0_clk (net)
                  0.10    0.00   20.34 ^ clkbuf_2_3__f_clk/A (sky130_fd_sc_hd__clkbuf_16)
                  0.08    0.24   20.57 ^ clkbuf_2_3__f_clk/X (sky130_fd_sc_hd__clkbuf_16)
     9    0.03                           clknet_2_3__leaf_clk (net)
                  0.08    0.00   20.57 ^ _279_/CLK (sky130_fd_sc_hd__dfrtp_1)
                         -0.25   20.32   clock uncertainty
                          0.00   20.32   clock reconvergence pessimism
                          0.41   20.74   library recovery time
                                 20.74   data required time
-----------------------------------------------------------------------------
                                 20.74   data required time
                                 -4.76   data arrival time
-----------------------------------------------------------------------------
                                 15.98   slack (MET)


Startpoint: rst_n (input port clocked by clk)
Endpoint: _280_ (recovery check against rising-edge clock clk)
Path Group: asynchronous
Path Type: max
Corner: Slowest

Fanout     Cap    Slew   Delay    Time   Description
-----------------------------------------------------------------------------
                          0.00    0.00   clock clk (rise edge)
                          0.00    0.00   clock network delay (propagated)
                          4.00    4.00 ^ input external delay
                  0.04    0.02    4.02 ^ rst_n (in)
     1    0.00                           rst_n (net)
                  0.04    0.00    4.02 ^ input1/A (sky130_fd_sc_hd__clkbuf_2)
                  0.22    0.30    4.32 ^ input1/X (sky130_fd_sc_hd__clkbuf_2)
     4    0.03                           net1 (net)
                  0.22    0.00    4.32 ^ fanout18/A (sky130_fd_sc_hd__clkbuf_4)
                  0.21    0.44    4.76 ^ fanout18/X (sky130_fd_sc_hd__clkbuf_4)
     9    0.04                           net18 (net)
                  0.21    0.00    4.76 ^ _280_/RESET_B (sky130_fd_sc_hd__dfrtp_1)
                                  4.76   data arrival time

                         20.00   20.00   clock clk (rise edge)
                          0.00   20.00   clock source latency
                  0.11    0.07   20.07 ^ clk (in)
     1    0.01                           clk (net)
                  0.11    0.00   20.07 ^ clkbuf_0_clk/A (sky130_fd_sc_hd__clkbuf_16)
                  0.10    0.26   20.33 ^ clkbuf_0_clk/X (sky130_fd_sc_hd__clkbuf_16)
     4    0.05                           clknet_0_clk (net)
                  0.10    0.00   20.34 ^ clkbuf_2_3__f_clk/A (sky130_fd_sc_hd__clkbuf_16)
                  0.08    0.24   20.57 ^ clkbuf_2_3__f_clk/X (sky130_fd_sc_hd__clkbuf_16)
     9    0.03                           clknet_2_3__leaf_clk (net)
                  0.08    0.00   20.57 ^ _280_/CLK (sky130_fd_sc_hd__dfrtp_1)
                         -0.25   20.32   clock uncertainty
                          0.00   20.32   clock reconvergence pessimism
                          0.41   20.74   library recovery time
                                 20.74   data required time
-----------------------------------------------------------------------------
                                 20.74   data required time
                                 -4.76   data arrival time
-----------------------------------------------------------------------------
                                 15.98   slack (MET)


Startpoint: rst_n (input port clocked by clk)
Endpoint: _265_ (recovery check against rising-edge clock clk)
Path Group: asynchronous
Path Type: max
Corner: Slowest

Fanout     Cap    Slew   Delay    Time   Description
-----------------------------------------------------------------------------
                          0.00    0.00   clock clk (rise edge)
                          0.00    0.00   clock network delay (propagated)
                          4.00    4.00 ^ input external delay
                  0.04    0.02    4.02 ^ rst_n (in)
     1    0.00                           rst_n (net)
                  0.04    0.00    4.02 ^ input1/A (sky130_fd_sc_hd__clkbuf_2)
                  0.22    0.30    4.32 ^ input1/X (sky130_fd_sc_hd__clkbuf_2)
     4    0.03                           net1 (net)
                  0.22    0.00    4.32 ^ fanout18/A (sky130_fd_sc_hd__clkbuf_4)
                  0.21    0.44    4.76 ^ fanout18/X (sky130_fd_sc_hd__clkbuf_4)
     9    0.04                           net18 (net)
                  0.21    0.00    4.76 ^ _265_/RESET_B (sky130_fd_sc_hd__dfrtp_1)
                                  4.76   data arrival time

                         20.00   20.00   clock clk (rise edge)
                          0.00   20.00   clock source latency
                  0.11    0.07   20.07 ^ clk (in)
     1    0.01                           clk (net)
                  0.11    0.00   20.07 ^ clkbuf_0_clk/A (sky130_fd_sc_hd__clkbuf_16)
                  0.10    0.26   20.33 ^ clkbuf_0_clk/X (sky130_fd_sc_hd__clkbuf_16)
     4    0.05                           clknet_0_clk (net)
                  0.10    0.00   20.34 ^ clkbuf_2_3__f_clk/A (sky130_fd_sc_hd__clkbuf_16)
                  0.08    0.24   20.57 ^ clkbuf_2_3__f_clk/X (sky130_fd_sc_hd__clkbuf_16)
     9    0.03                           clknet_2_3__leaf_clk (net)
                  0.08    0.00   20.58 ^ _265_/CLK (sky130_fd_sc_hd__dfrtp_1)
                         -0.25   20.33   clock uncertainty
                          0.00   20.33   clock reconvergence pessimism
                          0.41   20.74   library recovery time
                                 20.74   data required time
-----------------------------------------------------------------------------
                                 20.74   data required time
                                 -4.76   data arrival time
-----------------------------------------------------------------------------
                                 15.98   slack (MET)


Startpoint: rst_n (input port clocked by clk)
Endpoint: _264_ (recovery check against rising-edge clock clk)
Path Group: asynchronous
Path Type: max
Corner: Slowest

Fanout     Cap    Slew   Delay    Time   Description
-----------------------------------------------------------------------------
                          0.00    0.00   clock clk (rise edge)
                          0.00    0.00   clock network delay (propagated)
                          4.00    4.00 ^ input external delay
                  0.04    0.02    4.02 ^ rst_n (in)
     1    0.00                           rst_n (net)
                  0.04    0.00    4.02 ^ input1/A (sky130_fd_sc_hd__clkbuf_2)
                  0.22    0.30    4.32 ^ input1/X (sky130_fd_sc_hd__clkbuf_2)
     4    0.03                           net1 (net)
                  0.22    0.00    4.32 ^ fanout18/A (sky130_fd_sc_hd__clkbuf_4)
                  0.21    0.44    4.76 ^ fanout18/X (sky130_fd_sc_hd__clkbuf_4)
     9    0.04                           net18 (net)
                  0.21    0.00    4.76 ^ _264_/RESET_B (sky130_fd_sc_hd__dfrtp_1)
                                  4.76   data arrival time

                         20.00   20.00   clock clk (rise edge)
                          0.00   20.00   clock source latency
                  0.11    0.07   20.07 ^ clk (in)
     1    0.01                           clk (net)
                  0.11    0.00   20.07 ^ clkbuf_0_clk/A (sky130_fd_sc_hd__clkbuf_16)
                  0.10    0.26   20.33 ^ clkbuf_0_clk/X (sky130_fd_sc_hd__clkbuf_16)
     4    0.05                           clknet_0_clk (net)
                  0.10    0.00   20.34 ^ clkbuf_2_3__f_clk/A (sky130_fd_sc_hd__clkbuf_16)
                  0.08    0.24   20.57 ^ clkbuf_2_3__f_clk/X (sky130_fd_sc_hd__clkbuf_16)
     9    0.03                           clknet_2_3__leaf_clk (net)
                  0.08    0.00   20.58 ^ _264_/CLK (sky130_fd_sc_hd__dfrtp_1)
                         -0.25   20.33   clock uncertainty
                          0.00   20.33   clock reconvergence pessimism
                          0.41   20.74   library recovery time
                                 20.74   data required time
-----------------------------------------------------------------------------
                                 20.74   data required time
                                 -4.76   data arrival time
-----------------------------------------------------------------------------
                                 15.98   slack (MET)


Startpoint: rst_n (input port clocked by clk)
Endpoint: _271_ (recovery check against rising-edge clock clk)
Path Group: asynchronous
Path Type: max
Corner: Slowest

Fanout     Cap    Slew   Delay    Time   Description
-----------------------------------------------------------------------------
                          0.00    0.00   clock clk (rise edge)
                          0.00    0.00   clock network delay (propagated)
                          4.00    4.00 ^ input external delay
                  0.04    0.02    4.02 ^ rst_n (in)
     1    0.00                           rst_n (net)
                  0.04    0.00    4.02 ^ input1/A (sky130_fd_sc_hd__clkbuf_2)
                  0.22    0.30    4.32 ^ input1/X (sky130_fd_sc_hd__clkbuf_2)
     4    0.03                           net1 (net)
                  0.22    0.00    4.32 ^ fanout18/A (sky130_fd_sc_hd__clkbuf_4)
                  0.21    0.44    4.76 ^ fanout18/X (sky130_fd_sc_hd__clkbuf_4)
     9    0.04                           net18 (net)
                  0.21    0.00    4.76 ^ _271_/RESET_B (sky130_fd_sc_hd__dfrtp_1)
                                  4.76   data arrival time

                         20.00   20.00   clock clk (rise edge)
                          0.00   20.00   clock source latency
                  0.11    0.07   20.07 ^ clk (in)
     1    0.01                           clk (net)
                  0.11    0.00   20.07 ^ clkbuf_0_clk/A (sky130_fd_sc_hd__clkbuf_16)
                  0.10    0.26   20.33 ^ clkbuf_0_clk/X (sky130_fd_sc_hd__clkbuf_16)
     4    0.05                           clknet_0_clk (net)
                  0.10    0.00   20.34 ^ clkbuf_2_3__f_clk/A (sky130_fd_sc_hd__clkbuf_16)
                  0.08    0.24   20.57 ^ clkbuf_2_3__f_clk/X (sky130_fd_sc_hd__clkbuf_16)
     9    0.03                           clknet_2_3__leaf_clk (net)
                  0.08    0.00   20.58 ^ _271_/CLK (sky130_fd_sc_hd__dfrtp_1)
                         -0.25   20.33   clock uncertainty
                          0.00   20.33   clock reconvergence pessimism
                          0.41   20.74   library recovery time
                                 20.74   data required time
-----------------------------------------------------------------------------
                                 20.74   data required time
                                 -4.76   data arrival time
-----------------------------------------------------------------------------
                                 15.98   slack (MET)


Startpoint: rst_n (input port clocked by clk)
Endpoint: _278_ (recovery check against rising-edge clock clk)
Path Group: asynchronous
Path Type: max
Corner: Slowest

Fanout     Cap    Slew   Delay    Time   Description
-----------------------------------------------------------------------------
                          0.00    0.00   clock clk (rise edge)
                          0.00    0.00   clock network delay (propagated)
                          4.00    4.00 ^ input external delay
                  0.04    0.02    4.02 ^ rst_n (in)
     1    0.00                           rst_n (net)
                  0.04    0.00    4.02 ^ input1/A (sky130_fd_sc_hd__clkbuf_2)
                  0.22    0.30    4.32 ^ input1/X (sky130_fd_sc_hd__clkbuf_2)
     4    0.03                           net1 (net)
                  0.22    0.00    4.32 ^ fanout16/A (sky130_fd_sc_hd__clkbuf_4)
                  0.20    0.43    4.76 ^ fanout16/X (sky130_fd_sc_hd__clkbuf_4)
     8    0.04                           net16 (net)
                  0.20    0.00    4.76 ^ _278_/RESET_B (sky130_fd_sc_hd__dfrtp_1)
                                  4.76   data arrival time

                         20.00   20.00   clock clk (rise edge)
                          0.00   20.00   clock source latency
                  0.11    0.07   20.07 ^ clk (in)
     1    0.01                           clk (net)
                  0.11    0.00   20.07 ^ clkbuf_0_clk/A (sky130_fd_sc_hd__clkbuf_16)
                  0.10    0.26   20.33 ^ clkbuf_0_clk/X (sky130_fd_sc_hd__clkbuf_16)
     4    0.05                           clknet_0_clk (net)
                  0.10    0.00   20.34 ^ clkbuf_2_3__f_clk/A (sky130_fd_sc_hd__clkbuf_16)
                  0.08    0.24   20.57 ^ clkbuf_2_3__f_clk/X (sky130_fd_sc_hd__clkbuf_16)
     9    0.03                           clknet_2_3__leaf_clk (net)
                  0.08    0.00   20.57 ^ _278_/CLK (sky130_fd_sc_hd__dfrtp_1)
                         -0.25   20.32   clock uncertainty
                          0.00   20.32   clock reconvergence pessimism
                          0.42   20.74   library recovery time
                                 20.74   data required time
-----------------------------------------------------------------------------
                                 20.74   data required time
                                 -4.76   data arrival time
-----------------------------------------------------------------------------
                                 15.98   slack (MET)


Startpoint: _297_ (rising edge-triggered flip-flop clocked by clk)
Endpoint: _274_ (rising edge-triggered flip-flop clocked by clk)
Path Group: clk
Path Type: max
Corner: Slowest

Fanout     Cap    Slew   Delay    Time   Description
-----------------------------------------------------------------------------
                          0.00    0.00   clock clk (rise edge)
                          0.00    0.00   clock source latency
                  0.11    0.08    0.08 ^ clk (in)
     1    0.01                           clk (net)
                  0.11    0.00    0.08 ^ clkbuf_0_clk/A (sky130_fd_sc_hd__clkbuf_16)
                  0.10    0.29    0.37 ^ clkbuf_0_clk/X (sky130_fd_sc_hd__clkbuf_16)
     4    0.05                           clknet_0_clk (net)
                  0.10    0.00    0.37 ^ clkbuf_2_1__f_clk/A (sky130_fd_sc_hd__clkbuf_16)
                  0.08    0.27    0.64 ^ clkbuf_2_1__f_clk/X (sky130_fd_sc_hd__clkbuf_16)
    11    0.03                           clknet_2_1__leaf_clk (net)
                  0.08    0.00    0.64 ^ _297_/CLK (sky130_fd_sc_hd__dfrtp_4)
                  0.17    1.13    1.77 v _297_/Q (sky130_fd_sc_hd__dfrtp_4)
     8    0.03                           state[1] (net)
                  0.17    0.00    1.77 v _181_/A (sky130_fd_sc_hd__or4b_2)
                  0.31    1.87    3.64 v _181_/X (sky130_fd_sc_hd__or4b_2)
     3    0.02                           _063_ (net)
                  0.31    0.00    3.64 v _182_/B1 (sky130_fd_sc_hd__a21oi_1)
                  0.19    0.30    3.94 ^ _182_/Y (sky130_fd_sc_hd__a21oi_1)
     1    0.00                           _064_ (net)
                  0.19    0.00    3.94 ^ _183_/B1 (sky130_fd_sc_hd__o21a_1)
                  0.07    0.28    4.22 ^ _183_/X (sky130_fd_sc_hd__o21a_1)
     1    0.00                           _013_ (net)
                  0.07    0.00    4.22 ^ _274_/D (sky130_fd_sc_hd__dfrtp_4)
                                  4.22   data arrival time

                         20.00   20.00   clock clk (rise edge)
                          0.00   20.00   clock source latency
                  0.11    0.07   20.07 ^ clk (in)
     1    0.01                           clk (net)
                  0.11    0.00   20.07 ^ clkbuf_0_clk/A (sky130_fd_sc_hd__clkbuf_16)
                  0.10    0.26   20.33 ^ clkbuf_0_clk/X (sky130_fd_sc_hd__clkbuf_16)
     4    0.05                           clknet_0_clk (net)
                  0.10    0.00   20.34 ^ clkbuf_2_2__f_clk/A (sky130_fd_sc_hd__clkbuf_16)
                  0.07    0.23   20.56 ^ clkbuf_2_2__f_clk/X (sky130_fd_sc_hd__clkbuf_16)
     8    0.02                           clknet_2_2__leaf_clk (net)
                  0.07    0.00   20.57 ^ _274_/CLK (sky130_fd_sc_hd__dfrtp_4)
                         -0.25   20.32   clock uncertainty
                          0.04   20.35   clock reconvergence pessimism
                         -0.14   20.22   library setup time
                                 20.22   data required time
-----------------------------------------------------------------------------
                                 20.22   data required time
                                 -4.22   data arrival time
-----------------------------------------------------------------------------
                                 16.00   slack (MET)


Startpoint: _263_ (rising edge-triggered flip-flop clocked by clk)
Endpoint: _298_ (rising edge-triggered flip-flop clocked by clk)
Path Group: clk
Path Type: max
Corner: Slowest

Fanout     Cap    Slew   Delay    Time   Description
-----------------------------------------------------------------------------
                          0.00    0.00   clock clk (rise edge)
                          0.00    0.00   clock source latency
                  0.11    0.08    0.08 ^ clk (in)
     1    0.01                           clk (net)
                  0.11    0.00    0.08 ^ clkbuf_0_clk/A (sky130_fd_sc_hd__clkbuf_16)
                  0.10    0.29    0.37 ^ clkbuf_0_clk/X (sky130_fd_sc_hd__clkbuf_16)
     4    0.05                           clknet_0_clk (net)
                  0.10    0.00    0.37 ^ clkbuf_2_3__f_clk/A (sky130_fd_sc_hd__clkbuf_16)
                  0.08    0.26    0.63 ^ clkbuf_2_3__f_clk/X (sky130_fd_sc_hd__clkbuf_16)
     9    0.03                           clknet_2_3__leaf_clk (net)
                  0.08    0.00    0.64 ^ _263_/CLK (sky130_fd_sc_hd__dfrtp_1)
                  0.15    0.86    1.49 v _263_/Q (sky130_fd_sc_hd__dfrtp_1)
     4    0.01                           baud_counter[1] (net)
                  0.15    0.00    1.49 v _137_/A (sky130_fd_sc_hd__or4b_1)
                  0.17    1.27    2.76 v _137_/X (sky130_fd_sc_hd__or4b_1)
     1    0.00                           _126_ (net)
                  0.17    0.00    2.76 v _138_/D (sky130_fd_sc_hd__or4_1)
                  0.26    1.16    3.92 v _138_/X (sky130_fd_sc_hd__or4_1)
     3    0.01                           _127_ (net)
                  0.26    0.00    3.92 v _139_/B (sky130_fd_sc_hd__nor2_1)
                  0.14    0.22    4.14 ^ _139_/Y (sky130_fd_sc_hd__nor2_1)
     1    0.00                           _000_ (net)
                  0.14    0.00    4.14 ^ _298_/D (sky130_fd_sc_hd__dfrtp_1)
                                  4.14   data arrival time

                         20.00   20.00   clock clk (rise edge)
                          0.00   20.00   clock source latency
                  0.11    0.07   20.07 ^ clk (in)
     1    0.01                           clk (net)
                  0.11    0.00   20.07 ^ clkbuf_0_clk/A (sky130_fd_sc_hd__clkbuf_16)
                  0.10    0.26   20.33 ^ clkbuf_0_clk/X (sky130_fd_sc_hd__clkbuf_16)
     4    0.05                           clknet_0_clk (net)
                  0.10    0.00   20.34 ^ clkbuf_2_1__f_clk/A (sky130_fd_sc_hd__clkbuf_16)
                  0.08    0.24   20.58 ^ clkbuf_2_1__f_clk/X (sky130_fd_sc_hd__clkbuf_16)
    11    0.03                           clknet_2_1__leaf_clk (net)
                  0.08    0.00   20.58 ^ _298_/CLK (sky130_fd_sc_hd__dfrtp_1)
                         -0.25   20.33   clock uncertainty
                          0.04   20.36   clock reconvergence pessimism
                         -0.15   20.21   library setup time
                                 20.21   data required time
-----------------------------------------------------------------------------
                                 20.21   data required time
                                 -4.14   data arrival time
-----------------------------------------------------------------------------
                                 16.08   slack (MET)


Startpoint: _264_ (rising edge-triggered flip-flop clocked by clk)
Endpoint: _268_ (rising edge-triggered flip-flop clocked by clk)
Path Group: clk
Path Type: max
Corner: Slowest

Fanout     Cap    Slew   Delay    Time   Description
-----------------------------------------------------------------------------
                          0.00    0.00   clock clk (rise edge)
                          0.00    0.00   clock source latency
                  0.11    0.08    0.08 ^ clk (in)
     1    0.01                           clk (net)
                  0.11    0.00    0.08 ^ clkbuf_0_clk/A (sky130_fd_sc_hd__clkbuf_16)
                  0.10    0.29    0.37 ^ clkbuf_0_clk/X (sky130_fd_sc_hd__clkbuf_16)
     4    0.05                           clknet_0_clk (net)
                  0.10    0.00    0.37 ^ clkbuf_2_3__f_clk/A (sky130_fd_sc_hd__clkbuf_16)
                  0.08    0.26    0.63 ^ clkbuf_2_3__f_clk/X (sky130_fd_sc_hd__clkbuf_16)
     9    0.03                           clknet_2_3__leaf_clk (net)
                  0.08    0.00    0.64 ^ _264_/CLK (sky130_fd_sc_hd__dfrtp_1)
                  0.24    0.82    1.46 ^ _264_/Q (sky130_fd_sc_hd__dfrtp_1)
     5    0.02                           baud_counter[2] (net)
                  0.24    0.00    1.46 ^ _153_/D (sky130_fd_sc_hd__and4_1)
                  0.32    0.68    2.13 ^ _153_/X (sky130_fd_sc_hd__and4_1)
     6    0.02                           _043_ (net)
                  0.32    0.00    2.13 ^ _159_/B_N (sky130_fd_sc_hd__or2b_1)
                  0.12    0.64    2.78 v _159_/X (sky130_fd_sc_hd__or2b_1)
     2    0.01                           _048_ (net)
                  0.12    0.00    2.78 v _161_/B (sky130_fd_sc_hd__or2_1)
                  0.11    0.53    3.30 v _161_/X (sky130_fd_sc_hd__or2_1)
     1    0.00                           _049_ (net)
                  0.11    0.00    3.30 v _162_/B (sky130_fd_sc_hd__xnor2_1)
                  0.09    0.23    3.53 v _162_/Y (sky130_fd_sc_hd__xnor2_1)
     1    0.00                           _007_ (net)
                  0.09    0.00    3.53 v _268_/D (sky130_fd_sc_hd__dfrtp_1)
                                  3.53   data arrival time

                         20.00   20.00   clock clk (rise edge)
                          0.00   20.00   clock source latency
                  0.11    0.07   20.07 ^ clk (in)
     1    0.01                           clk (net)
                  0.11    0.00   20.07 ^ clkbuf_0_clk/A (sky130_fd_sc_hd__clkbuf_16)
                  0.10    0.26   20.33 ^ clkbuf_0_clk/X (sky130_fd_sc_hd__clkbuf_16)
     4    0.05                           clknet_0_clk (net)
                  0.10    0.00   20.34 ^ clkbuf_2_1__f_clk/A (sky130_fd_sc_hd__clkbuf_16)
                  0.08    0.24   20.58 ^ clkbuf_2_1__f_clk/X (sky130_fd_sc_hd__clkbuf_16)
    11    0.03                           clknet_2_1__leaf_clk (net)
                  0.08    0.00   20.58 ^ _268_/CLK (sky130_fd_sc_hd__dfrtp_1)
                         -0.25   20.33   clock uncertainty
                          0.04   20.36   clock reconvergence pessimism
                         -0.28   20.08   library setup time
                                 20.08   data required time
-----------------------------------------------------------------------------
                                 20.08   data required time
                                 -3.53   data arrival time
-----------------------------------------------------------------------------
                                 16.55   slack (MET)


Startpoint: _278_ (rising edge-triggered flip-flop clocked by clk)
Endpoint: _275_ (rising edge-triggered flip-flop clocked by clk)
Path Group: clk
Path Type: max
Corner: Slowest

Fanout     Cap    Slew   Delay    Time   Description
-----------------------------------------------------------------------------
                          0.00    0.00   clock clk (rise edge)
                          0.00    0.00   clock source latency
                  0.11    0.08    0.08 ^ clk (in)
     1    0.01                           clk (net)
                  0.11    0.00    0.08 ^ clkbuf_0_clk/A (sky130_fd_sc_hd__clkbuf_16)
                  0.10    0.29    0.37 ^ clkbuf_0_clk/X (sky130_fd_sc_hd__clkbuf_16)
     4    0.05                           clknet_0_clk (net)
                  0.10    0.00    0.37 ^ clkbuf_2_3__f_clk/A (sky130_fd_sc_hd__clkbuf_16)
                  0.08    0.26    0.63 ^ clkbuf_2_3__f_clk/X (sky130_fd_sc_hd__clkbuf_16)
     9    0.03                           clknet_2_3__leaf_clk (net)
                  0.08    0.00    0.63 ^ _278_/CLK (sky130_fd_sc_hd__dfrtp_1)
                  0.16    0.88    1.51 v _278_/Q (sky130_fd_sc_hd__dfrtp_1)
     5    0.01                           idle_counter[4] (net)
                  0.16    0.00    1.51 v _172_/D (sky130_fd_sc_hd__and4_1)
                  0.16    0.57    2.08 v _172_/X (sky130_fd_sc_hd__and4_1)
     3    0.01                           _056_ (net)
                  0.16    0.00    2.08 v _180_/A1 (sky130_fd_sc_hd__a21oi_2)
                  0.37    0.44    2.52 ^ _180_/Y (sky130_fd_sc_hd__a21oi_2)
     5    0.02                           _062_ (net)
                  0.37    0.00    2.52 ^ _185_/C (sky130_fd_sc_hd__nand3_1)
                  0.13    0.27    2.79 v _185_/Y (sky130_fd_sc_hd__nand3_1)
     1    0.00                           _066_ (net)
                  0.13    0.00    2.79 v _187_/B (sky130_fd_sc_hd__and3_1)
                  0.06    0.37    3.16 v _187_/X (sky130_fd_sc_hd__and3_1)
     1    0.00                           _068_ (net)
                  0.06    0.00    3.16 v _188_/A (sky130_fd_sc_hd__clkbuf_1)
                  0.04    0.16    3.32 v _188_/X (sky130_fd_sc_hd__clkbuf_1)
     1    0.00                           _014_ (net)
                  0.04    0.00    3.32 v _275_/D (sky130_fd_sc_hd__dfrtp_2)
                                  3.32   data arrival time

                         20.00   20.00   clock clk (rise edge)
                          0.00   20.00   clock source latency
                  0.11    0.07   20.07 ^ clk (in)
     1    0.01                           clk (net)
                  0.11    0.00   20.07 ^ clkbuf_0_clk/A (sky130_fd_sc_hd__clkbuf_16)
                  0.10    0.26   20.33 ^ clkbuf_0_clk/X (sky130_fd_sc_hd__clkbuf_16)
     4    0.05                           clknet_0_clk (net)
                  0.10    0.00   20.34 ^ clkbuf_2_2__f_clk/A (sky130_fd_sc_hd__clkbuf_16)
                  0.07    0.23   20.56 ^ clkbuf_2_2__f_clk/X (sky130_fd_sc_hd__clkbuf_16)
     8    0.02                           clknet_2_2__leaf_clk (net)
                  0.07    0.00   20.57 ^ _275_/CLK (sky130_fd_sc_hd__dfrtp_2)
                         -0.25   20.32   clock uncertainty
                          0.04   20.35   clock reconvergence pessimism
                         -0.27   20.09   library setup time
                                 20.09   data required time
-----------------------------------------------------------------------------
                                 20.09   data required time
                                 -3.32   data arrival time
-----------------------------------------------------------------------------
                                 16.76   slack (MET)


Startpoint: _264_ (rising edge-triggered flip-flop clocked by clk)
Endpoint: _264_ (rising edge-triggered flip-flop clocked by clk)
Path Group: clk
Path Type: max
Corner: Slowest

Fanout     Cap    Slew   Delay    Time   Description
-----------------------------------------------------------------------------
                          0.00    0.00   clock clk (rise edge)
                          0.00    0.00   clock source latency
                  0.11    0.08    0.08 ^ clk (in)
     1    0.01                           clk (net)
                  0.11    0.00    0.08 ^ clkbuf_0_clk/A (sky130_fd_sc_hd__clkbuf_16)
                  0.10    0.29    0.37 ^ clkbuf_0_clk/X (sky130_fd_sc_hd__clkbuf_16)
     4    0.05                           clknet_0_clk (net)
                  0.10    0.00    0.37 ^ clkbuf_2_3__f_clk/A (sky130_fd_sc_hd__clkbuf_16)
                  0.08    0.26    0.63 ^ clkbuf_2_3__f_clk/X (sky130_fd_sc_hd__clkbuf_16)
     9    0.03                           clknet_2_3__leaf_clk (net)
                  0.08    0.00    0.64 ^ _264_/CLK (sky130_fd_sc_hd__dfrtp_1)
                  0.18    0.90    1.53 v _264_/Q (sky130_fd_sc_hd__dfrtp_1)
     5    0.02                           baud_counter[2] (net)
                  0.18    0.00    1.53 v hold12/A (sky130_fd_sc_hd__dlygate4sd3_1)
                  0.13    1.27    2.80 v hold12/X (sky130_fd_sc_hd__dlygate4sd3_1)
     1    0.00                           net30 (net)
                  0.13    0.00    2.80 v _149_/A (sky130_fd_sc_hd__xnor2_1)
                  0.10    0.26    3.06 v _149_/Y (sky130_fd_sc_hd__xnor2_1)
     1    0.00                           _003_ (net)
                  0.10    0.00    3.06 v _264_/D (sky130_fd_sc_hd__dfrtp_1)
                                  3.06   data arrival time

                         20.00   20.00   clock clk (rise edge)
                          0.00   20.00   clock source latency
                  0.11    0.07   20.07 ^ clk (in)
     1    0.01                           clk (net)
                  0.11    0.00   20.07 ^ clkbuf_0_clk/A (sky130_fd_sc_hd__clkbuf_16)
                  0.10    0.26   20.33 ^ clkbuf_0_clk/X (sky130_fd_sc_hd__clkbuf_16)
     4    0.05                           clknet_0_clk (net)
                  0.10    0.00   20.34 ^ clkbuf_2_3__f_clk/A (sky130_fd_sc_hd__clkbuf_16)
                  0.08    0.24   20.57 ^ clkbuf_2_3__f_clk/X (sky130_fd_sc_hd__clkbuf_16)
     9    0.03                           clknet_2_3__leaf_clk (net)
                  0.08    0.00   20.58 ^ _264_/CLK (sky130_fd_sc_hd__dfrtp_1)
                         -0.25   20.33   clock uncertainty
                          0.06   20.39   clock reconvergence pessimism
                         -0.28   20.10   library setup time
                                 20.10   data required time
-----------------------------------------------------------------------------
                                 20.10   data required time
                                 -3.06   data arrival time
-----------------------------------------------------------------------------
                                 17.04   slack (MET)


Startpoint: _273_ (rising edge-triggered flip-flop clocked by clk)
Endpoint: _297_ (rising edge-triggered flip-flop clocked by clk)
Path Group: clk
Path Type: max
Corner: Slowest

Fanout     Cap    Slew   Delay    Time   Description
-----------------------------------------------------------------------------
                          0.00    0.00   clock clk (rise edge)
                          0.00    0.00   clock source latency
                  0.11    0.08    0.08 ^ clk (in)
     1    0.01                           clk (net)
                  0.11    0.00    0.08 ^ clkbuf_0_clk/A (sky130_fd_sc_hd__clkbuf_16)
                  0.10    0.29    0.37 ^ clkbuf_0_clk/X (sky130_fd_sc_hd__clkbuf_16)
     4    0.05                           clknet_0_clk (net)
                  0.10    0.00    0.37 ^ clkbuf_2_2__f_clk/A (sky130_fd_sc_hd__clkbuf_16)
                  0.07    0.25    0.62 ^ clkbuf_2_2__f_clk/X (sky130_fd_sc_hd__clkbuf_16)
     8    0.02                           clknet_2_2__leaf_clk (net)
                  0.07    0.00    0.63 ^ _273_/CLK (sky130_fd_sc_hd__dfrtp_2)
                  0.16    0.95    1.58 v _273_/Q (sky130_fd_sc_hd__dfrtp_2)
     5    0.02                           net12 (net)
                  0.16    0.00    1.58 v _130_/A (sky130_fd_sc_hd__clkbuf_4)
                  0.15    0.40    1.98 v _130_/X (sky130_fd_sc_hd__clkbuf_4)
    10    0.04                           _120_ (net)
                  0.15    0.00    1.98 v _258_/A (sky130_fd_sc_hd__or2b_1)
                  0.14    0.60    2.58 v _258_/X (sky130_fd_sc_hd__or2b_1)
     2    0.01                           _118_ (net)
                  0.14    0.00    2.58 v _261_/B1 (sky130_fd_sc_hd__a32o_1)
                  0.07    0.41    2.99 v _261_/X (sky130_fd_sc_hd__a32o_1)
     1    0.00                           _036_ (net)
                  0.07    0.00    2.99 v _297_/D (sky130_fd_sc_hd__dfrtp_4)
                                  2.99   data arrival time

                         20.00   20.00   clock clk (rise edge)
                          0.00   20.00   clock source latency
                  0.11    0.07   20.07 ^ clk (in)
     1    0.01                           clk (net)
                  0.11    0.00   20.07 ^ clkbuf_0_clk/A (sky130_fd_sc_hd__clkbuf_16)
                  0.10    0.26   20.33 ^ clkbuf_0_clk/X (sky130_fd_sc_hd__clkbuf_16)
     4    0.05                           clknet_0_clk (net)
                  0.10    0.00   20.34 ^ clkbuf_2_1__f_clk/A (sky130_fd_sc_hd__clkbuf_16)
                  0.08    0.24   20.58 ^ clkbuf_2_1__f_clk/X (sky130_fd_sc_hd__clkbuf_16)
    11    0.03                           clknet_2_1__leaf_clk (net)
                  0.08    0.00   20.58 ^ _297_/CLK (sky130_fd_sc_hd__dfrtp_4)
                         -0.25   20.33   clock uncertainty
                          0.04   20.36   clock reconvergence pessimism
                         -0.27   20.09   library setup time
                                 20.09   data required time
-----------------------------------------------------------------------------
                                 20.09   data required time
                                 -2.99   data arrival time
-----------------------------------------------------------------------------
                                 17.11   slack (MET)


Startpoint: _274_ (rising edge-triggered flip-flop clocked by clk)
Endpoint: _282_ (rising edge-triggered flip-flop clocked by clk)
Path Group: clk
Path Type: max
Corner: Slowest

Fanout     Cap    Slew   Delay    Time   Description
-----------------------------------------------------------------------------
                          0.00    0.00   clock clk (rise edge)
                          0.00    0.00   clock source latency
                  0.11    0.08    0.08 ^ clk (in)
     1    0.01                           clk (net)
                  0.11    0.00    0.08 ^ clkbuf_0_clk/A (sky130_fd_sc_hd__clkbuf_16)
                  0.10    0.29    0.37 ^ clkbuf_0_clk/X (sky130_fd_sc_hd__clkbuf_16)
     4    0.05                           clknet_0_clk (net)
                  0.10    0.00    0.37 ^ clkbuf_2_2__f_clk/A (sky130_fd_sc_hd__clkbuf_16)
                  0.07    0.25    0.62 ^ clkbuf_2_2__f_clk/X (sky130_fd_sc_hd__clkbuf_16)
     8    0.02                           clknet_2_2__leaf_clk (net)
                  0.07    0.00    0.63 ^ _274_/CLK (sky130_fd_sc_hd__dfrtp_4)
                  0.16    1.12    1.74 v _274_/Q (sky130_fd_sc_hd__dfrtp_4)
     8    0.02                           idle_counter[0] (net)
                  0.16    0.00    1.74 v _195_/D (sky130_fd_sc_hd__and4_2)
                  0.14    0.65    2.39 v _195_/X (sky130_fd_sc_hd__and4_2)
     5    0.02                           _074_ (net)
                  0.14    0.00    2.39 v _209_/B (sky130_fd_sc_hd__nand2_1)
                  0.13    0.19    2.58 ^ _209_/Y (sky130_fd_sc_hd__nand2_1)
     2    0.01                           _084_ (net)
                  0.13    0.00    2.58 ^ _211_/B (sky130_fd_sc_hd__nor2_1)
                  0.06    0.10    2.68 v _211_/Y (sky130_fd_sc_hd__nor2_1)
     1    0.00                           _085_ (net)
                  0.06    0.00    2.68 v _212_/A2 (sky130_fd_sc_hd__o21a_1)
                  0.06    0.32    3.00 v _212_/X (sky130_fd_sc_hd__o21a_1)
     1    0.00                           _021_ (net)
                  0.06    0.00    3.00 v _282_/D (sky130_fd_sc_hd__dfrtp_1)
                                  3.00   data arrival time

                         20.00   20.00   clock clk (rise edge)
                          0.00   20.00   clock source latency
                  0.11    0.07   20.07 ^ clk (in)
     1    0.01                           clk (net)
                  0.11    0.00   20.07 ^ clkbuf_0_clk/A (sky130_fd_sc_hd__clkbuf_16)
                  0.10    0.26   20.33 ^ clkbuf_0_clk/X (sky130_fd_sc_hd__clkbuf_16)
     4    0.05                           clknet_0_clk (net)
                  0.10    0.00   20.34 ^ clkbuf_2_2__f_clk/A (sky130_fd_sc_hd__clkbuf_16)
                  0.07    0.23   20.56 ^ clkbuf_2_2__f_clk/X (sky130_fd_sc_hd__clkbuf_16)
     8    0.02                           clknet_2_2__leaf_clk (net)
                  0.07    0.00   20.57 ^ _282_/CLK (sky130_fd_sc_hd__dfrtp_1)
                         -0.25   20.32   clock uncertainty
                          0.06   20.38   clock reconvergence pessimism
                         -0.27   20.10   library setup time
                                 20.10   data required time
-----------------------------------------------------------------------------
                                 20.10   data required time
                                 -3.00   data arrival time
-----------------------------------------------------------------------------
                                 17.11   slack (MET)


Startpoint: _297_ (rising edge-triggered flip-flop clocked by clk)
Endpoint: _283_ (rising edge-triggered flip-flop clocked by clk)
Path Group: clk
Path Type: max
Corner: Slowest

Fanout     Cap    Slew   Delay    Time   Description
-----------------------------------------------------------------------------
                          0.00    0.00   clock clk (rise edge)
                          0.00    0.00   clock source latency
                  0.11    0.08    0.08 ^ clk (in)
     1    0.01                           clk (net)
                  0.11    0.00    0.08 ^ clkbuf_0_clk/A (sky130_fd_sc_hd__clkbuf_16)
                  0.10    0.29    0.37 ^ clkbuf_0_clk/X (sky130_fd_sc_hd__clkbuf_16)
     4    0.05                           clknet_0_clk (net)
                  0.10    0.00    0.37 ^ clkbuf_2_1__f_clk/A (sky130_fd_sc_hd__clkbuf_16)
                  0.08    0.27    0.64 ^ clkbuf_2_1__f_clk/X (sky130_fd_sc_hd__clkbuf_16)
    11    0.03                           clknet_2_1__leaf_clk (net)
                  0.08    0.00    0.64 ^ _297_/CLK (sky130_fd_sc_hd__dfrtp_4)
                  0.17    1.13    1.77 v _297_/Q (sky130_fd_sc_hd__dfrtp_4)
     8    0.03                           state[1] (net)
                  0.17    0.00    1.77 v _131_/A (sky130_fd_sc_hd__nor2_1)
                  0.35    0.39    2.16 ^ _131_/Y (sky130_fd_sc_hd__nor2_1)
     3    0.01                           _121_ (net)
                  0.35    0.00    2.16 ^ _184_/B (sky130_fd_sc_hd__and3b_1)
                  0.18    0.50    2.66 ^ _184_/X (sky130_fd_sc_hd__and3b_1)
     3    0.01                           _065_ (net)
                  0.18    0.00    2.67 ^ _213_/B (sky130_fd_sc_hd__and2_1)
                  0.08    0.28    2.95 ^ _213_/X (sky130_fd_sc_hd__and2_1)
     1    0.00                           _086_ (net)
                  0.08    0.00    2.95 ^ _214_/A (sky130_fd_sc_hd__clkbuf_1)
                  0.07    0.16    3.11 ^ _214_/X (sky130_fd_sc_hd__clkbuf_1)
     1    0.00                           _022_ (net)
                  0.07    0.00    3.11 ^ _283_/D (sky130_fd_sc_hd__dfrtp_1)
                                  3.11   data arrival time

                         20.00   20.00   clock clk (rise edge)
                          0.00   20.00   clock source latency
                  0.11    0.07   20.07 ^ clk (in)
     1    0.01                           clk (net)
                  0.11    0.00   20.07 ^ clkbuf_0_clk/A (sky130_fd_sc_hd__clkbuf_16)
                  0.10    0.26   20.33 ^ clkbuf_0_clk/X (sky130_fd_sc_hd__clkbuf_16)
     4    0.05                           clknet_0_clk (net)
                  0.10    0.00   20.34 ^ clkbuf_2_2__f_clk/A (sky130_fd_sc_hd__clkbuf_16)
                  0.07    0.23   20.56 ^ clkbuf_2_2__f_clk/X (sky130_fd_sc_hd__clkbuf_16)
     8    0.02                           clknet_2_2__leaf_clk (net)
                  0.07    0.00   20.57 ^ _283_/CLK (sky130_fd_sc_hd__dfrtp_1)
                         -0.25   20.32   clock uncertainty
                          0.04   20.35   clock reconvergence pessimism
                         -0.13   20.22   library setup time
                                 20.22   data required time
-----------------------------------------------------------------------------
                                 20.22   data required time
                                 -3.11   data arrival time
-----------------------------------------------------------------------------
                                 17.11   slack (MET)


Startpoint: _273_ (rising edge-triggered flip-flop clocked by clk)
Endpoint: _265_ (rising edge-triggered flip-flop clocked by clk)
Path Group: clk
Path Type: max
Corner: Slowest

Fanout     Cap    Slew   Delay    Time   Description
-----------------------------------------------------------------------------
                          0.00    0.00   clock clk (rise edge)
                          0.00    0.00   clock source latency
                  0.11    0.08    0.08 ^ clk (in)
     1    0.01                           clk (net)
                  0.11    0.00    0.08 ^ clkbuf_0_clk/A (sky130_fd_sc_hd__clkbuf_16)
                  0.10    0.29    0.37 ^ clkbuf_0_clk/X (sky130_fd_sc_hd__clkbuf_16)
     4    0.05                           clknet_0_clk (net)
                  0.10    0.00    0.37 ^ clkbuf_2_2__f_clk/A (sky130_fd_sc_hd__clkbuf_16)
                  0.07    0.25    0.62 ^ clkbuf_2_2__f_clk/X (sky130_fd_sc_hd__clkbuf_16)
     8    0.02                           clknet_2_2__leaf_clk (net)
                  0.07    0.00    0.63 ^ _273_/CLK (sky130_fd_sc_hd__dfrtp_2)
                  0.16    0.95    1.58 v _273_/Q (sky130_fd_sc_hd__dfrtp_2)
     5    0.02                           net12 (net)
                  0.16    0.00    1.58 v _143_/A_N (sky130_fd_sc_hd__and2b_1)
                  0.15    0.49    2.08 ^ _143_/X (sky130_fd_sc_hd__and2b_1)
     3    0.01                           _037_ (net)
                  0.15    0.00    2.08 ^ _146_/B (sky130_fd_sc_hd__nand2_1)
                  0.22    0.26    2.33 v _146_/Y (sky130_fd_sc_hd__nand2_1)
     3    0.01                           _039_ (net)
                  0.22    0.00    2.34 v _150_/B (sky130_fd_sc_hd__nand2_1)
                  0.12    0.21    2.55 ^ _150_/Y (sky130_fd_sc_hd__nand2_1)
     1    0.01                           _041_ (net)
                  0.12    0.00    2.55 ^ _152_/A (sky130_fd_sc_hd__xnor2_1)
                  0.11    0.18    2.73 v _152_/Y (sky130_fd_sc_hd__xnor2_1)
     1    0.00                           _004_ (net)
                  0.11    0.00    2.73 v _265_/D (sky130_fd_sc_hd__dfrtp_1)
                                  2.73   data arrival time

                         20.00   20.00   clock clk (rise edge)
                          0.00   20.00   clock source latency
                  0.11    0.07   20.07 ^ clk (in)
     1    0.01                           clk (net)
                  0.11    0.00   20.07 ^ clkbuf_0_clk/A (sky130_fd_sc_hd__clkbuf_16)
                  0.10    0.26   20.33 ^ clkbuf_0_clk/X (sky130_fd_sc_hd__clkbuf_16)
     4    0.05                           clknet_0_clk (net)
                  0.10    0.00   20.34 ^ clkbuf_2_3__f_clk/A (sky130_fd_sc_hd__clkbuf_16)
                  0.08    0.24   20.57 ^ clkbuf_2_3__f_clk/X (sky130_fd_sc_hd__clkbuf_16)
     9    0.03                           clknet_2_3__leaf_clk (net)
                  0.08    0.00   20.58 ^ _265_/CLK (sky130_fd_sc_hd__dfrtp_1)
                         -0.25   20.33   clock uncertainty
                          0.04   20.36   clock reconvergence pessimism
                         -0.29   20.07   library setup time
                                 20.07   data required time
-----------------------------------------------------------------------------
                                 20.07   data required time
                                 -2.73   data arrival time
-----------------------------------------------------------------------------
                                 17.34   slack (MET)


Startpoint: _273_ (rising edge-triggered flip-flop clocked by clk)
Endpoint: _262_ (rising edge-triggered flip-flop clocked by clk)
Path Group: clk
Path Type: max
Corner: Slowest

Fanout     Cap    Slew   Delay    Time   Description
-----------------------------------------------------------------------------
                          0.00    0.00   clock clk (rise edge)
                          0.00    0.00   clock source latency
                  0.11    0.08    0.08 ^ clk (in)
     1    0.01                           clk (net)
                  0.11    0.00    0.08 ^ clkbuf_0_clk/A (sky130_fd_sc_hd__clkbuf_16)
                  0.10    0.29    0.37 ^ clkbuf_0_clk/X (sky130_fd_sc_hd__clkbuf_16)
     4    0.05                           clknet_0_clk (net)
                  0.10    0.00    0.37 ^ clkbuf_2_2__f_clk/A (sky130_fd_sc_hd__clkbuf_16)
                  0.07    0.25    0.62 ^ clkbuf_2_2__f_clk/X (sky130_fd_sc_hd__clkbuf_16)
     8    0.02                           clknet_2_2__leaf_clk (net)
                  0.07    0.00    0.63 ^ _273_/CLK (sky130_fd_sc_hd__dfrtp_2)
                  0.16    0.95    1.58 v _273_/Q (sky130_fd_sc_hd__dfrtp_2)
     5    0.02                           net12 (net)
                  0.16    0.00    1.58 v _130_/A (sky130_fd_sc_hd__clkbuf_4)
                  0.15    0.40    1.98 v _130_/X (sky130_fd_sc_hd__clkbuf_4)
    10    0.04                           _120_ (net)
                  0.15    0.00    1.98 v _144_/B (sky130_fd_sc_hd__and2b_1)
                  0.07    0.38    2.35 v _144_/X (sky130_fd_sc_hd__and2b_1)
     1    0.00                           _038_ (net)
                  0.07    0.00    2.36 v _145_/B (sky130_fd_sc_hd__nor2_1)
                  0.12    0.14    2.49 ^ _145_/Y (sky130_fd_sc_hd__nor2_1)
     1    0.00                           _001_ (net)
                  0.12    0.00    2.49 ^ _262_/D (sky130_fd_sc_hd__dfrtp_1)
                                  2.49   data arrival time

                         20.00   20.00   clock clk (rise edge)
                          0.00   20.00   clock source latency
                  0.11    0.07   20.07 ^ clk (in)
     1    0.01                           clk (net)
                  0.11    0.00   20.07 ^ clkbuf_0_clk/A (sky130_fd_sc_hd__clkbuf_16)
                  0.10    0.26   20.33 ^ clkbuf_0_clk/X (sky130_fd_sc_hd__clkbuf_16)
     4    0.05                           clknet_0_clk (net)
                  0.10    0.00   20.34 ^ clkbuf_2_3__f_clk/A (sky130_fd_sc_hd__clkbuf_16)
                  0.08    0.24   20.57 ^ clkbuf_2_3__f_clk/X (sky130_fd_sc_hd__clkbuf_16)
     9    0.03                           clknet_2_3__leaf_clk (net)
                  0.08    0.00   20.57 ^ _262_/CLK (sky130_fd_sc_hd__dfrtp_1)
                         -0.25   20.32   clock uncertainty
                          0.04   20.36   clock reconvergence pessimism
                         -0.14   20.22   library setup time
                                 20.22   data required time
-----------------------------------------------------------------------------
                                 20.22   data required time
                                 -2.49   data arrival time
-----------------------------------------------------------------------------
                                 17.73   slack (MET)



======================= Typical Corner ===================================

Startpoint: _273_ (rising edge-triggered flip-flop clocked by clk)
Endpoint: tx (output port clocked by clk)
Path Group: clk
Path Type: max
Corner: Typical

Fanout     Cap    Slew   Delay    Time   Description
-----------------------------------------------------------------------------
                          0.00    0.00   clock clk (rise edge)
                          0.00    0.00   clock source latency
                  0.07    0.05    0.05 ^ clk (in)
     1    0.01                           clk (net)
                  0.07    0.00    0.05 ^ clkbuf_0_clk/A (sky130_fd_sc_hd__clkbuf_16)
                  0.07    0.16    0.21 ^ clkbuf_0_clk/X (sky130_fd_sc_hd__clkbuf_16)
     4    0.05                           clknet_0_clk (net)
                  0.07    0.00    0.22 ^ clkbuf_2_2__f_clk/A (sky130_fd_sc_hd__clkbuf_16)
                  0.05    0.14    0.36 ^ clkbuf_2_2__f_clk/X (sky130_fd_sc_hd__clkbuf_16)
     8    0.02                           clknet_2_2__leaf_clk (net)
                  0.05    0.00    0.36 ^ _273_/CLK (sky130_fd_sc_hd__dfrtp_2)
                  0.08    0.46    0.82 v _273_/Q (sky130_fd_sc_hd__dfrtp_2)
     5    0.02                           net12 (net)
                  0.08    0.00    0.82 v _130_/A (sky130_fd_sc_hd__clkbuf_4)
                  0.09    0.22    1.04 v _130_/X (sky130_fd_sc_hd__clkbuf_4)
    10    0.04                           _120_ (net)
                  0.09    0.00    1.04 v _132_/A (sky130_fd_sc_hd__nor2_1)
                  0.29    0.28    1.33 ^ _132_/Y (sky130_fd_sc_hd__nor2_1)
     3    0.02                           net14 (net)
                  0.29    0.00    1.33 ^ _142_/B1 (sky130_fd_sc_hd__o211ai_1)
                  0.12    0.19    1.52 v _142_/Y (sky130_fd_sc_hd__o211ai_1)
     1    0.01                           net13 (net)
                  0.12    0.00    1.52 v output13/A (sky130_fd_sc_hd__clkbuf_4)
                  0.08    0.23    1.75 v output13/X (sky130_fd_sc_hd__clkbuf_4)
     1    0.03                           tx (net)
                  0.08    0.00    1.75 v tx (out)
                                  1.75   data arrival time

                         20.00   20.00   clock clk (rise edge)
                          0.00   20.00   clock network delay (propagated)
                         -0.25   19.75   clock uncertainty
                          0.00   19.75   clock reconvergence pessimism
                         -4.00   15.75   output external delay
                                 15.75   data required time
-----------------------------------------------------------------------------
                                 15.75   data required time
                                 -1.75   data arrival time
-----------------------------------------------------------------------------
                                 14.00   slack (MET)


Startpoint: tx_start (input port clocked by clk)
Endpoint: _288_ (rising edge-triggered flip-flop clocked by clk)
Path Group: clk
Path Type: max
Corner: Typical

Fanout     Cap    Slew   Delay    Time   Description
-----------------------------------------------------------------------------
                          0.00    0.00   clock clk (rise edge)
                          0.00    0.00   clock network delay (propagated)
                          4.00    4.00 ^ input external delay
                  0.02    0.01    4.01 ^ tx_start (in)
     1    0.00                           tx_start (net)
                  0.02    0.00    4.01 ^ input11/A (sky130_fd_sc_hd__clkbuf_1)
                  0.09    0.11    4.12 ^ input11/X (sky130_fd_sc_hd__clkbuf_1)
     1    0.01                           net11 (net)
                  0.09    0.00    4.12 ^ _216_/D_N (sky130_fd_sc_hd__or4b_2)
                  0.14    0.69    4.82 v _216_/X (sky130_fd_sc_hd__or4b_2)
     3    0.01                           _088_ (net)
                  0.14    0.00    4.82 v _223_/A (sky130_fd_sc_hd__clkbuf_4)
                  0.10    0.26    5.07 v _223_/X (sky130_fd_sc_hd__clkbuf_4)
    10    0.05                           _094_ (net)
                  0.10    0.00    5.08 v _234_/A1 (sky130_fd_sc_hd__a21oi_4)
                  0.30    0.31    5.38 ^ _234_/Y (sky130_fd_sc_hd__a21oi_4)
     8    0.04                           _102_ (net)
                  0.30    0.00    5.39 ^ _235_/S (sky130_fd_sc_hd__mux2_1)
                  0.06    0.38    5.76 v _235_/X (sky130_fd_sc_hd__mux2_1)
     1    0.00                           _103_ (net)
                  0.06    0.00    5.76 v _236_/A (sky130_fd_sc_hd__clkbuf_1)
                  0.03    0.10    5.86 v _236_/X (sky130_fd_sc_hd__clkbuf_1)
     1    0.00                           _027_ (net)
                  0.03    0.00    5.86 v _288_/D (sky130_fd_sc_hd__dfrtp_1)
                                  5.86   data arrival time

                         20.00   20.00   clock clk (rise edge)
                          0.00   20.00   clock source latency
                  0.07    0.05   20.05 ^ clk (in)
     1    0.01                           clk (net)
                  0.07    0.00   20.05 ^ clkbuf_0_clk/A (sky130_fd_sc_hd__clkbuf_16)
                  0.07    0.15   20.19 ^ clkbuf_0_clk/X (sky130_fd_sc_hd__clkbuf_16)
     4    0.05                           clknet_0_clk (net)
                  0.07    0.00   20.20 ^ clkbuf_2_0__f_clk/A (sky130_fd_sc_hd__clkbuf_16)
                  0.05    0.13   20.33 ^ clkbuf_2_0__f_clk/X (sky130_fd_sc_hd__clkbuf_16)
     9    0.03                           clknet_2_0__leaf_clk (net)
                  0.05    0.00   20.33 ^ _288_/CLK (sky130_fd_sc_hd__dfrtp_1)
                         -0.25   20.08   clock uncertainty
                          0.00   20.08   clock reconvergence pessimism
                         -0.10   19.98   library setup time
                                 19.98   data required time
-----------------------------------------------------------------------------
                                 19.98   data required time
                                 -5.86   data arrival time
-----------------------------------------------------------------------------
                                 14.12   slack (MET)


Startpoint: tx_start (input port clocked by clk)
Endpoint: _292_ (rising edge-triggered flip-flop clocked by clk)
Path Group: clk
Path Type: max
Corner: Typical

Fanout     Cap    Slew   Delay    Time   Description
-----------------------------------------------------------------------------
                          0.00    0.00   clock clk (rise edge)
                          0.00    0.00   clock network delay (propagated)
                          4.00    4.00 ^ input external delay
                  0.02    0.01    4.01 ^ tx_start (in)
     1    0.00                           tx_start (net)
                  0.02    0.00    4.01 ^ input11/A (sky130_fd_sc_hd__clkbuf_1)
                  0.09    0.11    4.12 ^ input11/X (sky130_fd_sc_hd__clkbuf_1)
     1    0.01                           net11 (net)
                  0.09    0.00    4.12 ^ _216_/D_N (sky130_fd_sc_hd__or4b_2)
                  0.14    0.69    4.82 v _216_/X (sky130_fd_sc_hd__or4b_2)
     3    0.01                           _088_ (net)
                  0.14    0.00    4.82 v _223_/A (sky130_fd_sc_hd__clkbuf_4)
                  0.10    0.26    5.07 v _223_/X (sky130_fd_sc_hd__clkbuf_4)
    10    0.05                           _094_ (net)
                  0.10    0.00    5.08 v _234_/A1 (sky130_fd_sc_hd__a21oi_4)
                  0.30    0.31    5.38 ^ _234_/Y (sky130_fd_sc_hd__a21oi_4)
     8    0.04                           _102_ (net)
                  0.30    0.00    5.38 ^ _247_/S (sky130_fd_sc_hd__mux2_1)
                  0.06    0.38    5.76 v _247_/X (sky130_fd_sc_hd__mux2_1)
     1    0.00                           _111_ (net)
                  0.06    0.00    5.76 v _248_/A (sky130_fd_sc_hd__clkbuf_1)
                  0.02    0.09    5.86 v _248_/X (sky130_fd_sc_hd__clkbuf_1)
     1    0.00                           _031_ (net)
                  0.02    0.00    5.86 v _292_/D (sky130_fd_sc_hd__dfrtp_1)
                                  5.86   data arrival time

                         20.00   20.00   clock clk (rise edge)
                          0.00   20.00   clock source latency
                  0.07    0.05   20.05 ^ clk (in)
     1    0.01                           clk (net)
                  0.07    0.00   20.05 ^ clkbuf_0_clk/A (sky130_fd_sc_hd__clkbuf_16)
                  0.07    0.15   20.19 ^ clkbuf_0_clk/X (sky130_fd_sc_hd__clkbuf_16)
     4    0.05                           clknet_0_clk (net)
                  0.07    0.00   20.20 ^ clkbuf_2_0__f_clk/A (sky130_fd_sc_hd__clkbuf_16)
                  0.05    0.13   20.33 ^ clkbuf_2_0__f_clk/X (sky130_fd_sc_hd__clkbuf_16)
     9    0.03                           clknet_2_0__leaf_clk (net)
                  0.05    0.00   20.33 ^ _292_/CLK (sky130_fd_sc_hd__dfrtp_1)
                         -0.25   20.08   clock uncertainty
                          0.00   20.08   clock reconvergence pessimism
                         -0.10   19.98   library setup time
                                 19.98   data required time
-----------------------------------------------------------------------------
                                 19.98   data required time
                                 -5.86   data arrival time
-----------------------------------------------------------------------------
                                 14.12   slack (MET)


Startpoint: tx_start (input port clocked by clk)
Endpoint: _294_ (rising edge-triggered flip-flop clocked by clk)
Path Group: clk
Path Type: max
Corner: Typical

Fanout     Cap    Slew   Delay    Time   Description
-----------------------------------------------------------------------------
                          0.00    0.00   clock clk (rise edge)
                          0.00    0.00   clock network delay (propagated)
                          4.00    4.00 ^ input external delay
                  0.02    0.01    4.01 ^ tx_start (in)
     1    0.00                           tx_start (net)
                  0.02    0.00    4.01 ^ input11/A (sky130_fd_sc_hd__clkbuf_1)
                  0.09    0.11    4.12 ^ input11/X (sky130_fd_sc_hd__clkbuf_1)
     1    0.01                           net11 (net)
                  0.09    0.00    4.12 ^ _216_/D_N (sky130_fd_sc_hd__or4b_2)
                  0.14    0.69    4.82 v _216_/X (sky130_fd_sc_hd__or4b_2)
     3    0.01                           _088_ (net)
                  0.14    0.00    4.82 v _223_/A (sky130_fd_sc_hd__clkbuf_4)
                  0.10    0.26    5.07 v _223_/X (sky130_fd_sc_hd__clkbuf_4)
    10    0.05                           _094_ (net)
                  0.10    0.00    5.08 v _234_/A1 (sky130_fd_sc_hd__a21oi_4)
                  0.30    0.31    5.38 ^ _234_/Y (sky130_fd_sc_hd__a21oi_4)
     8    0.04                           _102_ (net)
                  0.30    0.00    5.38 ^ _253_/S (sky130_fd_sc_hd__mux2_1)
                  0.05    0.37    5.75 v _253_/X (sky130_fd_sc_hd__mux2_1)
     1    0.00                           _115_ (net)
                  0.05    0.00    5.75 v _254_/A (sky130_fd_sc_hd__clkbuf_1)
                  0.03    0.10    5.85 v _254_/X (sky130_fd_sc_hd__clkbuf_1)
     1    0.00                           _033_ (net)
                  0.03    0.00    5.85 v _294_/D (sky130_fd_sc_hd__dfrtp_1)
                                  5.85   data arrival time

                         20.00   20.00   clock clk (rise edge)
                          0.00   20.00   clock source latency
                  0.07    0.05   20.05 ^ clk (in)
     1    0.01                           clk (net)
                  0.07    0.00   20.05 ^ clkbuf_0_clk/A (sky130_fd_sc_hd__clkbuf_16)
                  0.07    0.15   20.19 ^ clkbuf_0_clk/X (sky130_fd_sc_hd__clkbuf_16)
     4    0.05                           clknet_0_clk (net)
                  0.07    0.00   20.20 ^ clkbuf_2_0__f_clk/A (sky130_fd_sc_hd__clkbuf_16)
                  0.05    0.13   20.33 ^ clkbuf_2_0__f_clk/X (sky130_fd_sc_hd__clkbuf_16)
     9    0.03                           clknet_2_0__leaf_clk (net)
                  0.05    0.00   20.33 ^ _294_/CLK (sky130_fd_sc_hd__dfrtp_1)
                         -0.25   20.08   clock uncertainty
                          0.00   20.08   clock reconvergence pessimism
                         -0.11   19.98   library setup time
                                 19.98   data required time
-----------------------------------------------------------------------------
                                 19.98   data required time
                                 -5.85   data arrival time
-----------------------------------------------------------------------------
                                 14.12   slack (MET)


Startpoint: tx_start (input port clocked by clk)
Endpoint: _289_ (rising edge-triggered flip-flop clocked by clk)
Path Group: clk
Path Type: max
Corner: Typical

Fanout     Cap    Slew   Delay    Time   Description
-----------------------------------------------------------------------------
                          0.00    0.00   clock clk (rise edge)
                          0.00    0.00   clock network delay (propagated)
                          4.00    4.00 ^ input external delay
                  0.02    0.01    4.01 ^ tx_start (in)
     1    0.00                           tx_start (net)
                  0.02    0.00    4.01 ^ input11/A (sky130_fd_sc_hd__clkbuf_1)
                  0.09    0.11    4.12 ^ input11/X (sky130_fd_sc_hd__clkbuf_1)
     1    0.01                           net11 (net)
                  0.09    0.00    4.12 ^ _216_/D_N (sky130_fd_sc_hd__or4b_2)
                  0.14    0.69    4.82 v _216_/X (sky130_fd_sc_hd__or4b_2)
     3    0.01                           _088_ (net)
                  0.14    0.00    4.82 v _223_/A (sky130_fd_sc_hd__clkbuf_4)
                  0.10    0.26    5.07 v _223_/X (sky130_fd_sc_hd__clkbuf_4)
    10    0.05                           _094_ (net)
                  0.10    0.00    5.08 v _234_/A1 (sky130_fd_sc_hd__a21oi_4)
                  0.30    0.31    5.38 ^ _234_/Y (sky130_fd_sc_hd__a21oi_4)
     8    0.04                           _102_ (net)
                  0.30    0.00    5.39 ^ _238_/S (sky130_fd_sc_hd__mux2_1)
                  0.06    0.37    5.76 v _238_/X (sky130_fd_sc_hd__mux2_1)
     1    0.00                           _105_ (net)
                  0.06    0.00    5.76 v _239_/A (sky130_fd_sc_hd__clkbuf_1)
                  0.02    0.09    5.85 v _239_/X (sky130_fd_sc_hd__clkbuf_1)
     1    0.00                           _028_ (net)
                  0.02    0.00    5.85 v _289_/D (sky130_fd_sc_hd__dfrtp_1)
                                  5.85   data arrival time

                         20.00   20.00   clock clk (rise edge)
                          0.00   20.00   clock source latency
                  0.07    0.05   20.05 ^ clk (in)
     1    0.01                           clk (net)
                  0.07    0.00   20.05 ^ clkbuf_0_clk/A (sky130_fd_sc_hd__clkbuf_16)
                  0.07    0.15   20.19 ^ clkbuf_0_clk/X (sky130_fd_sc_hd__clkbuf_16)
     4    0.05                           clknet_0_clk (net)
                  0.07    0.00   20.20 ^ clkbuf_2_0__f_clk/A (sky130_fd_sc_hd__clkbuf_16)
                  0.05    0.13   20.33 ^ clkbuf_2_0__f_clk/X (sky130_fd_sc_hd__clkbuf_16)
     9    0.03                           clknet_2_0__leaf_clk (net)
                  0.05    0.00   20.33 ^ _289_/CLK (sky130_fd_sc_hd__dfrtp_1)
                         -0.25   20.08   clock uncertainty
                          0.00   20.08   clock reconvergence pessimism
                         -0.10   19.98   library setup time
                                 19.98   data required time
-----------------------------------------------------------------------------
                                 19.98   data required time
                                 -5.85   data arrival time
-----------------------------------------------------------------------------
                                 14.13   slack (MET)


Startpoint: tx_start (input port clocked by clk)
Endpoint: _293_ (rising edge-triggered flip-flop clocked by clk)
Path Group: clk
Path Type: max
Corner: Typical

Fanout     Cap    Slew   Delay    Time   Description
-----------------------------------------------------------------------------
                          0.00    0.00   clock clk (rise edge)
                          0.00    0.00   clock network delay (propagated)
                          4.00    4.00 ^ input external delay
                  0.02    0.01    4.01 ^ tx_start (in)
     1    0.00                           tx_start (net)
                  0.02    0.00    4.01 ^ input11/A (sky130_fd_sc_hd__clkbuf_1)
                  0.09    0.11    4.12 ^ input11/X (sky130_fd_sc_hd__clkbuf_1)
     1    0.01                           net11 (net)
                  0.09    0.00    4.12 ^ _216_/D_N (sky130_fd_sc_hd__or4b_2)
                  0.14    0.69    4.82 v _216_/X (sky130_fd_sc_hd__or4b_2)
     3    0.01                           _088_ (net)
                  0.14    0.00    4.82 v _223_/A (sky130_fd_sc_hd__clkbuf_4)
                  0.10    0.26    5.07 v _223_/X (sky130_fd_sc_hd__clkbuf_4)
    10    0.05                           _094_ (net)
                  0.10    0.00    5.08 v _234_/A1 (sky130_fd_sc_hd__a21oi_4)
                  0.30    0.31    5.38 ^ _234_/Y (sky130_fd_sc_hd__a21oi_4)
     8    0.04                           _102_ (net)
                  0.30    0.00    5.39 ^ _250_/S (sky130_fd_sc_hd__mux2_1)
                  0.05    0.37    5.76 v _250_/X (sky130_fd_sc_hd__mux2_1)
     1    0.00                           _113_ (net)
                  0.05    0.00    5.76 v _251_/A (sky130_fd_sc_hd__clkbuf_1)
                  0.02    0.09    5.85 v _251_/X (sky130_fd_sc_hd__clkbuf_1)
     1    0.00                           _032_ (net)
                  0.02    0.00    5.85 v _293_/D (sky130_fd_sc_hd__dfrtp_1)
                                  5.85   data arrival time

                         20.00   20.00   clock clk (rise edge)
                          0.00   20.00   clock source latency
                  0.07    0.05   20.05 ^ clk (in)
     1    0.01                           clk (net)
                  0.07    0.00   20.05 ^ clkbuf_0_clk/A (sky130_fd_sc_hd__clkbuf_16)
                  0.07    0.15   20.19 ^ clkbuf_0_clk/X (sky130_fd_sc_hd__clkbuf_16)
     4    0.05                           clknet_0_clk (net)
                  0.07    0.00   20.20 ^ clkbuf_2_0__f_clk/A (sky130_fd_sc_hd__clkbuf_16)
                  0.05    0.13   20.33 ^ clkbuf_2_0__f_clk/X (sky130_fd_sc_hd__clkbuf_16)
     9    0.03                           clknet_2_0__leaf_clk (net)
                  0.05    0.00   20.33 ^ _293_/CLK (sky130_fd_sc_hd__dfrtp_1)
                         -0.25   20.08   clock uncertainty
                          0.00   20.08   clock reconvergence pessimism
                         -0.10   19.98   library setup time
                                 19.98   data required time
-----------------------------------------------------------------------------
                                 19.98   data required time
                                 -5.85   data arrival time
-----------------------------------------------------------------------------
                                 14.13   slack (MET)


Startpoint: tx_start (input port clocked by clk)
Endpoint: _291_ (rising edge-triggered flip-flop clocked by clk)
Path Group: clk
Path Type: max
Corner: Typical

Fanout     Cap    Slew   Delay    Time   Description
-----------------------------------------------------------------------------
                          0.00    0.00   clock clk (rise edge)
                          0.00    0.00   clock network delay (propagated)
                          4.00    4.00 ^ input external delay
                  0.02    0.01    4.01 ^ tx_start (in)
     1    0.00                           tx_start (net)
                  0.02    0.00    4.01 ^ input11/A (sky130_fd_sc_hd__clkbuf_1)
                  0.09    0.11    4.12 ^ input11/X (sky130_fd_sc_hd__clkbuf_1)
     1    0.01                           net11 (net)
                  0.09    0.00    4.12 ^ _216_/D_N (sky130_fd_sc_hd__or4b_2)
                  0.14    0.69    4.82 v _216_/X (sky130_fd_sc_hd__or4b_2)
     3    0.01                           _088_ (net)
                  0.14    0.00    4.82 v _223_/A (sky130_fd_sc_hd__clkbuf_4)
                  0.10    0.26    5.07 v _223_/X (sky130_fd_sc_hd__clkbuf_4)
    10    0.05                           _094_ (net)
                  0.10    0.00    5.08 v _234_/A1 (sky130_fd_sc_hd__a21oi_4)
                  0.30    0.31    5.38 ^ _234_/Y (sky130_fd_sc_hd__a21oi_4)
     8    0.04                           _102_ (net)
                  0.30    0.00    5.39 ^ _244_/S (sky130_fd_sc_hd__mux2_1)
                  0.05    0.37    5.75 v _244_/X (sky130_fd_sc_hd__mux2_1)
     1    0.00                           _109_ (net)
                  0.05    0.00    5.75 v _245_/A (sky130_fd_sc_hd__clkbuf_1)
                  0.02    0.09    5.84 v _245_/X (sky130_fd_sc_hd__clkbuf_1)
     1    0.00                           _030_ (net)
                  0.02    0.00    5.84 v _291_/D (sky130_fd_sc_hd__dfrtp_1)
                                  5.84   data arrival time

                         20.00   20.00   clock clk (rise edge)
                          0.00   20.00   clock source latency
                  0.07    0.05   20.05 ^ clk (in)
     1    0.01                           clk (net)
                  0.07    0.00   20.05 ^ clkbuf_0_clk/A (sky130_fd_sc_hd__clkbuf_16)
                  0.07    0.15   20.19 ^ clkbuf_0_clk/X (sky130_fd_sc_hd__clkbuf_16)
     4    0.05                           clknet_0_clk (net)
                  0.07    0.00   20.20 ^ clkbuf_2_0__f_clk/A (sky130_fd_sc_hd__clkbuf_16)
                  0.05    0.13   20.33 ^ clkbuf_2_0__f_clk/X (sky130_fd_sc_hd__clkbuf_16)
     9    0.03                           clknet_2_0__leaf_clk (net)
                  0.05    0.00   20.33 ^ _291_/CLK (sky130_fd_sc_hd__dfrtp_1)
                         -0.25   20.08   clock uncertainty
                          0.00   20.08   clock reconvergence pessimism
                         -0.10   19.98   library setup time
                                 19.98   data required time
-----------------------------------------------------------------------------
                                 19.98   data required time
                                 -5.84   data arrival time
-----------------------------------------------------------------------------
                                 14.13   slack (MET)


Startpoint: tx_start (input port clocked by clk)
Endpoint: _290_ (rising edge-triggered flip-flop clocked by clk)
Path Group: clk
Path Type: max
Corner: Typical

Fanout     Cap    Slew   Delay    Time   Description
-----------------------------------------------------------------------------
                          0.00    0.00   clock clk (rise edge)
                          0.00    0.00   clock network delay (propagated)
                          4.00    4.00 ^ input external delay
                  0.02    0.01    4.01 ^ tx_start (in)
     1    0.00                           tx_start (net)
                  0.02    0.00    4.01 ^ input11/A (sky130_fd_sc_hd__clkbuf_1)
                  0.09    0.11    4.12 ^ input11/X (sky130_fd_sc_hd__clkbuf_1)
     1    0.01                           net11 (net)
                  0.09    0.00    4.12 ^ _216_/D_N (sky130_fd_sc_hd__or4b_2)
                  0.14    0.69    4.82 v _216_/X (sky130_fd_sc_hd__or4b_2)
     3    0.01                           _088_ (net)
                  0.14    0.00    4.82 v _223_/A (sky130_fd_sc_hd__clkbuf_4)
                  0.10    0.26    5.07 v _223_/X (sky130_fd_sc_hd__clkbuf_4)
    10    0.05                           _094_ (net)
                  0.10    0.00    5.08 v _234_/A1 (sky130_fd_sc_hd__a21oi_4)
                  0.30    0.31    5.38 ^ _234_/Y (sky130_fd_sc_hd__a21oi_4)
     8    0.04                           _102_ (net)
                  0.30    0.00    5.39 ^ _241_/S (sky130_fd_sc_hd__mux2_1)
                  0.05    0.37    5.75 v _241_/X (sky130_fd_sc_hd__mux2_1)
     1    0.00                           _107_ (net)
                  0.05    0.00    5.75 v _242_/A (sky130_fd_sc_hd__clkbuf_1)
                  0.02    0.09    5.84 v _242_/X (sky130_fd_sc_hd__clkbuf_1)
     1    0.00                           _029_ (net)
                  0.02    0.00    5.84 v _290_/D (sky130_fd_sc_hd__dfrtp_1)
                                  5.84   data arrival time

                         20.00   20.00   clock clk (rise edge)
                          0.00   20.00   clock source latency
                  0.07    0.05   20.05 ^ clk (in)
     1    0.01                           clk (net)
                  0.07    0.00   20.05 ^ clkbuf_0_clk/A (sky130_fd_sc_hd__clkbuf_16)
                  0.07    0.15   20.19 ^ clkbuf_0_clk/X (sky130_fd_sc_hd__clkbuf_16)
     4    0.05                           clknet_0_clk (net)
                  0.07    0.00   20.20 ^ clkbuf_2_0__f_clk/A (sky130_fd_sc_hd__clkbuf_16)
                  0.05    0.13   20.33 ^ clkbuf_2_0__f_clk/X (sky130_fd_sc_hd__clkbuf_16)
     9    0.03                           clknet_2_0__leaf_clk (net)
                  0.05    0.00   20.33 ^ _290_/CLK (sky130_fd_sc_hd__dfrtp_1)
                         -0.25   20.08   clock uncertainty
                          0.00   20.08   clock reconvergence pessimism
                         -0.10   19.98   library setup time
                                 19.98   data required time
-----------------------------------------------------------------------------
                                 19.98   data required time
                                 -5.84   data arrival time
-----------------------------------------------------------------------------
                                 14.13   slack (MET)


Startpoint: _273_ (rising edge-triggered flip-flop clocked by clk)
Endpoint: tx_busy (output port clocked by clk)
Path Group: clk
Path Type: max
Corner: Typical

Fanout     Cap    Slew   Delay    Time   Description
-----------------------------------------------------------------------------
                          0.00    0.00   clock clk (rise edge)
                          0.00    0.00   clock source latency
                  0.07    0.05    0.05 ^ clk (in)
     1    0.01                           clk (net)
                  0.07    0.00    0.05 ^ clkbuf_0_clk/A (sky130_fd_sc_hd__clkbuf_16)
                  0.07    0.16    0.21 ^ clkbuf_0_clk/X (sky130_fd_sc_hd__clkbuf_16)
     4    0.05                           clknet_0_clk (net)
                  0.07    0.00    0.22 ^ clkbuf_2_2__f_clk/A (sky130_fd_sc_hd__clkbuf_16)
                  0.05    0.14    0.36 ^ clkbuf_2_2__f_clk/X (sky130_fd_sc_hd__clkbuf_16)
     8    0.02                           clknet_2_2__leaf_clk (net)
                  0.05    0.00    0.36 ^ _273_/CLK (sky130_fd_sc_hd__dfrtp_2)
                  0.08    0.46    0.82 v _273_/Q (sky130_fd_sc_hd__dfrtp_2)
     5    0.02                           net12 (net)
                  0.08    0.00    0.82 v _130_/A (sky130_fd_sc_hd__clkbuf_4)
                  0.09    0.22    1.04 v _130_/X (sky130_fd_sc_hd__clkbuf_4)
    10    0.04                           _120_ (net)
                  0.09    0.00    1.04 v _132_/A (sky130_fd_sc_hd__nor2_1)
                  0.29    0.28    1.33 ^ _132_/Y (sky130_fd_sc_hd__nor2_1)
     3    0.02                           net14 (net)
                  0.29    0.00    1.33 ^ output14/A (sky130_fd_sc_hd__clkbuf_4)
                  0.11    0.28    1.61 ^ output14/X (sky130_fd_sc_hd__clkbuf_4)
     1    0.03                           tx_busy (net)
                  0.11    0.00    1.61 ^ tx_busy (out)
                                  1.61   data arrival time

                         20.00   20.00   clock clk (rise edge)
                          0.00   20.00   clock network delay (propagated)
                         -0.25   19.75   clock uncertainty
                          0.00   19.75   clock reconvergence pessimism
                         -4.00   15.75   output external delay
                                 15.75   data required time
-----------------------------------------------------------------------------
                                 15.75   data required time
                                 -1.61   data arrival time
-----------------------------------------------------------------------------
                                 14.14   slack (MET)


Startpoint: tx_start (input port clocked by clk)
Endpoint: _295_ (rising edge-triggered flip-flop clocked by clk)
Path Group: clk
Path Type: max
Corner: Typical

Fanout     Cap    Slew   Delay    Time   Description
-----------------------------------------------------------------------------
                          0.00    0.00   clock clk (rise edge)
                          0.00    0.00   clock network delay (propagated)
                          4.00    4.00 ^ input external delay
                  0.02    0.01    4.01 ^ tx_start (in)
     1    0.00                           tx_start (net)
                  0.02    0.00    4.01 ^ input11/A (sky130_fd_sc_hd__clkbuf_1)
                  0.09    0.11    4.12 ^ input11/X (sky130_fd_sc_hd__clkbuf_1)
     1    0.01                           net11 (net)
                  0.09    0.00    4.12 ^ _216_/D_N (sky130_fd_sc_hd__or4b_2)
                  0.14    0.69    4.82 v _216_/X (sky130_fd_sc_hd__or4b_2)
     3    0.01                           _088_ (net)
                  0.14    0.00    4.82 v _223_/A (sky130_fd_sc_hd__clkbuf_4)
                  0.10    0.26    5.07 v _223_/X (sky130_fd_sc_hd__clkbuf_4)
    10    0.05                           _094_ (net)
                  0.10    0.00    5.08 v _234_/A1 (sky130_fd_sc_hd__a21oi_4)
                  0.30    0.31    5.38 ^ _234_/Y (sky130_fd_sc_hd__a21oi_4)
     8    0.04                           _102_ (net)
                  0.30    0.00    5.39 ^ _255_/A (sky130_fd_sc_hd__inv_2)
                  0.05    0.05    5.44 v _255_/Y (sky130_fd_sc_hd__inv_2)
     1    0.00                           _116_ (net)
                  0.05    0.00    5.44 v _257_/A2 (sky130_fd_sc_hd__a22o_1)
                  0.04    0.23    5.67 v _257_/X (sky130_fd_sc_hd__a22o_1)
     1    0.00                           _034_ (net)
                  0.04    0.00    5.67 v _295_/D (sky130_fd_sc_hd__dfrtp_1)
                                  5.67   data arrival time

                         20.00   20.00   clock clk (rise edge)
                          0.00   20.00   clock source latency
                  0.07    0.05   20.05 ^ clk (in)
     1    0.01                           clk (net)
                  0.07    0.00   20.05 ^ clkbuf_0_clk/A (sky130_fd_sc_hd__clkbuf_16)
                  0.07    0.15   20.19 ^ clkbuf_0_clk/X (sky130_fd_sc_hd__clkbuf_16)
     4    0.05                           clknet_0_clk (net)
                  0.07    0.00   20.20 ^ clkbuf_2_0__f_clk/A (sky130_fd_sc_hd__clkbuf_16)
                  0.05    0.13   20.33 ^ clkbuf_2_0__f_clk/X (sky130_fd_sc_hd__clkbuf_16)
     9    0.03                           clknet_2_0__leaf_clk (net)
                  0.05    0.00   20.33 ^ _295_/CLK (sky130_fd_sc_hd__dfrtp_1)
                         -0.25   20.08   clock uncertainty
                          0.00   20.08   clock reconvergence pessimism
                         -0.11   19.97   library setup time
                                 19.97   data required time
-----------------------------------------------------------------------------
                                 19.97   data required time
                                 -5.67   data arrival time
-----------------------------------------------------------------------------
                                 14.30   slack (MET)


Startpoint: tx_start (input port clocked by clk)
Endpoint: _287_ (rising edge-triggered flip-flop clocked by clk)
Path Group: clk
Path Type: max
Corner: Typical

Fanout     Cap    Slew   Delay    Time   Description
-----------------------------------------------------------------------------
                          0.00    0.00   clock clk (rise edge)
                          0.00    0.00   clock network delay (propagated)
                          4.00    4.00 ^ input external delay
                  0.02    0.01    4.01 ^ tx_start (in)
     1    0.00                           tx_start (net)
                  0.02    0.00    4.01 ^ input11/A (sky130_fd_sc_hd__clkbuf_1)
                  0.09    0.11    4.12 ^ input11/X (sky130_fd_sc_hd__clkbuf_1)
     1    0.01                           net11 (net)
                  0.09    0.00    4.12 ^ _216_/D_N (sky130_fd_sc_hd__or4b_2)
                  0.14    0.69    4.82 v _216_/X (sky130_fd_sc_hd__or4b_2)
     3    0.01                           _088_ (net)
                  0.14    0.00    4.82 v _223_/A (sky130_fd_sc_hd__clkbuf_4)
                  0.10    0.26    5.07 v _223_/X (sky130_fd_sc_hd__clkbuf_4)
    10    0.05                           _094_ (net)
                  0.10    0.00    5.08 v _224_/A2 (sky130_fd_sc_hd__a21o_1)
                  0.05    0.22    5.30 v _224_/X (sky130_fd_sc_hd__a21o_1)
     2    0.01                           _095_ (net)
                  0.05    0.00    5.30 v _232_/A1_N (sky130_fd_sc_hd__a2bb2o_1)
                  0.04    0.26    5.56 ^ _232_/X (sky130_fd_sc_hd__a2bb2o_1)
     1    0.00                           _026_ (net)
                  0.04    0.00    5.56 ^ _287_/D (sky130_fd_sc_hd__dfrtp_1)
                                  5.56   data arrival time

                         20.00   20.00   clock clk (rise edge)
                          0.00   20.00   clock source latency
                  0.07    0.05   20.05 ^ clk (in)
     1    0.01                           clk (net)
                  0.07    0.00   20.05 ^ clkbuf_0_clk/A (sky130_fd_sc_hd__clkbuf_16)
                  0.07    0.15   20.19 ^ clkbuf_0_clk/X (sky130_fd_sc_hd__clkbuf_16)
     4    0.05                           clknet_0_clk (net)
                  0.07    0.00   20.20 ^ clkbuf_2_0__f_clk/A (sky130_fd_sc_hd__clkbuf_16)
                  0.05    0.13   20.33 ^ clkbuf_2_0__f_clk/X (sky130_fd_sc_hd__clkbuf_16)
     9    0.03                           clknet_2_0__leaf_clk (net)
                  0.05    0.00   20.33 ^ _287_/CLK (sky130_fd_sc_hd__dfrtp_1)
                         -0.25   20.08   clock uncertainty
                          0.00   20.08   clock reconvergence pessimism
                         -0.06   20.02   library setup time
                                 20.02   data required time
-----------------------------------------------------------------------------
                                 20.02   data required time
                                 -5.56   data arrival time
-----------------------------------------------------------------------------
                                 14.46   slack (MET)


Startpoint: tx_start (input port clocked by clk)
Endpoint: _285_ (rising edge-triggered flip-flop clocked by clk)
Path Group: clk
Path Type: max
Corner: Typical

Fanout     Cap    Slew   Delay    Time   Description
-----------------------------------------------------------------------------
                          0.00    0.00   clock clk (rise edge)
                          0.00    0.00   clock network delay (propagated)
                          4.00    4.00 ^ input external delay
                  0.02    0.01    4.01 ^ tx_start (in)
     1    0.00                           tx_start (net)
                  0.02    0.00    4.01 ^ input11/A (sky130_fd_sc_hd__clkbuf_1)
                  0.09    0.11    4.12 ^ input11/X (sky130_fd_sc_hd__clkbuf_1)
     1    0.01                           net11 (net)
                  0.09    0.00    4.12 ^ _216_/D_N (sky130_fd_sc_hd__or4b_2)
                  0.14    0.69    4.82 v _216_/X (sky130_fd_sc_hd__or4b_2)
     3    0.01                           _088_ (net)
                  0.14    0.00    4.82 v _223_/A (sky130_fd_sc_hd__clkbuf_4)
                  0.10    0.26    5.07 v _223_/X (sky130_fd_sc_hd__clkbuf_4)
    10    0.05                           _094_ (net)
                  0.10    0.00    5.08 v _224_/A2 (sky130_fd_sc_hd__a21o_1)
                  0.05    0.22    5.30 v _224_/X (sky130_fd_sc_hd__a21o_1)
     2    0.01                           _095_ (net)
                  0.05    0.00    5.30 v _225_/B2 (sky130_fd_sc_hd__o22a_1)
                  0.05    0.17    5.47 v _225_/X (sky130_fd_sc_hd__o22a_1)
     1    0.00                           _024_ (net)
                  0.05    0.00    5.47 v _285_/D (sky130_fd_sc_hd__dfrtp_1)
                                  5.47   data arrival time

                         20.00   20.00   clock clk (rise edge)
                          0.00   20.00   clock source latency
                  0.07    0.05   20.05 ^ clk (in)
     1    0.01                           clk (net)
                  0.07    0.00   20.05 ^ clkbuf_0_clk/A (sky130_fd_sc_hd__clkbuf_16)
                  0.07    0.15   20.19 ^ clkbuf_0_clk/X (sky130_fd_sc_hd__clkbuf_16)
     4    0.05                           clknet_0_clk (net)
                  0.07    0.00   20.20 ^ clkbuf_2_1__f_clk/A (sky130_fd_sc_hd__clkbuf_16)
                  0.05    0.14   20.33 ^ clkbuf_2_1__f_clk/X (sky130_fd_sc_hd__clkbuf_16)
    11    0.03                           clknet_2_1__leaf_clk (net)
                  0.05    0.00   20.33 ^ _285_/CLK (sky130_fd_sc_hd__dfrtp_1)
                         -0.25   20.08   clock uncertainty
                          0.00   20.08   clock reconvergence pessimism
                         -0.11   19.97   library setup time
                                 19.97   data required time
-----------------------------------------------------------------------------
                                 19.97   data required time
                                 -5.47   data arrival time
-----------------------------------------------------------------------------
                                 14.50   slack (MET)


Startpoint: tx_start (input port clocked by clk)
Endpoint: _286_ (rising edge-triggered flip-flop clocked by clk)
Path Group: clk
Path Type: max
Corner: Typical

Fanout     Cap    Slew   Delay    Time   Description
-----------------------------------------------------------------------------
                          0.00    0.00   clock clk (rise edge)
                          0.00    0.00   clock network delay (propagated)
                          4.00    4.00 ^ input external delay
                  0.02    0.01    4.01 ^ tx_start (in)
     1    0.00                           tx_start (net)
                  0.02    0.00    4.01 ^ input11/A (sky130_fd_sc_hd__clkbuf_1)
                  0.09    0.11    4.12 ^ input11/X (sky130_fd_sc_hd__clkbuf_1)
     1    0.01                           net11 (net)
                  0.09    0.00    4.12 ^ _216_/D_N (sky130_fd_sc_hd__or4b_2)
                  0.14    0.69    4.82 v _216_/X (sky130_fd_sc_hd__or4b_2)
     3    0.01                           _088_ (net)
                  0.14    0.00    4.82 v _217_/A2 (sky130_fd_sc_hd__a21oi_2)
                  0.19    0.26    5.07 ^ _217_/Y (sky130_fd_sc_hd__a21oi_2)
     4    0.01                           _089_ (net)
                  0.19    0.00    5.07 ^ _227_/B1 (sky130_fd_sc_hd__o21ai_1)
                  0.08    0.12    5.20 v _227_/Y (sky130_fd_sc_hd__o21ai_1)
     2    0.01                           _097_ (net)
                  0.08    0.00    5.20 v _229_/A (sky130_fd_sc_hd__and2_1)
                  0.04    0.16    5.35 v _229_/X (sky130_fd_sc_hd__and2_1)
     1    0.00                           _099_ (net)
                  0.04    0.00    5.35 v _230_/A (sky130_fd_sc_hd__clkbuf_1)
                  0.02    0.08    5.44 v _230_/X (sky130_fd_sc_hd__clkbuf_1)
     1    0.00                           _025_ (net)
                  0.02    0.00    5.44 v _286_/D (sky130_fd_sc_hd__dfrtp_1)
                                  5.44   data arrival time

                         20.00   20.00   clock clk (rise edge)
                          0.00   20.00   clock source latency
                  0.07    0.05   20.05 ^ clk (in)
     1    0.01                           clk (net)
                  0.07    0.00   20.05 ^ clkbuf_0_clk/A (sky130_fd_sc_hd__clkbuf_16)
                  0.07    0.15   20.19 ^ clkbuf_0_clk/X (sky130_fd_sc_hd__clkbuf_16)
     4    0.05                           clknet_0_clk (net)
                  0.07    0.00   20.20 ^ clkbuf_2_1__f_clk/A (sky130_fd_sc_hd__clkbuf_16)
                  0.05    0.14   20.33 ^ clkbuf_2_1__f_clk/X (sky130_fd_sc_hd__clkbuf_16)
    11    0.03                           clknet_2_1__leaf_clk (net)
                  0.05    0.00   20.34 ^ _286_/CLK (sky130_fd_sc_hd__dfrtp_1)
                         -0.25   20.09   clock uncertainty
                          0.00   20.09   clock reconvergence pessimism
                         -0.10   19.98   library setup time
                                 19.98   data required time
-----------------------------------------------------------------------------
                                 19.98   data required time
                                 -5.44   data arrival time
-----------------------------------------------------------------------------
                                 14.54   slack (MET)


Startpoint: tx_start (input port clocked by clk)
Endpoint: _284_ (rising edge-triggered flip-flop clocked by clk)
Path Group: clk
Path Type: max
Corner: Typical

Fanout     Cap    Slew   Delay    Time   Description
-----------------------------------------------------------------------------
                          0.00    0.00   clock clk (rise edge)
                          0.00    0.00   clock network delay (propagated)
                          4.00    4.00 ^ input external delay
                  0.02    0.01    4.01 ^ tx_start (in)
     1    0.00                           tx_start (net)
                  0.02    0.00    4.01 ^ input11/A (sky130_fd_sc_hd__clkbuf_1)
                  0.09    0.11    4.12 ^ input11/X (sky130_fd_sc_hd__clkbuf_1)
     1    0.01                           net11 (net)
                  0.09    0.00    4.12 ^ _216_/D_N (sky130_fd_sc_hd__or4b_2)
                  0.14    0.69    4.82 v _216_/X (sky130_fd_sc_hd__or4b_2)
     3    0.01                           _088_ (net)
                  0.14    0.00    4.82 v _217_/A2 (sky130_fd_sc_hd__a21oi_2)
                  0.19    0.26    5.07 ^ _217_/Y (sky130_fd_sc_hd__a21oi_2)
     4    0.01                           _089_ (net)
                  0.19    0.00    5.07 ^ _219_/B (sky130_fd_sc_hd__and2_1)
                  0.08    0.19    5.26 ^ _219_/X (sky130_fd_sc_hd__and2_1)
     2    0.01                           _091_ (net)
                  0.08    0.00    5.26 ^ _220_/B1_N (sky130_fd_sc_hd__o21ba_1)
                  0.04    0.16    5.42 v _220_/X (sky130_fd_sc_hd__o21ba_1)
     1    0.00                           _023_ (net)
                  0.04    0.00    5.42 v _284_/D (sky130_fd_sc_hd__dfrtp_1)
                                  5.42   data arrival time

                         20.00   20.00   clock clk (rise edge)
                          0.00   20.00   clock source latency
                  0.07    0.05   20.05 ^ clk (in)
     1    0.01                           clk (net)
                  0.07    0.00   20.05 ^ clkbuf_0_clk/A (sky130_fd_sc_hd__clkbuf_16)
                  0.07    0.15   20.19 ^ clkbuf_0_clk/X (sky130_fd_sc_hd__clkbuf_16)
     4    0.05                           clknet_0_clk (net)
                  0.07    0.00   20.20 ^ clkbuf_2_1__f_clk/A (sky130_fd_sc_hd__clkbuf_16)
                  0.05    0.14   20.33 ^ clkbuf_2_1__f_clk/X (sky130_fd_sc_hd__clkbuf_16)
    11    0.03                           clknet_2_1__leaf_clk (net)
                  0.05    0.00   20.33 ^ _284_/CLK (sky130_fd_sc_hd__dfrtp_1)
                         -0.25   20.08   clock uncertainty
                          0.00   20.08   clock reconvergence pessimism
                         -0.11   19.98   library setup time
                                 19.98   data required time
-----------------------------------------------------------------------------
                                 19.98   data required time
                                 -5.42   data arrival time
-----------------------------------------------------------------------------
                                 14.56   slack (MET)


Startpoint: tx_start (input port clocked by clk)
Endpoint: _296_ (rising edge-triggered flip-flop clocked by clk)
Path Group: clk
Path Type: max
Corner: Typical

Fanout     Cap    Slew   Delay    Time   Description
-----------------------------------------------------------------------------
                          0.00    0.00   clock clk (rise edge)
                          0.00    0.00   clock network delay (propagated)
                          4.00    4.00 ^ input external delay
                  0.02    0.01    4.01 ^ tx_start (in)
     1    0.00                           tx_start (net)
                  0.02    0.00    4.01 ^ input11/A (sky130_fd_sc_hd__clkbuf_1)
                  0.09    0.11    4.12 ^ input11/X (sky130_fd_sc_hd__clkbuf_1)
     1    0.01                           net11 (net)
                  0.09    0.00    4.12 ^ _216_/D_N (sky130_fd_sc_hd__or4b_2)
                  0.14    0.69    4.82 v _216_/X (sky130_fd_sc_hd__or4b_2)
     3    0.01                           _088_ (net)
                  0.14    0.00    4.82 v _223_/A (sky130_fd_sc_hd__clkbuf_4)
                  0.10    0.26    5.07 v _223_/X (sky130_fd_sc_hd__clkbuf_4)
    10    0.05                           _094_ (net)
                  0.10    0.00    5.08 v _259_/A1 (sky130_fd_sc_hd__a21oi_1)
                  0.11    0.15    5.23 ^ _259_/Y (sky130_fd_sc_hd__a21oi_1)
     1    0.00                           _119_ (net)
                  0.11    0.00    5.23 ^ _260_/B1 (sky130_fd_sc_hd__a21o_1)
                  0.05    0.11    5.34 ^ _260_/X (sky130_fd_sc_hd__a21o_1)
     1    0.00                           _035_ (net)
                  0.05    0.00    5.34 ^ _296_/D (sky130_fd_sc_hd__dfrtp_4)
                                  5.34   data arrival time

                         20.00   20.00   clock clk (rise edge)
                          0.00   20.00   clock source latency
                  0.07    0.05   20.05 ^ clk (in)
     1    0.01                           clk (net)
                  0.07    0.00   20.05 ^ clkbuf_0_clk/A (sky130_fd_sc_hd__clkbuf_16)
                  0.07    0.15   20.19 ^ clkbuf_0_clk/X (sky130_fd_sc_hd__clkbuf_16)
     4    0.05                           clknet_0_clk (net)
                  0.07    0.00   20.20 ^ clkbuf_2_1__f_clk/A (sky130_fd_sc_hd__clkbuf_16)
                  0.05    0.14   20.33 ^ clkbuf_2_1__f_clk/X (sky130_fd_sc_hd__clkbuf_16)
    11    0.03                           clknet_2_1__leaf_clk (net)
                  0.05    0.00   20.33 ^ _296_/CLK (sky130_fd_sc_hd__dfrtp_4)
                         -0.25   20.08   clock uncertainty
                          0.00   20.08   clock reconvergence pessimism
                         -0.06   20.02   library setup time
                                 20.02   data required time
-----------------------------------------------------------------------------
                                 20.02   data required time
                                 -5.34   data arrival time
-----------------------------------------------------------------------------
                                 14.68   slack (MET)


Startpoint: _273_ (rising edge-triggered flip-flop clocked by clk)
Endpoint: sleep_ack (output port clocked by clk)
Path Group: clk
Path Type: max
Corner: Typical

Fanout     Cap    Slew   Delay    Time   Description
-----------------------------------------------------------------------------
                          0.00    0.00   clock clk (rise edge)
                          0.00    0.00   clock source latency
                  0.07    0.05    0.05 ^ clk (in)
     1    0.01                           clk (net)
                  0.07    0.00    0.05 ^ clkbuf_0_clk/A (sky130_fd_sc_hd__clkbuf_16)
                  0.07    0.16    0.21 ^ clkbuf_0_clk/X (sky130_fd_sc_hd__clkbuf_16)
     4    0.05                           clknet_0_clk (net)
                  0.07    0.00    0.22 ^ clkbuf_2_2__f_clk/A (sky130_fd_sc_hd__clkbuf_16)
                  0.05    0.14    0.36 ^ clkbuf_2_2__f_clk/X (sky130_fd_sc_hd__clkbuf_16)
     8    0.02                           clknet_2_2__leaf_clk (net)
                  0.05    0.00    0.36 ^ _273_/CLK (sky130_fd_sc_hd__dfrtp_2)
                  0.08    0.46    0.82 v _273_/Q (sky130_fd_sc_hd__dfrtp_2)
     5    0.02                           net12 (net)
                  0.08    0.00    0.82 v output12/A (sky130_fd_sc_hd__clkbuf_4)
                  0.08    0.21    1.03 v output12/X (sky130_fd_sc_hd__clkbuf_4)
     1    0.03                           sleep_ack (net)
                  0.08    0.00    1.04 v sleep_ack (out)
                                  1.04   data arrival time

                         20.00   20.00   clock clk (rise edge)
                          0.00   20.00   clock network delay (propagated)
                         -0.25   19.75   clock uncertainty
                          0.00   19.75   clock reconvergence pessimism
                         -4.00   15.75   output external delay
                                 15.75   data required time
-----------------------------------------------------------------------------
                                 15.75   data required time
                                 -1.04   data arrival time
-----------------------------------------------------------------------------
                                 14.71   slack (MET)


Startpoint: sleep (input port clocked by clk)
Endpoint: _273_ (rising edge-triggered flip-flop clocked by clk)
Path Group: clk
Path Type: max
Corner: Typical

Fanout     Cap    Slew   Delay    Time   Description
-----------------------------------------------------------------------------
                          0.00    0.00   clock clk (rise edge)
                          0.00    0.00   clock network delay (propagated)
                          4.00    4.00 v input external delay
                  0.01    0.00    4.00 v sleep (in)
     1    0.00                           sleep (net)
                  0.01    0.00    4.00 v input2/A (sky130_fd_sc_hd__buf_1)
                  0.08    0.12    4.13 v input2/X (sky130_fd_sc_hd__buf_1)
     2    0.01                           net2 (net)
                  0.08    0.00    4.13 v _178_/B (sky130_fd_sc_hd__and2b_1)
                  0.04    0.18    4.31 v _178_/X (sky130_fd_sc_hd__and2b_1)
     1    0.00                           _061_ (net)
                  0.04    0.00    4.31 v _179_/A (sky130_fd_sc_hd__clkbuf_1)
                  0.02    0.09    4.39 v _179_/X (sky130_fd_sc_hd__clkbuf_1)
     1    0.00                           _012_ (net)
                  0.02    0.00    4.39 v _273_/D (sky130_fd_sc_hd__dfrtp_2)
                                  4.39   data arrival time

                         20.00   20.00   clock clk (rise edge)
                          0.00   20.00   clock source latency
                  0.07    0.05   20.05 ^ clk (in)
     1    0.01                           clk (net)
                  0.07    0.00   20.05 ^ clkbuf_0_clk/A (sky130_fd_sc_hd__clkbuf_16)
                  0.07    0.15   20.19 ^ clkbuf_0_clk/X (sky130_fd_sc_hd__clkbuf_16)
     4    0.05                           clknet_0_clk (net)
                  0.07    0.00   20.20 ^ clkbuf_2_2__f_clk/A (sky130_fd_sc_hd__clkbuf_16)
                  0.05    0.13   20.33 ^ clkbuf_2_2__f_clk/X (sky130_fd_sc_hd__clkbuf_16)
     8    0.02                           clknet_2_2__leaf_clk (net)
                  0.05    0.00   20.33 ^ _273_/CLK (sky130_fd_sc_hd__dfrtp_2)
                         -0.25   20.08   clock uncertainty
                          0.00   20.08   clock reconvergence pessimism
                         -0.11   19.97   library setup time
                                 19.97   data required time
-----------------------------------------------------------------------------
                                 19.97   data required time
                                 -4.39   data arrival time
-----------------------------------------------------------------------------
                                 15.58   slack (MET)


Startpoint: sleep (input port clocked by clk)
Endpoint: _272_ (rising edge-triggered flip-flop clocked by clk)
Path Group: clk
Path Type: max
Corner: Typical

Fanout     Cap    Slew   Delay    Time   Description
-----------------------------------------------------------------------------
                          0.00    0.00   clock clk (rise edge)
                          0.00    0.00   clock network delay (propagated)
                          4.00    4.00 ^ input external delay
                  0.02    0.01    4.01 ^ sleep (in)
     1    0.00                           sleep (net)
                  0.02    0.00    4.01 ^ input2/A (sky130_fd_sc_hd__buf_1)
                  0.16    0.16    4.17 ^ input2/X (sky130_fd_sc_hd__buf_1)
     2    0.01                           net2 (net)
                  0.16    0.00    4.18 ^ _177_/B1 (sky130_fd_sc_hd__o21a_1)
                  0.04    0.15    4.32 ^ _177_/X (sky130_fd_sc_hd__o21a_1)
     1    0.00                           _011_ (net)
                  0.04    0.00    4.32 ^ _272_/D (sky130_fd_sc_hd__dfrtp_1)
                                  4.32   data arrival time

                         20.00   20.00   clock clk (rise edge)
                          0.00   20.00   clock source latency
                  0.07    0.05   20.05 ^ clk (in)
     1    0.01                           clk (net)
                  0.07    0.00   20.05 ^ clkbuf_0_clk/A (sky130_fd_sc_hd__clkbuf_16)
                  0.07    0.15   20.19 ^ clkbuf_0_clk/X (sky130_fd_sc_hd__clkbuf_16)
     4    0.05                           clknet_0_clk (net)
                  0.07    0.00   20.20 ^ clkbuf_2_2__f_clk/A (sky130_fd_sc_hd__clkbuf_16)
                  0.05    0.13   20.33 ^ clkbuf_2_2__f_clk/X (sky130_fd_sc_hd__clkbuf_16)
     8    0.02                           clknet_2_2__leaf_clk (net)
                  0.05    0.00   20.33 ^ _272_/CLK (sky130_fd_sc_hd__dfrtp_1)
                         -0.25   20.08   clock uncertainty
                          0.00   20.08   clock reconvergence pessimism
                         -0.06   20.02   library setup time
                                 20.02   data required time
-----------------------------------------------------------------------------
                                 20.02   data required time
                                 -4.32   data arrival time
-----------------------------------------------------------------------------
                                 15.70   slack (MET)


Startpoint: rst_n (input port clocked by clk)
Endpoint: _297_ (recovery check against rising-edge clock clk)
Path Group: asynchronous
Path Type: max
Corner: Typical

Fanout     Cap    Slew   Delay    Time   Description
-----------------------------------------------------------------------------
                          0.00    0.00   clock clk (rise edge)
                          0.00    0.00   clock network delay (propagated)
                          4.00    4.00 ^ input external delay
                  0.02    0.01    4.01 ^ rst_n (in)
     1    0.00                           rst_n (net)
                  0.02    0.00    4.01 ^ input1/A (sky130_fd_sc_hd__clkbuf_2)
                  0.14    0.17    4.19 ^ input1/X (sky130_fd_sc_hd__clkbuf_2)
     4    0.03                           net1 (net)
                  0.14    0.00    4.19 ^ fanout17/A (sky130_fd_sc_hd__clkbuf_4)
                  0.16    0.26    4.45 ^ fanout17/X (sky130_fd_sc_hd__clkbuf_4)
    10    0.05                           net17 (net)
                  0.16    0.00    4.45 ^ _297_/RESET_B (sky130_fd_sc_hd__dfrtp_4)
                                  4.45   data arrival time

                         20.00   20.00   clock clk (rise edge)
                          0.00   20.00   clock source latency
                  0.07    0.05   20.05 ^ clk (in)
     1    0.01                           clk (net)
                  0.07    0.00   20.05 ^ clkbuf_0_clk/A (sky130_fd_sc_hd__clkbuf_16)
                  0.07    0.15   20.19 ^ clkbuf_0_clk/X (sky130_fd_sc_hd__clkbuf_16)
     4    0.05                           clknet_0_clk (net)
                  0.07    0.00   20.20 ^ clkbuf_2_1__f_clk/A (sky130_fd_sc_hd__clkbuf_16)
                  0.05    0.14   20.33 ^ clkbuf_2_1__f_clk/X (sky130_fd_sc_hd__clkbuf_16)
    11    0.03                           clknet_2_1__leaf_clk (net)
                  0.05    0.00   20.33 ^ _297_/CLK (sky130_fd_sc_hd__dfrtp_4)
                         -0.25   20.08   clock uncertainty
                          0.00   20.08   clock reconvergence pessimism
                          0.18   20.27   library recovery time
                                 20.27   data required time
-----------------------------------------------------------------------------
                                 20.27   data required time
                                 -4.45   data arrival time
-----------------------------------------------------------------------------
                                 15.82   slack (MET)


Startpoint: rst_n (input port clocked by clk)
Endpoint: _296_ (recovery check against rising-edge clock clk)
Path Group: asynchronous
Path Type: max
Corner: Typical

Fanout     Cap    Slew   Delay    Time   Description
-----------------------------------------------------------------------------
                          0.00    0.00   clock clk (rise edge)
                          0.00    0.00   clock network delay (propagated)
                          4.00    4.00 ^ input external delay
                  0.02    0.01    4.01 ^ rst_n (in)
     1    0.00                           rst_n (net)
                  0.02    0.00    4.01 ^ input1/A (sky130_fd_sc_hd__clkbuf_2)
                  0.14    0.17    4.19 ^ input1/X (sky130_fd_sc_hd__clkbuf_2)
     4    0.03                           net1 (net)
                  0.14    0.00    4.19 ^ fanout17/A (sky130_fd_sc_hd__clkbuf_4)
                  0.16    0.26    4.45 ^ fanout17/X (sky130_fd_sc_hd__clkbuf_4)
    10    0.05                           net17 (net)
                  0.16    0.00    4.45 ^ _296_/RESET_B (sky130_fd_sc_hd__dfrtp_4)
                                  4.45   data arrival time

                         20.00   20.00   clock clk (rise edge)
                          0.00   20.00   clock source latency
                  0.07    0.05   20.05 ^ clk (in)
     1    0.01                           clk (net)
                  0.07    0.00   20.05 ^ clkbuf_0_clk/A (sky130_fd_sc_hd__clkbuf_16)
                  0.07    0.15   20.19 ^ clkbuf_0_clk/X (sky130_fd_sc_hd__clkbuf_16)
     4    0.05                           clknet_0_clk (net)
                  0.07    0.00   20.20 ^ clkbuf_2_1__f_clk/A (sky130_fd_sc_hd__clkbuf_16)
                  0.05    0.14   20.33 ^ clkbuf_2_1__f_clk/X (sky130_fd_sc_hd__clkbuf_16)
    11    0.03                           clknet_2_1__leaf_clk (net)
                  0.05    0.00   20.33 ^ _296_/CLK (sky130_fd_sc_hd__dfrtp_4)
                         -0.25   20.08   clock uncertainty
                          0.00   20.08   clock reconvergence pessimism
                          0.18   20.27   library recovery time
                                 20.27   data required time
-----------------------------------------------------------------------------
                                 20.27   data required time
                                 -4.45   data arrival time
-----------------------------------------------------------------------------
                                 15.82   slack (MET)


Startpoint: rst_n (input port clocked by clk)
Endpoint: _274_ (recovery check against rising-edge clock clk)
Path Group: asynchronous
Path Type: max
Corner: Typical

Fanout     Cap    Slew   Delay    Time   Description
-----------------------------------------------------------------------------
                          0.00    0.00   clock clk (rise edge)
                          0.00    0.00   clock network delay (propagated)
                          4.00    4.00 ^ input external delay
                  0.02    0.01    4.01 ^ rst_n (in)
     1    0.00                           rst_n (net)
                  0.02    0.00    4.01 ^ input1/A (sky130_fd_sc_hd__clkbuf_2)
                  0.14    0.17    4.19 ^ input1/X (sky130_fd_sc_hd__clkbuf_2)
     4    0.03                           net1 (net)
                  0.14    0.00    4.19 ^ fanout16/A (sky130_fd_sc_hd__clkbuf_4)
                  0.14    0.25    4.44 ^ fanout16/X (sky130_fd_sc_hd__clkbuf_4)
     8    0.04                           net16 (net)
                  0.14    0.00    4.44 ^ _274_/RESET_B (sky130_fd_sc_hd__dfrtp_4)
                                  4.44   data arrival time

                         20.00   20.00   clock clk (rise edge)
                          0.00   20.00   clock source latency
                  0.07    0.05   20.05 ^ clk (in)
     1    0.01                           clk (net)
                  0.07    0.00   20.05 ^ clkbuf_0_clk/A (sky130_fd_sc_hd__clkbuf_16)
                  0.07    0.15   20.19 ^ clkbuf_0_clk/X (sky130_fd_sc_hd__clkbuf_16)
     4    0.05                           clknet_0_clk (net)
                  0.07    0.00   20.20 ^ clkbuf_2_2__f_clk/A (sky130_fd_sc_hd__clkbuf_16)
                  0.05    0.13   20.33 ^ clkbuf_2_2__f_clk/X (sky130_fd_sc_hd__clkbuf_16)
     8    0.02                           clknet_2_2__leaf_clk (net)
                  0.05    0.00   20.33 ^ _274_/CLK (sky130_fd_sc_hd__dfrtp_4)
                         -0.25   20.08   clock uncertainty
                          0.00   20.08   clock reconvergence pessimism
                          0.19   20.27   library recovery time
                                 20.27   data required time
-----------------------------------------------------------------------------
                                 20.27   data required time
                                 -4.44   data arrival time
-----------------------------------------------------------------------------
                                 15.83   slack (MET)


Startpoint: rst_n (input port clocked by clk)
Endpoint: _272_ (recovery check against rising-edge clock clk)
Path Group: asynchronous
Path Type: max
Corner: Typical

Fanout     Cap    Slew   Delay    Time   Description
-----------------------------------------------------------------------------
                          0.00    0.00   clock clk (rise edge)
                          0.00    0.00   clock network delay (propagated)
                          4.00    4.00 ^ input external delay
                  0.02    0.01    4.01 ^ rst_n (in)
     1    0.00                           rst_n (net)
                  0.02    0.00    4.01 ^ input1/A (sky130_fd_sc_hd__clkbuf_2)
                  0.14    0.17    4.19 ^ input1/X (sky130_fd_sc_hd__clkbuf_2)
     4    0.03                           net1 (net)
                  0.14    0.00    4.19 ^ fanout15/A (sky130_fd_sc_hd__clkbuf_4)
                  0.15    0.26    4.45 ^ fanout15/X (sky130_fd_sc_hd__clkbuf_4)
    10    0.05                           net15 (net)
                  0.15    0.00    4.45 ^ _272_/RESET_B (sky130_fd_sc_hd__dfrtp_1)
                                  4.45   data arrival time

                         20.00   20.00   clock clk (rise edge)
                          0.00   20.00   clock source latency
                  0.07    0.05   20.05 ^ clk (in)
     1    0.01                           clk (net)
                  0.07    0.00   20.05 ^ clkbuf_0_clk/A (sky130_fd_sc_hd__clkbuf_16)
                  0.07    0.15   20.19 ^ clkbuf_0_clk/X (sky130_fd_sc_hd__clkbuf_16)
     4    0.05                           clknet_0_clk (net)
                  0.07    0.00   20.20 ^ clkbuf_2_2__f_clk/A (sky130_fd_sc_hd__clkbuf_16)
                  0.05    0.13   20.33 ^ clkbuf_2_2__f_clk/X (sky130_fd_sc_hd__clkbuf_16)
     8    0.02                           clknet_2_2__leaf_clk (net)
                  0.05    0.00   20.33 ^ _272_/CLK (sky130_fd_sc_hd__dfrtp_1)
                         -0.25   20.08   clock uncertainty
                          0.00   20.08   clock reconvergence pessimism
                          0.20   20.28   library recovery time
                                 20.28   data required time
-----------------------------------------------------------------------------
                                 20.28   data required time
                                 -4.45   data arrival time
-----------------------------------------------------------------------------
                                 15.83   slack (MET)


Startpoint: rst_n (input port clocked by clk)
Endpoint: _276_ (recovery check against rising-edge clock clk)
Path Group: asynchronous
Path Type: max
Corner: Typical

Fanout     Cap    Slew   Delay    Time   Description
-----------------------------------------------------------------------------
                          0.00    0.00   clock clk (rise edge)
                          0.00    0.00   clock network delay (propagated)
                          4.00    4.00 ^ input external delay
                  0.02    0.01    4.01 ^ rst_n (in)
     1    0.00                           rst_n (net)
                  0.02    0.00    4.01 ^ input1/A (sky130_fd_sc_hd__clkbuf_2)
                  0.14    0.17    4.19 ^ input1/X (sky130_fd_sc_hd__clkbuf_2)
     4    0.03                           net1 (net)
                  0.14    0.00    4.19 ^ fanout16/A (sky130_fd_sc_hd__clkbuf_4)
                  0.14    0.25    4.44 ^ fanout16/X (sky130_fd_sc_hd__clkbuf_4)
     8    0.04                           net16 (net)
                  0.14    0.00    4.44 ^ _276_/RESET_B (sky130_fd_sc_hd__dfrtp_2)
                                  4.44   data arrival time

                         20.00   20.00   clock clk (rise edge)
                          0.00   20.00   clock source latency
                  0.07    0.05   20.05 ^ clk (in)
     1    0.01                           clk (net)
                  0.07    0.00   20.05 ^ clkbuf_0_clk/A (sky130_fd_sc_hd__clkbuf_16)
                  0.07    0.15   20.19 ^ clkbuf_0_clk/X (sky130_fd_sc_hd__clkbuf_16)
     4    0.05                           clknet_0_clk (net)
                  0.07    0.00   20.20 ^ clkbuf_2_2__f_clk/A (sky130_fd_sc_hd__clkbuf_16)
                  0.05    0.13   20.33 ^ clkbuf_2_2__f_clk/X (sky130_fd_sc_hd__clkbuf_16)
     8    0.02                           clknet_2_2__leaf_clk (net)
                  0.05    0.00   20.33 ^ _276_/CLK (sky130_fd_sc_hd__dfrtp_2)
                         -0.25   20.08   clock uncertainty
                          0.00   20.08   clock reconvergence pessimism
                          0.19   20.27   library recovery time
                                 20.27   data required time
-----------------------------------------------------------------------------
                                 20.27   data required time
                                 -4.44   data arrival time
-----------------------------------------------------------------------------
                                 15.83   slack (MET)


Startpoint: rst_n (input port clocked by clk)
Endpoint: _275_ (recovery check against rising-edge clock clk)
Path Group: asynchronous
Path Type: max
Corner: Typical

Fanout     Cap    Slew   Delay    Time   Description
-----------------------------------------------------------------------------
                          0.00    0.00   clock clk (rise edge)
                          0.00    0.00   clock network delay (propagated)
                          4.00    4.00 ^ input external delay
                  0.02    0.01    4.01 ^ rst_n (in)
     1    0.00                           rst_n (net)
                  0.02    0.00    4.01 ^ input1/A (sky130_fd_sc_hd__clkbuf_2)
                  0.14    0.17    4.19 ^ input1/X (sky130_fd_sc_hd__clkbuf_2)
     4    0.03                           net1 (net)
                  0.14    0.00    4.19 ^ fanout16/A (sky130_fd_sc_hd__clkbuf_4)
                  0.14    0.25    4.44 ^ fanout16/X (sky130_fd_sc_hd__clkbuf_4)
     8    0.04                           net16 (net)
                  0.14    0.00    4.44 ^ _275_/RESET_B (sky130_fd_sc_hd__dfrtp_2)
                                  4.44   data arrival time

                         20.00   20.00   clock clk (rise edge)
                          0.00   20.00   clock source latency
                  0.07    0.05   20.05 ^ clk (in)
     1    0.01                           clk (net)
                  0.07    0.00   20.05 ^ clkbuf_0_clk/A (sky130_fd_sc_hd__clkbuf_16)
                  0.07    0.15   20.19 ^ clkbuf_0_clk/X (sky130_fd_sc_hd__clkbuf_16)
     4    0.05                           clknet_0_clk (net)
                  0.07    0.00   20.20 ^ clkbuf_2_2__f_clk/A (sky130_fd_sc_hd__clkbuf_16)
                  0.05    0.13   20.33 ^ clkbuf_2_2__f_clk/X (sky130_fd_sc_hd__clkbuf_16)
     8    0.02                           clknet_2_2__leaf_clk (net)
                  0.05    0.00   20.33 ^ _275_/CLK (sky130_fd_sc_hd__dfrtp_2)
                         -0.25   20.08   clock uncertainty
                          0.00   20.08   clock reconvergence pessimism
                          0.19   20.27   library recovery time
                                 20.27   data required time
-----------------------------------------------------------------------------
                                 20.27   data required time
                                 -4.44   data arrival time
-----------------------------------------------------------------------------
                                 15.83   slack (MET)


Startpoint: rst_n (input port clocked by clk)
Endpoint: _292_ (recovery check against rising-edge clock clk)
Path Group: asynchronous
Path Type: max
Corner: Typical

Fanout     Cap    Slew   Delay    Time   Description
-----------------------------------------------------------------------------
                          0.00    0.00   clock clk (rise edge)
                          0.00    0.00   clock network delay (propagated)
                          4.00    4.00 ^ input external delay
                  0.02    0.01    4.01 ^ rst_n (in)
     1    0.00                           rst_n (net)
                  0.02    0.00    4.01 ^ input1/A (sky130_fd_sc_hd__clkbuf_2)
                  0.14    0.17    4.19 ^ input1/X (sky130_fd_sc_hd__clkbuf_2)
     4    0.03                           net1 (net)
                  0.14    0.00    4.19 ^ fanout15/A (sky130_fd_sc_hd__clkbuf_4)
                  0.15    0.26    4.45 ^ fanout15/X (sky130_fd_sc_hd__clkbuf_4)
    10    0.05                           net15 (net)
                  0.15    0.00    4.45 ^ _292_/RESET_B (sky130_fd_sc_hd__dfrtp_1)
                                  4.45   data arrival time

                         20.00   20.00   clock clk (rise edge)
                          0.00   20.00   clock source latency
                  0.07    0.05   20.05 ^ clk (in)
     1    0.01                           clk (net)
                  0.07    0.00   20.05 ^ clkbuf_0_clk/A (sky130_fd_sc_hd__clkbuf_16)
                  0.07    0.15   20.19 ^ clkbuf_0_clk/X (sky130_fd_sc_hd__clkbuf_16)
     4    0.05                           clknet_0_clk (net)
                  0.07    0.00   20.20 ^ clkbuf_2_0__f_clk/A (sky130_fd_sc_hd__clkbuf_16)
                  0.05    0.13   20.33 ^ clkbuf_2_0__f_clk/X (sky130_fd_sc_hd__clkbuf_16)
     9    0.03                           clknet_2_0__leaf_clk (net)
                  0.05    0.00   20.33 ^ _292_/CLK (sky130_fd_sc_hd__dfrtp_1)
                         -0.25   20.08   clock uncertainty
                          0.00   20.08   clock reconvergence pessimism
                          0.20   20.28   library recovery time
                                 20.28   data required time
-----------------------------------------------------------------------------
                                 20.28   data required time
                                 -4.45   data arrival time
-----------------------------------------------------------------------------
                                 15.83   slack (MET)


Startpoint: rst_n (input port clocked by clk)
Endpoint: _291_ (recovery check against rising-edge clock clk)
Path Group: asynchronous
Path Type: max
Corner: Typical

Fanout     Cap    Slew   Delay    Time   Description
-----------------------------------------------------------------------------
                          0.00    0.00   clock clk (rise edge)
                          0.00    0.00   clock network delay (propagated)
                          4.00    4.00 ^ input external delay
                  0.02    0.01    4.01 ^ rst_n (in)
     1    0.00                           rst_n (net)
                  0.02    0.00    4.01 ^ input1/A (sky130_fd_sc_hd__clkbuf_2)
                  0.14    0.17    4.19 ^ input1/X (sky130_fd_sc_hd__clkbuf_2)
     4    0.03                           net1 (net)
                  0.14    0.00    4.19 ^ fanout15/A (sky130_fd_sc_hd__clkbuf_4)
                  0.15    0.26    4.45 ^ fanout15/X (sky130_fd_sc_hd__clkbuf_4)
    10    0.05                           net15 (net)
                  0.15    0.00    4.45 ^ _291_/RESET_B (sky130_fd_sc_hd__dfrtp_1)
                                  4.45   data arrival time

                         20.00   20.00   clock clk (rise edge)
                          0.00   20.00   clock source latency
                  0.07    0.05   20.05 ^ clk (in)
     1    0.01                           clk (net)
                  0.07    0.00   20.05 ^ clkbuf_0_clk/A (sky130_fd_sc_hd__clkbuf_16)
                  0.07    0.15   20.19 ^ clkbuf_0_clk/X (sky130_fd_sc_hd__clkbuf_16)
     4    0.05                           clknet_0_clk (net)
                  0.07    0.00   20.20 ^ clkbuf_2_0__f_clk/A (sky130_fd_sc_hd__clkbuf_16)
                  0.05    0.13   20.33 ^ clkbuf_2_0__f_clk/X (sky130_fd_sc_hd__clkbuf_16)
     9    0.03                           clknet_2_0__leaf_clk (net)
                  0.05    0.00   20.33 ^ _291_/CLK (sky130_fd_sc_hd__dfrtp_1)
                         -0.25   20.08   clock uncertainty
                          0.00   20.08   clock reconvergence pessimism
                          0.20   20.28   library recovery time
                                 20.28   data required time
-----------------------------------------------------------------------------
                                 20.28   data required time
                                 -4.45   data arrival time
-----------------------------------------------------------------------------
                                 15.83   slack (MET)


Startpoint: rst_n (input port clocked by clk)
Endpoint: _293_ (recovery check against rising-edge clock clk)
Path Group: asynchronous
Path Type: max
Corner: Typical

Fanout     Cap    Slew   Delay    Time   Description
-----------------------------------------------------------------------------
                          0.00    0.00   clock clk (rise edge)
                          0.00    0.00   clock network delay (propagated)
                          4.00    4.00 ^ input external delay
                  0.02    0.01    4.01 ^ rst_n (in)
     1    0.00                           rst_n (net)
                  0.02    0.00    4.01 ^ input1/A (sky130_fd_sc_hd__clkbuf_2)
                  0.14    0.17    4.19 ^ input1/X (sky130_fd_sc_hd__clkbuf_2)
     4    0.03                           net1 (net)
                  0.14    0.00    4.19 ^ fanout15/A (sky130_fd_sc_hd__clkbuf_4)
                  0.15    0.26    4.45 ^ fanout15/X (sky130_fd_sc_hd__clkbuf_4)
    10    0.05                           net15 (net)
                  0.15    0.00    4.45 ^ _293_/RESET_B (sky130_fd_sc_hd__dfrtp_1)
                                  4.45   data arrival time

                         20.00   20.00   clock clk (rise edge)
                          0.00   20.00   clock source latency
                  0.07    0.05   20.05 ^ clk (in)
     1    0.01                           clk (net)
                  0.07    0.00   20.05 ^ clkbuf_0_clk/A (sky130_fd_sc_hd__clkbuf_16)
                  0.07    0.15   20.19 ^ clkbuf_0_clk/X (sky130_fd_sc_hd__clkbuf_16)
     4    0.05                           clknet_0_clk (net)
                  0.07    0.00   20.20 ^ clkbuf_2_0__f_clk/A (sky130_fd_sc_hd__clkbuf_16)
                  0.05    0.13   20.33 ^ clkbuf_2_0__f_clk/X (sky130_fd_sc_hd__clkbuf_16)
     9    0.03                           clknet_2_0__leaf_clk (net)
                  0.05    0.00   20.33 ^ _293_/CLK (sky130_fd_sc_hd__dfrtp_1)
                         -0.25   20.08   clock uncertainty
                          0.00   20.08   clock reconvergence pessimism
                          0.20   20.29   library recovery time
                                 20.29   data required time
-----------------------------------------------------------------------------
                                 20.29   data required time
                                 -4.45   data arrival time
-----------------------------------------------------------------------------
                                 15.83   slack (MET)


Startpoint: rst_n (input port clocked by clk)
Endpoint: _294_ (recovery check against rising-edge clock clk)
Path Group: asynchronous
Path Type: max
Corner: Typical

Fanout     Cap    Slew   Delay    Time   Description
-----------------------------------------------------------------------------
                          0.00    0.00   clock clk (rise edge)
                          0.00    0.00   clock network delay (propagated)
                          4.00    4.00 ^ input external delay
                  0.02    0.01    4.01 ^ rst_n (in)
     1    0.00                           rst_n (net)
                  0.02    0.00    4.01 ^ input1/A (sky130_fd_sc_hd__clkbuf_2)
                  0.14    0.17    4.19 ^ input1/X (sky130_fd_sc_hd__clkbuf_2)
     4    0.03                           net1 (net)
                  0.14    0.00    4.19 ^ fanout15/A (sky130_fd_sc_hd__clkbuf_4)
                  0.15    0.26    4.45 ^ fanout15/X (sky130_fd_sc_hd__clkbuf_4)
    10    0.05                           net15 (net)
                  0.15    0.00    4.45 ^ _294_/RESET_B (sky130_fd_sc_hd__dfrtp_1)
                                  4.45   data arrival time

                         20.00   20.00   clock clk (rise edge)
                          0.00   20.00   clock source latency
                  0.07    0.05   20.05 ^ clk (in)
     1    0.01                           clk (net)
                  0.07    0.00   20.05 ^ clkbuf_0_clk/A (sky130_fd_sc_hd__clkbuf_16)
                  0.07    0.15   20.19 ^ clkbuf_0_clk/X (sky130_fd_sc_hd__clkbuf_16)
     4    0.05                           clknet_0_clk (net)
                  0.07    0.00   20.20 ^ clkbuf_2_0__f_clk/A (sky130_fd_sc_hd__clkbuf_16)
                  0.05    0.13   20.33 ^ clkbuf_2_0__f_clk/X (sky130_fd_sc_hd__clkbuf_16)
     9    0.03                           clknet_2_0__leaf_clk (net)
                  0.05    0.00   20.33 ^ _294_/CLK (sky130_fd_sc_hd__dfrtp_1)
                         -0.25   20.08   clock uncertainty
                          0.00   20.08   clock reconvergence pessimism
                          0.20   20.29   library recovery time
                                 20.29   data required time
-----------------------------------------------------------------------------
                                 20.29   data required time
                                 -4.45   data arrival time
-----------------------------------------------------------------------------
                                 15.83   slack (MET)


Startpoint: rst_n (input port clocked by clk)
Endpoint: _289_ (recovery check against rising-edge clock clk)
Path Group: asynchronous
Path Type: max
Corner: Typical

Fanout     Cap    Slew   Delay    Time   Description
-----------------------------------------------------------------------------
                          0.00    0.00   clock clk (rise edge)
                          0.00    0.00   clock network delay (propagated)
                          4.00    4.00 ^ input external delay
                  0.02    0.01    4.01 ^ rst_n (in)
     1    0.00                           rst_n (net)
                  0.02    0.00    4.01 ^ input1/A (sky130_fd_sc_hd__clkbuf_2)
                  0.14    0.17    4.19 ^ input1/X (sky130_fd_sc_hd__clkbuf_2)
     4    0.03                           net1 (net)
                  0.14    0.00    4.19 ^ fanout15/A (sky130_fd_sc_hd__clkbuf_4)
                  0.15    0.26    4.45 ^ fanout15/X (sky130_fd_sc_hd__clkbuf_4)
    10    0.05                           net15 (net)
                  0.15    0.00    4.45 ^ _289_/RESET_B (sky130_fd_sc_hd__dfrtp_1)
                                  4.45   data arrival time

                         20.00   20.00   clock clk (rise edge)
                          0.00   20.00   clock source latency
                  0.07    0.05   20.05 ^ clk (in)
     1    0.01                           clk (net)
                  0.07    0.00   20.05 ^ clkbuf_0_clk/A (sky130_fd_sc_hd__clkbuf_16)
                  0.07    0.15   20.19 ^ clkbuf_0_clk/X (sky130_fd_sc_hd__clkbuf_16)
     4    0.05                           clknet_0_clk (net)
                  0.07    0.00   20.20 ^ clkbuf_2_0__f_clk/A (sky130_fd_sc_hd__clkbuf_16)
                  0.05    0.13   20.33 ^ clkbuf_2_0__f_clk/X (sky130_fd_sc_hd__clkbuf_16)
     9    0.03                           clknet_2_0__leaf_clk (net)
                  0.05    0.00   20.33 ^ _289_/CLK (sky130_fd_sc_hd__dfrtp_1)
                         -0.25   20.08   clock uncertainty
                          0.00   20.08   clock reconvergence pessimism
                          0.20   20.29   library recovery time
                                 20.29   data required time
-----------------------------------------------------------------------------
                                 20.29   data required time
                                 -4.45   data arrival time
-----------------------------------------------------------------------------
                                 15.83   slack (MET)


Startpoint: rst_n (input port clocked by clk)
Endpoint: _290_ (recovery check against rising-edge clock clk)
Path Group: asynchronous
Path Type: max
Corner: Typical

Fanout     Cap    Slew   Delay    Time   Description
-----------------------------------------------------------------------------
                          0.00    0.00   clock clk (rise edge)
                          0.00    0.00   clock network delay (propagated)
                          4.00    4.00 ^ input external delay
                  0.02    0.01    4.01 ^ rst_n (in)
     1    0.00                           rst_n (net)
                  0.02    0.00    4.01 ^ input1/A (sky130_fd_sc_hd__clkbuf_2)
                  0.14    0.17    4.19 ^ input1/X (sky130_fd_sc_hd__clkbuf_2)
     4    0.03                           net1 (net)
                  0.14    0.00    4.19 ^ fanout15/A (sky130_fd_sc_hd__clkbuf_4)
                  0.15    0.26    4.45 ^ fanout15/X (sky130_fd_sc_hd__clkbuf_4)
    10    0.05                           net15 (net)
                  0.15    0.00    4.45 ^ _290_/RESET_B (sky130_fd_sc_hd__dfrtp_1)
                                  4.45   data arrival time

                         20.00   20.00   clock clk (rise edge)
                          0.00   20.00   clock source latency
                  0.07    0.05   20.05 ^ clk (in)
     1    0.01                           clk (net)
                  0.07    0.00   20.05 ^ clkbuf_0_clk/A (sky130_fd_sc_hd__clkbuf_16)
                  0.07    0.15   20.19 ^ clkbuf_0_clk/X (sky130_fd_sc_hd__clkbuf_16)
     4    0.05                           clknet_0_clk (net)
                  0.07    0.00   20.20 ^ clkbuf_2_0__f_clk/A (sky130_fd_sc_hd__clkbuf_16)
                  0.05    0.13   20.33 ^ clkbuf_2_0__f_clk/X (sky130_fd_sc_hd__clkbuf_16)
     9    0.03                           clknet_2_0__leaf_clk (net)
                  0.05    0.00   20.33 ^ _290_/CLK (sky130_fd_sc_hd__dfrtp_1)
                         -0.25   20.08   clock uncertainty
                          0.00   20.08   clock reconvergence pessimism
                          0.20   20.29   library recovery time
                                 20.29   data required time
-----------------------------------------------------------------------------
                                 20.29   data required time
                                 -4.45   data arrival time
-----------------------------------------------------------------------------
                                 15.83   slack (MET)


Startpoint: rst_n (input port clocked by clk)
Endpoint: _288_ (recovery check against rising-edge clock clk)
Path Group: asynchronous
Path Type: max
Corner: Typical

Fanout     Cap    Slew   Delay    Time   Description
-----------------------------------------------------------------------------
                          0.00    0.00   clock clk (rise edge)
                          0.00    0.00   clock network delay (propagated)
                          4.00    4.00 ^ input external delay
                  0.02    0.01    4.01 ^ rst_n (in)
     1    0.00                           rst_n (net)
                  0.02    0.00    4.01 ^ input1/A (sky130_fd_sc_hd__clkbuf_2)
                  0.14    0.17    4.19 ^ input1/X (sky130_fd_sc_hd__clkbuf_2)
     4    0.03                           net1 (net)
                  0.14    0.00    4.19 ^ fanout15/A (sky130_fd_sc_hd__clkbuf_4)
                  0.15    0.26    4.45 ^ fanout15/X (sky130_fd_sc_hd__clkbuf_4)
    10    0.05                           net15 (net)
                  0.15    0.00    4.45 ^ _288_/RESET_B (sky130_fd_sc_hd__dfrtp_1)
                                  4.45   data arrival time

                         20.00   20.00   clock clk (rise edge)
                          0.00   20.00   clock source latency
                  0.07    0.05   20.05 ^ clk (in)
     1    0.01                           clk (net)
                  0.07    0.00   20.05 ^ clkbuf_0_clk/A (sky130_fd_sc_hd__clkbuf_16)
                  0.07    0.15   20.19 ^ clkbuf_0_clk/X (sky130_fd_sc_hd__clkbuf_16)
     4    0.05                           clknet_0_clk (net)
                  0.07    0.00   20.20 ^ clkbuf_2_0__f_clk/A (sky130_fd_sc_hd__clkbuf_16)
                  0.05    0.13   20.33 ^ clkbuf_2_0__f_clk/X (sky130_fd_sc_hd__clkbuf_16)
     9    0.03                           clknet_2_0__leaf_clk (net)
                  0.05    0.00   20.33 ^ _288_/CLK (sky130_fd_sc_hd__dfrtp_1)
                         -0.25   20.08   clock uncertainty
                          0.00   20.08   clock reconvergence pessimism
                          0.20   20.28   library recovery time
                                 20.28   data required time
-----------------------------------------------------------------------------
                                 20.28   data required time
                                 -4.45   data arrival time
-----------------------------------------------------------------------------
                                 15.83   slack (MET)


Startpoint: rst_n (input port clocked by clk)
Endpoint: _295_ (recovery check against rising-edge clock clk)
Path Group: asynchronous
Path Type: max
Corner: Typical

Fanout     Cap    Slew   Delay    Time   Description
-----------------------------------------------------------------------------
                          0.00    0.00   clock clk (rise edge)
                          0.00    0.00   clock network delay (propagated)
                          4.00    4.00 ^ input external delay
                  0.02    0.01    4.01 ^ rst_n (in)
     1    0.00                           rst_n (net)
                  0.02    0.00    4.01 ^ input1/A (sky130_fd_sc_hd__clkbuf_2)
                  0.14    0.17    4.19 ^ input1/X (sky130_fd_sc_hd__clkbuf_2)
     4    0.03                           net1 (net)
                  0.14    0.00    4.19 ^ fanout15/A (sky130_fd_sc_hd__clkbuf_4)
                  0.15    0.26    4.45 ^ fanout15/X (sky130_fd_sc_hd__clkbuf_4)
    10    0.05                           net15 (net)
                  0.15    0.00    4.45 ^ _295_/RESET_B (sky130_fd_sc_hd__dfrtp_1)
                                  4.45   data arrival time

                         20.00   20.00   clock clk (rise edge)
                          0.00   20.00   clock source latency
                  0.07    0.05   20.05 ^ clk (in)
     1    0.01                           clk (net)
                  0.07    0.00   20.05 ^ clkbuf_0_clk/A (sky130_fd_sc_hd__clkbuf_16)
                  0.07    0.15   20.19 ^ clkbuf_0_clk/X (sky130_fd_sc_hd__clkbuf_16)
     4    0.05                           clknet_0_clk (net)
                  0.07    0.00   20.20 ^ clkbuf_2_0__f_clk/A (sky130_fd_sc_hd__clkbuf_16)
                  0.05    0.13   20.33 ^ clkbuf_2_0__f_clk/X (sky130_fd_sc_hd__clkbuf_16)
     9    0.03                           clknet_2_0__leaf_clk (net)
                  0.05    0.00   20.33 ^ _295_/CLK (sky130_fd_sc_hd__dfrtp_1)
                         -0.25   20.08   clock uncertainty
                          0.00   20.08   clock reconvergence pessimism
                          0.20   20.28   library recovery time
                                 20.28   data required time
-----------------------------------------------------------------------------
                                 20.28   data required time
                                 -4.45   data arrival time
-----------------------------------------------------------------------------
                                 15.83   slack (MET)


Startpoint: rst_n (input port clocked by clk)
Endpoint: _273_ (recovery check against rising-edge clock clk)
Path Group: asynchronous
Path Type: max
Corner: Typical

Fanout     Cap    Slew   Delay    Time   Description
-----------------------------------------------------------------------------
                          0.00    0.00   clock clk (rise edge)
                          0.00    0.00   clock network delay (propagated)
                          4.00    4.00 ^ input external delay
                  0.02    0.01    4.01 ^ rst_n (in)
     1    0.00                           rst_n (net)
                  0.02    0.00    4.01 ^ input1/A (sky130_fd_sc_hd__clkbuf_2)
                  0.14    0.17    4.19 ^ input1/X (sky130_fd_sc_hd__clkbuf_2)
     4    0.03                           net1 (net)
                  0.14    0.00    4.19 ^ fanout16/A (sky130_fd_sc_hd__clkbuf_4)
                  0.14    0.25    4.44 ^ fanout16/X (sky130_fd_sc_hd__clkbuf_4)
     8    0.04                           net16 (net)
                  0.14    0.00    4.44 ^ _273_/RESET_B (sky130_fd_sc_hd__dfrtp_2)
                                  4.44   data arrival time

                         20.00   20.00   clock clk (rise edge)
                          0.00   20.00   clock source latency
                  0.07    0.05   20.05 ^ clk (in)
     1    0.01                           clk (net)
                  0.07    0.00   20.05 ^ clkbuf_0_clk/A (sky130_fd_sc_hd__clkbuf_16)
                  0.07    0.15   20.19 ^ clkbuf_0_clk/X (sky130_fd_sc_hd__clkbuf_16)
     4    0.05                           clknet_0_clk (net)
                  0.07    0.00   20.20 ^ clkbuf_2_2__f_clk/A (sky130_fd_sc_hd__clkbuf_16)
                  0.05    0.13   20.33 ^ clkbuf_2_2__f_clk/X (sky130_fd_sc_hd__clkbuf_16)
     8    0.02                           clknet_2_2__leaf_clk (net)
                  0.05    0.00   20.33 ^ _273_/CLK (sky130_fd_sc_hd__dfrtp_2)
                         -0.25   20.08   clock uncertainty
                          0.00   20.08   clock reconvergence pessimism
                          0.19   20.27   library recovery time
                                 20.27   data required time
-----------------------------------------------------------------------------
                                 20.27   data required time
                                 -4.44   data arrival time
-----------------------------------------------------------------------------
                                 15.83   slack (MET)


Startpoint: rst_n (input port clocked by clk)
Endpoint: _287_ (recovery check against rising-edge clock clk)
Path Group: asynchronous
Path Type: max
Corner: Typical

Fanout     Cap    Slew   Delay    Time   Description
-----------------------------------------------------------------------------
                          0.00    0.00   clock clk (rise edge)
                          0.00    0.00   clock network delay (propagated)
                          4.00    4.00 ^ input external delay
                  0.02    0.01    4.01 ^ rst_n (in)
     1    0.00                           rst_n (net)
                  0.02    0.00    4.01 ^ input1/A (sky130_fd_sc_hd__clkbuf_2)
                  0.14    0.17    4.19 ^ input1/X (sky130_fd_sc_hd__clkbuf_2)
     4    0.03                           net1 (net)
                  0.14    0.00    4.19 ^ fanout15/A (sky130_fd_sc_hd__clkbuf_4)
                  0.15    0.26    4.45 ^ fanout15/X (sky130_fd_sc_hd__clkbuf_4)
    10    0.05                           net15 (net)
                  0.15    0.00    4.45 ^ _287_/RESET_B (sky130_fd_sc_hd__dfrtp_1)
                                  4.45   data arrival time

                         20.00   20.00   clock clk (rise edge)
                          0.00   20.00   clock source latency
                  0.07    0.05   20.05 ^ clk (in)
     1    0.01                           clk (net)
                  0.07    0.00   20.05 ^ clkbuf_0_clk/A (sky130_fd_sc_hd__clkbuf_16)
                  0.07    0.15   20.19 ^ clkbuf_0_clk/X (sky130_fd_sc_hd__clkbuf_16)
     4    0.05                           clknet_0_clk (net)
                  0.07    0.00   20.20 ^ clkbuf_2_0__f_clk/A (sky130_fd_sc_hd__clkbuf_16)
                  0.05    0.13   20.33 ^ clkbuf_2_0__f_clk/X (sky130_fd_sc_hd__clkbuf_16)
     9    0.03                           clknet_2_0__leaf_clk (net)
                  0.05    0.00   20.33 ^ _287_/CLK (sky130_fd_sc_hd__dfrtp_1)
                         -0.25   20.08   clock uncertainty
                          0.00   20.08   clock reconvergence pessimism
                          0.20   20.28   library recovery time
                                 20.28   data required time
-----------------------------------------------------------------------------
                                 20.28   data required time
                                 -4.45   data arrival time
-----------------------------------------------------------------------------
                                 15.83   slack (MET)


Startpoint: rst_n (input port clocked by clk)
Endpoint: _298_ (recovery check against rising-edge clock clk)
Path Group: asynchronous
Path Type: max
Corner: Typical

Fanout     Cap    Slew   Delay    Time   Description
-----------------------------------------------------------------------------
                          0.00    0.00   clock clk (rise edge)
                          0.00    0.00   clock network delay (propagated)
                          4.00    4.00 ^ input external delay
                  0.02    0.01    4.01 ^ rst_n (in)
     1    0.00                           rst_n (net)
                  0.02    0.00    4.01 ^ input1/A (sky130_fd_sc_hd__clkbuf_2)
                  0.14    0.17    4.19 ^ input1/X (sky130_fd_sc_hd__clkbuf_2)
     4    0.03                           net1 (net)
                  0.14    0.00    4.19 ^ fanout17/A (sky130_fd_sc_hd__clkbuf_4)
                  0.16    0.26    4.45 ^ fanout17/X (sky130_fd_sc_hd__clkbuf_4)
    10    0.05                           net17 (net)
                  0.16    0.00    4.45 ^ _298_/RESET_B (sky130_fd_sc_hd__dfrtp_1)
                                  4.45   data arrival time

                         20.00   20.00   clock clk (rise edge)
                          0.00   20.00   clock source latency
                  0.07    0.05   20.05 ^ clk (in)
     1    0.01                           clk (net)
                  0.07    0.00   20.05 ^ clkbuf_0_clk/A (sky130_fd_sc_hd__clkbuf_16)
                  0.07    0.15   20.19 ^ clkbuf_0_clk/X (sky130_fd_sc_hd__clkbuf_16)
     4    0.05                           clknet_0_clk (net)
                  0.07    0.00   20.20 ^ clkbuf_2_1__f_clk/A (sky130_fd_sc_hd__clkbuf_16)
                  0.05    0.14   20.33 ^ clkbuf_2_1__f_clk/X (sky130_fd_sc_hd__clkbuf_16)
    11    0.03                           clknet_2_1__leaf_clk (net)
                  0.05    0.00   20.33 ^ _298_/CLK (sky130_fd_sc_hd__dfrtp_1)
                         -0.25   20.08   clock uncertainty
                          0.00   20.08   clock reconvergence pessimism
                          0.20   20.29   library recovery time
                                 20.29   data required time
-----------------------------------------------------------------------------
                                 20.29   data required time
                                 -4.45   data arrival time
-----------------------------------------------------------------------------
                                 15.84   slack (MET)


Startpoint: rst_n (input port clocked by clk)
Endpoint: _286_ (recovery check against rising-edge clock clk)
Path Group: asynchronous
Path Type: max
Corner: Typical

Fanout     Cap    Slew   Delay    Time   Description
-----------------------------------------------------------------------------
                          0.00    0.00   clock clk (rise edge)
                          0.00    0.00   clock network delay (propagated)
                          4.00    4.00 ^ input external delay
                  0.02    0.01    4.01 ^ rst_n (in)
     1    0.00                           rst_n (net)
                  0.02    0.00    4.01 ^ input1/A (sky130_fd_sc_hd__clkbuf_2)
                  0.14    0.17    4.19 ^ input1/X (sky130_fd_sc_hd__clkbuf_2)
     4    0.03                           net1 (net)
                  0.14    0.00    4.19 ^ fanout17/A (sky130_fd_sc_hd__clkbuf_4)
                  0.16    0.26    4.45 ^ fanout17/X (sky130_fd_sc_hd__clkbuf_4)
    10    0.05                           net17 (net)
                  0.16    0.00    4.45 ^ _286_/RESET_B (sky130_fd_sc_hd__dfrtp_1)
                                  4.45   data arrival time

                         20.00   20.00   clock clk (rise edge)
                          0.00   20.00   clock source latency
                  0.07    0.05   20.05 ^ clk (in)
     1    0.01                           clk (net)
                  0.07    0.00   20.05 ^ clkbuf_0_clk/A (sky130_fd_sc_hd__clkbuf_16)
                  0.07    0.15   20.19 ^ clkbuf_0_clk/X (sky130_fd_sc_hd__clkbuf_16)
     4    0.05                           clknet_0_clk (net)
                  0.07    0.00   20.20 ^ clkbuf_2_1__f_clk/A (sky130_fd_sc_hd__clkbuf_16)
                  0.05    0.14   20.33 ^ clkbuf_2_1__f_clk/X (sky130_fd_sc_hd__clkbuf_16)
    11    0.03                           clknet_2_1__leaf_clk (net)
                  0.05    0.00   20.34 ^ _286_/CLK (sky130_fd_sc_hd__dfrtp_1)
                         -0.25   20.09   clock uncertainty
                          0.00   20.09   clock reconvergence pessimism
                          0.20   20.29   library recovery time
                                 20.29   data required time
-----------------------------------------------------------------------------
                                 20.29   data required time
                                 -4.45   data arrival time
-----------------------------------------------------------------------------
                                 15.84   slack (MET)


Startpoint: rst_n (input port clocked by clk)
Endpoint: _267_ (recovery check against rising-edge clock clk)
Path Group: asynchronous
Path Type: max
Corner: Typical

Fanout     Cap    Slew   Delay    Time   Description
-----------------------------------------------------------------------------
                          0.00    0.00   clock clk (rise edge)
                          0.00    0.00   clock network delay (propagated)
                          4.00    4.00 ^ input external delay
                  0.02    0.01    4.01 ^ rst_n (in)
     1    0.00                           rst_n (net)
                  0.02    0.00    4.01 ^ input1/A (sky130_fd_sc_hd__clkbuf_2)
                  0.14    0.17    4.19 ^ input1/X (sky130_fd_sc_hd__clkbuf_2)
     4    0.03                           net1 (net)
                  0.14    0.00    4.19 ^ fanout17/A (sky130_fd_sc_hd__clkbuf_4)
                  0.16    0.26    4.45 ^ fanout17/X (sky130_fd_sc_hd__clkbuf_4)
    10    0.05                           net17 (net)
                  0.16    0.00    4.45 ^ _267_/RESET_B (sky130_fd_sc_hd__dfrtp_1)
                                  4.45   data arrival time

                         20.00   20.00   clock clk (rise edge)
                          0.00   20.00   clock source latency
                  0.07    0.05   20.05 ^ clk (in)
     1    0.01                           clk (net)
                  0.07    0.00   20.05 ^ clkbuf_0_clk/A (sky130_fd_sc_hd__clkbuf_16)
                  0.07    0.15   20.19 ^ clkbuf_0_clk/X (sky130_fd_sc_hd__clkbuf_16)
     4    0.05                           clknet_0_clk (net)
                  0.07    0.00   20.20 ^ clkbuf_2_1__f_clk/A (sky130_fd_sc_hd__clkbuf_16)
                  0.05    0.14   20.33 ^ clkbuf_2_1__f_clk/X (sky130_fd_sc_hd__clkbuf_16)
    11    0.03                           clknet_2_1__leaf_clk (net)
                  0.05    0.00   20.33 ^ _267_/CLK (sky130_fd_sc_hd__dfrtp_1)
                         -0.25   20.08   clock uncertainty
                          0.00   20.08   clock reconvergence pessimism
                          0.20   20.29   library recovery time
                                 20.29   data required time
-----------------------------------------------------------------------------
                                 20.29   data required time
                                 -4.45   data arrival time
-----------------------------------------------------------------------------
                                 15.84   slack (MET)


Startpoint: rst_n (input port clocked by clk)
Endpoint: _284_ (recovery check against rising-edge clock clk)
Path Group: asynchronous
Path Type: max
Corner: Typical

Fanout     Cap    Slew   Delay    Time   Description
-----------------------------------------------------------------------------
                          0.00    0.00   clock clk (rise edge)
                          0.00    0.00   clock network delay (propagated)
                          4.00    4.00 ^ input external delay
                  0.02    0.01    4.01 ^ rst_n (in)
     1    0.00                           rst_n (net)
                  0.02    0.00    4.01 ^ input1/A (sky130_fd_sc_hd__clkbuf_2)
                  0.14    0.17    4.19 ^ input1/X (sky130_fd_sc_hd__clkbuf_2)
     4    0.03                           net1 (net)
                  0.14    0.00    4.19 ^ fanout17/A (sky130_fd_sc_hd__clkbuf_4)
                  0.16    0.26    4.45 ^ fanout17/X (sky130_fd_sc_hd__clkbuf_4)
    10    0.05                           net17 (net)
                  0.16    0.00    4.45 ^ _284_/RESET_B (sky130_fd_sc_hd__dfrtp_1)
                                  4.45   data arrival time

                         20.00   20.00   clock clk (rise edge)
                          0.00   20.00   clock source latency
                  0.07    0.05   20.05 ^ clk (in)
     1    0.01                           clk (net)
                  0.07    0.00   20.05 ^ clkbuf_0_clk/A (sky130_fd_sc_hd__clkbuf_16)
                  0.07    0.15   20.19 ^ clkbuf_0_clk/X (sky130_fd_sc_hd__clkbuf_16)
     4    0.05                           clknet_0_clk (net)
                  0.07    0.00   20.20 ^ clkbuf_2_1__f_clk/A (sky130_fd_sc_hd__clkbuf_16)
                  0.05    0.14   20.33 ^ clkbuf_2_1__f_clk/X (sky130_fd_sc_hd__clkbuf_16)
    11    0.03                           clknet_2_1__leaf_clk (net)
                  0.05    0.00   20.33 ^ _284_/CLK (sky130_fd_sc_hd__dfrtp_1)
                         -0.25   20.08   clock uncertainty
                          0.00   20.08   clock reconvergence pessimism
                          0.20   20.29   library recovery time
                                 20.29   data required time
-----------------------------------------------------------------------------
                                 20.29   data required time
                                 -4.45   data arrival time
-----------------------------------------------------------------------------
                                 15.84   slack (MET)


Startpoint: rst_n (input port clocked by clk)
Endpoint: _268_ (recovery check against rising-edge clock clk)
Path Group: asynchronous
Path Type: max
Corner: Typical

Fanout     Cap    Slew   Delay    Time   Description
-----------------------------------------------------------------------------
                          0.00    0.00   clock clk (rise edge)
                          0.00    0.00   clock network delay (propagated)
                          4.00    4.00 ^ input external delay
                  0.02    0.01    4.01 ^ rst_n (in)
     1    0.00                           rst_n (net)
                  0.02    0.00    4.01 ^ input1/A (sky130_fd_sc_hd__clkbuf_2)
                  0.14    0.17    4.19 ^ input1/X (sky130_fd_sc_hd__clkbuf_2)
     4    0.03                           net1 (net)
                  0.14    0.00    4.19 ^ fanout17/A (sky130_fd_sc_hd__clkbuf_4)
                  0.16    0.26    4.45 ^ fanout17/X (sky130_fd_sc_hd__clkbuf_4)
    10    0.05                           net17 (net)
                  0.16    0.00    4.45 ^ _268_/RESET_B (sky130_fd_sc_hd__dfrtp_1)
                                  4.45   data arrival time

                         20.00   20.00   clock clk (rise edge)
                          0.00   20.00   clock source latency
                  0.07    0.05   20.05 ^ clk (in)
     1    0.01                           clk (net)
                  0.07    0.00   20.05 ^ clkbuf_0_clk/A (sky130_fd_sc_hd__clkbuf_16)
                  0.07    0.15   20.19 ^ clkbuf_0_clk/X (sky130_fd_sc_hd__clkbuf_16)
     4    0.05                           clknet_0_clk (net)
                  0.07    0.00   20.20 ^ clkbuf_2_1__f_clk/A (sky130_fd_sc_hd__clkbuf_16)
                  0.05    0.14   20.33 ^ clkbuf_2_1__f_clk/X (sky130_fd_sc_hd__clkbuf_16)
    11    0.03                           clknet_2_1__leaf_clk (net)
                  0.05    0.00   20.33 ^ _268_/CLK (sky130_fd_sc_hd__dfrtp_1)
                         -0.25   20.08   clock uncertainty
                          0.00   20.08   clock reconvergence pessimism
                          0.20   20.29   library recovery time
                                 20.29   data required time
-----------------------------------------------------------------------------
                                 20.29   data required time
                                 -4.45   data arrival time
-----------------------------------------------------------------------------
                                 15.84   slack (MET)


Startpoint: rst_n (input port clocked by clk)
Endpoint: _285_ (recovery check against rising-edge clock clk)
Path Group: asynchronous
Path Type: max
Corner: Typical

Fanout     Cap    Slew   Delay    Time   Description
-----------------------------------------------------------------------------
                          0.00    0.00   clock clk (rise edge)
                          0.00    0.00   clock network delay (propagated)
                          4.00    4.00 ^ input external delay
                  0.02    0.01    4.01 ^ rst_n (in)
     1    0.00                           rst_n (net)
                  0.02    0.00    4.01 ^ input1/A (sky130_fd_sc_hd__clkbuf_2)
                  0.14    0.17    4.19 ^ input1/X (sky130_fd_sc_hd__clkbuf_2)
     4    0.03                           net1 (net)
                  0.14    0.00    4.19 ^ fanout17/A (sky130_fd_sc_hd__clkbuf_4)
                  0.16    0.26    4.45 ^ fanout17/X (sky130_fd_sc_hd__clkbuf_4)
    10    0.05                           net17 (net)
                  0.16    0.00    4.45 ^ _285_/RESET_B (sky130_fd_sc_hd__dfrtp_1)
                                  4.45   data arrival time

                         20.00   20.00   clock clk (rise edge)
                          0.00   20.00   clock source latency
                  0.07    0.05   20.05 ^ clk (in)
     1    0.01                           clk (net)
                  0.07    0.00   20.05 ^ clkbuf_0_clk/A (sky130_fd_sc_hd__clkbuf_16)
                  0.07    0.15   20.19 ^ clkbuf_0_clk/X (sky130_fd_sc_hd__clkbuf_16)
     4    0.05                           clknet_0_clk (net)
                  0.07    0.00   20.20 ^ clkbuf_2_1__f_clk/A (sky130_fd_sc_hd__clkbuf_16)
                  0.05    0.14   20.33 ^ clkbuf_2_1__f_clk/X (sky130_fd_sc_hd__clkbuf_16)
    11    0.03                           clknet_2_1__leaf_clk (net)
                  0.05    0.00   20.33 ^ _285_/CLK (sky130_fd_sc_hd__dfrtp_1)
                         -0.25   20.08   clock uncertainty
                          0.00   20.08   clock reconvergence pessimism
                          0.20   20.29   library recovery time
                                 20.29   data required time
-----------------------------------------------------------------------------
                                 20.29   data required time
                                 -4.45   data arrival time
-----------------------------------------------------------------------------
                                 15.84   slack (MET)


Startpoint: rst_n (input port clocked by clk)
Endpoint: _269_ (recovery check against rising-edge clock clk)
Path Group: asynchronous
Path Type: max
Corner: Typical

Fanout     Cap    Slew   Delay    Time   Description
-----------------------------------------------------------------------------
                          0.00    0.00   clock clk (rise edge)
                          0.00    0.00   clock network delay (propagated)
                          4.00    4.00 ^ input external delay
                  0.02    0.01    4.01 ^ rst_n (in)
     1    0.00                           rst_n (net)
                  0.02    0.00    4.01 ^ input1/A (sky130_fd_sc_hd__clkbuf_2)
                  0.14    0.17    4.19 ^ input1/X (sky130_fd_sc_hd__clkbuf_2)
     4    0.03                           net1 (net)
                  0.14    0.00    4.19 ^ fanout18/A (sky130_fd_sc_hd__clkbuf_4)
                  0.14    0.25    4.44 ^ fanout18/X (sky130_fd_sc_hd__clkbuf_4)
     9    0.04                           net18 (net)
                  0.14    0.00    4.44 ^ _269_/RESET_B (sky130_fd_sc_hd__dfrtp_2)
                                  4.44   data arrival time

                         20.00   20.00   clock clk (rise edge)
                          0.00   20.00   clock source latency
                  0.07    0.05   20.05 ^ clk (in)
     1    0.01                           clk (net)
                  0.07    0.00   20.05 ^ clkbuf_0_clk/A (sky130_fd_sc_hd__clkbuf_16)
                  0.07    0.15   20.19 ^ clkbuf_0_clk/X (sky130_fd_sc_hd__clkbuf_16)
     4    0.05                           clknet_0_clk (net)
                  0.07    0.00   20.20 ^ clkbuf_2_1__f_clk/A (sky130_fd_sc_hd__clkbuf_16)
                  0.05    0.14   20.33 ^ clkbuf_2_1__f_clk/X (sky130_fd_sc_hd__clkbuf_16)
    11    0.03                           clknet_2_1__leaf_clk (net)
                  0.05    0.00   20.33 ^ _269_/CLK (sky130_fd_sc_hd__dfrtp_2)
                         -0.25   20.08   clock uncertainty
                          0.00   20.08   clock reconvergence pessimism
                          0.19   20.28   library recovery time
                                 20.28   data required time
-----------------------------------------------------------------------------
                                 20.28   data required time
                                 -4.44   data arrival time
-----------------------------------------------------------------------------
                                 15.84   slack (MET)


Startpoint: rst_n (input port clocked by clk)
Endpoint: _270_ (recovery check against rising-edge clock clk)
Path Group: asynchronous
Path Type: max
Corner: Typical

Fanout     Cap    Slew   Delay    Time   Description
-----------------------------------------------------------------------------
                          0.00    0.00   clock clk (rise edge)
                          0.00    0.00   clock network delay (propagated)
                          4.00    4.00 ^ input external delay
                  0.02    0.01    4.01 ^ rst_n (in)
     1    0.00                           rst_n (net)
                  0.02    0.00    4.01 ^ input1/A (sky130_fd_sc_hd__clkbuf_2)
                  0.14    0.17    4.19 ^ input1/X (sky130_fd_sc_hd__clkbuf_2)
     4    0.03                           net1 (net)
                  0.14    0.00    4.19 ^ fanout17/A (sky130_fd_sc_hd__clkbuf_4)
                  0.16    0.26    4.45 ^ fanout17/X (sky130_fd_sc_hd__clkbuf_4)
    10    0.05                           net17 (net)
                  0.16    0.00    4.45 ^ _270_/RESET_B (sky130_fd_sc_hd__dfrtp_1)
                                  4.45   data arrival time

                         20.00   20.00   clock clk (rise edge)
                          0.00   20.00   clock source latency
                  0.07    0.05   20.05 ^ clk (in)
     1    0.01                           clk (net)
                  0.07    0.00   20.05 ^ clkbuf_0_clk/A (sky130_fd_sc_hd__clkbuf_16)
                  0.07    0.15   20.19 ^ clkbuf_0_clk/X (sky130_fd_sc_hd__clkbuf_16)
     4    0.05                           clknet_0_clk (net)
                  0.07    0.00   20.20 ^ clkbuf_2_1__f_clk/A (sky130_fd_sc_hd__clkbuf_16)
                  0.05    0.14   20.33 ^ clkbuf_2_1__f_clk/X (sky130_fd_sc_hd__clkbuf_16)
    11    0.03                           clknet_2_1__leaf_clk (net)
                  0.05    0.00   20.33 ^ _270_/CLK (sky130_fd_sc_hd__dfrtp_1)
                         -0.25   20.08   clock uncertainty
                          0.00   20.08   clock reconvergence pessimism
                          0.20   20.29   library recovery time
                                 20.29   data required time
-----------------------------------------------------------------------------
                                 20.29   data required time
                                 -4.45   data arrival time
-----------------------------------------------------------------------------
                                 15.84   slack (MET)


Startpoint: rst_n (input port clocked by clk)
Endpoint: _266_ (recovery check against rising-edge clock clk)
Path Group: asynchronous
Path Type: max
Corner: Typical

Fanout     Cap    Slew   Delay    Time   Description
-----------------------------------------------------------------------------
                          0.00    0.00   clock clk (rise edge)
                          0.00    0.00   clock network delay (propagated)
                          4.00    4.00 ^ input external delay
                  0.02    0.01    4.01 ^ rst_n (in)
     1    0.00                           rst_n (net)
                  0.02    0.00    4.01 ^ input1/A (sky130_fd_sc_hd__clkbuf_2)
                  0.14    0.17    4.19 ^ input1/X (sky130_fd_sc_hd__clkbuf_2)
     4    0.03                           net1 (net)
                  0.14    0.00    4.19 ^ fanout17/A (sky130_fd_sc_hd__clkbuf_4)
                  0.16    0.26    4.45 ^ fanout17/X (sky130_fd_sc_hd__clkbuf_4)
    10    0.05                           net17 (net)
                  0.16    0.00    4.45 ^ _266_/RESET_B (sky130_fd_sc_hd__dfrtp_1)
                                  4.45   data arrival time

                         20.00   20.00   clock clk (rise edge)
                          0.00   20.00   clock source latency
                  0.07    0.05   20.05 ^ clk (in)
     1    0.01                           clk (net)
                  0.07    0.00   20.05 ^ clkbuf_0_clk/A (sky130_fd_sc_hd__clkbuf_16)
                  0.07    0.15   20.19 ^ clkbuf_0_clk/X (sky130_fd_sc_hd__clkbuf_16)
     4    0.05                           clknet_0_clk (net)
                  0.07    0.00   20.20 ^ clkbuf_2_1__f_clk/A (sky130_fd_sc_hd__clkbuf_16)
                  0.05    0.14   20.33 ^ clkbuf_2_1__f_clk/X (sky130_fd_sc_hd__clkbuf_16)
    11    0.03                           clknet_2_1__leaf_clk (net)
                  0.05    0.00   20.33 ^ _266_/CLK (sky130_fd_sc_hd__dfrtp_1)
                         -0.25   20.08   clock uncertainty
                          0.00   20.08   clock reconvergence pessimism
                          0.20   20.29   library recovery time
                                 20.29   data required time
-----------------------------------------------------------------------------
                                 20.29   data required time
                                 -4.45   data arrival time
-----------------------------------------------------------------------------
                                 15.84   slack (MET)


Startpoint: rst_n (input port clocked by clk)
Endpoint: _277_ (recovery check against rising-edge clock clk)
Path Group: asynchronous
Path Type: max
Corner: Typical

Fanout     Cap    Slew   Delay    Time   Description
-----------------------------------------------------------------------------
                          0.00    0.00   clock clk (rise edge)
                          0.00    0.00   clock network delay (propagated)
                          4.00    4.00 ^ input external delay
                  0.02    0.01    4.01 ^ rst_n (in)
     1    0.00                           rst_n (net)
                  0.02    0.00    4.01 ^ input1/A (sky130_fd_sc_hd__clkbuf_2)
                  0.14    0.17    4.19 ^ input1/X (sky130_fd_sc_hd__clkbuf_2)
     4    0.03                           net1 (net)
                  0.14    0.00    4.19 ^ fanout16/A (sky130_fd_sc_hd__clkbuf_4)
                  0.14    0.25    4.44 ^ fanout16/X (sky130_fd_sc_hd__clkbuf_4)
     8    0.04                           net16 (net)
                  0.14    0.00    4.44 ^ _277_/RESET_B (sky130_fd_sc_hd__dfrtp_1)
                                  4.44   data arrival time

                         20.00   20.00   clock clk (rise edge)
                          0.00   20.00   clock source latency
                  0.07    0.05   20.05 ^ clk (in)
     1    0.01                           clk (net)
                  0.07    0.00   20.05 ^ clkbuf_0_clk/A (sky130_fd_sc_hd__clkbuf_16)
                  0.07    0.15   20.19 ^ clkbuf_0_clk/X (sky130_fd_sc_hd__clkbuf_16)
     4    0.05                           clknet_0_clk (net)
                  0.07    0.00   20.20 ^ clkbuf_2_2__f_clk/A (sky130_fd_sc_hd__clkbuf_16)
                  0.05    0.13   20.33 ^ clkbuf_2_2__f_clk/X (sky130_fd_sc_hd__clkbuf_16)
     8    0.02                           clknet_2_2__leaf_clk (net)
                  0.05    0.00   20.33 ^ _277_/CLK (sky130_fd_sc_hd__dfrtp_1)
                         -0.25   20.08   clock uncertainty
                          0.00   20.08   clock reconvergence pessimism
                          0.21   20.28   library recovery time
                                 20.28   data required time
-----------------------------------------------------------------------------
                                 20.28   data required time
                                 -4.44   data arrival time
-----------------------------------------------------------------------------
                                 15.84   slack (MET)


Startpoint: rst_n (input port clocked by clk)
Endpoint: _283_ (recovery check against rising-edge clock clk)
Path Group: asynchronous
Path Type: max
Corner: Typical

Fanout     Cap    Slew   Delay    Time   Description
-----------------------------------------------------------------------------
                          0.00    0.00   clock clk (rise edge)
                          0.00    0.00   clock network delay (propagated)
                          4.00    4.00 ^ input external delay
                  0.02    0.01    4.01 ^ rst_n (in)
     1    0.00                           rst_n (net)
                  0.02    0.00    4.01 ^ input1/A (sky130_fd_sc_hd__clkbuf_2)
                  0.14    0.17    4.19 ^ input1/X (sky130_fd_sc_hd__clkbuf_2)
     4    0.03                           net1 (net)
                  0.14    0.00    4.19 ^ fanout16/A (sky130_fd_sc_hd__clkbuf_4)
                  0.14    0.25    4.44 ^ fanout16/X (sky130_fd_sc_hd__clkbuf_4)
     8    0.04                           net16 (net)
                  0.14    0.00    4.44 ^ _283_/RESET_B (sky130_fd_sc_hd__dfrtp_1)
                                  4.44   data arrival time

                         20.00   20.00   clock clk (rise edge)
                          0.00   20.00   clock source latency
                  0.07    0.05   20.05 ^ clk (in)
     1    0.01                           clk (net)
                  0.07    0.00   20.05 ^ clkbuf_0_clk/A (sky130_fd_sc_hd__clkbuf_16)
                  0.07    0.15   20.19 ^ clkbuf_0_clk/X (sky130_fd_sc_hd__clkbuf_16)
     4    0.05                           clknet_0_clk (net)
                  0.07    0.00   20.20 ^ clkbuf_2_2__f_clk/A (sky130_fd_sc_hd__clkbuf_16)
                  0.05    0.13   20.33 ^ clkbuf_2_2__f_clk/X (sky130_fd_sc_hd__clkbuf_16)
     8    0.02                           clknet_2_2__leaf_clk (net)
                  0.05    0.00   20.33 ^ _283_/CLK (sky130_fd_sc_hd__dfrtp_1)
                         -0.25   20.08   clock uncertainty
                          0.00   20.08   clock reconvergence pessimism
                          0.21   20.29   library recovery time
                                 20.29   data required time
-----------------------------------------------------------------------------
                                 20.29   data required time
                                 -4.44   data arrival time
-----------------------------------------------------------------------------
                                 15.85   slack (MET)


Startpoint: rst_n (input port clocked by clk)
Endpoint: _282_ (recovery check against rising-edge clock clk)
Path Group: asynchronous
Path Type: max
Corner: Typical

Fanout     Cap    Slew   Delay    Time   Description
-----------------------------------------------------------------------------
                          0.00    0.00   clock clk (rise edge)
                          0.00    0.00   clock network delay (propagated)
                          4.00    4.00 ^ input external delay
                  0.02    0.01    4.01 ^ rst_n (in)
     1    0.00                           rst_n (net)
                  0.02    0.00    4.01 ^ input1/A (sky130_fd_sc_hd__clkbuf_2)
                  0.14    0.17    4.19 ^ input1/X (sky130_fd_sc_hd__clkbuf_2)
     4    0.03                           net1 (net)
                  0.14    0.00    4.19 ^ fanout16/A (sky130_fd_sc_hd__clkbuf_4)
                  0.14    0.25    4.44 ^ fanout16/X (sky130_fd_sc_hd__clkbuf_4)
     8    0.04                           net16 (net)
                  0.14    0.00    4.44 ^ _282_/RESET_B (sky130_fd_sc_hd__dfrtp_1)
                                  4.44   data arrival time

                         20.00   20.00   clock clk (rise edge)
                          0.00   20.00   clock source latency
                  0.07    0.05   20.05 ^ clk (in)
     1    0.01                           clk (net)
                  0.07    0.00   20.05 ^ clkbuf_0_clk/A (sky130_fd_sc_hd__clkbuf_16)
                  0.07    0.15   20.19 ^ clkbuf_0_clk/X (sky130_fd_sc_hd__clkbuf_16)
     4    0.05                           clknet_0_clk (net)
                  0.07    0.00   20.20 ^ clkbuf_2_2__f_clk/A (sky130_fd_sc_hd__clkbuf_16)
                  0.05    0.13   20.33 ^ clkbuf_2_2__f_clk/X (sky130_fd_sc_hd__clkbuf_16)
     8    0.02                           clknet_2_2__leaf_clk (net)
                  0.05    0.00   20.33 ^ _282_/CLK (sky130_fd_sc_hd__dfrtp_1)
                         -0.25   20.08   clock uncertainty
                          0.00   20.08   clock reconvergence pessimism
                          0.21   20.29   library recovery time
                                 20.29   data required time
-----------------------------------------------------------------------------
                                 20.29   data required time
                                 -4.44   data arrival time
-----------------------------------------------------------------------------
                                 15.85   slack (MET)


Startpoint: rst_n (input port clocked by clk)
Endpoint: _281_ (recovery check against rising-edge clock clk)
Path Group: asynchronous
Path Type: max
Corner: Typical

Fanout     Cap    Slew   Delay    Time   Description
-----------------------------------------------------------------------------
                          0.00    0.00   clock clk (rise edge)
                          0.00    0.00   clock network delay (propagated)
                          4.00    4.00 ^ input external delay
                  0.02    0.01    4.01 ^ rst_n (in)
     1    0.00                           rst_n (net)
                  0.02    0.00    4.01 ^ input1/A (sky130_fd_sc_hd__clkbuf_2)
                  0.14    0.17    4.19 ^ input1/X (sky130_fd_sc_hd__clkbuf_2)
     4    0.03                           net1 (net)
                  0.14    0.00    4.19 ^ fanout18/A (sky130_fd_sc_hd__clkbuf_4)
                  0.14    0.25    4.44 ^ fanout18/X (sky130_fd_sc_hd__clkbuf_4)
     9    0.04                           net18 (net)
                  0.14    0.00    4.44 ^ _281_/RESET_B (sky130_fd_sc_hd__dfrtp_1)
                                  4.44   data arrival time

                         20.00   20.00   clock clk (rise edge)
                          0.00   20.00   clock source latency
                  0.07    0.05   20.05 ^ clk (in)
     1    0.01                           clk (net)
                  0.07    0.00   20.05 ^ clkbuf_0_clk/A (sky130_fd_sc_hd__clkbuf_16)
                  0.07    0.15   20.19 ^ clkbuf_0_clk/X (sky130_fd_sc_hd__clkbuf_16)
     4    0.05                           clknet_0_clk (net)
                  0.07    0.00   20.20 ^ clkbuf_2_3__f_clk/A (sky130_fd_sc_hd__clkbuf_16)
                  0.05    0.14   20.33 ^ clkbuf_2_3__f_clk/X (sky130_fd_sc_hd__clkbuf_16)
     9    0.03                           clknet_2_3__leaf_clk (net)
                  0.05    0.00   20.33 ^ _281_/CLK (sky130_fd_sc_hd__dfrtp_1)
                         -0.25   20.08   clock uncertainty
                          0.00   20.08   clock reconvergence pessimism
                          0.21   20.29   library recovery time
                                 20.29   data required time
-----------------------------------------------------------------------------
                                 20.29   data required time
                                 -4.44   data arrival time
-----------------------------------------------------------------------------
                                 15.85   slack (MET)


Startpoint: rst_n (input port clocked by clk)
Endpoint: _263_ (recovery check against rising-edge clock clk)
Path Group: asynchronous
Path Type: max
Corner: Typical

Fanout     Cap    Slew   Delay    Time   Description
-----------------------------------------------------------------------------
                          0.00    0.00   clock clk (rise edge)
                          0.00    0.00   clock network delay (propagated)
                          4.00    4.00 ^ input external delay
                  0.02    0.01    4.01 ^ rst_n (in)
     1    0.00                           rst_n (net)
                  0.02    0.00    4.01 ^ input1/A (sky130_fd_sc_hd__clkbuf_2)
                  0.14    0.17    4.19 ^ input1/X (sky130_fd_sc_hd__clkbuf_2)
     4    0.03                           net1 (net)
                  0.14    0.00    4.19 ^ fanout18/A (sky130_fd_sc_hd__clkbuf_4)
                  0.14    0.25    4.44 ^ fanout18/X (sky130_fd_sc_hd__clkbuf_4)
     9    0.04                           net18 (net)
                  0.14    0.00    4.44 ^ _263_/RESET_B (sky130_fd_sc_hd__dfrtp_1)
                                  4.44   data arrival time

                         20.00   20.00   clock clk (rise edge)
                          0.00   20.00   clock source latency
                  0.07    0.05   20.05 ^ clk (in)
     1    0.01                           clk (net)
                  0.07    0.00   20.05 ^ clkbuf_0_clk/A (sky130_fd_sc_hd__clkbuf_16)
                  0.07    0.15   20.19 ^ clkbuf_0_clk/X (sky130_fd_sc_hd__clkbuf_16)
     4    0.05                           clknet_0_clk (net)
                  0.07    0.00   20.20 ^ clkbuf_2_3__f_clk/A (sky130_fd_sc_hd__clkbuf_16)
                  0.05    0.14   20.33 ^ clkbuf_2_3__f_clk/X (sky130_fd_sc_hd__clkbuf_16)
     9    0.03                           clknet_2_3__leaf_clk (net)
                  0.05    0.00   20.33 ^ _263_/CLK (sky130_fd_sc_hd__dfrtp_1)
                         -0.25   20.08   clock uncertainty
                          0.00   20.08   clock reconvergence pessimism
                          0.21   20.29   library recovery time
                                 20.29   data required time
-----------------------------------------------------------------------------
                                 20.29   data required time
                                 -4.44   data arrival time
-----------------------------------------------------------------------------
                                 15.85   slack (MET)


Startpoint: rst_n (input port clocked by clk)
Endpoint: _262_ (recovery check against rising-edge clock clk)
Path Group: asynchronous
Path Type: max
Corner: Typical

Fanout     Cap    Slew   Delay    Time   Description
-----------------------------------------------------------------------------
                          0.00    0.00   clock clk (rise edge)
                          0.00    0.00   clock network delay (propagated)
                          4.00    4.00 ^ input external delay
                  0.02    0.01    4.01 ^ rst_n (in)
     1    0.00                           rst_n (net)
                  0.02    0.00    4.01 ^ input1/A (sky130_fd_sc_hd__clkbuf_2)
                  0.14    0.17    4.19 ^ input1/X (sky130_fd_sc_hd__clkbuf_2)
     4    0.03                           net1 (net)
                  0.14    0.00    4.19 ^ fanout18/A (sky130_fd_sc_hd__clkbuf_4)
                  0.14    0.25    4.44 ^ fanout18/X (sky130_fd_sc_hd__clkbuf_4)
     9    0.04                           net18 (net)
                  0.14    0.00    4.44 ^ _262_/RESET_B (sky130_fd_sc_hd__dfrtp_1)
                                  4.44   data arrival time

                         20.00   20.00   clock clk (rise edge)
                          0.00   20.00   clock source latency
                  0.07    0.05   20.05 ^ clk (in)
     1    0.01                           clk (net)
                  0.07    0.00   20.05 ^ clkbuf_0_clk/A (sky130_fd_sc_hd__clkbuf_16)
                  0.07    0.15   20.19 ^ clkbuf_0_clk/X (sky130_fd_sc_hd__clkbuf_16)
     4    0.05                           clknet_0_clk (net)
                  0.07    0.00   20.20 ^ clkbuf_2_3__f_clk/A (sky130_fd_sc_hd__clkbuf_16)
                  0.05    0.14   20.33 ^ clkbuf_2_3__f_clk/X (sky130_fd_sc_hd__clkbuf_16)
     9    0.03                           clknet_2_3__leaf_clk (net)
                  0.05    0.00   20.33 ^ _262_/CLK (sky130_fd_sc_hd__dfrtp_1)
                         -0.25   20.08   clock uncertainty
                          0.00   20.08   clock reconvergence pessimism
                          0.21   20.29   library recovery time
                                 20.29   data required time
-----------------------------------------------------------------------------
                                 20.29   data required time
                                 -4.44   data arrival time
-----------------------------------------------------------------------------
                                 15.85   slack (MET)


Startpoint: rst_n (input port clocked by clk)
Endpoint: _279_ (recovery check against rising-edge clock clk)
Path Group: asynchronous
Path Type: max
Corner: Typical

Fanout     Cap    Slew   Delay    Time   Description
-----------------------------------------------------------------------------
                          0.00    0.00   clock clk (rise edge)
                          0.00    0.00   clock network delay (propagated)
                          4.00    4.00 ^ input external delay
                  0.02    0.01    4.01 ^ rst_n (in)
     1    0.00                           rst_n (net)
                  0.02    0.00    4.01 ^ input1/A (sky130_fd_sc_hd__clkbuf_2)
                  0.14    0.17    4.19 ^ input1/X (sky130_fd_sc_hd__clkbuf_2)
     4    0.03                           net1 (net)
                  0.14    0.00    4.19 ^ fanout18/A (sky130_fd_sc_hd__clkbuf_4)
                  0.14    0.25    4.44 ^ fanout18/X (sky130_fd_sc_hd__clkbuf_4)
     9    0.04                           net18 (net)
                  0.14    0.00    4.44 ^ _279_/RESET_B (sky130_fd_sc_hd__dfrtp_1)
                                  4.44   data arrival time

                         20.00   20.00   clock clk (rise edge)
                          0.00   20.00   clock source latency
                  0.07    0.05   20.05 ^ clk (in)
     1    0.01                           clk (net)
                  0.07    0.00   20.05 ^ clkbuf_0_clk/A (sky130_fd_sc_hd__clkbuf_16)
                  0.07    0.15   20.19 ^ clkbuf_0_clk/X (sky130_fd_sc_hd__clkbuf_16)
     4    0.05                           clknet_0_clk (net)
                  0.07    0.00   20.20 ^ clkbuf_2_3__f_clk/A (sky130_fd_sc_hd__clkbuf_16)
                  0.05    0.14   20.33 ^ clkbuf_2_3__f_clk/X (sky130_fd_sc_hd__clkbuf_16)
     9    0.03                           clknet_2_3__leaf_clk (net)
                  0.05    0.00   20.33 ^ _279_/CLK (sky130_fd_sc_hd__dfrtp_1)
                         -0.25   20.08   clock uncertainty
                          0.00   20.08   clock reconvergence pessimism
                          0.21   20.29   library recovery time
                                 20.29   data required time
-----------------------------------------------------------------------------
                                 20.29   data required time
                                 -4.44   data arrival time
-----------------------------------------------------------------------------
                                 15.85   slack (MET)


Startpoint: rst_n (input port clocked by clk)
Endpoint: _280_ (recovery check against rising-edge clock clk)
Path Group: asynchronous
Path Type: max
Corner: Typical

Fanout     Cap    Slew   Delay    Time   Description
-----------------------------------------------------------------------------
                          0.00    0.00   clock clk (rise edge)
                          0.00    0.00   clock network delay (propagated)
                          4.00    4.00 ^ input external delay
                  0.02    0.01    4.01 ^ rst_n (in)
     1    0.00                           rst_n (net)
                  0.02    0.00    4.01 ^ input1/A (sky130_fd_sc_hd__clkbuf_2)
                  0.14    0.17    4.19 ^ input1/X (sky130_fd_sc_hd__clkbuf_2)
     4    0.03                           net1 (net)
                  0.14    0.00    4.19 ^ fanout18/A (sky130_fd_sc_hd__clkbuf_4)
                  0.14    0.25    4.44 ^ fanout18/X (sky130_fd_sc_hd__clkbuf_4)
     9    0.04                           net18 (net)
                  0.14    0.00    4.44 ^ _280_/RESET_B (sky130_fd_sc_hd__dfrtp_1)
                                  4.44   data arrival time

                         20.00   20.00   clock clk (rise edge)
                          0.00   20.00   clock source latency
                  0.07    0.05   20.05 ^ clk (in)
     1    0.01                           clk (net)
                  0.07    0.00   20.05 ^ clkbuf_0_clk/A (sky130_fd_sc_hd__clkbuf_16)
                  0.07    0.15   20.19 ^ clkbuf_0_clk/X (sky130_fd_sc_hd__clkbuf_16)
     4    0.05                           clknet_0_clk (net)
                  0.07    0.00   20.20 ^ clkbuf_2_3__f_clk/A (sky130_fd_sc_hd__clkbuf_16)
                  0.05    0.14   20.33 ^ clkbuf_2_3__f_clk/X (sky130_fd_sc_hd__clkbuf_16)
     9    0.03                           clknet_2_3__leaf_clk (net)
                  0.05    0.00   20.33 ^ _280_/CLK (sky130_fd_sc_hd__dfrtp_1)
                         -0.25   20.08   clock uncertainty
                          0.00   20.08   clock reconvergence pessimism
                          0.21   20.29   library recovery time
                                 20.29   data required time
-----------------------------------------------------------------------------
                                 20.29   data required time
                                 -4.44   data arrival time
-----------------------------------------------------------------------------
                                 15.85   slack (MET)


Startpoint: rst_n (input port clocked by clk)
Endpoint: _265_ (recovery check against rising-edge clock clk)
Path Group: asynchronous
Path Type: max
Corner: Typical

Fanout     Cap    Slew   Delay    Time   Description
-----------------------------------------------------------------------------
                          0.00    0.00   clock clk (rise edge)
                          0.00    0.00   clock network delay (propagated)
                          4.00    4.00 ^ input external delay
                  0.02    0.01    4.01 ^ rst_n (in)
     1    0.00                           rst_n (net)
                  0.02    0.00    4.01 ^ input1/A (sky130_fd_sc_hd__clkbuf_2)
                  0.14    0.17    4.19 ^ input1/X (sky130_fd_sc_hd__clkbuf_2)
     4    0.03                           net1 (net)
                  0.14    0.00    4.19 ^ fanout18/A (sky130_fd_sc_hd__clkbuf_4)
                  0.14    0.25    4.44 ^ fanout18/X (sky130_fd_sc_hd__clkbuf_4)
     9    0.04                           net18 (net)
                  0.14    0.00    4.44 ^ _265_/RESET_B (sky130_fd_sc_hd__dfrtp_1)
                                  4.44   data arrival time

                         20.00   20.00   clock clk (rise edge)
                          0.00   20.00   clock source latency
                  0.07    0.05   20.05 ^ clk (in)
     1    0.01                           clk (net)
                  0.07    0.00   20.05 ^ clkbuf_0_clk/A (sky130_fd_sc_hd__clkbuf_16)
                  0.07    0.15   20.19 ^ clkbuf_0_clk/X (sky130_fd_sc_hd__clkbuf_16)
     4    0.05                           clknet_0_clk (net)
                  0.07    0.00   20.20 ^ clkbuf_2_3__f_clk/A (sky130_fd_sc_hd__clkbuf_16)
                  0.05    0.14   20.33 ^ clkbuf_2_3__f_clk/X (sky130_fd_sc_hd__clkbuf_16)
     9    0.03                           clknet_2_3__leaf_clk (net)
                  0.05    0.00   20.33 ^ _265_/CLK (sky130_fd_sc_hd__dfrtp_1)
                         -0.25   20.08   clock uncertainty
                          0.00   20.08   clock reconvergence pessimism
                          0.21   20.29   library recovery time
                                 20.29   data required time
-----------------------------------------------------------------------------
                                 20.29   data required time
                                 -4.44   data arrival time
-----------------------------------------------------------------------------
                                 15.85   slack (MET)


Startpoint: rst_n (input port clocked by clk)
Endpoint: _264_ (recovery check against rising-edge clock clk)
Path Group: asynchronous
Path Type: max
Corner: Typical

Fanout     Cap    Slew   Delay    Time   Description
-----------------------------------------------------------------------------
                          0.00    0.00   clock clk (rise edge)
                          0.00    0.00   clock network delay (propagated)
                          4.00    4.00 ^ input external delay
                  0.02    0.01    4.01 ^ rst_n (in)
     1    0.00                           rst_n (net)
                  0.02    0.00    4.01 ^ input1/A (sky130_fd_sc_hd__clkbuf_2)
                  0.14    0.17    4.19 ^ input1/X (sky130_fd_sc_hd__clkbuf_2)
     4    0.03                           net1 (net)
                  0.14    0.00    4.19 ^ fanout18/A (sky130_fd_sc_hd__clkbuf_4)
                  0.14    0.25    4.44 ^ fanout18/X (sky130_fd_sc_hd__clkbuf_4)
     9    0.04                           net18 (net)
                  0.14    0.00    4.44 ^ _264_/RESET_B (sky130_fd_sc_hd__dfrtp_1)
                                  4.44   data arrival time

                         20.00   20.00   clock clk (rise edge)
                          0.00   20.00   clock source latency
                  0.07    0.05   20.05 ^ clk (in)
     1    0.01                           clk (net)
                  0.07    0.00   20.05 ^ clkbuf_0_clk/A (sky130_fd_sc_hd__clkbuf_16)
                  0.07    0.15   20.19 ^ clkbuf_0_clk/X (sky130_fd_sc_hd__clkbuf_16)
     4    0.05                           clknet_0_clk (net)
                  0.07    0.00   20.20 ^ clkbuf_2_3__f_clk/A (sky130_fd_sc_hd__clkbuf_16)
                  0.05    0.14   20.33 ^ clkbuf_2_3__f_clk/X (sky130_fd_sc_hd__clkbuf_16)
     9    0.03                           clknet_2_3__leaf_clk (net)
                  0.05    0.00   20.33 ^ _264_/CLK (sky130_fd_sc_hd__dfrtp_1)
                         -0.25   20.08   clock uncertainty
                          0.00   20.08   clock reconvergence pessimism
                          0.21   20.29   library recovery time
                                 20.29   data required time
-----------------------------------------------------------------------------
                                 20.29   data required time
                                 -4.44   data arrival time
-----------------------------------------------------------------------------
                                 15.85   slack (MET)


Startpoint: rst_n (input port clocked by clk)
Endpoint: _271_ (recovery check against rising-edge clock clk)
Path Group: asynchronous
Path Type: max
Corner: Typical

Fanout     Cap    Slew   Delay    Time   Description
-----------------------------------------------------------------------------
                          0.00    0.00   clock clk (rise edge)
                          0.00    0.00   clock network delay (propagated)
                          4.00    4.00 ^ input external delay
                  0.02    0.01    4.01 ^ rst_n (in)
     1    0.00                           rst_n (net)
                  0.02    0.00    4.01 ^ input1/A (sky130_fd_sc_hd__clkbuf_2)
                  0.14    0.17    4.19 ^ input1/X (sky130_fd_sc_hd__clkbuf_2)
     4    0.03                           net1 (net)
                  0.14    0.00    4.19 ^ fanout18/A (sky130_fd_sc_hd__clkbuf_4)
                  0.14    0.25    4.44 ^ fanout18/X (sky130_fd_sc_hd__clkbuf_4)
     9    0.04                           net18 (net)
                  0.14    0.00    4.44 ^ _271_/RESET_B (sky130_fd_sc_hd__dfrtp_1)
                                  4.44   data arrival time

                         20.00   20.00   clock clk (rise edge)
                          0.00   20.00   clock source latency
                  0.07    0.05   20.05 ^ clk (in)
     1    0.01                           clk (net)
                  0.07    0.00   20.05 ^ clkbuf_0_clk/A (sky130_fd_sc_hd__clkbuf_16)
                  0.07    0.15   20.19 ^ clkbuf_0_clk/X (sky130_fd_sc_hd__clkbuf_16)
     4    0.05                           clknet_0_clk (net)
                  0.07    0.00   20.20 ^ clkbuf_2_3__f_clk/A (sky130_fd_sc_hd__clkbuf_16)
                  0.05    0.14   20.33 ^ clkbuf_2_3__f_clk/X (sky130_fd_sc_hd__clkbuf_16)
     9    0.03                           clknet_2_3__leaf_clk (net)
                  0.05    0.00   20.33 ^ _271_/CLK (sky130_fd_sc_hd__dfrtp_1)
                         -0.25   20.08   clock uncertainty
                          0.00   20.08   clock reconvergence pessimism
                          0.21   20.29   library recovery time
                                 20.29   data required time
-----------------------------------------------------------------------------
                                 20.29   data required time
                                 -4.44   data arrival time
-----------------------------------------------------------------------------
                                 15.85   slack (MET)


Startpoint: rst_n (input port clocked by clk)
Endpoint: _278_ (recovery check against rising-edge clock clk)
Path Group: asynchronous
Path Type: max
Corner: Typical

Fanout     Cap    Slew   Delay    Time   Description
-----------------------------------------------------------------------------
                          0.00    0.00   clock clk (rise edge)
                          0.00    0.00   clock network delay (propagated)
                          4.00    4.00 ^ input external delay
                  0.02    0.01    4.01 ^ rst_n (in)
     1    0.00                           rst_n (net)
                  0.02    0.00    4.01 ^ input1/A (sky130_fd_sc_hd__clkbuf_2)
                  0.14    0.17    4.19 ^ input1/X (sky130_fd_sc_hd__clkbuf_2)
     4    0.03                           net1 (net)
                  0.14    0.00    4.19 ^ fanout16/A (sky130_fd_sc_hd__clkbuf_4)
                  0.14    0.25    4.44 ^ fanout16/X (sky130_fd_sc_hd__clkbuf_4)
     8    0.04                           net16 (net)
                  0.14    0.00    4.44 ^ _278_/RESET_B (sky130_fd_sc_hd__dfrtp_1)
                                  4.44   data arrival time

                         20.00   20.00   clock clk (rise edge)
                          0.00   20.00   clock source latency
                  0.07    0.05   20.05 ^ clk (in)
     1    0.01                           clk (net)
                  0.07    0.00   20.05 ^ clkbuf_0_clk/A (sky130_fd_sc_hd__clkbuf_16)
                  0.07    0.15   20.19 ^ clkbuf_0_clk/X (sky130_fd_sc_hd__clkbuf_16)
     4    0.05                           clknet_0_clk (net)
                  0.07    0.00   20.20 ^ clkbuf_2_3__f_clk/A (sky130_fd_sc_hd__clkbuf_16)
                  0.05    0.14   20.33 ^ clkbuf_2_3__f_clk/X (sky130_fd_sc_hd__clkbuf_16)
     9    0.03                           clknet_2_3__leaf_clk (net)
                  0.05    0.00   20.33 ^ _278_/CLK (sky130_fd_sc_hd__dfrtp_1)
                         -0.25   20.08   clock uncertainty
                          0.00   20.08   clock reconvergence pessimism
                          0.21   20.29   library recovery time
                                 20.29   data required time
-----------------------------------------------------------------------------
                                 20.29   data required time
                                 -4.44   data arrival time
-----------------------------------------------------------------------------
                                 15.85   slack (MET)


Startpoint: _263_ (rising edge-triggered flip-flop clocked by clk)
Endpoint: _266_ (rising edge-triggered flip-flop clocked by clk)
Path Group: clk
Path Type: max
Corner: Typical

Fanout     Cap    Slew   Delay    Time   Description
-----------------------------------------------------------------------------
                          0.00    0.00   clock clk (rise edge)
                          0.00    0.00   clock source latency
                  0.07    0.05    0.05 ^ clk (in)
     1    0.01                           clk (net)
                  0.07    0.00    0.05 ^ clkbuf_0_clk/A (sky130_fd_sc_hd__clkbuf_16)
                  0.07    0.16    0.21 ^ clkbuf_0_clk/X (sky130_fd_sc_hd__clkbuf_16)
     4    0.05                           clknet_0_clk (net)
                  0.07    0.00    0.22 ^ clkbuf_2_3__f_clk/A (sky130_fd_sc_hd__clkbuf_16)
                  0.05    0.15    0.37 ^ clkbuf_2_3__f_clk/X (sky130_fd_sc_hd__clkbuf_16)
     9    0.03                           clknet_2_3__leaf_clk (net)
                  0.05    0.00    0.37 ^ _263_/CLK (sky130_fd_sc_hd__dfrtp_1)
                  0.07    0.42    0.79 v _263_/Q (sky130_fd_sc_hd__dfrtp_1)
     4    0.01                           baud_counter[1] (net)
                  0.07    0.00    0.79 v _137_/A (sky130_fd_sc_hd__or4b_1)
                  0.08    0.54    1.32 v _137_/X (sky130_fd_sc_hd__or4b_1)
     1    0.00                           _126_ (net)
                  0.08    0.00    1.32 v _138_/D (sky130_fd_sc_hd__or4_1)
                  0.13    0.49    1.81 v _138_/X (sky130_fd_sc_hd__or4_1)
     3    0.01                           _127_ (net)
                  0.13    0.00    1.81 v _155_/B_N (sky130_fd_sc_hd__nor2b_1)
                  0.07    0.21    2.02 v _155_/Y (sky130_fd_sc_hd__nor2b_1)
     4    0.01                           _045_ (net)
                  0.07    0.00    2.02 v _157_/A2 (sky130_fd_sc_hd__a32o_1)
                  0.05    0.27    2.29 v _157_/X (sky130_fd_sc_hd__a32o_1)
     1    0.00                           _005_ (net)
                  0.05    0.00    2.29 v _266_/D (sky130_fd_sc_hd__dfrtp_1)
                                  2.29   data arrival time

                         20.00   20.00   clock clk (rise edge)
                          0.00   20.00   clock source latency
                  0.07    0.05   20.05 ^ clk (in)
     1    0.01                           clk (net)
                  0.07    0.00   20.05 ^ clkbuf_0_clk/A (sky130_fd_sc_hd__clkbuf_16)
                  0.07    0.15   20.19 ^ clkbuf_0_clk/X (sky130_fd_sc_hd__clkbuf_16)
     4    0.05                           clknet_0_clk (net)
                  0.07    0.00   20.20 ^ clkbuf_2_1__f_clk/A (sky130_fd_sc_hd__clkbuf_16)
                  0.05    0.14   20.33 ^ clkbuf_2_1__f_clk/X (sky130_fd_sc_hd__clkbuf_16)
    11    0.03                           clknet_2_1__leaf_clk (net)
                  0.05    0.00   20.33 ^ _266_/CLK (sky130_fd_sc_hd__dfrtp_1)
                         -0.25   20.08   clock uncertainty
                          0.02   20.11   clock reconvergence pessimism
                         -0.11   19.99   library setup time
                                 19.99   data required time
-----------------------------------------------------------------------------
                                 19.99   data required time
                                 -2.29   data arrival time
-----------------------------------------------------------------------------
                                 17.70   slack (MET)


Startpoint: _263_ (rising edge-triggered flip-flop clocked by clk)
Endpoint: _270_ (rising edge-triggered flip-flop clocked by clk)
Path Group: clk
Path Type: max
Corner: Typical

Fanout     Cap    Slew   Delay    Time   Description
-----------------------------------------------------------------------------
                          0.00    0.00   clock clk (rise edge)
                          0.00    0.00   clock source latency
                  0.07    0.05    0.05 ^ clk (in)
     1    0.01                           clk (net)
                  0.07    0.00    0.05 ^ clkbuf_0_clk/A (sky130_fd_sc_hd__clkbuf_16)
                  0.07    0.16    0.21 ^ clkbuf_0_clk/X (sky130_fd_sc_hd__clkbuf_16)
     4    0.05                           clknet_0_clk (net)
                  0.07    0.00    0.22 ^ clkbuf_2_3__f_clk/A (sky130_fd_sc_hd__clkbuf_16)
                  0.05    0.15    0.37 ^ clkbuf_2_3__f_clk/X (sky130_fd_sc_hd__clkbuf_16)
     9    0.03                           clknet_2_3__leaf_clk (net)
                  0.05    0.00    0.37 ^ _263_/CLK (sky130_fd_sc_hd__dfrtp_1)
                  0.07    0.42    0.79 v _263_/Q (sky130_fd_sc_hd__dfrtp_1)
     4    0.01                           baud_counter[1] (net)
                  0.07    0.00    0.79 v _137_/A (sky130_fd_sc_hd__or4b_1)
                  0.08    0.54    1.32 v _137_/X (sky130_fd_sc_hd__or4b_1)
     1    0.00                           _126_ (net)
                  0.08    0.00    1.32 v _138_/D (sky130_fd_sc_hd__or4_1)
                  0.13    0.49    1.81 v _138_/X (sky130_fd_sc_hd__or4_1)
     3    0.01                           _127_ (net)
                  0.13    0.00    1.81 v _155_/B_N (sky130_fd_sc_hd__nor2b_1)
                  0.07    0.21    2.02 v _155_/Y (sky130_fd_sc_hd__nor2b_1)
     4    0.01                           _045_ (net)
                  0.07    0.00    2.02 v _169_/A1 (sky130_fd_sc_hd__a32o_1)
                  0.05    0.24    2.26 v _169_/X (sky130_fd_sc_hd__a32o_1)
     1    0.00                           _009_ (net)
                  0.05    0.00    2.26 v _270_/D (sky130_fd_sc_hd__dfrtp_1)
                                  2.26   data arrival time

                         20.00   20.00   clock clk (rise edge)
                          0.00   20.00   clock source latency
                  0.07    0.05   20.05 ^ clk (in)
     1    0.01                           clk (net)
                  0.07    0.00   20.05 ^ clkbuf_0_clk/A (sky130_fd_sc_hd__clkbuf_16)
                  0.07    0.15   20.19 ^ clkbuf_0_clk/X (sky130_fd_sc_hd__clkbuf_16)
     4    0.05                           clknet_0_clk (net)
                  0.07    0.00   20.20 ^ clkbuf_2_1__f_clk/A (sky130_fd_sc_hd__clkbuf_16)
                  0.05    0.14   20.33 ^ clkbuf_2_1__f_clk/X (sky130_fd_sc_hd__clkbuf_16)
    11    0.03                           clknet_2_1__leaf_clk (net)
                  0.05    0.00   20.33 ^ _270_/CLK (sky130_fd_sc_hd__dfrtp_1)
                         -0.25   20.08   clock uncertainty
                          0.02   20.11   clock reconvergence pessimism
                         -0.11   19.99   library setup time
                                 19.99   data required time
-----------------------------------------------------------------------------
                                 19.99   data required time
                                 -2.26   data arrival time
-----------------------------------------------------------------------------
                                 17.73   slack (MET)


Startpoint: _263_ (rising edge-triggered flip-flop clocked by clk)
Endpoint: _267_ (rising edge-triggered flip-flop clocked by clk)
Path Group: clk
Path Type: max
Corner: Typical

Fanout     Cap    Slew   Delay    Time   Description
-----------------------------------------------------------------------------
                          0.00    0.00   clock clk (rise edge)
                          0.00    0.00   clock source latency
                  0.07    0.05    0.05 ^ clk (in)
     1    0.01                           clk (net)
                  0.07    0.00    0.05 ^ clkbuf_0_clk/A (sky130_fd_sc_hd__clkbuf_16)
                  0.07    0.16    0.21 ^ clkbuf_0_clk/X (sky130_fd_sc_hd__clkbuf_16)
     4    0.05                           clknet_0_clk (net)
                  0.07    0.00    0.22 ^ clkbuf_2_3__f_clk/A (sky130_fd_sc_hd__clkbuf_16)
                  0.05    0.15    0.37 ^ clkbuf_2_3__f_clk/X (sky130_fd_sc_hd__clkbuf_16)
     9    0.03                           clknet_2_3__leaf_clk (net)
                  0.05    0.00    0.37 ^ _263_/CLK (sky130_fd_sc_hd__dfrtp_1)
                  0.07    0.42    0.79 v _263_/Q (sky130_fd_sc_hd__dfrtp_1)
     4    0.01                           baud_counter[1] (net)
                  0.07    0.00    0.79 v _137_/A (sky130_fd_sc_hd__or4b_1)
                  0.08    0.54    1.32 v _137_/X (sky130_fd_sc_hd__or4b_1)
     1    0.00                           _126_ (net)
                  0.08    0.00    1.32 v _138_/D (sky130_fd_sc_hd__or4_1)
                  0.13    0.49    1.81 v _138_/X (sky130_fd_sc_hd__or4_1)
     3    0.01                           _127_ (net)
                  0.13    0.00    1.81 v _155_/B_N (sky130_fd_sc_hd__nor2b_1)
                  0.07    0.21    2.02 v _155_/Y (sky130_fd_sc_hd__nor2b_1)
     4    0.01                           _045_ (net)
                  0.07    0.00    2.02 v _160_/A1 (sky130_fd_sc_hd__a32o_1)
                  0.04    0.23    2.25 v _160_/X (sky130_fd_sc_hd__a32o_1)
     1    0.00                           _006_ (net)
                  0.04    0.00    2.25 v _267_/D (sky130_fd_sc_hd__dfrtp_1)
                                  2.25   data arrival time

                         20.00   20.00   clock clk (rise edge)
                          0.00   20.00   clock source latency
                  0.07    0.05   20.05 ^ clk (in)
     1    0.01                           clk (net)
                  0.07    0.00   20.05 ^ clkbuf_0_clk/A (sky130_fd_sc_hd__clkbuf_16)
                  0.07    0.15   20.19 ^ clkbuf_0_clk/X (sky130_fd_sc_hd__clkbuf_16)
     4    0.05                           clknet_0_clk (net)
                  0.07    0.00   20.20 ^ clkbuf_2_1__f_clk/A (sky130_fd_sc_hd__clkbuf_16)
                  0.05    0.14   20.33 ^ clkbuf_2_1__f_clk/X (sky130_fd_sc_hd__clkbuf_16)
    11    0.03                           clknet_2_1__leaf_clk (net)
                  0.05    0.00   20.33 ^ _267_/CLK (sky130_fd_sc_hd__dfrtp_1)
                         -0.25   20.08   clock uncertainty
                          0.02   20.10   clock reconvergence pessimism
                         -0.11   19.99   library setup time
                                 19.99   data required time
-----------------------------------------------------------------------------
                                 19.99   data required time
                                 -2.25   data arrival time
-----------------------------------------------------------------------------
                                 17.74   slack (MET)


Startpoint: _263_ (rising edge-triggered flip-flop clocked by clk)
Endpoint: _269_ (rising edge-triggered flip-flop clocked by clk)
Path Group: clk
Path Type: max
Corner: Typical

Fanout     Cap    Slew   Delay    Time   Description
-----------------------------------------------------------------------------
                          0.00    0.00   clock clk (rise edge)
                          0.00    0.00   clock source latency
                  0.07    0.05    0.05 ^ clk (in)
     1    0.01                           clk (net)
                  0.07    0.00    0.05 ^ clkbuf_0_clk/A (sky130_fd_sc_hd__clkbuf_16)
                  0.07    0.16    0.21 ^ clkbuf_0_clk/X (sky130_fd_sc_hd__clkbuf_16)
     4    0.05                           clknet_0_clk (net)
                  0.07    0.00    0.22 ^ clkbuf_2_3__f_clk/A (sky130_fd_sc_hd__clkbuf_16)
                  0.05    0.15    0.37 ^ clkbuf_2_3__f_clk/X (sky130_fd_sc_hd__clkbuf_16)
     9    0.03                           clknet_2_3__leaf_clk (net)
                  0.05    0.00    0.37 ^ _263_/CLK (sky130_fd_sc_hd__dfrtp_1)
                  0.07    0.42    0.79 v _263_/Q (sky130_fd_sc_hd__dfrtp_1)
     4    0.01                           baud_counter[1] (net)
                  0.07    0.00    0.79 v _137_/A (sky130_fd_sc_hd__or4b_1)
                  0.08    0.54    1.32 v _137_/X (sky130_fd_sc_hd__or4b_1)
     1    0.00                           _126_ (net)
                  0.08    0.00    1.32 v _138_/D (sky130_fd_sc_hd__or4_1)
                  0.13    0.49    1.81 v _138_/X (sky130_fd_sc_hd__or4_1)
     3    0.01                           _127_ (net)
                  0.13    0.00    1.81 v _155_/B_N (sky130_fd_sc_hd__nor2b_1)
                  0.07    0.21    2.02 v _155_/Y (sky130_fd_sc_hd__nor2b_1)
     4    0.01                           _045_ (net)
                  0.07    0.00    2.02 v _165_/B1 (sky130_fd_sc_hd__a22o_1)
                  0.04    0.19    2.21 v _165_/X (sky130_fd_sc_hd__a22o_1)
     1    0.00                           _008_ (net)
                  0.04    0.00    2.21 v _269_/D (sky130_fd_sc_hd__dfrtp_2)
                                  2.21   data arrival time

                         20.00   20.00   clock clk (rise edge)
                          0.00   20.00   clock source latency
                  0.07    0.05   20.05 ^ clk (in)
     1    0.01                           clk (net)
                  0.07    0.00   20.05 ^ clkbuf_0_clk/A (sky130_fd_sc_hd__clkbuf_16)
                  0.07    0.15   20.19 ^ clkbuf_0_clk/X (sky130_fd_sc_hd__clkbuf_16)
     4    0.05                           clknet_0_clk (net)
                  0.07    0.00   20.20 ^ clkbuf_2_1__f_clk/A (sky130_fd_sc_hd__clkbuf_16)
                  0.05    0.14   20.33 ^ clkbuf_2_1__f_clk/X (sky130_fd_sc_hd__clkbuf_16)
    11    0.03                           clknet_2_1__leaf_clk (net)
                  0.05    0.00   20.33 ^ _269_/CLK (sky130_fd_sc_hd__dfrtp_2)
                         -0.25   20.08   clock uncertainty
                          0.02   20.11   clock reconvergence pessimism
                         -0.11   19.99   library setup time
                                 19.99   data required time
-----------------------------------------------------------------------------
                                 19.99   data required time
                                 -2.21   data arrival time
-----------------------------------------------------------------------------
                                 17.78   slack (MET)


Startpoint: _297_ (rising edge-triggered flip-flop clocked by clk)
Endpoint: _276_ (rising edge-triggered flip-flop clocked by clk)
Path Group: clk
Path Type: max
Corner: Typical

Fanout     Cap    Slew   Delay    Time   Description
-----------------------------------------------------------------------------
                          0.00    0.00   clock clk (rise edge)
                          0.00    0.00   clock source latency
                  0.07    0.05    0.05 ^ clk (in)
     1    0.01                           clk (net)
                  0.07    0.00    0.05 ^ clkbuf_0_clk/A (sky130_fd_sc_hd__clkbuf_16)
                  0.07    0.16    0.21 ^ clkbuf_0_clk/X (sky130_fd_sc_hd__clkbuf_16)
     4    0.05                           clknet_0_clk (net)
                  0.07    0.00    0.22 ^ clkbuf_2_1__f_clk/A (sky130_fd_sc_hd__clkbuf_16)
                  0.05    0.15    0.37 ^ clkbuf_2_1__f_clk/X (sky130_fd_sc_hd__clkbuf_16)
    11    0.03                           clknet_2_1__leaf_clk (net)
                  0.05    0.00    0.37 ^ _297_/CLK (sky130_fd_sc_hd__dfrtp_4)
                  0.09    0.54    0.91 v _297_/Q (sky130_fd_sc_hd__dfrtp_4)
     8    0.03                           state[1] (net)
                  0.09    0.00    0.91 v _181_/A (sky130_fd_sc_hd__or4b_2)
                  0.15    0.79    1.70 v _181_/X (sky130_fd_sc_hd__or4b_2)
     3    0.02                           _063_ (net)
                  0.15    0.00    1.70 v _190_/B (sky130_fd_sc_hd__nor2_2)
                  0.28    0.28    1.98 ^ _190_/Y (sky130_fd_sc_hd__nor2_2)
     6    0.02                           _070_ (net)
                  0.28    0.00    1.99 ^ _193_/A2 (sky130_fd_sc_hd__a32o_1)
                  0.05    0.22    2.21 ^ _193_/X (sky130_fd_sc_hd__a32o_1)
     1    0.00                           _015_ (net)
                  0.05    0.00    2.21 ^ _276_/D (sky130_fd_sc_hd__dfrtp_2)
                                  2.21   data arrival time

                         20.00   20.00   clock clk (rise edge)
                          0.00   20.00   clock source latency
                  0.07    0.05   20.05 ^ clk (in)
     1    0.01                           clk (net)
                  0.07    0.00   20.05 ^ clkbuf_0_clk/A (sky130_fd_sc_hd__clkbuf_16)
                  0.07    0.15   20.19 ^ clkbuf_0_clk/X (sky130_fd_sc_hd__clkbuf_16)
     4    0.05                           clknet_0_clk (net)
                  0.07    0.00   20.20 ^ clkbuf_2_2__f_clk/A (sky130_fd_sc_hd__clkbuf_16)
                  0.05    0.13   20.33 ^ clkbuf_2_2__f_clk/X (sky130_fd_sc_hd__clkbuf_16)
     8    0.02                           clknet_2_2__leaf_clk (net)
                  0.05    0.00   20.33 ^ _276_/CLK (sky130_fd_sc_hd__dfrtp_2)
                         -0.25   20.08   clock uncertainty
                          0.02   20.10   clock reconvergence pessimism
                         -0.07   20.03   library setup time
                                 20.03   data required time
-----------------------------------------------------------------------------
                                 20.03   data required time
                                 -2.21   data arrival time
-----------------------------------------------------------------------------
                                 17.83   slack (MET)


Startpoint: _297_ (rising edge-triggered flip-flop clocked by clk)
Endpoint: _281_ (rising edge-triggered flip-flop clocked by clk)
Path Group: clk
Path Type: max
Corner: Typical

Fanout     Cap    Slew   Delay    Time   Description
-----------------------------------------------------------------------------
                          0.00    0.00   clock clk (rise edge)
                          0.00    0.00   clock source latency
                  0.07    0.05    0.05 ^ clk (in)
     1    0.01                           clk (net)
                  0.07    0.00    0.05 ^ clkbuf_0_clk/A (sky130_fd_sc_hd__clkbuf_16)
                  0.07    0.16    0.21 ^ clkbuf_0_clk/X (sky130_fd_sc_hd__clkbuf_16)
     4    0.05                           clknet_0_clk (net)
                  0.07    0.00    0.22 ^ clkbuf_2_1__f_clk/A (sky130_fd_sc_hd__clkbuf_16)
                  0.05    0.15    0.37 ^ clkbuf_2_1__f_clk/X (sky130_fd_sc_hd__clkbuf_16)
    11    0.03                           clknet_2_1__leaf_clk (net)
                  0.05    0.00    0.37 ^ _297_/CLK (sky130_fd_sc_hd__dfrtp_4)
                  0.09    0.54    0.91 v _297_/Q (sky130_fd_sc_hd__dfrtp_4)
     8    0.03                           state[1] (net)
                  0.09    0.00    0.91 v _181_/A (sky130_fd_sc_hd__or4b_2)
                  0.15    0.79    1.70 v _181_/X (sky130_fd_sc_hd__or4b_2)
     3    0.02                           _063_ (net)
                  0.15    0.00    1.70 v _190_/B (sky130_fd_sc_hd__nor2_2)
                  0.28    0.28    1.98 ^ _190_/Y (sky130_fd_sc_hd__nor2_2)
     6    0.02                           _070_ (net)
                  0.28    0.00    1.99 ^ _210_/A1 (sky130_fd_sc_hd__a32o_1)
                  0.06    0.22    2.21 ^ _210_/X (sky130_fd_sc_hd__a32o_1)
     1    0.00                           _020_ (net)
                  0.06    0.00    2.21 ^ _281_/D (sky130_fd_sc_hd__dfrtp_1)
                                  2.21   data arrival time

                         20.00   20.00   clock clk (rise edge)
                          0.00   20.00   clock source latency
                  0.07    0.05   20.05 ^ clk (in)
     1    0.01                           clk (net)
                  0.07    0.00   20.05 ^ clkbuf_0_clk/A (sky130_fd_sc_hd__clkbuf_16)
                  0.07    0.15   20.19 ^ clkbuf_0_clk/X (sky130_fd_sc_hd__clkbuf_16)
     4    0.05                           clknet_0_clk (net)
                  0.07    0.00   20.20 ^ clkbuf_2_3__f_clk/A (sky130_fd_sc_hd__clkbuf_16)
                  0.05    0.14   20.33 ^ clkbuf_2_3__f_clk/X (sky130_fd_sc_hd__clkbuf_16)
     9    0.03                           clknet_2_3__leaf_clk (net)
                  0.05    0.00   20.33 ^ _281_/CLK (sky130_fd_sc_hd__dfrtp_1)
                         -0.25   20.08   clock uncertainty
                          0.02   20.10   clock reconvergence pessimism
                         -0.06   20.04   library setup time
                                 20.04   data required time
-----------------------------------------------------------------------------
                                 20.04   data required time
                                 -2.21   data arrival time
-----------------------------------------------------------------------------
                                 17.83   slack (MET)


Startpoint: _297_ (rising edge-triggered flip-flop clocked by clk)
Endpoint: _278_ (rising edge-triggered flip-flop clocked by clk)
Path Group: clk
Path Type: max
Corner: Typical

Fanout     Cap    Slew   Delay    Time   Description
-----------------------------------------------------------------------------
                          0.00    0.00   clock clk (rise edge)
                          0.00    0.00   clock source latency
                  0.07    0.05    0.05 ^ clk (in)
     1    0.01                           clk (net)
                  0.07    0.00    0.05 ^ clkbuf_0_clk/A (sky130_fd_sc_hd__clkbuf_16)
                  0.07    0.16    0.21 ^ clkbuf_0_clk/X (sky130_fd_sc_hd__clkbuf_16)
     4    0.05                           clknet_0_clk (net)
                  0.07    0.00    0.22 ^ clkbuf_2_1__f_clk/A (sky130_fd_sc_hd__clkbuf_16)
                  0.05    0.15    0.37 ^ clkbuf_2_1__f_clk/X (sky130_fd_sc_hd__clkbuf_16)
    11    0.03                           clknet_2_1__leaf_clk (net)
                  0.05    0.00    0.37 ^ _297_/CLK (sky130_fd_sc_hd__dfrtp_4)
                  0.09    0.54    0.91 v _297_/Q (sky130_fd_sc_hd__dfrtp_4)
     8    0.03                           state[1] (net)
                  0.09    0.00    0.91 v _181_/A (sky130_fd_sc_hd__or4b_2)
                  0.15    0.79    1.70 v _181_/X (sky130_fd_sc_hd__or4b_2)
     3    0.02                           _063_ (net)
                  0.15    0.00    1.70 v _190_/B (sky130_fd_sc_hd__nor2_2)
                  0.28    0.28    1.98 ^ _190_/Y (sky130_fd_sc_hd__nor2_2)
     6    0.02                           _070_ (net)
                  0.28    0.00    1.99 ^ _200_/A1 (sky130_fd_sc_hd__a32o_1)
                  0.06    0.22    2.20 ^ _200_/X (sky130_fd_sc_hd__a32o_1)
     1    0.00                           _017_ (net)
                  0.06    0.00    2.20 ^ _278_/D (sky130_fd_sc_hd__dfrtp_1)
                                  2.20   data arrival time

                         20.00   20.00   clock clk (rise edge)
                          0.00   20.00   clock source latency
                  0.07    0.05   20.05 ^ clk (in)
     1    0.01                           clk (net)
                  0.07    0.00   20.05 ^ clkbuf_0_clk/A (sky130_fd_sc_hd__clkbuf_16)
                  0.07    0.15   20.19 ^ clkbuf_0_clk/X (sky130_fd_sc_hd__clkbuf_16)
     4    0.05                           clknet_0_clk (net)
                  0.07    0.00   20.20 ^ clkbuf_2_3__f_clk/A (sky130_fd_sc_hd__clkbuf_16)
                  0.05    0.14   20.33 ^ clkbuf_2_3__f_clk/X (sky130_fd_sc_hd__clkbuf_16)
     9    0.03                           clknet_2_3__leaf_clk (net)
                  0.05    0.00   20.33 ^ _278_/CLK (sky130_fd_sc_hd__dfrtp_1)
                         -0.25   20.08   clock uncertainty
                          0.02   20.10   clock reconvergence pessimism
                         -0.06   20.04   library setup time
                                 20.04   data required time
-----------------------------------------------------------------------------
                                 20.04   data required time
                                 -2.20   data arrival time
-----------------------------------------------------------------------------
                                 17.84   slack (MET)


Startpoint: _297_ (rising edge-triggered flip-flop clocked by clk)
Endpoint: _277_ (rising edge-triggered flip-flop clocked by clk)
Path Group: clk
Path Type: max
Corner: Typical

Fanout     Cap    Slew   Delay    Time   Description
-----------------------------------------------------------------------------
                          0.00    0.00   clock clk (rise edge)
                          0.00    0.00   clock source latency
                  0.07    0.05    0.05 ^ clk (in)
     1    0.01                           clk (net)
                  0.07    0.00    0.05 ^ clkbuf_0_clk/A (sky130_fd_sc_hd__clkbuf_16)
                  0.07    0.16    0.21 ^ clkbuf_0_clk/X (sky130_fd_sc_hd__clkbuf_16)
     4    0.05                           clknet_0_clk (net)
                  0.07    0.00    0.22 ^ clkbuf_2_1__f_clk/A (sky130_fd_sc_hd__clkbuf_16)
                  0.05    0.15    0.37 ^ clkbuf_2_1__f_clk/X (sky130_fd_sc_hd__clkbuf_16)
    11    0.03                           clknet_2_1__leaf_clk (net)
                  0.05    0.00    0.37 ^ _297_/CLK (sky130_fd_sc_hd__dfrtp_4)
                  0.09    0.54    0.91 v _297_/Q (sky130_fd_sc_hd__dfrtp_4)
     8    0.03                           state[1] (net)
                  0.09    0.00    0.91 v _181_/A (sky130_fd_sc_hd__or4b_2)
                  0.15    0.79    1.70 v _181_/X (sky130_fd_sc_hd__or4b_2)
     3    0.02                           _063_ (net)
                  0.15    0.00    1.70 v _190_/B (sky130_fd_sc_hd__nor2_2)
                  0.28    0.28    1.98 ^ _190_/Y (sky130_fd_sc_hd__nor2_2)
     6    0.02                           _070_ (net)
                  0.28    0.00    1.99 ^ _197_/A1 (sky130_fd_sc_hd__a32o_1)
                  0.05    0.21    2.20 ^ _197_/X (sky130_fd_sc_hd__a32o_1)
     1    0.00                           _016_ (net)
                  0.05    0.00    2.20 ^ _277_/D (sky130_fd_sc_hd__dfrtp_1)
                                  2.20   data arrival time

                         20.00   20.00   clock clk (rise edge)
                          0.00   20.00   clock source latency
                  0.07    0.05   20.05 ^ clk (in)
     1    0.01                           clk (net)
                  0.07    0.00   20.05 ^ clkbuf_0_clk/A (sky130_fd_sc_hd__clkbuf_16)
                  0.07    0.15   20.19 ^ clkbuf_0_clk/X (sky130_fd_sc_hd__clkbuf_16)
     4    0.05                           clknet_0_clk (net)
                  0.07    0.00   20.20 ^ clkbuf_2_2__f_clk/A (sky130_fd_sc_hd__clkbuf_16)
                  0.05    0.13   20.33 ^ clkbuf_2_2__f_clk/X (sky130_fd_sc_hd__clkbuf_16)
     8    0.02                           clknet_2_2__leaf_clk (net)
                  0.05    0.00   20.33 ^ _277_/CLK (sky130_fd_sc_hd__dfrtp_1)
                         -0.25   20.08   clock uncertainty
                          0.02   20.10   clock reconvergence pessimism
                         -0.06   20.04   library setup time
                                 20.04   data required time
-----------------------------------------------------------------------------
                                 20.04   data required time
                                 -2.20   data arrival time
-----------------------------------------------------------------------------
                                 17.84   slack (MET)


Startpoint: _297_ (rising edge-triggered flip-flop clocked by clk)
Endpoint: _280_ (rising edge-triggered flip-flop clocked by clk)
Path Group: clk
Path Type: max
Corner: Typical

Fanout     Cap    Slew   Delay    Time   Description
-----------------------------------------------------------------------------
                          0.00    0.00   clock clk (rise edge)
                          0.00    0.00   clock source latency
                  0.07    0.05    0.05 ^ clk (in)
     1    0.01                           clk (net)
                  0.07    0.00    0.05 ^ clkbuf_0_clk/A (sky130_fd_sc_hd__clkbuf_16)
                  0.07    0.16    0.21 ^ clkbuf_0_clk/X (sky130_fd_sc_hd__clkbuf_16)
     4    0.05                           clknet_0_clk (net)
                  0.07    0.00    0.22 ^ clkbuf_2_1__f_clk/A (sky130_fd_sc_hd__clkbuf_16)
                  0.05    0.15    0.37 ^ clkbuf_2_1__f_clk/X (sky130_fd_sc_hd__clkbuf_16)
    11    0.03                           clknet_2_1__leaf_clk (net)
                  0.05    0.00    0.37 ^ _297_/CLK (sky130_fd_sc_hd__dfrtp_4)
                  0.09    0.54    0.91 v _297_/Q (sky130_fd_sc_hd__dfrtp_4)
     8    0.03                           state[1] (net)
                  0.09    0.00    0.91 v _181_/A (sky130_fd_sc_hd__or4b_2)
                  0.15    0.79    1.70 v _181_/X (sky130_fd_sc_hd__or4b_2)
     3    0.02                           _063_ (net)
                  0.15    0.00    1.70 v _190_/B (sky130_fd_sc_hd__nor2_2)
                  0.28    0.28    1.98 ^ _190_/Y (sky130_fd_sc_hd__nor2_2)
     6    0.02                           _070_ (net)
                  0.28    0.00    1.99 ^ _207_/A1 (sky130_fd_sc_hd__a32o_1)
                  0.05    0.21    2.20 ^ _207_/X (sky130_fd_sc_hd__a32o_1)
     1    0.00                           _019_ (net)
                  0.05    0.00    2.20 ^ _280_/D (sky130_fd_sc_hd__dfrtp_1)
                                  2.20   data arrival time

                         20.00   20.00   clock clk (rise edge)
                          0.00   20.00   clock source latency
                  0.07    0.05   20.05 ^ clk (in)
     1    0.01                           clk (net)
                  0.07    0.00   20.05 ^ clkbuf_0_clk/A (sky130_fd_sc_hd__clkbuf_16)
                  0.07    0.15   20.19 ^ clkbuf_0_clk/X (sky130_fd_sc_hd__clkbuf_16)
     4    0.05                           clknet_0_clk (net)
                  0.07    0.00   20.20 ^ clkbuf_2_3__f_clk/A (sky130_fd_sc_hd__clkbuf_16)
                  0.05    0.14   20.33 ^ clkbuf_2_3__f_clk/X (sky130_fd_sc_hd__clkbuf_16)
     9    0.03                           clknet_2_3__leaf_clk (net)
                  0.05    0.00   20.33 ^ _280_/CLK (sky130_fd_sc_hd__dfrtp_1)
                         -0.25   20.08   clock uncertainty
                          0.02   20.10   clock reconvergence pessimism
                         -0.06   20.04   library setup time
                                 20.04   data required time
-----------------------------------------------------------------------------
                                 20.04   data required time
                                 -2.20   data arrival time
-----------------------------------------------------------------------------
                                 17.84   slack (MET)


Startpoint: _297_ (rising edge-triggered flip-flop clocked by clk)
Endpoint: _279_ (rising edge-triggered flip-flop clocked by clk)
Path Group: clk
Path Type: max
Corner: Typical

Fanout     Cap    Slew   Delay    Time   Description
-----------------------------------------------------------------------------
                          0.00    0.00   clock clk (rise edge)
                          0.00    0.00   clock source latency
                  0.07    0.05    0.05 ^ clk (in)
     1    0.01                           clk (net)
                  0.07    0.00    0.05 ^ clkbuf_0_clk/A (sky130_fd_sc_hd__clkbuf_16)
                  0.07    0.16    0.21 ^ clkbuf_0_clk/X (sky130_fd_sc_hd__clkbuf_16)
     4    0.05                           clknet_0_clk (net)
                  0.07    0.00    0.22 ^ clkbuf_2_1__f_clk/A (sky130_fd_sc_hd__clkbuf_16)
                  0.05    0.15    0.37 ^ clkbuf_2_1__f_clk/X (sky130_fd_sc_hd__clkbuf_16)
    11    0.03                           clknet_2_1__leaf_clk (net)
                  0.05    0.00    0.37 ^ _297_/CLK (sky130_fd_sc_hd__dfrtp_4)
                  0.09    0.54    0.91 v _297_/Q (sky130_fd_sc_hd__dfrtp_4)
     8    0.03                           state[1] (net)
                  0.09    0.00    0.91 v _181_/A (sky130_fd_sc_hd__or4b_2)
                  0.15    0.79    1.70 v _181_/X (sky130_fd_sc_hd__or4b_2)
     3    0.02                           _063_ (net)
                  0.15    0.00    1.70 v _192_/B (sky130_fd_sc_hd__nor2_2)
                  0.28    0.28    1.98 ^ _192_/Y (sky130_fd_sc_hd__nor2_2)
     6    0.02                           _072_ (net)
                  0.28    0.00    1.99 ^ _204_/A2 (sky130_fd_sc_hd__a22o_1)
                  0.05    0.20    2.18 ^ _204_/X (sky130_fd_sc_hd__a22o_1)
     1    0.00                           _018_ (net)
                  0.05    0.00    2.19 ^ _279_/D (sky130_fd_sc_hd__dfrtp_1)
                                  2.19   data arrival time

                         20.00   20.00   clock clk (rise edge)
                          0.00   20.00   clock source latency
                  0.07    0.05   20.05 ^ clk (in)
     1    0.01                           clk (net)
                  0.07    0.00   20.05 ^ clkbuf_0_clk/A (sky130_fd_sc_hd__clkbuf_16)
                  0.07    0.15   20.19 ^ clkbuf_0_clk/X (sky130_fd_sc_hd__clkbuf_16)
     4    0.05                           clknet_0_clk (net)
                  0.07    0.00   20.20 ^ clkbuf_2_3__f_clk/A (sky130_fd_sc_hd__clkbuf_16)
                  0.05    0.14   20.33 ^ clkbuf_2_3__f_clk/X (sky130_fd_sc_hd__clkbuf_16)
     9    0.03                           clknet_2_3__leaf_clk (net)
                  0.05    0.00   20.33 ^ _279_/CLK (sky130_fd_sc_hd__dfrtp_1)
                         -0.25   20.08   clock uncertainty
                          0.02   20.10   clock reconvergence pessimism
                         -0.06   20.04   library setup time
                                 20.04   data required time
-----------------------------------------------------------------------------
                                 20.04   data required time
                                 -2.19   data arrival time
-----------------------------------------------------------------------------
                                 17.86   slack (MET)


Startpoint: _264_ (rising edge-triggered flip-flop clocked by clk)
Endpoint: _271_ (rising edge-triggered flip-flop clocked by clk)
Path Group: clk
Path Type: max
Corner: Typical

Fanout     Cap    Slew   Delay    Time   Description
-----------------------------------------------------------------------------
                          0.00    0.00   clock clk (rise edge)
                          0.00    0.00   clock source latency
                  0.07    0.05    0.05 ^ clk (in)
     1    0.01                           clk (net)
                  0.07    0.00    0.05 ^ clkbuf_0_clk/A (sky130_fd_sc_hd__clkbuf_16)
                  0.07    0.16    0.21 ^ clkbuf_0_clk/X (sky130_fd_sc_hd__clkbuf_16)
     4    0.05                           clknet_0_clk (net)
                  0.07    0.00    0.22 ^ clkbuf_2_3__f_clk/A (sky130_fd_sc_hd__clkbuf_16)
                  0.05    0.15    0.37 ^ clkbuf_2_3__f_clk/X (sky130_fd_sc_hd__clkbuf_16)
     9    0.03                           clknet_2_3__leaf_clk (net)
                  0.05    0.00    0.37 ^ _264_/CLK (sky130_fd_sc_hd__dfrtp_1)
                  0.15    0.42    0.79 ^ _264_/Q (sky130_fd_sc_hd__dfrtp_1)
     5    0.02                           baud_counter[2] (net)
                  0.15    0.00    0.79 ^ _153_/D (sky130_fd_sc_hd__and4_1)
                  0.20    0.34    1.13 ^ _153_/X (sky130_fd_sc_hd__and4_1)
     6    0.02                           _043_ (net)
                  0.20    0.00    1.13 ^ _168_/C_N (sky130_fd_sc_hd__or4bb_1)
                  0.11    0.57    1.70 v _168_/X (sky130_fd_sc_hd__or4bb_1)
     2    0.01                           _054_ (net)
                  0.11    0.00    1.70 v _170_/B (sky130_fd_sc_hd__or2_1)
                  0.06    0.25    1.95 v _170_/X (sky130_fd_sc_hd__or2_1)
     1    0.00                           _055_ (net)
                  0.06    0.00    1.95 v _171_/B (sky130_fd_sc_hd__xnor2_1)
                  0.05    0.13    2.08 v _171_/Y (sky130_fd_sc_hd__xnor2_1)
     1    0.00                           _010_ (net)
                  0.05    0.00    2.08 v _271_/D (sky130_fd_sc_hd__dfrtp_1)
                                  2.08   data arrival time

                         20.00   20.00   clock clk (rise edge)
                          0.00   20.00   clock source latency
                  0.07    0.05   20.05 ^ clk (in)
     1    0.01                           clk (net)
                  0.07    0.00   20.05 ^ clkbuf_0_clk/A (sky130_fd_sc_hd__clkbuf_16)
                  0.07    0.15   20.19 ^ clkbuf_0_clk/X (sky130_fd_sc_hd__clkbuf_16)
     4    0.05                           clknet_0_clk (net)
                  0.07    0.00   20.20 ^ clkbuf_2_3__f_clk/A (sky130_fd_sc_hd__clkbuf_16)
                  0.05    0.14   20.33 ^ clkbuf_2_3__f_clk/X (sky130_fd_sc_hd__clkbuf_16)
     9    0.03                           clknet_2_3__leaf_clk (net)
                  0.05    0.00   20.33 ^ _271_/CLK (sky130_fd_sc_hd__dfrtp_1)
                         -0.25   20.08   clock uncertainty
                          0.03   20.12   clock reconvergence pessimism
                         -0.11   20.00   library setup time
                                 20.00   data required time
-----------------------------------------------------------------------------
                                 20.00   data required time
                                 -2.08   data arrival time
-----------------------------------------------------------------------------
                                 17.92   slack (MET)


Startpoint: _263_ (rising edge-triggered flip-flop clocked by clk)
Endpoint: _263_ (rising edge-triggered flip-flop clocked by clk)
Path Group: clk
Path Type: max
Corner: Typical

Fanout     Cap    Slew   Delay    Time   Description
-----------------------------------------------------------------------------
                          0.00    0.00   clock clk (rise edge)
                          0.00    0.00   clock source latency
                  0.07    0.05    0.05 ^ clk (in)
     1    0.01                           clk (net)
                  0.07    0.00    0.05 ^ clkbuf_0_clk/A (sky130_fd_sc_hd__clkbuf_16)
                  0.07    0.16    0.21 ^ clkbuf_0_clk/X (sky130_fd_sc_hd__clkbuf_16)
     4    0.05                           clknet_0_clk (net)
                  0.07    0.00    0.22 ^ clkbuf_2_3__f_clk/A (sky130_fd_sc_hd__clkbuf_16)
                  0.05    0.15    0.37 ^ clkbuf_2_3__f_clk/X (sky130_fd_sc_hd__clkbuf_16)
     9    0.03                           clknet_2_3__leaf_clk (net)
                  0.05    0.00    0.37 ^ _263_/CLK (sky130_fd_sc_hd__dfrtp_1)
                  0.07    0.42    0.79 v _263_/Q (sky130_fd_sc_hd__dfrtp_1)
     4    0.01                           baud_counter[1] (net)
                  0.07    0.00    0.79 v _137_/A (sky130_fd_sc_hd__or4b_1)
                  0.08    0.54    1.32 v _137_/X (sky130_fd_sc_hd__or4b_1)
     1    0.00                           _126_ (net)
                  0.08    0.00    1.32 v _138_/D (sky130_fd_sc_hd__or4_1)
                  0.13    0.49    1.81 v _138_/X (sky130_fd_sc_hd__or4_1)
     3    0.01                           _127_ (net)
                  0.13    0.00    1.81 v _148_/A2 (sky130_fd_sc_hd__o211a_1)
                  0.04    0.24    2.05 v _148_/X (sky130_fd_sc_hd__o211a_1)
     1    0.00                           _002_ (net)
                  0.04    0.00    2.05 v _263_/D (sky130_fd_sc_hd__dfrtp_1)
                                  2.05   data arrival time

                         20.00   20.00   clock clk (rise edge)
                          0.00   20.00   clock source latency
                  0.07    0.05   20.05 ^ clk (in)
     1    0.01                           clk (net)
                  0.07    0.00   20.05 ^ clkbuf_0_clk/A (sky130_fd_sc_hd__clkbuf_16)
                  0.07    0.15   20.19 ^ clkbuf_0_clk/X (sky130_fd_sc_hd__clkbuf_16)
     4    0.05                           clknet_0_clk (net)
                  0.07    0.00   20.20 ^ clkbuf_2_3__f_clk/A (sky130_fd_sc_hd__clkbuf_16)
                  0.05    0.14   20.33 ^ clkbuf_2_3__f_clk/X (sky130_fd_sc_hd__clkbuf_16)
     9    0.03                           clknet_2_3__leaf_clk (net)
                  0.05    0.00   20.33 ^ _263_/CLK (sky130_fd_sc_hd__dfrtp_1)
                         -0.25   20.08   clock uncertainty
                          0.03   20.12   clock reconvergence pessimism
                         -0.11   20.01   library setup time
                                 20.01   data required time
-----------------------------------------------------------------------------
                                 20.01   data required time
                                 -2.05   data arrival time
-----------------------------------------------------------------------------
                                 17.96   slack (MET)


Startpoint: _297_ (rising edge-triggered flip-flop clocked by clk)
Endpoint: _274_ (rising edge-triggered flip-flop clocked by clk)
Path Group: clk
Path Type: max
Corner: Typical

Fanout     Cap    Slew   Delay    Time   Description
-----------------------------------------------------------------------------
                          0.00    0.00   clock clk (rise edge)
                          0.00    0.00   clock source latency
                  0.07    0.05    0.05 ^ clk (in)
     1    0.01                           clk (net)
                  0.07    0.00    0.05 ^ clkbuf_0_clk/A (sky130_fd_sc_hd__clkbuf_16)
                  0.07    0.16    0.21 ^ clkbuf_0_clk/X (sky130_fd_sc_hd__clkbuf_16)
     4    0.05                           clknet_0_clk (net)
                  0.07    0.00    0.22 ^ clkbuf_2_1__f_clk/A (sky130_fd_sc_hd__clkbuf_16)
                  0.05    0.15    0.37 ^ clkbuf_2_1__f_clk/X (sky130_fd_sc_hd__clkbuf_16)
    11    0.03                           clknet_2_1__leaf_clk (net)
                  0.05    0.00    0.37 ^ _297_/CLK (sky130_fd_sc_hd__dfrtp_4)
                  0.09    0.54    0.91 v _297_/Q (sky130_fd_sc_hd__dfrtp_4)
     8    0.03                           state[1] (net)
                  0.09    0.00    0.91 v _181_/A (sky130_fd_sc_hd__or4b_2)
                  0.15    0.79    1.70 v _181_/X (sky130_fd_sc_hd__or4b_2)
     3    0.02                           _063_ (net)
                  0.15    0.00    1.70 v _182_/B1 (sky130_fd_sc_hd__a21oi_1)
                  0.12    0.16    1.86 ^ _182_/Y (sky130_fd_sc_hd__a21oi_1)
     1    0.00                           _064_ (net)
                  0.12    0.00    1.86 ^ _183_/B1 (sky130_fd_sc_hd__o21a_1)
                  0.04    0.14    2.00 ^ _183_/X (sky130_fd_sc_hd__o21a_1)
     1    0.00                           _013_ (net)
                  0.04    0.00    2.00 ^ _274_/D (sky130_fd_sc_hd__dfrtp_4)
                                  2.00   data arrival time

                         20.00   20.00   clock clk (rise edge)
                          0.00   20.00   clock source latency
                  0.07    0.05   20.05 ^ clk (in)
     1    0.01                           clk (net)
                  0.07    0.00   20.05 ^ clkbuf_0_clk/A (sky130_fd_sc_hd__clkbuf_16)
                  0.07    0.15   20.19 ^ clkbuf_0_clk/X (sky130_fd_sc_hd__clkbuf_16)
     4    0.05                           clknet_0_clk (net)
                  0.07    0.00   20.20 ^ clkbuf_2_2__f_clk/A (sky130_fd_sc_hd__clkbuf_16)
                  0.05    0.13   20.33 ^ clkbuf_2_2__f_clk/X (sky130_fd_sc_hd__clkbuf_16)
     8    0.02                           clknet_2_2__leaf_clk (net)
                  0.05    0.00   20.33 ^ _274_/CLK (sky130_fd_sc_hd__dfrtp_4)
                         -0.25   20.08   clock uncertainty
                          0.02   20.10   clock reconvergence pessimism
                         -0.06   20.04   library setup time
                                 20.04   data required time
-----------------------------------------------------------------------------
                                 20.04   data required time
                                 -2.00   data arrival time
-----------------------------------------------------------------------------
                                 18.04   slack (MET)


Startpoint: _263_ (rising edge-triggered flip-flop clocked by clk)
Endpoint: _298_ (rising edge-triggered flip-flop clocked by clk)
Path Group: clk
Path Type: max
Corner: Typical

Fanout     Cap    Slew   Delay    Time   Description
-----------------------------------------------------------------------------
                          0.00    0.00   clock clk (rise edge)
                          0.00    0.00   clock source latency
                  0.07    0.05    0.05 ^ clk (in)
     1    0.01                           clk (net)
                  0.07    0.00    0.05 ^ clkbuf_0_clk/A (sky130_fd_sc_hd__clkbuf_16)
                  0.07    0.16    0.21 ^ clkbuf_0_clk/X (sky130_fd_sc_hd__clkbuf_16)
     4    0.05                           clknet_0_clk (net)
                  0.07    0.00    0.22 ^ clkbuf_2_3__f_clk/A (sky130_fd_sc_hd__clkbuf_16)
                  0.05    0.15    0.37 ^ clkbuf_2_3__f_clk/X (sky130_fd_sc_hd__clkbuf_16)
     9    0.03                           clknet_2_3__leaf_clk (net)
                  0.05    0.00    0.37 ^ _263_/CLK (sky130_fd_sc_hd__dfrtp_1)
                  0.07    0.42    0.79 v _263_/Q (sky130_fd_sc_hd__dfrtp_1)
     4    0.01                           baud_counter[1] (net)
                  0.07    0.00    0.79 v _137_/A (sky130_fd_sc_hd__or4b_1)
                  0.08    0.54    1.32 v _137_/X (sky130_fd_sc_hd__or4b_1)
     1    0.00                           _126_ (net)
                  0.08    0.00    1.32 v _138_/D (sky130_fd_sc_hd__or4_1)
                  0.13    0.49    1.81 v _138_/X (sky130_fd_sc_hd__or4_1)
     3    0.01                           _127_ (net)
                  0.13    0.00    1.81 v _139_/B (sky130_fd_sc_hd__nor2_1)
                  0.08    0.12    1.93 ^ _139_/Y (sky130_fd_sc_hd__nor2_1)
     1    0.00                           _000_ (net)
                  0.08    0.00    1.93 ^ _298_/D (sky130_fd_sc_hd__dfrtp_1)
                                  1.93   data arrival time

                         20.00   20.00   clock clk (rise edge)
                          0.00   20.00   clock source latency
                  0.07    0.05   20.05 ^ clk (in)
     1    0.01                           clk (net)
                  0.07    0.00   20.05 ^ clkbuf_0_clk/A (sky130_fd_sc_hd__clkbuf_16)
                  0.07    0.15   20.19 ^ clkbuf_0_clk/X (sky130_fd_sc_hd__clkbuf_16)
     4    0.05                           clknet_0_clk (net)
                  0.07    0.00   20.20 ^ clkbuf_2_1__f_clk/A (sky130_fd_sc_hd__clkbuf_16)
                  0.05    0.14   20.33 ^ clkbuf_2_1__f_clk/X (sky130_fd_sc_hd__clkbuf_16)
    11    0.03                           clknet_2_1__leaf_clk (net)
                  0.05    0.00   20.33 ^ _298_/CLK (sky130_fd_sc_hd__dfrtp_1)
                         -0.25   20.08   clock uncertainty
                          0.02   20.10   clock reconvergence pessimism
                         -0.07   20.04   library setup time
                                 20.04   data required time
-----------------------------------------------------------------------------
                                 20.04   data required time
                                 -1.93   data arrival time
-----------------------------------------------------------------------------
                                 18.11   slack (MET)


Startpoint: _264_ (rising edge-triggered flip-flop clocked by clk)
Endpoint: _268_ (rising edge-triggered flip-flop clocked by clk)
Path Group: clk
Path Type: max
Corner: Typical

Fanout     Cap    Slew   Delay    Time   Description
-----------------------------------------------------------------------------
                          0.00    0.00   clock clk (rise edge)
                          0.00    0.00   clock source latency
                  0.07    0.05    0.05 ^ clk (in)
     1    0.01                           clk (net)
                  0.07    0.00    0.05 ^ clkbuf_0_clk/A (sky130_fd_sc_hd__clkbuf_16)
                  0.07    0.16    0.21 ^ clkbuf_0_clk/X (sky130_fd_sc_hd__clkbuf_16)
     4    0.05                           clknet_0_clk (net)
                  0.07    0.00    0.22 ^ clkbuf_2_3__f_clk/A (sky130_fd_sc_hd__clkbuf_16)
                  0.05    0.15    0.37 ^ clkbuf_2_3__f_clk/X (sky130_fd_sc_hd__clkbuf_16)
     9    0.03                           clknet_2_3__leaf_clk (net)
                  0.05    0.00    0.37 ^ _264_/CLK (sky130_fd_sc_hd__dfrtp_1)
                  0.15    0.42    0.79 ^ _264_/Q (sky130_fd_sc_hd__dfrtp_1)
     5    0.02                           baud_counter[2] (net)
                  0.15    0.00    0.79 ^ _153_/D (sky130_fd_sc_hd__and4_1)
                  0.20    0.34    1.13 ^ _153_/X (sky130_fd_sc_hd__and4_1)
     6    0.02                           _043_ (net)
                  0.20    0.00    1.13 ^ _159_/B_N (sky130_fd_sc_hd__or2b_1)
                  0.06    0.28    1.41 v _159_/X (sky130_fd_sc_hd__or2b_1)
     2    0.01                           _048_ (net)
                  0.06    0.00    1.41 v _161_/B (sky130_fd_sc_hd__or2_1)
                  0.06    0.23    1.64 v _161_/X (sky130_fd_sc_hd__or2_1)
     1    0.00                           _049_ (net)
                  0.06    0.00    1.64 v _162_/B (sky130_fd_sc_hd__xnor2_1)
                  0.04    0.13    1.77 v _162_/Y (sky130_fd_sc_hd__xnor2_1)
     1    0.00                           _007_ (net)
                  0.04    0.00    1.77 v _268_/D (sky130_fd_sc_hd__dfrtp_1)
                                  1.77   data arrival time

                         20.00   20.00   clock clk (rise edge)
                          0.00   20.00   clock source latency
                  0.07    0.05   20.05 ^ clk (in)
     1    0.01                           clk (net)
                  0.07    0.00   20.05 ^ clkbuf_0_clk/A (sky130_fd_sc_hd__clkbuf_16)
                  0.07    0.15   20.19 ^ clkbuf_0_clk/X (sky130_fd_sc_hd__clkbuf_16)
     4    0.05                           clknet_0_clk (net)
                  0.07    0.00   20.20 ^ clkbuf_2_1__f_clk/A (sky130_fd_sc_hd__clkbuf_16)
                  0.05    0.14   20.33 ^ clkbuf_2_1__f_clk/X (sky130_fd_sc_hd__clkbuf_16)
    11    0.03                           clknet_2_1__leaf_clk (net)
                  0.05    0.00   20.33 ^ _268_/CLK (sky130_fd_sc_hd__dfrtp_1)
                         -0.25   20.08   clock uncertainty
                          0.02   20.11   clock reconvergence pessimism
                         -0.11   19.99   library setup time
                                 19.99   data required time
-----------------------------------------------------------------------------
                                 19.99   data required time
                                 -1.77   data arrival time
-----------------------------------------------------------------------------
                                 18.22   slack (MET)


Startpoint: _278_ (rising edge-triggered flip-flop clocked by clk)
Endpoint: _275_ (rising edge-triggered flip-flop clocked by clk)
Path Group: clk
Path Type: max
Corner: Typical

Fanout     Cap    Slew   Delay    Time   Description
-----------------------------------------------------------------------------
                          0.00    0.00   clock clk (rise edge)
                          0.00    0.00   clock source latency
                  0.07    0.05    0.05 ^ clk (in)
     1    0.01                           clk (net)
                  0.07    0.00    0.05 ^ clkbuf_0_clk/A (sky130_fd_sc_hd__clkbuf_16)
                  0.07    0.16    0.21 ^ clkbuf_0_clk/X (sky130_fd_sc_hd__clkbuf_16)
     4    0.05                           clknet_0_clk (net)
                  0.07    0.00    0.22 ^ clkbuf_2_3__f_clk/A (sky130_fd_sc_hd__clkbuf_16)
                  0.05    0.15    0.37 ^ clkbuf_2_3__f_clk/X (sky130_fd_sc_hd__clkbuf_16)
     9    0.03                           clknet_2_3__leaf_clk (net)
                  0.05    0.00    0.37 ^ _278_/CLK (sky130_fd_sc_hd__dfrtp_1)
                  0.08    0.43    0.79 v _278_/Q (sky130_fd_sc_hd__dfrtp_1)
     5    0.01                           idle_counter[4] (net)
                  0.08    0.00    0.80 v _172_/D (sky130_fd_sc_hd__and4_1)
                  0.08    0.27    1.07 v _172_/X (sky130_fd_sc_hd__and4_1)
     3    0.01                           _056_ (net)
                  0.08    0.00    1.07 v _180_/A1 (sky130_fd_sc_hd__a21oi_2)
                  0.23    0.26    1.32 ^ _180_/Y (sky130_fd_sc_hd__a21oi_2)
     5    0.02                           _062_ (net)
                  0.23    0.00    1.32 ^ _185_/C (sky130_fd_sc_hd__nand3_1)
                  0.07    0.11    1.44 v _185_/Y (sky130_fd_sc_hd__nand3_1)
     1    0.00                           _066_ (net)
                  0.07    0.00    1.44 v _187_/B (sky130_fd_sc_hd__and3_1)
                  0.03    0.17    1.61 v _187_/X (sky130_fd_sc_hd__and3_1)
     1    0.00                           _068_ (net)
                  0.03    0.00    1.61 v _188_/A (sky130_fd_sc_hd__clkbuf_1)
                  0.02    0.08    1.69 v _188_/X (sky130_fd_sc_hd__clkbuf_1)
     1    0.00                           _014_ (net)
                  0.02    0.00    1.69 v _275_/D (sky130_fd_sc_hd__dfrtp_2)
                                  1.69   data arrival time

                         20.00   20.00   clock clk (rise edge)
                          0.00   20.00   clock source latency
                  0.07    0.05   20.05 ^ clk (in)
     1    0.01                           clk (net)
                  0.07    0.00   20.05 ^ clkbuf_0_clk/A (sky130_fd_sc_hd__clkbuf_16)
                  0.07    0.15   20.19 ^ clkbuf_0_clk/X (sky130_fd_sc_hd__clkbuf_16)
     4    0.05                           clknet_0_clk (net)
                  0.07    0.00   20.20 ^ clkbuf_2_2__f_clk/A (sky130_fd_sc_hd__clkbuf_16)
                  0.05    0.13   20.33 ^ clkbuf_2_2__f_clk/X (sky130_fd_sc_hd__clkbuf_16)
     8    0.02                           clknet_2_2__leaf_clk (net)
                  0.05    0.00   20.33 ^ _275_/CLK (sky130_fd_sc_hd__dfrtp_2)
                         -0.25   20.08   clock uncertainty
                          0.02   20.10   clock reconvergence pessimism
                         -0.11   19.99   library setup time
                                 19.99   data required time
-----------------------------------------------------------------------------
                                 19.99   data required time
                                 -1.69   data arrival time
-----------------------------------------------------------------------------
                                 18.30   slack (MET)


Startpoint: _297_ (rising edge-triggered flip-flop clocked by clk)
Endpoint: _283_ (rising edge-triggered flip-flop clocked by clk)
Path Group: clk
Path Type: max
Corner: Typical

Fanout     Cap    Slew   Delay    Time   Description
-----------------------------------------------------------------------------
                          0.00    0.00   clock clk (rise edge)
                          0.00    0.00   clock source latency
                  0.07    0.05    0.05 ^ clk (in)
     1    0.01                           clk (net)
                  0.07    0.00    0.05 ^ clkbuf_0_clk/A (sky130_fd_sc_hd__clkbuf_16)
                  0.07    0.16    0.21 ^ clkbuf_0_clk/X (sky130_fd_sc_hd__clkbuf_16)
     4    0.05                           clknet_0_clk (net)
                  0.07    0.00    0.22 ^ clkbuf_2_1__f_clk/A (sky130_fd_sc_hd__clkbuf_16)
                  0.05    0.15    0.37 ^ clkbuf_2_1__f_clk/X (sky130_fd_sc_hd__clkbuf_16)
    11    0.03                           clknet_2_1__leaf_clk (net)
                  0.05    0.00    0.37 ^ _297_/CLK (sky130_fd_sc_hd__dfrtp_4)
                  0.09    0.54    0.91 v _297_/Q (sky130_fd_sc_hd__dfrtp_4)
     8    0.03                           state[1] (net)
                  0.09    0.00    0.91 v _131_/A (sky130_fd_sc_hd__nor2_1)
                  0.21    0.22    1.13 ^ _131_/Y (sky130_fd_sc_hd__nor2_1)
     3    0.01                           _121_ (net)
                  0.21    0.00    1.13 ^ _184_/B (sky130_fd_sc_hd__and3b_1)
                  0.11    0.25    1.38 ^ _184_/X (sky130_fd_sc_hd__and3b_1)
     3    0.01                           _065_ (net)
                  0.11    0.00    1.38 ^ _213_/B (sky130_fd_sc_hd__and2_1)
                  0.05    0.14    1.52 ^ _213_/X (sky130_fd_sc_hd__and2_1)
     1    0.00                           _086_ (net)
                  0.05    0.00    1.52 ^ _214_/A (sky130_fd_sc_hd__clkbuf_1)
                  0.04    0.08    1.61 ^ _214_/X (sky130_fd_sc_hd__clkbuf_1)
     1    0.00                           _022_ (net)
                  0.04    0.00    1.61 ^ _283_/D (sky130_fd_sc_hd__dfrtp_1)
                                  1.61   data arrival time

                         20.00   20.00   clock clk (rise edge)
                          0.00   20.00   clock source latency
                  0.07    0.05   20.05 ^ clk (in)
     1    0.01                           clk (net)
                  0.07    0.00   20.05 ^ clkbuf_0_clk/A (sky130_fd_sc_hd__clkbuf_16)
                  0.07    0.15   20.19 ^ clkbuf_0_clk/X (sky130_fd_sc_hd__clkbuf_16)
     4    0.05                           clknet_0_clk (net)
                  0.07    0.00   20.20 ^ clkbuf_2_2__f_clk/A (sky130_fd_sc_hd__clkbuf_16)
                  0.05    0.13   20.33 ^ clkbuf_2_2__f_clk/X (sky130_fd_sc_hd__clkbuf_16)
     8    0.02                           clknet_2_2__leaf_clk (net)
                  0.05    0.00   20.33 ^ _283_/CLK (sky130_fd_sc_hd__dfrtp_1)
                         -0.25   20.08   clock uncertainty
                          0.02   20.10   clock reconvergence pessimism
                         -0.06   20.04   library setup time
                                 20.04   data required time
-----------------------------------------------------------------------------
                                 20.04   data required time
                                 -1.61   data arrival time
-----------------------------------------------------------------------------
                                 18.43   slack (MET)


Startpoint: _264_ (rising edge-triggered flip-flop clocked by clk)
Endpoint: _264_ (rising edge-triggered flip-flop clocked by clk)
Path Group: clk
Path Type: max
Corner: Typical

Fanout     Cap    Slew   Delay    Time   Description
-----------------------------------------------------------------------------
                          0.00    0.00   clock clk (rise edge)
                          0.00    0.00   clock source latency
                  0.07    0.05    0.05 ^ clk (in)
     1    0.01                           clk (net)
                  0.07    0.00    0.05 ^ clkbuf_0_clk/A (sky130_fd_sc_hd__clkbuf_16)
                  0.07    0.16    0.21 ^ clkbuf_0_clk/X (sky130_fd_sc_hd__clkbuf_16)
     4    0.05                           clknet_0_clk (net)
                  0.07    0.00    0.22 ^ clkbuf_2_3__f_clk/A (sky130_fd_sc_hd__clkbuf_16)
                  0.05    0.15    0.37 ^ clkbuf_2_3__f_clk/X (sky130_fd_sc_hd__clkbuf_16)
     9    0.03                           clknet_2_3__leaf_clk (net)
                  0.05    0.00    0.37 ^ _264_/CLK (sky130_fd_sc_hd__dfrtp_1)
                  0.09    0.44    0.80 v _264_/Q (sky130_fd_sc_hd__dfrtp_1)
     5    0.02                           baud_counter[2] (net)
                  0.09    0.00    0.81 v hold12/A (sky130_fd_sc_hd__dlygate4sd3_1)
                  0.06    0.61    1.42 v hold12/X (sky130_fd_sc_hd__dlygate4sd3_1)
     1    0.00                           net30 (net)
                  0.06    0.00    1.42 v _149_/A (sky130_fd_sc_hd__xnor2_1)
                  0.05    0.14    1.56 v _149_/Y (sky130_fd_sc_hd__xnor2_1)
     1    0.00                           _003_ (net)
                  0.05    0.00    1.56 v _264_/D (sky130_fd_sc_hd__dfrtp_1)
                                  1.56   data arrival time

                         20.00   20.00   clock clk (rise edge)
                          0.00   20.00   clock source latency
                  0.07    0.05   20.05 ^ clk (in)
     1    0.01                           clk (net)
                  0.07    0.00   20.05 ^ clkbuf_0_clk/A (sky130_fd_sc_hd__clkbuf_16)
                  0.07    0.15   20.19 ^ clkbuf_0_clk/X (sky130_fd_sc_hd__clkbuf_16)
     4    0.05                           clknet_0_clk (net)
                  0.07    0.00   20.20 ^ clkbuf_2_3__f_clk/A (sky130_fd_sc_hd__clkbuf_16)
                  0.05    0.14   20.33 ^ clkbuf_2_3__f_clk/X (sky130_fd_sc_hd__clkbuf_16)
     9    0.03                           clknet_2_3__leaf_clk (net)
                  0.05    0.00   20.33 ^ _264_/CLK (sky130_fd_sc_hd__dfrtp_1)
                         -0.25   20.08   clock uncertainty
                          0.03   20.12   clock reconvergence pessimism
                         -0.11   20.00   library setup time
                                 20.00   data required time
-----------------------------------------------------------------------------
                                 20.00   data required time
                                 -1.56   data arrival time
-----------------------------------------------------------------------------
                                 18.45   slack (MET)


Startpoint: _273_ (rising edge-triggered flip-flop clocked by clk)
Endpoint: _297_ (rising edge-triggered flip-flop clocked by clk)
Path Group: clk
Path Type: max
Corner: Typical

Fanout     Cap    Slew   Delay    Time   Description
-----------------------------------------------------------------------------
                          0.00    0.00   clock clk (rise edge)
                          0.00    0.00   clock source latency
                  0.07    0.05    0.05 ^ clk (in)
     1    0.01                           clk (net)
                  0.07    0.00    0.05 ^ clkbuf_0_clk/A (sky130_fd_sc_hd__clkbuf_16)
                  0.07    0.16    0.21 ^ clkbuf_0_clk/X (sky130_fd_sc_hd__clkbuf_16)
     4    0.05                           clknet_0_clk (net)
                  0.07    0.00    0.22 ^ clkbuf_2_2__f_clk/A (sky130_fd_sc_hd__clkbuf_16)
                  0.05    0.14    0.36 ^ clkbuf_2_2__f_clk/X (sky130_fd_sc_hd__clkbuf_16)
     8    0.02                           clknet_2_2__leaf_clk (net)
                  0.05    0.00    0.36 ^ _273_/CLK (sky130_fd_sc_hd__dfrtp_2)
                  0.08    0.46    0.82 v _273_/Q (sky130_fd_sc_hd__dfrtp_2)
     5    0.02                           net12 (net)
                  0.08    0.00    0.82 v _130_/A (sky130_fd_sc_hd__clkbuf_4)
                  0.09    0.22    1.04 v _130_/X (sky130_fd_sc_hd__clkbuf_4)
    10    0.04                           _120_ (net)
                  0.09    0.00    1.04 v _258_/A (sky130_fd_sc_hd__or2b_1)
                  0.07    0.27    1.32 v _258_/X (sky130_fd_sc_hd__or2b_1)
     2    0.01                           _118_ (net)
                  0.07    0.00    1.32 v _261_/B1 (sky130_fd_sc_hd__a32o_1)
                  0.04    0.21    1.53 v _261_/X (sky130_fd_sc_hd__a32o_1)
     1    0.00                           _036_ (net)
                  0.04    0.00    1.53 v _297_/D (sky130_fd_sc_hd__dfrtp_4)
                                  1.53   data arrival time

                         20.00   20.00   clock clk (rise edge)
                          0.00   20.00   clock source latency
                  0.07    0.05   20.05 ^ clk (in)
     1    0.01                           clk (net)
                  0.07    0.00   20.05 ^ clkbuf_0_clk/A (sky130_fd_sc_hd__clkbuf_16)
                  0.07    0.15   20.19 ^ clkbuf_0_clk/X (sky130_fd_sc_hd__clkbuf_16)
     4    0.05                           clknet_0_clk (net)
                  0.07    0.00   20.20 ^ clkbuf_2_1__f_clk/A (sky130_fd_sc_hd__clkbuf_16)
                  0.05    0.14   20.33 ^ clkbuf_2_1__f_clk/X (sky130_fd_sc_hd__clkbuf_16)
    11    0.03                           clknet_2_1__leaf_clk (net)
                  0.05    0.00   20.33 ^ _297_/CLK (sky130_fd_sc_hd__dfrtp_4)
                         -0.25   20.08   clock uncertainty
                          0.02   20.10   clock reconvergence pessimism
                         -0.11   19.99   library setup time
                                 19.99   data required time
-----------------------------------------------------------------------------
                                 19.99   data required time
                                 -1.53   data arrival time
-----------------------------------------------------------------------------
                                 18.47   slack (MET)


Startpoint: _274_ (rising edge-triggered flip-flop clocked by clk)
Endpoint: _282_ (rising edge-triggered flip-flop clocked by clk)
Path Group: clk
Path Type: max
Corner: Typical

Fanout     Cap    Slew   Delay    Time   Description
-----------------------------------------------------------------------------
                          0.00    0.00   clock clk (rise edge)
                          0.00    0.00   clock source latency
                  0.07    0.05    0.05 ^ clk (in)
     1    0.01                           clk (net)
                  0.07    0.00    0.05 ^ clkbuf_0_clk/A (sky130_fd_sc_hd__clkbuf_16)
                  0.07    0.16    0.21 ^ clkbuf_0_clk/X (sky130_fd_sc_hd__clkbuf_16)
     4    0.05                           clknet_0_clk (net)
                  0.07    0.00    0.22 ^ clkbuf_2_2__f_clk/A (sky130_fd_sc_hd__clkbuf_16)
                  0.05    0.14    0.36 ^ clkbuf_2_2__f_clk/X (sky130_fd_sc_hd__clkbuf_16)
     8    0.02                           clknet_2_2__leaf_clk (net)
                  0.05    0.00    0.36 ^ _274_/CLK (sky130_fd_sc_hd__dfrtp_4)
                  0.08    0.53    0.89 v _274_/Q (sky130_fd_sc_hd__dfrtp_4)
     8    0.02                           idle_counter[0] (net)
                  0.08    0.00    0.89 v _195_/D (sky130_fd_sc_hd__and4_2)
                  0.07    0.30    1.20 v _195_/X (sky130_fd_sc_hd__and4_2)
     5    0.02                           _074_ (net)
                  0.07    0.00    1.20 v _209_/B (sky130_fd_sc_hd__nand2_1)
                  0.08    0.11    1.30 ^ _209_/Y (sky130_fd_sc_hd__nand2_1)
     2    0.01                           _084_ (net)
                  0.08    0.00    1.30 ^ _211_/B (sky130_fd_sc_hd__nor2_1)
                  0.04    0.05    1.35 v _211_/Y (sky130_fd_sc_hd__nor2_1)
     1    0.00                           _085_ (net)
                  0.04    0.00    1.35 v _212_/A2 (sky130_fd_sc_hd__o21a_1)
                  0.03    0.17    1.52 v _212_/X (sky130_fd_sc_hd__o21a_1)
     1    0.00                           _021_ (net)
                  0.03    0.00    1.52 v _282_/D (sky130_fd_sc_hd__dfrtp_1)
                                  1.52   data arrival time

                         20.00   20.00   clock clk (rise edge)
                          0.00   20.00   clock source latency
                  0.07    0.05   20.05 ^ clk (in)
     1    0.01                           clk (net)
                  0.07    0.00   20.05 ^ clkbuf_0_clk/A (sky130_fd_sc_hd__clkbuf_16)
                  0.07    0.15   20.19 ^ clkbuf_0_clk/X (sky130_fd_sc_hd__clkbuf_16)
     4    0.05                           clknet_0_clk (net)
                  0.07    0.00   20.20 ^ clkbuf_2_2__f_clk/A (sky130_fd_sc_hd__clkbuf_16)
                  0.05    0.13   20.33 ^ clkbuf_2_2__f_clk/X (sky130_fd_sc_hd__clkbuf_16)
     8    0.02                           clknet_2_2__leaf_clk (net)
                  0.05    0.00   20.33 ^ _282_/CLK (sky130_fd_sc_hd__dfrtp_1)
                         -0.25   20.08   clock uncertainty
                          0.03   20.11   clock reconvergence pessimism
                         -0.11   20.00   library setup time
                                 20.00   data required time
-----------------------------------------------------------------------------
                                 20.00   data required time
                                 -1.52   data arrival time
-----------------------------------------------------------------------------
                                 18.48   slack (MET)


Startpoint: _273_ (rising edge-triggered flip-flop clocked by clk)
Endpoint: _265_ (rising edge-triggered flip-flop clocked by clk)
Path Group: clk
Path Type: max
Corner: Typical

Fanout     Cap    Slew   Delay    Time   Description
-----------------------------------------------------------------------------
                          0.00    0.00   clock clk (rise edge)
                          0.00    0.00   clock source latency
                  0.07    0.05    0.05 ^ clk (in)
     1    0.01                           clk (net)
                  0.07    0.00    0.05 ^ clkbuf_0_clk/A (sky130_fd_sc_hd__clkbuf_16)
                  0.07    0.16    0.21 ^ clkbuf_0_clk/X (sky130_fd_sc_hd__clkbuf_16)
     4    0.05                           clknet_0_clk (net)
                  0.07    0.00    0.22 ^ clkbuf_2_2__f_clk/A (sky130_fd_sc_hd__clkbuf_16)
                  0.05    0.14    0.36 ^ clkbuf_2_2__f_clk/X (sky130_fd_sc_hd__clkbuf_16)
     8    0.02                           clknet_2_2__leaf_clk (net)
                  0.05    0.00    0.36 ^ _273_/CLK (sky130_fd_sc_hd__dfrtp_2)
                  0.12    0.43    0.79 ^ _273_/Q (sky130_fd_sc_hd__dfrtp_2)
     5    0.02                           net12 (net)
                  0.12    0.00    0.79 ^ _143_/A_N (sky130_fd_sc_hd__and2b_1)
                  0.06    0.23    1.02 v _143_/X (sky130_fd_sc_hd__and2b_1)
     3    0.01                           _037_ (net)
                  0.06    0.00    1.02 v _146_/B (sky130_fd_sc_hd__nand2_1)
                  0.13    0.13    1.16 ^ _146_/Y (sky130_fd_sc_hd__nand2_1)
     3    0.01                           _039_ (net)
                  0.13    0.00    1.16 ^ _150_/B (sky130_fd_sc_hd__nand2_1)
                  0.07    0.09    1.25 v _150_/Y (sky130_fd_sc_hd__nand2_1)
     1    0.01                           _041_ (net)
                  0.07    0.00    1.25 v _152_/A (sky130_fd_sc_hd__xnor2_1)
                  0.15    0.19    1.44 ^ _152_/Y (sky130_fd_sc_hd__xnor2_1)
     1    0.00                           _004_ (net)
                  0.15    0.00    1.44 ^ _265_/D (sky130_fd_sc_hd__dfrtp_1)
                                  1.44   data arrival time

                         20.00   20.00   clock clk (rise edge)
                          0.00   20.00   clock source latency
                  0.07    0.05   20.05 ^ clk (in)
     1    0.01                           clk (net)
                  0.07    0.00   20.05 ^ clkbuf_0_clk/A (sky130_fd_sc_hd__clkbuf_16)
                  0.07    0.15   20.19 ^ clkbuf_0_clk/X (sky130_fd_sc_hd__clkbuf_16)
     4    0.05                           clknet_0_clk (net)
                  0.07    0.00   20.20 ^ clkbuf_2_3__f_clk/A (sky130_fd_sc_hd__clkbuf_16)
                  0.05    0.14   20.33 ^ clkbuf_2_3__f_clk/X (sky130_fd_sc_hd__clkbuf_16)
     9    0.03                           clknet_2_3__leaf_clk (net)
                  0.05    0.00   20.33 ^ _265_/CLK (sky130_fd_sc_hd__dfrtp_1)
                         -0.25   20.08   clock uncertainty
                          0.02   20.10   clock reconvergence pessimism
                         -0.08   20.02   library setup time
                                 20.02   data required time
-----------------------------------------------------------------------------
                                 20.02   data required time
                                 -1.44   data arrival time
-----------------------------------------------------------------------------
                                 18.58   slack (MET)


Startpoint: _273_ (rising edge-triggered flip-flop clocked by clk)
Endpoint: _262_ (rising edge-triggered flip-flop clocked by clk)
Path Group: clk
Path Type: max
Corner: Typical

Fanout     Cap    Slew   Delay    Time   Description
-----------------------------------------------------------------------------
                          0.00    0.00   clock clk (rise edge)
                          0.00    0.00   clock source latency
                  0.07    0.05    0.05 ^ clk (in)
     1    0.01                           clk (net)
                  0.07    0.00    0.05 ^ clkbuf_0_clk/A (sky130_fd_sc_hd__clkbuf_16)
                  0.07    0.16    0.21 ^ clkbuf_0_clk/X (sky130_fd_sc_hd__clkbuf_16)
     4    0.05                           clknet_0_clk (net)
                  0.07    0.00    0.22 ^ clkbuf_2_2__f_clk/A (sky130_fd_sc_hd__clkbuf_16)
                  0.05    0.14    0.36 ^ clkbuf_2_2__f_clk/X (sky130_fd_sc_hd__clkbuf_16)
     8    0.02                           clknet_2_2__leaf_clk (net)
                  0.05    0.00    0.36 ^ _273_/CLK (sky130_fd_sc_hd__dfrtp_2)
                  0.08    0.46    0.82 v _273_/Q (sky130_fd_sc_hd__dfrtp_2)
     5    0.02                           net12 (net)
                  0.08    0.00    0.82 v _130_/A (sky130_fd_sc_hd__clkbuf_4)
                  0.09    0.22    1.04 v _130_/X (sky130_fd_sc_hd__clkbuf_4)
    10    0.04                           _120_ (net)
                  0.09    0.00    1.04 v _144_/B (sky130_fd_sc_hd__and2b_1)
                  0.03    0.18    1.22 v _144_/X (sky130_fd_sc_hd__and2b_1)
     1    0.00                           _038_ (net)
                  0.03    0.00    1.22 v _145_/B (sky130_fd_sc_hd__nor2_1)
                  0.07    0.08    1.30 ^ _145_/Y (sky130_fd_sc_hd__nor2_1)
     1    0.00                           _001_ (net)
                  0.07    0.00    1.30 ^ _262_/D (sky130_fd_sc_hd__dfrtp_1)
                                  1.30   data arrival time

                         20.00   20.00   clock clk (rise edge)
                          0.00   20.00   clock source latency
                  0.07    0.05   20.05 ^ clk (in)
     1    0.01                           clk (net)
                  0.07    0.00   20.05 ^ clkbuf_0_clk/A (sky130_fd_sc_hd__clkbuf_16)
                  0.07    0.15   20.19 ^ clkbuf_0_clk/X (sky130_fd_sc_hd__clkbuf_16)
     4    0.05                           clknet_0_clk (net)
                  0.07    0.00   20.20 ^ clkbuf_2_3__f_clk/A (sky130_fd_sc_hd__clkbuf_16)
                  0.05    0.14   20.33 ^ clkbuf_2_3__f_clk/X (sky130_fd_sc_hd__clkbuf_16)
     9    0.03                           clknet_2_3__leaf_clk (net)
                  0.05    0.00   20.33 ^ _262_/CLK (sky130_fd_sc_hd__dfrtp_1)
                         -0.25   20.08   clock uncertainty
                          0.02   20.10   clock reconvergence pessimism
                         -0.06   20.04   library setup time
                                 20.04   data required time
-----------------------------------------------------------------------------
                                 20.04   data required time
                                 -1.30   data arrival time
-----------------------------------------------------------------------------
                                 18.74   slack (MET)



