
===========================================================================
report_checks -path_delay min (Hold)
============================================================================
======================= Fastest Corner ===================================

Startpoint: _276_ (rising edge-triggered flip-flop clocked by clk)
Endpoint: _276_ (rising edge-triggered flip-flop clocked by clk)
Path Group: clk
Path Type: min
Corner: Fastest

Fanout     Cap    Slew   Delay    Time   Description
-----------------------------------------------------------------------------
                          0.00    0.00   clock clk (rise edge)
                          0.00    0.00   clock source latency
                  0.05    0.03    0.03 ^ clk (in)
     1    0.01                           clk (net)
                  0.05    0.00    0.03 ^ clkbuf_0_clk/A (sky130_fd_sc_hd__clkbuf_16)
                  0.05    0.10    0.13 ^ clkbuf_0_clk/X (sky130_fd_sc_hd__clkbuf_16)
     4    0.05                           clknet_0_clk (net)
                  0.05    0.00    0.14 ^ clkbuf_2_2__f_clk/A (sky130_fd_sc_hd__clkbuf_16)
                  0.04    0.09    0.23 ^ clkbuf_2_2__f_clk/X (sky130_fd_sc_hd__clkbuf_16)
     8    0.03                           clknet_2_2__leaf_clk (net)
                  0.04    0.00    0.23 ^ _276_/CLK (sky130_fd_sc_hd__dfrtp_2)
                  0.08    0.26    0.49 ^ _276_/Q (sky130_fd_sc_hd__dfrtp_2)
     6    0.02                           idle_counter[2] (net)
                  0.08    0.00    0.49 ^ _193_/B2 (sky130_fd_sc_hd__a32o_1)
                  0.03    0.07    0.56 ^ _193_/X (sky130_fd_sc_hd__a32o_1)
     1    0.00                           _015_ (net)
                  0.03    0.00    0.56 ^ _276_/D (sky130_fd_sc_hd__dfrtp_2)
                                  0.56   data arrival time

                          0.00    0.00   clock clk (rise edge)
                          0.00    0.00   clock source latency
                  0.05    0.03    0.03 ^ clk (in)
     1    0.01                           clk (net)
                  0.05    0.00    0.03 ^ clkbuf_0_clk/A (sky130_fd_sc_hd__clkbuf_16)
                  0.05    0.11    0.15 ^ clkbuf_0_clk/X (sky130_fd_sc_hd__clkbuf_16)
     4    0.05                           clknet_0_clk (net)
                  0.05    0.00    0.15 ^ clkbuf_2_2__f_clk/A (sky130_fd_sc_hd__clkbuf_16)
                  0.04    0.10    0.25 ^ clkbuf_2_2__f_clk/X (sky130_fd_sc_hd__clkbuf_16)
     8    0.03                           clknet_2_2__leaf_clk (net)
                  0.04    0.00    0.26 ^ _276_/CLK (sky130_fd_sc_hd__dfrtp_2)
                          0.25    0.51   clock uncertainty
                         -0.02    0.48   clock reconvergence pessimism
                         -0.02    0.46   library hold time
                                  0.46   data required time
-----------------------------------------------------------------------------
                                  0.46   data required time
                                 -0.56   data arrival time
-----------------------------------------------------------------------------
                                  0.10   slack (MET)


Startpoint: _291_ (rising edge-triggered flip-flop clocked by clk)
Endpoint: _291_ (rising edge-triggered flip-flop clocked by clk)
Path Group: clk
Path Type: min
Corner: Fastest

Fanout     Cap    Slew   Delay    Time   Description
-----------------------------------------------------------------------------
                          0.00    0.00   clock clk (rise edge)
                          0.00    0.00   clock source latency
                  0.05    0.03    0.03 ^ clk (in)
     1    0.01                           clk (net)
                  0.05    0.00    0.03 ^ clkbuf_0_clk/A (sky130_fd_sc_hd__clkbuf_16)
                  0.05    0.10    0.13 ^ clkbuf_0_clk/X (sky130_fd_sc_hd__clkbuf_16)
     4    0.05                           clknet_0_clk (net)
                  0.05    0.00    0.14 ^ clkbuf_2_0__f_clk/A (sky130_fd_sc_hd__clkbuf_16)
                  0.04    0.09    0.23 ^ clkbuf_2_0__f_clk/X (sky130_fd_sc_hd__clkbuf_16)
     9    0.03                           clknet_2_0__leaf_clk (net)
                  0.04    0.00    0.23 ^ _291_/CLK (sky130_fd_sc_hd__dfrtp_1)
                  0.05    0.21    0.45 ^ _291_/Q (sky130_fd_sc_hd__dfrtp_1)
     2    0.01                           shift_reg[3] (net)
                  0.05    0.00    0.45 ^ _244_/A0 (sky130_fd_sc_hd__mux2_1)
                  0.03    0.08    0.52 ^ _244_/X (sky130_fd_sc_hd__mux2_1)
     1    0.00                           _109_ (net)
                  0.03    0.00    0.52 ^ _245_/A (sky130_fd_sc_hd__clkbuf_1)
                  0.03    0.05    0.57 ^ _245_/X (sky130_fd_sc_hd__clkbuf_1)
     1    0.00                           _030_ (net)
                  0.03    0.00    0.57 ^ _291_/D (sky130_fd_sc_hd__dfrtp_1)
                                  0.57   data arrival time

                          0.00    0.00   clock clk (rise edge)
                          0.00    0.00   clock source latency
                  0.05    0.03    0.03 ^ clk (in)
     1    0.01                           clk (net)
                  0.05    0.00    0.03 ^ clkbuf_0_clk/A (sky130_fd_sc_hd__clkbuf_16)
                  0.05    0.11    0.15 ^ clkbuf_0_clk/X (sky130_fd_sc_hd__clkbuf_16)
     4    0.05                           clknet_0_clk (net)
                  0.05    0.00    0.15 ^ clkbuf_2_0__f_clk/A (sky130_fd_sc_hd__clkbuf_16)
                  0.04    0.10    0.26 ^ clkbuf_2_0__f_clk/X (sky130_fd_sc_hd__clkbuf_16)
     9    0.03                           clknet_2_0__leaf_clk (net)
                  0.04    0.00    0.26 ^ _291_/CLK (sky130_fd_sc_hd__dfrtp_1)
                          0.25    0.51   clock uncertainty
                         -0.02    0.48   clock reconvergence pessimism
                         -0.02    0.46   library hold time
                                  0.46   data required time
-----------------------------------------------------------------------------
                                  0.46   data required time
                                 -0.57   data arrival time
-----------------------------------------------------------------------------
                                  0.11   slack (MET)


Startpoint: _269_ (rising edge-triggered flip-flop clocked by clk)
Endpoint: _269_ (rising edge-triggered flip-flop clocked by clk)
Path Group: clk
Path Type: min
Corner: Fastest

Fanout     Cap    Slew   Delay    Time   Description
-----------------------------------------------------------------------------
                          0.00    0.00   clock clk (rise edge)
                          0.00    0.00   clock source latency
                  0.05    0.03    0.03 ^ clk (in)
     1    0.01                           clk (net)
                  0.05    0.00    0.03 ^ clkbuf_0_clk/A (sky130_fd_sc_hd__clkbuf_16)
                  0.05    0.10    0.13 ^ clkbuf_0_clk/X (sky130_fd_sc_hd__clkbuf_16)
     4    0.05                           clknet_0_clk (net)
                  0.05    0.00    0.14 ^ clkbuf_2_1__f_clk/A (sky130_fd_sc_hd__clkbuf_16)
                  0.04    0.10    0.23 ^ clkbuf_2_1__f_clk/X (sky130_fd_sc_hd__clkbuf_16)
    11    0.04                           clknet_2_1__leaf_clk (net)
                  0.04    0.00    0.24 ^ _269_/CLK (sky130_fd_sc_hd__dfrtp_2)
                  0.08    0.26    0.49 ^ _269_/Q (sky130_fd_sc_hd__dfrtp_2)
     5    0.02                           baud_counter[7] (net)
                  0.08    0.00    0.49 ^ _165_/A2 (sky130_fd_sc_hd__a22o_1)
                  0.03    0.08    0.58 ^ _165_/X (sky130_fd_sc_hd__a22o_1)
     1    0.00                           _008_ (net)
                  0.03    0.00    0.58 ^ _269_/D (sky130_fd_sc_hd__dfrtp_2)
                                  0.58   data arrival time

                          0.00    0.00   clock clk (rise edge)
                          0.00    0.00   clock source latency
                  0.05    0.03    0.03 ^ clk (in)
     1    0.01                           clk (net)
                  0.05    0.00    0.03 ^ clkbuf_0_clk/A (sky130_fd_sc_hd__clkbuf_16)
                  0.05    0.11    0.15 ^ clkbuf_0_clk/X (sky130_fd_sc_hd__clkbuf_16)
     4    0.05                           clknet_0_clk (net)
                  0.05    0.00    0.15 ^ clkbuf_2_1__f_clk/A (sky130_fd_sc_hd__clkbuf_16)
                  0.04    0.11    0.26 ^ clkbuf_2_1__f_clk/X (sky130_fd_sc_hd__clkbuf_16)
    11    0.04                           clknet_2_1__leaf_clk (net)
                  0.04    0.00    0.26 ^ _269_/CLK (sky130_fd_sc_hd__dfrtp_2)
                          0.25    0.51   clock uncertainty
                         -0.02    0.49   clock reconvergence pessimism
                         -0.02    0.47   library hold time
                                  0.47   data required time
-----------------------------------------------------------------------------
                                  0.47   data required time
                                 -0.58   data arrival time
-----------------------------------------------------------------------------
                                  0.11   slack (MET)


Startpoint: _290_ (rising edge-triggered flip-flop clocked by clk)
Endpoint: _290_ (rising edge-triggered flip-flop clocked by clk)
Path Group: clk
Path Type: min
Corner: Fastest

Fanout     Cap    Slew   Delay    Time   Description
-----------------------------------------------------------------------------
                          0.00    0.00   clock clk (rise edge)
                          0.00    0.00   clock source latency
                  0.05    0.03    0.03 ^ clk (in)
     1    0.01                           clk (net)
                  0.05    0.00    0.03 ^ clkbuf_0_clk/A (sky130_fd_sc_hd__clkbuf_16)
                  0.05    0.10    0.13 ^ clkbuf_0_clk/X (sky130_fd_sc_hd__clkbuf_16)
     4    0.05                           clknet_0_clk (net)
                  0.05    0.00    0.14 ^ clkbuf_2_0__f_clk/A (sky130_fd_sc_hd__clkbuf_16)
                  0.04    0.09    0.23 ^ clkbuf_2_0__f_clk/X (sky130_fd_sc_hd__clkbuf_16)
     9    0.03                           clknet_2_0__leaf_clk (net)
                  0.04    0.00    0.23 ^ _290_/CLK (sky130_fd_sc_hd__dfrtp_1)
                  0.05    0.22    0.45 ^ _290_/Q (sky130_fd_sc_hd__dfrtp_1)
     2    0.01                           shift_reg[2] (net)
                  0.05    0.00    0.45 ^ _241_/A0 (sky130_fd_sc_hd__mux2_1)
                  0.03    0.08    0.53 ^ _241_/X (sky130_fd_sc_hd__mux2_1)
     1    0.00                           _107_ (net)
                  0.03    0.00    0.53 ^ _242_/A (sky130_fd_sc_hd__clkbuf_1)
                  0.03    0.05    0.58 ^ _242_/X (sky130_fd_sc_hd__clkbuf_1)
     1    0.00                           _029_ (net)
                  0.03    0.00    0.58 ^ _290_/D (sky130_fd_sc_hd__dfrtp_1)
                                  0.58   data arrival time

                          0.00    0.00   clock clk (rise edge)
                          0.00    0.00   clock source latency
                  0.05    0.03    0.03 ^ clk (in)
     1    0.01                           clk (net)
                  0.05    0.00    0.03 ^ clkbuf_0_clk/A (sky130_fd_sc_hd__clkbuf_16)
                  0.05    0.11    0.15 ^ clkbuf_0_clk/X (sky130_fd_sc_hd__clkbuf_16)
     4    0.05                           clknet_0_clk (net)
                  0.05    0.00    0.15 ^ clkbuf_2_0__f_clk/A (sky130_fd_sc_hd__clkbuf_16)
                  0.04    0.10    0.26 ^ clkbuf_2_0__f_clk/X (sky130_fd_sc_hd__clkbuf_16)
     9    0.03                           clknet_2_0__leaf_clk (net)
                  0.04    0.00    0.26 ^ _290_/CLK (sky130_fd_sc_hd__dfrtp_1)
                          0.25    0.51   clock uncertainty
                         -0.02    0.48   clock reconvergence pessimism
                         -0.02    0.46   library hold time
                                  0.46   data required time
-----------------------------------------------------------------------------
                                  0.46   data required time
                                 -0.58   data arrival time
-----------------------------------------------------------------------------
                                  0.11   slack (MET)


Startpoint: _292_ (rising edge-triggered flip-flop clocked by clk)
Endpoint: _292_ (rising edge-triggered flip-flop clocked by clk)
Path Group: clk
Path Type: min
Corner: Fastest

Fanout     Cap    Slew   Delay    Time   Description
-----------------------------------------------------------------------------
                          0.00    0.00   clock clk (rise edge)
                          0.00    0.00   clock source latency
                  0.05    0.03    0.03 ^ clk (in)
     1    0.01                           clk (net)
                  0.05    0.00    0.03 ^ clkbuf_0_clk/A (sky130_fd_sc_hd__clkbuf_16)
                  0.05    0.10    0.13 ^ clkbuf_0_clk/X (sky130_fd_sc_hd__clkbuf_16)
     4    0.05                           clknet_0_clk (net)
                  0.05    0.00    0.14 ^ clkbuf_2_0__f_clk/A (sky130_fd_sc_hd__clkbuf_16)
                  0.04    0.09    0.23 ^ clkbuf_2_0__f_clk/X (sky130_fd_sc_hd__clkbuf_16)
     9    0.03                           clknet_2_0__leaf_clk (net)
                  0.04    0.00    0.23 ^ _292_/CLK (sky130_fd_sc_hd__dfrtp_1)
                  0.05    0.21    0.45 ^ _292_/Q (sky130_fd_sc_hd__dfrtp_1)
     2    0.01                           shift_reg[4] (net)
                  0.05    0.00    0.45 ^ _247_/A0 (sky130_fd_sc_hd__mux2_1)
                  0.03    0.08    0.53 ^ _247_/X (sky130_fd_sc_hd__mux2_1)
     1    0.00                           _111_ (net)
                  0.03    0.00    0.53 ^ _248_/A (sky130_fd_sc_hd__clkbuf_1)
                  0.03    0.05    0.58 ^ _248_/X (sky130_fd_sc_hd__clkbuf_1)
     1    0.00                           _031_ (net)
                  0.03    0.00    0.58 ^ _292_/D (sky130_fd_sc_hd__dfrtp_1)
                                  0.58   data arrival time

                          0.00    0.00   clock clk (rise edge)
                          0.00    0.00   clock source latency
                  0.05    0.03    0.03 ^ clk (in)
     1    0.01                           clk (net)
                  0.05    0.00    0.03 ^ clkbuf_0_clk/A (sky130_fd_sc_hd__clkbuf_16)
                  0.05    0.11    0.15 ^ clkbuf_0_clk/X (sky130_fd_sc_hd__clkbuf_16)
     4    0.05                           clknet_0_clk (net)
                  0.05    0.00    0.15 ^ clkbuf_2_0__f_clk/A (sky130_fd_sc_hd__clkbuf_16)
                  0.04    0.10    0.26 ^ clkbuf_2_0__f_clk/X (sky130_fd_sc_hd__clkbuf_16)
     9    0.03                           clknet_2_0__leaf_clk (net)
                  0.04    0.00    0.26 ^ _292_/CLK (sky130_fd_sc_hd__dfrtp_1)
                          0.25    0.51   clock uncertainty
                         -0.02    0.48   clock reconvergence pessimism
                         -0.02    0.46   library hold time
                                  0.46   data required time
-----------------------------------------------------------------------------
                                  0.46   data required time
                                 -0.58   data arrival time
-----------------------------------------------------------------------------
                                  0.12   slack (MET)


Startpoint: _294_ (rising edge-triggered flip-flop clocked by clk)
Endpoint: _294_ (rising edge-triggered flip-flop clocked by clk)
Path Group: clk
Path Type: min
Corner: Fastest

Fanout     Cap    Slew   Delay    Time   Description
-----------------------------------------------------------------------------
                          0.00    0.00   clock clk (rise edge)
                          0.00    0.00   clock source latency
                  0.05    0.03    0.03 ^ clk (in)
     1    0.01                           clk (net)
                  0.05    0.00    0.03 ^ clkbuf_0_clk/A (sky130_fd_sc_hd__clkbuf_16)
                  0.05    0.10    0.13 ^ clkbuf_0_clk/X (sky130_fd_sc_hd__clkbuf_16)
     4    0.05                           clknet_0_clk (net)
                  0.05    0.00    0.14 ^ clkbuf_2_0__f_clk/A (sky130_fd_sc_hd__clkbuf_16)
                  0.04    0.09    0.23 ^ clkbuf_2_0__f_clk/X (sky130_fd_sc_hd__clkbuf_16)
     9    0.03                           clknet_2_0__leaf_clk (net)
                  0.04    0.00    0.23 ^ _294_/CLK (sky130_fd_sc_hd__dfrtp_1)
                  0.05    0.21    0.45 ^ _294_/Q (sky130_fd_sc_hd__dfrtp_1)
     2    0.01                           shift_reg[6] (net)
                  0.05    0.00    0.45 ^ _253_/A0 (sky130_fd_sc_hd__mux2_1)
                  0.03    0.08    0.53 ^ _253_/X (sky130_fd_sc_hd__mux2_1)
     1    0.00                           _115_ (net)
                  0.03    0.00    0.53 ^ _254_/A (sky130_fd_sc_hd__clkbuf_1)
                  0.03    0.05    0.58 ^ _254_/X (sky130_fd_sc_hd__clkbuf_1)
     1    0.00                           _033_ (net)
                  0.03    0.00    0.58 ^ _294_/D (sky130_fd_sc_hd__dfrtp_1)
                                  0.58   data arrival time

                          0.00    0.00   clock clk (rise edge)
                          0.00    0.00   clock source latency
                  0.05    0.03    0.03 ^ clk (in)
     1    0.01                           clk (net)
                  0.05    0.00    0.03 ^ clkbuf_0_clk/A (sky130_fd_sc_hd__clkbuf_16)
                  0.05    0.11    0.15 ^ clkbuf_0_clk/X (sky130_fd_sc_hd__clkbuf_16)
     4    0.05                           clknet_0_clk (net)
                  0.05    0.00    0.15 ^ clkbuf_2_0__f_clk/A (sky130_fd_sc_hd__clkbuf_16)
                  0.04    0.10    0.26 ^ clkbuf_2_0__f_clk/X (sky130_fd_sc_hd__clkbuf_16)
     9    0.03                           clknet_2_0__leaf_clk (net)
                  0.04    0.00    0.26 ^ _294_/CLK (sky130_fd_sc_hd__dfrtp_1)
                          0.25    0.51   clock uncertainty
                         -0.02    0.48   clock reconvergence pessimism
                         -0.02    0.46   library hold time
                                  0.46   data required time
-----------------------------------------------------------------------------
                                  0.46   data required time
                                 -0.58   data arrival time
-----------------------------------------------------------------------------
                                  0.12   slack (MET)


Startpoint: _284_ (rising edge-triggered flip-flop clocked by clk)
Endpoint: _284_ (rising edge-triggered flip-flop clocked by clk)
Path Group: clk
Path Type: min
Corner: Fastest

Fanout     Cap    Slew   Delay    Time   Description
-----------------------------------------------------------------------------
                          0.00    0.00   clock clk (rise edge)
                          0.00    0.00   clock source latency
                  0.05    0.03    0.03 ^ clk (in)
     1    0.01                           clk (net)
                  0.05    0.00    0.03 ^ clkbuf_0_clk/A (sky130_fd_sc_hd__clkbuf_16)
                  0.05    0.10    0.13 ^ clkbuf_0_clk/X (sky130_fd_sc_hd__clkbuf_16)
     4    0.05                           clknet_0_clk (net)
                  0.05    0.00    0.14 ^ clkbuf_2_1__f_clk/A (sky130_fd_sc_hd__clkbuf_16)
                  0.04    0.10    0.23 ^ clkbuf_2_1__f_clk/X (sky130_fd_sc_hd__clkbuf_16)
    11    0.04                           clknet_2_1__leaf_clk (net)
                  0.04    0.00    0.24 ^ _284_/CLK (sky130_fd_sc_hd__dfrtp_1)
                  0.10    0.25    0.49 ^ _284_/Q (sky130_fd_sc_hd__dfrtp_1)
     5    0.02                           bit_count[0] (net)
                  0.10    0.00    0.49 ^ _220_/A1 (sky130_fd_sc_hd__o21ba_1)
                  0.04    0.09    0.58 ^ _220_/X (sky130_fd_sc_hd__o21ba_1)
     1    0.00                           _023_ (net)
                  0.04    0.00    0.58 ^ _284_/D (sky130_fd_sc_hd__dfrtp_1)
                                  0.58   data arrival time

                          0.00    0.00   clock clk (rise edge)
                          0.00    0.00   clock source latency
                  0.05    0.03    0.03 ^ clk (in)
     1    0.01                           clk (net)
                  0.05    0.00    0.03 ^ clkbuf_0_clk/A (sky130_fd_sc_hd__clkbuf_16)
                  0.05    0.11    0.15 ^ clkbuf_0_clk/X (sky130_fd_sc_hd__clkbuf_16)
     4    0.05                           clknet_0_clk (net)
                  0.05    0.00    0.15 ^ clkbuf_2_1__f_clk/A (sky130_fd_sc_hd__clkbuf_16)
                  0.04    0.11    0.26 ^ clkbuf_2_1__f_clk/X (sky130_fd_sc_hd__clkbuf_16)
    11    0.04                           clknet_2_1__leaf_clk (net)
                  0.04    0.00    0.26 ^ _284_/CLK (sky130_fd_sc_hd__dfrtp_1)
                          0.25    0.51   clock uncertainty
                         -0.02    0.49   clock reconvergence pessimism
                         -0.02    0.47   library hold time
                                  0.47   data required time
-----------------------------------------------------------------------------
                                  0.47   data required time
                                 -0.58   data arrival time
-----------------------------------------------------------------------------
                                  0.12   slack (MET)


Startpoint: _289_ (rising edge-triggered flip-flop clocked by clk)
Endpoint: _289_ (rising edge-triggered flip-flop clocked by clk)
Path Group: clk
Path Type: min
Corner: Fastest

Fanout     Cap    Slew   Delay    Time   Description
-----------------------------------------------------------------------------
                          0.00    0.00   clock clk (rise edge)
                          0.00    0.00   clock source latency
                  0.05    0.03    0.03 ^ clk (in)
     1    0.01                           clk (net)
                  0.05    0.00    0.03 ^ clkbuf_0_clk/A (sky130_fd_sc_hd__clkbuf_16)
                  0.05    0.10    0.13 ^ clkbuf_0_clk/X (sky130_fd_sc_hd__clkbuf_16)
     4    0.05                           clknet_0_clk (net)
                  0.05    0.00    0.14 ^ clkbuf_2_0__f_clk/A (sky130_fd_sc_hd__clkbuf_16)
                  0.04    0.09    0.23 ^ clkbuf_2_0__f_clk/X (sky130_fd_sc_hd__clkbuf_16)
     9    0.03                           clknet_2_0__leaf_clk (net)
                  0.04    0.00    0.23 ^ _289_/CLK (sky130_fd_sc_hd__dfrtp_1)
                  0.05    0.22    0.45 ^ _289_/Q (sky130_fd_sc_hd__dfrtp_1)
     2    0.01                           shift_reg[1] (net)
                  0.05    0.00    0.45 ^ _238_/A0 (sky130_fd_sc_hd__mux2_1)
                  0.03    0.08    0.53 ^ _238_/X (sky130_fd_sc_hd__mux2_1)
     1    0.00                           _105_ (net)
                  0.03    0.00    0.53 ^ _239_/A (sky130_fd_sc_hd__clkbuf_1)
                  0.03    0.05    0.58 ^ _239_/X (sky130_fd_sc_hd__clkbuf_1)
     1    0.00                           _028_ (net)
                  0.03    0.00    0.58 ^ _289_/D (sky130_fd_sc_hd__dfrtp_1)
                                  0.58   data arrival time

                          0.00    0.00   clock clk (rise edge)
                          0.00    0.00   clock source latency
                  0.05    0.03    0.03 ^ clk (in)
     1    0.01                           clk (net)
                  0.05    0.00    0.03 ^ clkbuf_0_clk/A (sky130_fd_sc_hd__clkbuf_16)
                  0.05    0.11    0.15 ^ clkbuf_0_clk/X (sky130_fd_sc_hd__clkbuf_16)
     4    0.05                           clknet_0_clk (net)
                  0.05    0.00    0.15 ^ clkbuf_2_0__f_clk/A (sky130_fd_sc_hd__clkbuf_16)
                  0.04    0.10    0.26 ^ clkbuf_2_0__f_clk/X (sky130_fd_sc_hd__clkbuf_16)
     9    0.03                           clknet_2_0__leaf_clk (net)
                  0.04    0.00    0.26 ^ _289_/CLK (sky130_fd_sc_hd__dfrtp_1)
                          0.25    0.51   clock uncertainty
                         -0.02    0.49   clock reconvergence pessimism
                         -0.02    0.46   library hold time
                                  0.46   data required time
-----------------------------------------------------------------------------
                                  0.46   data required time
                                 -0.58   data arrival time
-----------------------------------------------------------------------------
                                  0.12   slack (MET)


Startpoint: _293_ (rising edge-triggered flip-flop clocked by clk)
Endpoint: _293_ (rising edge-triggered flip-flop clocked by clk)
Path Group: clk
Path Type: min
Corner: Fastest

Fanout     Cap    Slew   Delay    Time   Description
-----------------------------------------------------------------------------
                          0.00    0.00   clock clk (rise edge)
                          0.00    0.00   clock source latency
                  0.05    0.03    0.03 ^ clk (in)
     1    0.01                           clk (net)
                  0.05    0.00    0.03 ^ clkbuf_0_clk/A (sky130_fd_sc_hd__clkbuf_16)
                  0.05    0.10    0.13 ^ clkbuf_0_clk/X (sky130_fd_sc_hd__clkbuf_16)
     4    0.05                           clknet_0_clk (net)
                  0.05    0.00    0.14 ^ clkbuf_2_0__f_clk/A (sky130_fd_sc_hd__clkbuf_16)
                  0.04    0.09    0.23 ^ clkbuf_2_0__f_clk/X (sky130_fd_sc_hd__clkbuf_16)
     9    0.03                           clknet_2_0__leaf_clk (net)
                  0.04    0.00    0.23 ^ _293_/CLK (sky130_fd_sc_hd__dfrtp_1)
                  0.06    0.22    0.45 ^ _293_/Q (sky130_fd_sc_hd__dfrtp_1)
     2    0.01                           shift_reg[5] (net)
                  0.06    0.00    0.45 ^ _250_/A0 (sky130_fd_sc_hd__mux2_1)
                  0.03    0.08    0.54 ^ _250_/X (sky130_fd_sc_hd__mux2_1)
     1    0.00                           _113_ (net)
                  0.03    0.00    0.54 ^ _251_/A (sky130_fd_sc_hd__clkbuf_1)
                  0.03    0.05    0.58 ^ _251_/X (sky130_fd_sc_hd__clkbuf_1)
     1    0.00                           _032_ (net)
                  0.03    0.00    0.58 ^ _293_/D (sky130_fd_sc_hd__dfrtp_1)
                                  0.58   data arrival time

                          0.00    0.00   clock clk (rise edge)
                          0.00    0.00   clock source latency
                  0.05    0.03    0.03 ^ clk (in)
     1    0.01                           clk (net)
                  0.05    0.00    0.03 ^ clkbuf_0_clk/A (sky130_fd_sc_hd__clkbuf_16)
                  0.05    0.11    0.15 ^ clkbuf_0_clk/X (sky130_fd_sc_hd__clkbuf_16)
     4    0.05                           clknet_0_clk (net)
                  0.05    0.00    0.15 ^ clkbuf_2_0__f_clk/A (sky130_fd_sc_hd__clkbuf_16)
                  0.04    0.10    0.26 ^ clkbuf_2_0__f_clk/X (sky130_fd_sc_hd__clkbuf_16)
     9    0.03                           clknet_2_0__leaf_clk (net)
                  0.04    0.00    0.26 ^ _293_/CLK (sky130_fd_sc_hd__dfrtp_1)
                          0.25    0.51   clock uncertainty
                         -0.02    0.48   clock reconvergence pessimism
                         -0.02    0.46   library hold time
                                  0.46   data required time
-----------------------------------------------------------------------------
                                  0.46   data required time
                                 -0.58   data arrival time
-----------------------------------------------------------------------------
                                  0.12   slack (MET)


Startpoint: _298_ (rising edge-triggered flip-flop clocked by clk)
Endpoint: _297_ (rising edge-triggered flip-flop clocked by clk)
Path Group: clk
Path Type: min
Corner: Fastest

Fanout     Cap    Slew   Delay    Time   Description
-----------------------------------------------------------------------------
                          0.00    0.00   clock clk (rise edge)
                          0.00    0.00   clock source latency
                  0.05    0.03    0.03 ^ clk (in)
     1    0.01                           clk (net)
                  0.05    0.00    0.03 ^ clkbuf_0_clk/A (sky130_fd_sc_hd__clkbuf_16)
                  0.05    0.10    0.13 ^ clkbuf_0_clk/X (sky130_fd_sc_hd__clkbuf_16)
     4    0.05                           clknet_0_clk (net)
                  0.05    0.00    0.14 ^ clkbuf_2_1__f_clk/A (sky130_fd_sc_hd__clkbuf_16)
                  0.04    0.10    0.23 ^ clkbuf_2_1__f_clk/X (sky130_fd_sc_hd__clkbuf_16)
    11    0.04                           clknet_2_1__leaf_clk (net)
                  0.04    0.00    0.24 ^ _298_/CLK (sky130_fd_sc_hd__dfrtp_1)
                  0.10    0.25    0.49 ^ _298_/Q (sky130_fd_sc_hd__dfrtp_1)
     4    0.01                           baud_tick (net)
                  0.10    0.00    0.49 ^ _261_/A1 (sky130_fd_sc_hd__a32o_1)
                  0.03    0.10    0.59 ^ _261_/X (sky130_fd_sc_hd__a32o_1)
     1    0.00                           _036_ (net)
                  0.03    0.00    0.59 ^ _297_/D (sky130_fd_sc_hd__dfrtp_4)
                                  0.59   data arrival time

                          0.00    0.00   clock clk (rise edge)
                          0.00    0.00   clock source latency
                  0.05    0.03    0.03 ^ clk (in)
     1    0.01                           clk (net)
                  0.05    0.00    0.03 ^ clkbuf_0_clk/A (sky130_fd_sc_hd__clkbuf_16)
                  0.05    0.11    0.15 ^ clkbuf_0_clk/X (sky130_fd_sc_hd__clkbuf_16)
     4    0.05                           clknet_0_clk (net)
                  0.05    0.00    0.15 ^ clkbuf_2_1__f_clk/A (sky130_fd_sc_hd__clkbuf_16)
                  0.04    0.11    0.26 ^ clkbuf_2_1__f_clk/X (sky130_fd_sc_hd__clkbuf_16)
    11    0.04                           clknet_2_1__leaf_clk (net)
                  0.04    0.00    0.26 ^ _297_/CLK (sky130_fd_sc_hd__dfrtp_4)
                          0.25    0.51   clock uncertainty
                         -0.02    0.49   clock reconvergence pessimism
                         -0.02    0.47   library hold time
                                  0.47   data required time
-----------------------------------------------------------------------------
                                  0.47   data required time
                                 -0.59   data arrival time
-----------------------------------------------------------------------------
                                  0.12   slack (MET)


Startpoint: _288_ (rising edge-triggered flip-flop clocked by clk)
Endpoint: _288_ (rising edge-triggered flip-flop clocked by clk)
Path Group: clk
Path Type: min
Corner: Fastest

Fanout     Cap    Slew   Delay    Time   Description
-----------------------------------------------------------------------------
                          0.00    0.00   clock clk (rise edge)
                          0.00    0.00   clock source latency
                  0.05    0.03    0.03 ^ clk (in)
     1    0.01                           clk (net)
                  0.05    0.00    0.03 ^ clkbuf_0_clk/A (sky130_fd_sc_hd__clkbuf_16)
                  0.05    0.10    0.13 ^ clkbuf_0_clk/X (sky130_fd_sc_hd__clkbuf_16)
     4    0.05                           clknet_0_clk (net)
                  0.05    0.00    0.14 ^ clkbuf_2_0__f_clk/A (sky130_fd_sc_hd__clkbuf_16)
                  0.04    0.09    0.23 ^ clkbuf_2_0__f_clk/X (sky130_fd_sc_hd__clkbuf_16)
     9    0.03                           clknet_2_0__leaf_clk (net)
                  0.04    0.00    0.23 ^ _288_/CLK (sky130_fd_sc_hd__dfrtp_1)
                  0.06    0.22    0.46 ^ _288_/Q (sky130_fd_sc_hd__dfrtp_1)
     2    0.01                           shift_reg[0] (net)
                  0.06    0.00    0.46 ^ _235_/A0 (sky130_fd_sc_hd__mux2_1)
                  0.03    0.08    0.54 ^ _235_/X (sky130_fd_sc_hd__mux2_1)
     1    0.00                           _103_ (net)
                  0.04    0.00    0.54 ^ _236_/A (sky130_fd_sc_hd__clkbuf_1)
                  0.03    0.05    0.59 ^ _236_/X (sky130_fd_sc_hd__clkbuf_1)
     1    0.00                           _027_ (net)
                  0.03    0.00    0.59 ^ _288_/D (sky130_fd_sc_hd__dfrtp_1)
                                  0.59   data arrival time

                          0.00    0.00   clock clk (rise edge)
                          0.00    0.00   clock source latency
                  0.05    0.03    0.03 ^ clk (in)
     1    0.01                           clk (net)
                  0.05    0.00    0.03 ^ clkbuf_0_clk/A (sky130_fd_sc_hd__clkbuf_16)
                  0.05    0.11    0.15 ^ clkbuf_0_clk/X (sky130_fd_sc_hd__clkbuf_16)
     4    0.05                           clknet_0_clk (net)
                  0.05    0.00    0.15 ^ clkbuf_2_0__f_clk/A (sky130_fd_sc_hd__clkbuf_16)
                  0.04    0.10    0.26 ^ clkbuf_2_0__f_clk/X (sky130_fd_sc_hd__clkbuf_16)
     9    0.03                           clknet_2_0__leaf_clk (net)
                  0.04    0.00    0.26 ^ _288_/CLK (sky130_fd_sc_hd__dfrtp_1)
                          0.25    0.51   clock uncertainty
                         -0.02    0.48   clock reconvergence pessimism
                         -0.02    0.46   library hold time
                                  0.46   data required time
-----------------------------------------------------------------------------
                                  0.46   data required time
                                 -0.59   data arrival time
-----------------------------------------------------------------------------
                                  0.13   slack (MET)


Startpoint: _274_ (rising edge-triggered flip-flop clocked by clk)
Endpoint: _274_ (rising edge-triggered flip-flop clocked by clk)
Path Group: clk
Path Type: min
Corner: Fastest

Fanout     Cap    Slew   Delay    Time   Description
-----------------------------------------------------------------------------
                          0.00    0.00   clock clk (rise edge)
                          0.00    0.00   clock source latency
                  0.05    0.03    0.03 ^ clk (in)
     1    0.01                           clk (net)
                  0.05    0.00    0.03 ^ clkbuf_0_clk/A (sky130_fd_sc_hd__clkbuf_16)
                  0.05    0.10    0.13 ^ clkbuf_0_clk/X (sky130_fd_sc_hd__clkbuf_16)
     4    0.05                           clknet_0_clk (net)
                  0.05    0.00    0.14 ^ clkbuf_2_2__f_clk/A (sky130_fd_sc_hd__clkbuf_16)
                  0.04    0.09    0.23 ^ clkbuf_2_2__f_clk/X (sky130_fd_sc_hd__clkbuf_16)
     8    0.03                           clknet_2_2__leaf_clk (net)
                  0.04    0.00    0.23 ^ _274_/CLK (sky130_fd_sc_hd__dfrtp_4)
                  0.08    0.29    0.52 ^ _274_/Q (sky130_fd_sc_hd__dfrtp_4)
     8    0.03                           idle_counter[0] (net)
                  0.08    0.00    0.52 ^ _183_/A1 (sky130_fd_sc_hd__o21a_1)
                  0.03    0.08    0.60 ^ _183_/X (sky130_fd_sc_hd__o21a_1)
     1    0.00                           _013_ (net)
                  0.03    0.00    0.60 ^ _274_/D (sky130_fd_sc_hd__dfrtp_4)
                                  0.60   data arrival time

                          0.00    0.00   clock clk (rise edge)
                          0.00    0.00   clock source latency
                  0.05    0.03    0.03 ^ clk (in)
     1    0.01                           clk (net)
                  0.05    0.00    0.03 ^ clkbuf_0_clk/A (sky130_fd_sc_hd__clkbuf_16)
                  0.05    0.11    0.15 ^ clkbuf_0_clk/X (sky130_fd_sc_hd__clkbuf_16)
     4    0.05                           clknet_0_clk (net)
                  0.05    0.00    0.15 ^ clkbuf_2_2__f_clk/A (sky130_fd_sc_hd__clkbuf_16)
                  0.04    0.10    0.25 ^ clkbuf_2_2__f_clk/X (sky130_fd_sc_hd__clkbuf_16)
     8    0.03                           clknet_2_2__leaf_clk (net)
                  0.04    0.00    0.26 ^ _274_/CLK (sky130_fd_sc_hd__dfrtp_4)
                          0.25    0.51   clock uncertainty
                         -0.02    0.48   clock reconvergence pessimism
                         -0.02    0.46   library hold time
                                  0.46   data required time
-----------------------------------------------------------------------------
                                  0.46   data required time
                                 -0.60   data arrival time
-----------------------------------------------------------------------------
                                  0.14   slack (MET)


Startpoint: _262_ (rising edge-triggered flip-flop clocked by clk)
Endpoint: _262_ (rising edge-triggered flip-flop clocked by clk)
Path Group: clk
Path Type: min
Corner: Fastest

Fanout     Cap    Slew   Delay    Time   Description
-----------------------------------------------------------------------------
                          0.00    0.00   clock clk (rise edge)
                          0.00    0.00   clock source latency
                  0.05    0.03    0.03 ^ clk (in)
     1    0.01                           clk (net)
                  0.05    0.00    0.03 ^ clkbuf_0_clk/A (sky130_fd_sc_hd__clkbuf_16)
                  0.05    0.10    0.13 ^ clkbuf_0_clk/X (sky130_fd_sc_hd__clkbuf_16)
     4    0.05                           clknet_0_clk (net)
                  0.05    0.00    0.14 ^ clkbuf_2_3__f_clk/A (sky130_fd_sc_hd__clkbuf_16)
                  0.04    0.10    0.23 ^ clkbuf_2_3__f_clk/X (sky130_fd_sc_hd__clkbuf_16)
     9    0.03                           clknet_2_3__leaf_clk (net)
                  0.04    0.00    0.24 ^ _262_/CLK (sky130_fd_sc_hd__dfrtp_1)
                  0.08    0.24    0.47 ^ _262_/Q (sky130_fd_sc_hd__dfrtp_1)
     4    0.01                           baud_counter[0] (net)
                  0.08    0.00    0.47 ^ _143_/B (sky130_fd_sc_hd__and2b_1)
                  0.07    0.11    0.58 ^ _143_/X (sky130_fd_sc_hd__and2b_1)
     3    0.01                           _037_ (net)
                  0.07    0.00    0.58 ^ _145_/A (sky130_fd_sc_hd__nor2_1)
                  0.02    0.03    0.61 v _145_/Y (sky130_fd_sc_hd__nor2_1)
     1    0.00                           _001_ (net)
                  0.02    0.00    0.61 v _262_/D (sky130_fd_sc_hd__dfrtp_1)
                                  0.61   data arrival time

                          0.00    0.00   clock clk (rise edge)
                          0.00    0.00   clock source latency
                  0.05    0.03    0.03 ^ clk (in)
     1    0.01                           clk (net)
                  0.05    0.00    0.03 ^ clkbuf_0_clk/A (sky130_fd_sc_hd__clkbuf_16)
                  0.05    0.11    0.15 ^ clkbuf_0_clk/X (sky130_fd_sc_hd__clkbuf_16)
     4    0.05                           clknet_0_clk (net)
                  0.05    0.00    0.15 ^ clkbuf_2_3__f_clk/A (sky130_fd_sc_hd__clkbuf_16)
                  0.04    0.11    0.26 ^ clkbuf_2_3__f_clk/X (sky130_fd_sc_hd__clkbuf_16)
     9    0.03                           clknet_2_3__leaf_clk (net)
                  0.04    0.00    0.26 ^ _262_/CLK (sky130_fd_sc_hd__dfrtp_1)
                          0.25    0.51   clock uncertainty
                         -0.02    0.49   clock reconvergence pessimism
                         -0.02    0.47   library hold time
                                  0.47   data required time
-----------------------------------------------------------------------------
                                  0.47   data required time
                                 -0.61   data arrival time
-----------------------------------------------------------------------------
                                  0.14   slack (MET)


Startpoint: _296_ (rising edge-triggered flip-flop clocked by clk)
Endpoint: _296_ (rising edge-triggered flip-flop clocked by clk)
Path Group: clk
Path Type: min
Corner: Fastest

Fanout     Cap    Slew   Delay    Time   Description
-----------------------------------------------------------------------------
                          0.00    0.00   clock clk (rise edge)
                          0.00    0.00   clock source latency
                  0.05    0.03    0.03 ^ clk (in)
     1    0.01                           clk (net)
                  0.05    0.00    0.03 ^ clkbuf_0_clk/A (sky130_fd_sc_hd__clkbuf_16)
                  0.05    0.10    0.13 ^ clkbuf_0_clk/X (sky130_fd_sc_hd__clkbuf_16)
     4    0.05                           clknet_0_clk (net)
                  0.05    0.00    0.14 ^ clkbuf_2_1__f_clk/A (sky130_fd_sc_hd__clkbuf_16)
                  0.04    0.10    0.23 ^ clkbuf_2_1__f_clk/X (sky130_fd_sc_hd__clkbuf_16)
    11    0.04                           clknet_2_1__leaf_clk (net)
                  0.04    0.00    0.24 ^ _296_/CLK (sky130_fd_sc_hd__dfrtp_4)
                  0.08    0.29    0.53 ^ _296_/Q (sky130_fd_sc_hd__dfrtp_4)
     8    0.03                           state[0] (net)
                  0.08    0.00    0.53 ^ _260_/A1 (sky130_fd_sc_hd__a21o_1)
                  0.03    0.08    0.61 ^ _260_/X (sky130_fd_sc_hd__a21o_1)
     1    0.00                           _035_ (net)
                  0.03    0.00    0.61 ^ _296_/D (sky130_fd_sc_hd__dfrtp_4)
                                  0.61   data arrival time

                          0.00    0.00   clock clk (rise edge)
                          0.00    0.00   clock source latency
                  0.05    0.03    0.03 ^ clk (in)
     1    0.01                           clk (net)
                  0.05    0.00    0.03 ^ clkbuf_0_clk/A (sky130_fd_sc_hd__clkbuf_16)
                  0.05    0.11    0.15 ^ clkbuf_0_clk/X (sky130_fd_sc_hd__clkbuf_16)
     4    0.05                           clknet_0_clk (net)
                  0.05    0.00    0.15 ^ clkbuf_2_1__f_clk/A (sky130_fd_sc_hd__clkbuf_16)
                  0.04    0.11    0.26 ^ clkbuf_2_1__f_clk/X (sky130_fd_sc_hd__clkbuf_16)
    11    0.04                           clknet_2_1__leaf_clk (net)
                  0.04    0.00    0.26 ^ _296_/CLK (sky130_fd_sc_hd__dfrtp_4)
                          0.25    0.51   clock uncertainty
                         -0.02    0.49   clock reconvergence pessimism
                         -0.02    0.47   library hold time
                                  0.47   data required time
-----------------------------------------------------------------------------
                                  0.47   data required time
                                 -0.61   data arrival time
-----------------------------------------------------------------------------
                                  0.15   slack (MET)


Startpoint: _263_ (rising edge-triggered flip-flop clocked by clk)
Endpoint: _263_ (rising edge-triggered flip-flop clocked by clk)
Path Group: clk
Path Type: min
Corner: Fastest

Fanout     Cap    Slew   Delay    Time   Description
-----------------------------------------------------------------------------
                          0.00    0.00   clock clk (rise edge)
                          0.00    0.00   clock source latency
                  0.05    0.03    0.03 ^ clk (in)
     1    0.01                           clk (net)
                  0.05    0.00    0.03 ^ clkbuf_0_clk/A (sky130_fd_sc_hd__clkbuf_16)
                  0.05    0.10    0.13 ^ clkbuf_0_clk/X (sky130_fd_sc_hd__clkbuf_16)
     4    0.05                           clknet_0_clk (net)
                  0.05    0.00    0.14 ^ clkbuf_2_3__f_clk/A (sky130_fd_sc_hd__clkbuf_16)
                  0.04    0.10    0.23 ^ clkbuf_2_3__f_clk/X (sky130_fd_sc_hd__clkbuf_16)
     9    0.03                           clknet_2_3__leaf_clk (net)
                  0.04    0.00    0.24 ^ _263_/CLK (sky130_fd_sc_hd__dfrtp_1)
                  0.08    0.24    0.48 ^ _263_/Q (sky130_fd_sc_hd__dfrtp_1)
     4    0.01                           baud_counter[1] (net)
                  0.08    0.00    0.48 ^ _147_/A (sky130_fd_sc_hd__or2_1)
                  0.03    0.07    0.55 ^ _147_/X (sky130_fd_sc_hd__or2_1)
     1    0.00                           _040_ (net)
                  0.03    0.00    0.55 ^ _148_/C1 (sky130_fd_sc_hd__o211a_1)
                  0.03    0.06    0.61 ^ _148_/X (sky130_fd_sc_hd__o211a_1)
     1    0.00                           _002_ (net)
                  0.03    0.00    0.61 ^ _263_/D (sky130_fd_sc_hd__dfrtp_1)
                                  0.61   data arrival time

                          0.00    0.00   clock clk (rise edge)
                          0.00    0.00   clock source latency
                  0.05    0.03    0.03 ^ clk (in)
     1    0.01                           clk (net)
                  0.05    0.00    0.03 ^ clkbuf_0_clk/A (sky130_fd_sc_hd__clkbuf_16)
                  0.05    0.11    0.15 ^ clkbuf_0_clk/X (sky130_fd_sc_hd__clkbuf_16)
     4    0.05                           clknet_0_clk (net)
                  0.05    0.00    0.15 ^ clkbuf_2_3__f_clk/A (sky130_fd_sc_hd__clkbuf_16)
                  0.04    0.11    0.26 ^ clkbuf_2_3__f_clk/X (sky130_fd_sc_hd__clkbuf_16)
     9    0.03                           clknet_2_3__leaf_clk (net)
                  0.04    0.00    0.26 ^ _263_/CLK (sky130_fd_sc_hd__dfrtp_1)
                          0.25    0.51   clock uncertainty
                         -0.02    0.49   clock reconvergence pessimism
                         -0.02    0.46   library hold time
                                  0.46   data required time
-----------------------------------------------------------------------------
                                  0.46   data required time
                                 -0.61   data arrival time
-----------------------------------------------------------------------------
                                  0.15   slack (MET)


Startpoint: _281_ (rising edge-triggered flip-flop clocked by clk)
Endpoint: _281_ (rising edge-triggered flip-flop clocked by clk)
Path Group: clk
Path Type: min
Corner: Fastest

Fanout     Cap    Slew   Delay    Time   Description
-----------------------------------------------------------------------------
                          0.00    0.00   clock clk (rise edge)
                          0.00    0.00   clock source latency
                  0.05    0.03    0.03 ^ clk (in)
     1    0.01                           clk (net)
                  0.05    0.00    0.03 ^ clkbuf_0_clk/A (sky130_fd_sc_hd__clkbuf_16)
                  0.05    0.10    0.13 ^ clkbuf_0_clk/X (sky130_fd_sc_hd__clkbuf_16)
     4    0.05                           clknet_0_clk (net)
                  0.05    0.00    0.14 ^ clkbuf_2_3__f_clk/A (sky130_fd_sc_hd__clkbuf_16)
                  0.04    0.10    0.23 ^ clkbuf_2_3__f_clk/X (sky130_fd_sc_hd__clkbuf_16)
     9    0.03                           clknet_2_3__leaf_clk (net)
                  0.04    0.00    0.24 ^ _281_/CLK (sky130_fd_sc_hd__dfrtp_1)
                  0.07    0.23    0.47 ^ _281_/Q (sky130_fd_sc_hd__dfrtp_1)
     3    0.01                           idle_counter[7] (net)
                  0.07    0.00    0.47 ^ _208_/B1 (sky130_fd_sc_hd__a21o_1)
                  0.03    0.05    0.52 ^ _208_/X (sky130_fd_sc_hd__a21o_1)
     1    0.00                           _083_ (net)
                  0.03    0.00    0.52 ^ _210_/A2 (sky130_fd_sc_hd__a32o_1)
                  0.03    0.09    0.61 ^ _210_/X (sky130_fd_sc_hd__a32o_1)
     1    0.00                           _020_ (net)
                  0.03    0.00    0.61 ^ _281_/D (sky130_fd_sc_hd__dfrtp_1)
                                  0.61   data arrival time

                          0.00    0.00   clock clk (rise edge)
                          0.00    0.00   clock source latency
                  0.05    0.03    0.03 ^ clk (in)
     1    0.01                           clk (net)
                  0.05    0.00    0.03 ^ clkbuf_0_clk/A (sky130_fd_sc_hd__clkbuf_16)
                  0.05    0.11    0.15 ^ clkbuf_0_clk/X (sky130_fd_sc_hd__clkbuf_16)
     4    0.05                           clknet_0_clk (net)
                  0.05    0.00    0.15 ^ clkbuf_2_3__f_clk/A (sky130_fd_sc_hd__clkbuf_16)
                  0.04    0.11    0.26 ^ clkbuf_2_3__f_clk/X (sky130_fd_sc_hd__clkbuf_16)
     9    0.03                           clknet_2_3__leaf_clk (net)
                  0.04    0.00    0.26 ^ _281_/CLK (sky130_fd_sc_hd__dfrtp_1)
                          0.25    0.51   clock uncertainty
                         -0.02    0.49   clock reconvergence pessimism
                         -0.02    0.46   library hold time
                                  0.46   data required time
-----------------------------------------------------------------------------
                                  0.46   data required time
                                 -0.61   data arrival time
-----------------------------------------------------------------------------
                                  0.15   slack (MET)


Startpoint: _283_ (rising edge-triggered flip-flop clocked by clk)
Endpoint: _283_ (rising edge-triggered flip-flop clocked by clk)
Path Group: clk
Path Type: min
Corner: Fastest

Fanout     Cap    Slew   Delay    Time   Description
-----------------------------------------------------------------------------
                          0.00    0.00   clock clk (rise edge)
                          0.00    0.00   clock source latency
                  0.05    0.03    0.03 ^ clk (in)
     1    0.01                           clk (net)
                  0.05    0.00    0.03 ^ clkbuf_0_clk/A (sky130_fd_sc_hd__clkbuf_16)
                  0.05    0.10    0.13 ^ clkbuf_0_clk/X (sky130_fd_sc_hd__clkbuf_16)
     4    0.05                           clknet_0_clk (net)
                  0.05    0.00    0.14 ^ clkbuf_2_2__f_clk/A (sky130_fd_sc_hd__clkbuf_16)
                  0.04    0.09    0.23 ^ clkbuf_2_2__f_clk/X (sky130_fd_sc_hd__clkbuf_16)
     8    0.03                           clknet_2_2__leaf_clk (net)
                  0.04    0.00    0.23 ^ _283_/CLK (sky130_fd_sc_hd__dfrtp_1)
                  0.10    0.25    0.48 ^ _283_/Q (sky130_fd_sc_hd__dfrtp_1)
     3    0.01                           idle_counter[9] (net)
                  0.10    0.00    0.48 ^ _213_/A (sky130_fd_sc_hd__and2_1)
                  0.04    0.08    0.57 ^ _213_/X (sky130_fd_sc_hd__and2_1)
     1    0.00                           _086_ (net)
                  0.04    0.00    0.57 ^ _214_/A (sky130_fd_sc_hd__clkbuf_1)
                  0.03    0.05    0.62 ^ _214_/X (sky130_fd_sc_hd__clkbuf_1)
     1    0.00                           _022_ (net)
                  0.03    0.00    0.62 ^ _283_/D (sky130_fd_sc_hd__dfrtp_1)
                                  0.62   data arrival time

                          0.00    0.00   clock clk (rise edge)
                          0.00    0.00   clock source latency
                  0.05    0.03    0.03 ^ clk (in)
     1    0.01                           clk (net)
                  0.05    0.00    0.03 ^ clkbuf_0_clk/A (sky130_fd_sc_hd__clkbuf_16)
                  0.05    0.11    0.15 ^ clkbuf_0_clk/X (sky130_fd_sc_hd__clkbuf_16)
     4    0.05                           clknet_0_clk (net)
                  0.05    0.00    0.15 ^ clkbuf_2_2__f_clk/A (sky130_fd_sc_hd__clkbuf_16)
                  0.04    0.10    0.25 ^ clkbuf_2_2__f_clk/X (sky130_fd_sc_hd__clkbuf_16)
     8    0.03                           clknet_2_2__leaf_clk (net)
                  0.04    0.00    0.26 ^ _283_/CLK (sky130_fd_sc_hd__dfrtp_1)
                          0.25    0.51   clock uncertainty
                         -0.02    0.48   clock reconvergence pessimism
                         -0.02    0.46   library hold time
                                  0.46   data required time
-----------------------------------------------------------------------------
                                  0.46   data required time
                                 -0.62   data arrival time
-----------------------------------------------------------------------------
                                  0.16   slack (MET)


Startpoint: _272_ (rising edge-triggered flip-flop clocked by clk)
Endpoint: _272_ (rising edge-triggered flip-flop clocked by clk)
Path Group: clk
Path Type: min
Corner: Fastest

Fanout     Cap    Slew   Delay    Time   Description
-----------------------------------------------------------------------------
                          0.00    0.00   clock clk (rise edge)
                          0.00    0.00   clock source latency
                  0.05    0.03    0.03 ^ clk (in)
     1    0.01                           clk (net)
                  0.05    0.00    0.03 ^ clkbuf_0_clk/A (sky130_fd_sc_hd__clkbuf_16)
                  0.05    0.10    0.13 ^ clkbuf_0_clk/X (sky130_fd_sc_hd__clkbuf_16)
     4    0.05                           clknet_0_clk (net)
                  0.05    0.00    0.14 ^ clkbuf_2_2__f_clk/A (sky130_fd_sc_hd__clkbuf_16)
                  0.04    0.09    0.23 ^ clkbuf_2_2__f_clk/X (sky130_fd_sc_hd__clkbuf_16)
     8    0.03                           clknet_2_2__leaf_clk (net)
                  0.04    0.00    0.23 ^ _272_/CLK (sky130_fd_sc_hd__dfrtp_1)
                  0.07    0.23    0.46 ^ _272_/Q (sky130_fd_sc_hd__dfrtp_1)
     4    0.01                           sleep_pending (net)
                  0.07    0.00    0.46 ^ _176_/A (sky130_fd_sc_hd__and2_1)
                  0.04    0.09    0.55 ^ _176_/X (sky130_fd_sc_hd__and2_1)
     1    0.00                           _060_ (net)
                  0.04    0.00    0.55 ^ _177_/A2 (sky130_fd_sc_hd__o21a_1)
                  0.03    0.07    0.62 ^ _177_/X (sky130_fd_sc_hd__o21a_1)
     1    0.00                           _011_ (net)
                  0.03    0.00    0.62 ^ _272_/D (sky130_fd_sc_hd__dfrtp_1)
                                  0.62   data arrival time

                          0.00    0.00   clock clk (rise edge)
                          0.00    0.00   clock source latency
                  0.05    0.03    0.03 ^ clk (in)
     1    0.01                           clk (net)
                  0.05    0.00    0.03 ^ clkbuf_0_clk/A (sky130_fd_sc_hd__clkbuf_16)
                  0.05    0.11    0.15 ^ clkbuf_0_clk/X (sky130_fd_sc_hd__clkbuf_16)
     4    0.05                           clknet_0_clk (net)
                  0.05    0.00    0.15 ^ clkbuf_2_2__f_clk/A (sky130_fd_sc_hd__clkbuf_16)
                  0.04    0.10    0.25 ^ clkbuf_2_2__f_clk/X (sky130_fd_sc_hd__clkbuf_16)
     8    0.03                           clknet_2_2__leaf_clk (net)
                  0.04    0.00    0.26 ^ _272_/CLK (sky130_fd_sc_hd__dfrtp_1)
                          0.25    0.51   clock uncertainty
                         -0.02    0.48   clock reconvergence pessimism
                         -0.02    0.46   library hold time
                                  0.46   data required time
-----------------------------------------------------------------------------
                                  0.46   data required time
                                 -0.62   data arrival time
-----------------------------------------------------------------------------
                                  0.16   slack (MET)


Startpoint: _263_ (rising edge-triggered flip-flop clocked by clk)
Endpoint: _264_ (rising edge-triggered flip-flop clocked by clk)
Path Group: clk
Path Type: min
Corner: Fastest

Fanout     Cap    Slew   Delay    Time   Description
-----------------------------------------------------------------------------
                          0.00    0.00   clock clk (rise edge)
                          0.00    0.00   clock source latency
                  0.05    0.03    0.03 ^ clk (in)
     1    0.01                           clk (net)
                  0.05    0.00    0.03 ^ clkbuf_0_clk/A (sky130_fd_sc_hd__clkbuf_16)
                  0.05    0.10    0.13 ^ clkbuf_0_clk/X (sky130_fd_sc_hd__clkbuf_16)
     4    0.05                           clknet_0_clk (net)
                  0.05    0.00    0.14 ^ clkbuf_2_3__f_clk/A (sky130_fd_sc_hd__clkbuf_16)
                  0.04    0.10    0.23 ^ clkbuf_2_3__f_clk/X (sky130_fd_sc_hd__clkbuf_16)
     9    0.03                           clknet_2_3__leaf_clk (net)
                  0.04    0.00    0.24 ^ _263_/CLK (sky130_fd_sc_hd__dfrtp_1)
                  0.06    0.26    0.49 v _263_/Q (sky130_fd_sc_hd__dfrtp_1)
     4    0.01                           baud_counter[1] (net)
                  0.06    0.00    0.49 v _146_/A (sky130_fd_sc_hd__nand2_1)
                  0.09    0.08    0.58 ^ _146_/Y (sky130_fd_sc_hd__nand2_1)
     3    0.01                           _039_ (net)
                  0.09    0.00    0.58 ^ _149_/B (sky130_fd_sc_hd__xnor2_1)
                  0.03    0.05    0.62 v _149_/Y (sky130_fd_sc_hd__xnor2_1)
     1    0.00                           _003_ (net)
                  0.03    0.00    0.62 v _264_/D (sky130_fd_sc_hd__dfrtp_1)
                                  0.62   data arrival time

                          0.00    0.00   clock clk (rise edge)
                          0.00    0.00   clock source latency
                  0.05    0.03    0.03 ^ clk (in)
     1    0.01                           clk (net)
                  0.05    0.00    0.03 ^ clkbuf_0_clk/A (sky130_fd_sc_hd__clkbuf_16)
                  0.05    0.11    0.15 ^ clkbuf_0_clk/X (sky130_fd_sc_hd__clkbuf_16)
     4    0.05                           clknet_0_clk (net)
                  0.05    0.00    0.15 ^ clkbuf_2_3__f_clk/A (sky130_fd_sc_hd__clkbuf_16)
                  0.04    0.11    0.26 ^ clkbuf_2_3__f_clk/X (sky130_fd_sc_hd__clkbuf_16)
     9    0.03                           clknet_2_3__leaf_clk (net)
                  0.04    0.00    0.26 ^ _264_/CLK (sky130_fd_sc_hd__dfrtp_1)
                          0.25    0.51   clock uncertainty
                         -0.02    0.49   clock reconvergence pessimism
                         -0.02    0.46   library hold time
                                  0.46   data required time
-----------------------------------------------------------------------------
                                  0.46   data required time
                                 -0.62   data arrival time
-----------------------------------------------------------------------------
                                  0.16   slack (MET)


Startpoint: _265_ (rising edge-triggered flip-flop clocked by clk)
Endpoint: _265_ (rising edge-triggered flip-flop clocked by clk)
Path Group: clk
Path Type: min
Corner: Fastest

Fanout     Cap    Slew   Delay    Time   Description
-----------------------------------------------------------------------------
                          0.00    0.00   clock clk (rise edge)
                          0.00    0.00   clock source latency
                  0.05    0.03    0.03 ^ clk (in)
     1    0.01                           clk (net)
                  0.05    0.00    0.03 ^ clkbuf_0_clk/A (sky130_fd_sc_hd__clkbuf_16)
                  0.05    0.10    0.13 ^ clkbuf_0_clk/X (sky130_fd_sc_hd__clkbuf_16)
     4    0.05                           clknet_0_clk (net)
                  0.05    0.00    0.14 ^ clkbuf_2_3__f_clk/A (sky130_fd_sc_hd__clkbuf_16)
                  0.04    0.10    0.23 ^ clkbuf_2_3__f_clk/X (sky130_fd_sc_hd__clkbuf_16)
     9    0.03                           clknet_2_3__leaf_clk (net)
                  0.04    0.00    0.24 ^ _265_/CLK (sky130_fd_sc_hd__dfrtp_1)
                  0.08    0.24    0.47 ^ _265_/Q (sky130_fd_sc_hd__dfrtp_1)
     3    0.01                           baud_counter[3] (net)
                  0.08    0.00    0.48 ^ _151_/A (sky130_fd_sc_hd__xor2_1)
                  0.04    0.06    0.54 v _151_/X (sky130_fd_sc_hd__xor2_1)
     1    0.01                           _042_ (net)
                  0.04    0.00    0.54 v _152_/B (sky130_fd_sc_hd__xnor2_1)
                  0.04    0.08    0.62 v _152_/Y (sky130_fd_sc_hd__xnor2_1)
     1    0.00                           _004_ (net)
                  0.04    0.00    0.62 v _265_/D (sky130_fd_sc_hd__dfrtp_1)
                                  0.62   data arrival time

                          0.00    0.00   clock clk (rise edge)
                          0.00    0.00   clock source latency
                  0.05    0.03    0.03 ^ clk (in)
     1    0.01                           clk (net)
                  0.05    0.00    0.03 ^ clkbuf_0_clk/A (sky130_fd_sc_hd__clkbuf_16)
                  0.05    0.11    0.15 ^ clkbuf_0_clk/X (sky130_fd_sc_hd__clkbuf_16)
     4    0.05                           clknet_0_clk (net)
                  0.05    0.00    0.15 ^ clkbuf_2_3__f_clk/A (sky130_fd_sc_hd__clkbuf_16)
                  0.04    0.11    0.26 ^ clkbuf_2_3__f_clk/X (sky130_fd_sc_hd__clkbuf_16)
     9    0.03                           clknet_2_3__leaf_clk (net)
                  0.04    0.00    0.26 ^ _265_/CLK (sky130_fd_sc_hd__dfrtp_1)
                          0.25    0.51   clock uncertainty
                         -0.02    0.49   clock reconvergence pessimism
                         -0.02    0.46   library hold time
                                  0.46   data required time
-----------------------------------------------------------------------------
                                  0.46   data required time
                                 -0.62   data arrival time
-----------------------------------------------------------------------------
                                  0.16   slack (MET)


Startpoint: _271_ (rising edge-triggered flip-flop clocked by clk)
Endpoint: _298_ (rising edge-triggered flip-flop clocked by clk)
Path Group: clk
Path Type: min
Corner: Fastest

Fanout     Cap    Slew   Delay    Time   Description
-----------------------------------------------------------------------------
                          0.00    0.00   clock clk (rise edge)
                          0.00    0.00   clock source latency
                  0.05    0.03    0.03 ^ clk (in)
     1    0.01                           clk (net)
                  0.05    0.00    0.03 ^ clkbuf_0_clk/A (sky130_fd_sc_hd__clkbuf_16)
                  0.05    0.10    0.13 ^ clkbuf_0_clk/X (sky130_fd_sc_hd__clkbuf_16)
     4    0.05                           clknet_0_clk (net)
                  0.05    0.00    0.14 ^ clkbuf_2_3__f_clk/A (sky130_fd_sc_hd__clkbuf_16)
                  0.04    0.10    0.23 ^ clkbuf_2_3__f_clk/X (sky130_fd_sc_hd__clkbuf_16)
     9    0.03                           clknet_2_3__leaf_clk (net)
                  0.04    0.00    0.24 ^ _271_/CLK (sky130_fd_sc_hd__dfrtp_1)
                  0.05    0.21    0.45 ^ _271_/Q (sky130_fd_sc_hd__dfrtp_1)
     2    0.01                           baud_counter[9] (net)
                  0.05    0.00    0.45 ^ _135_/B (sky130_fd_sc_hd__or3b_1)
                  0.03    0.07    0.51 ^ _135_/X (sky130_fd_sc_hd__or3b_1)
     1    0.00                           _124_ (net)
                  0.03    0.00    0.51 ^ _138_/B (sky130_fd_sc_hd__or4_1)
                  0.07    0.10    0.61 ^ _138_/X (sky130_fd_sc_hd__or4_1)
     3    0.01                           _127_ (net)
                  0.07    0.00    0.61 ^ _139_/B (sky130_fd_sc_hd__nor2_1)
                  0.03    0.03    0.64 v _139_/Y (sky130_fd_sc_hd__nor2_1)
     1    0.00                           _000_ (net)
                  0.03    0.00    0.64 v _298_/D (sky130_fd_sc_hd__dfrtp_1)
                                  0.64   data arrival time

                          0.00    0.00   clock clk (rise edge)
                          0.00    0.00   clock source latency
                  0.05    0.03    0.03 ^ clk (in)
     1    0.01                           clk (net)
                  0.05    0.00    0.03 ^ clkbuf_0_clk/A (sky130_fd_sc_hd__clkbuf_16)
                  0.05    0.11    0.15 ^ clkbuf_0_clk/X (sky130_fd_sc_hd__clkbuf_16)
     4    0.05                           clknet_0_clk (net)
                  0.05    0.00    0.15 ^ clkbuf_2_1__f_clk/A (sky130_fd_sc_hd__clkbuf_16)
                  0.04    0.11    0.26 ^ clkbuf_2_1__f_clk/X (sky130_fd_sc_hd__clkbuf_16)
    11    0.04                           clknet_2_1__leaf_clk (net)
                  0.04    0.00    0.26 ^ _298_/CLK (sky130_fd_sc_hd__dfrtp_1)
                          0.25    0.51   clock uncertainty
                         -0.01    0.50   clock reconvergence pessimism
                         -0.02    0.48   library hold time
                                  0.48   data required time
-----------------------------------------------------------------------------
                                  0.48   data required time
                                 -0.64   data arrival time
-----------------------------------------------------------------------------
                                  0.16   slack (MET)


Startpoint: _277_ (rising edge-triggered flip-flop clocked by clk)
Endpoint: _277_ (rising edge-triggered flip-flop clocked by clk)
Path Group: clk
Path Type: min
Corner: Fastest

Fanout     Cap    Slew   Delay    Time   Description
-----------------------------------------------------------------------------
                          0.00    0.00   clock clk (rise edge)
                          0.00    0.00   clock source latency
                  0.05    0.03    0.03 ^ clk (in)
     1    0.01                           clk (net)
                  0.05    0.00    0.03 ^ clkbuf_0_clk/A (sky130_fd_sc_hd__clkbuf_16)
                  0.05    0.10    0.13 ^ clkbuf_0_clk/X (sky130_fd_sc_hd__clkbuf_16)
     4    0.05                           clknet_0_clk (net)
                  0.05    0.00    0.14 ^ clkbuf_2_2__f_clk/A (sky130_fd_sc_hd__clkbuf_16)
                  0.04    0.09    0.23 ^ clkbuf_2_2__f_clk/X (sky130_fd_sc_hd__clkbuf_16)
     8    0.03                           clknet_2_2__leaf_clk (net)
                  0.04    0.00    0.23 ^ _277_/CLK (sky130_fd_sc_hd__dfrtp_1)
                  0.08    0.24    0.47 ^ _277_/Q (sky130_fd_sc_hd__dfrtp_1)
     4    0.01                           idle_counter[3] (net)
                  0.08    0.00    0.47 ^ _194_/B1 (sky130_fd_sc_hd__a31o_1)
                  0.03    0.06    0.53 ^ _194_/X (sky130_fd_sc_hd__a31o_1)
     1    0.00                           _073_ (net)
                  0.03    0.00    0.53 ^ _197_/A2 (sky130_fd_sc_hd__a32o_1)
                  0.03    0.09    0.62 ^ _197_/X (sky130_fd_sc_hd__a32o_1)
     1    0.00                           _016_ (net)
                  0.03    0.00    0.62 ^ _277_/D (sky130_fd_sc_hd__dfrtp_1)
                                  0.62   data arrival time

                          0.00    0.00   clock clk (rise edge)
                          0.00    0.00   clock source latency
                  0.05    0.03    0.03 ^ clk (in)
     1    0.01                           clk (net)
                  0.05    0.00    0.03 ^ clkbuf_0_clk/A (sky130_fd_sc_hd__clkbuf_16)
                  0.05    0.11    0.15 ^ clkbuf_0_clk/X (sky130_fd_sc_hd__clkbuf_16)
     4    0.05                           clknet_0_clk (net)
                  0.05    0.00    0.15 ^ clkbuf_2_2__f_clk/A (sky130_fd_sc_hd__clkbuf_16)
                  0.04    0.10    0.25 ^ clkbuf_2_2__f_clk/X (sky130_fd_sc_hd__clkbuf_16)
     8    0.03                           clknet_2_2__leaf_clk (net)
                  0.04    0.00    0.26 ^ _277_/CLK (sky130_fd_sc_hd__dfrtp_1)
                          0.25    0.51   clock uncertainty
                         -0.02    0.48   clock reconvergence pessimism
                         -0.02    0.46   library hold time
                                  0.46   data required time
-----------------------------------------------------------------------------
                                  0.46   data required time
                                 -0.62   data arrival time
-----------------------------------------------------------------------------
                                  0.16   slack (MET)


Startpoint: _285_ (rising edge-triggered flip-flop clocked by clk)
Endpoint: _285_ (rising edge-triggered flip-flop clocked by clk)
Path Group: clk
Path Type: min
Corner: Fastest

Fanout     Cap    Slew   Delay    Time   Description
-----------------------------------------------------------------------------
                          0.00    0.00   clock clk (rise edge)
                          0.00    0.00   clock source latency
                  0.05    0.03    0.03 ^ clk (in)
     1    0.01                           clk (net)
                  0.05    0.00    0.03 ^ clkbuf_0_clk/A (sky130_fd_sc_hd__clkbuf_16)
                  0.05    0.10    0.13 ^ clkbuf_0_clk/X (sky130_fd_sc_hd__clkbuf_16)
     4    0.05                           clknet_0_clk (net)
                  0.05    0.00    0.14 ^ clkbuf_2_1__f_clk/A (sky130_fd_sc_hd__clkbuf_16)
                  0.04    0.10    0.23 ^ clkbuf_2_1__f_clk/X (sky130_fd_sc_hd__clkbuf_16)
    11    0.04                           clknet_2_1__leaf_clk (net)
                  0.04    0.00    0.24 ^ _285_/CLK (sky130_fd_sc_hd__dfrtp_1)
                  0.08    0.24    0.48 ^ _285_/Q (sky130_fd_sc_hd__dfrtp_1)
     4    0.01                           bit_count[1] (net)
                  0.08    0.00    0.48 ^ _222_/A2 (sky130_fd_sc_hd__a21oi_1)
                  0.03    0.05    0.53 v _222_/Y (sky130_fd_sc_hd__a21oi_1)
     1    0.00                           _093_ (net)
                  0.03    0.00    0.53 v _225_/B1 (sky130_fd_sc_hd__o22a_1)
                  0.03    0.10    0.63 v _225_/X (sky130_fd_sc_hd__o22a_1)
     1    0.00                           _024_ (net)
                  0.03    0.00    0.63 v _285_/D (sky130_fd_sc_hd__dfrtp_1)
                                  0.63   data arrival time

                          0.00    0.00   clock clk (rise edge)
                          0.00    0.00   clock source latency
                  0.05    0.03    0.03 ^ clk (in)
     1    0.01                           clk (net)
                  0.05    0.00    0.03 ^ clkbuf_0_clk/A (sky130_fd_sc_hd__clkbuf_16)
                  0.05    0.11    0.15 ^ clkbuf_0_clk/X (sky130_fd_sc_hd__clkbuf_16)
     4    0.05                           clknet_0_clk (net)
                  0.05    0.00    0.15 ^ clkbuf_2_1__f_clk/A (sky130_fd_sc_hd__clkbuf_16)
                  0.04    0.11    0.26 ^ clkbuf_2_1__f_clk/X (sky130_fd_sc_hd__clkbuf_16)
    11    0.04                           clknet_2_1__leaf_clk (net)
                  0.04    0.00    0.26 ^ _285_/CLK (sky130_fd_sc_hd__dfrtp_1)
                          0.25    0.51   clock uncertainty
                         -0.02    0.49   clock reconvergence pessimism
                         -0.02    0.47   library hold time
                                  0.47   data required time
-----------------------------------------------------------------------------
                                  0.47   data required time
                                 -0.63   data arrival time
-----------------------------------------------------------------------------
                                  0.16   slack (MET)


Startpoint: _267_ (rising edge-triggered flip-flop clocked by clk)
Endpoint: _267_ (rising edge-triggered flip-flop clocked by clk)
Path Group: clk
Path Type: min
Corner: Fastest

Fanout     Cap    Slew   Delay    Time   Description
-----------------------------------------------------------------------------
                          0.00    0.00   clock clk (rise edge)
                          0.00    0.00   clock source latency
                  0.05    0.03    0.03 ^ clk (in)
     1    0.01                           clk (net)
                  0.05    0.00    0.03 ^ clkbuf_0_clk/A (sky130_fd_sc_hd__clkbuf_16)
                  0.05    0.10    0.13 ^ clkbuf_0_clk/X (sky130_fd_sc_hd__clkbuf_16)
     4    0.05                           clknet_0_clk (net)
                  0.05    0.00    0.14 ^ clkbuf_2_1__f_clk/A (sky130_fd_sc_hd__clkbuf_16)
                  0.04    0.10    0.23 ^ clkbuf_2_1__f_clk/X (sky130_fd_sc_hd__clkbuf_16)
    11    0.04                           clknet_2_1__leaf_clk (net)
                  0.04    0.00    0.24 ^ _267_/CLK (sky130_fd_sc_hd__dfrtp_1)
                  0.09    0.25    0.49 ^ _267_/Q (sky130_fd_sc_hd__dfrtp_1)
     4    0.01                           baud_counter[5] (net)
                  0.09    0.00    0.49 ^ _158_/B1 (sky130_fd_sc_hd__a21o_1)
                  0.03    0.06    0.54 ^ _158_/X (sky130_fd_sc_hd__a21o_1)
     1    0.00                           _047_ (net)
                  0.03    0.00    0.54 ^ _160_/A2 (sky130_fd_sc_hd__a32o_1)
                  0.03    0.09    0.63 ^ _160_/X (sky130_fd_sc_hd__a32o_1)
     1    0.00                           _006_ (net)
                  0.03    0.00    0.63 ^ _267_/D (sky130_fd_sc_hd__dfrtp_1)
                                  0.63   data arrival time

                          0.00    0.00   clock clk (rise edge)
                          0.00    0.00   clock source latency
                  0.05    0.03    0.03 ^ clk (in)
     1    0.01                           clk (net)
                  0.05    0.00    0.03 ^ clkbuf_0_clk/A (sky130_fd_sc_hd__clkbuf_16)
                  0.05    0.11    0.15 ^ clkbuf_0_clk/X (sky130_fd_sc_hd__clkbuf_16)
     4    0.05                           clknet_0_clk (net)
                  0.05    0.00    0.15 ^ clkbuf_2_1__f_clk/A (sky130_fd_sc_hd__clkbuf_16)
                  0.04    0.11    0.26 ^ clkbuf_2_1__f_clk/X (sky130_fd_sc_hd__clkbuf_16)
    11    0.04                           clknet_2_1__leaf_clk (net)
                  0.04    0.00    0.26 ^ _267_/CLK (sky130_fd_sc_hd__dfrtp_1)
                          0.25    0.51   clock uncertainty
                         -0.02    0.49   clock reconvergence pessimism
                         -0.02    0.47   library hold time
                                  0.47   data required time
-----------------------------------------------------------------------------
                                  0.47   data required time
                                 -0.63   data arrival time
-----------------------------------------------------------------------------
                                  0.17   slack (MET)


Startpoint: _280_ (rising edge-triggered flip-flop clocked by clk)
Endpoint: _280_ (rising edge-triggered flip-flop clocked by clk)
Path Group: clk
Path Type: min
Corner: Fastest

Fanout     Cap    Slew   Delay    Time   Description
-----------------------------------------------------------------------------
                          0.00    0.00   clock clk (rise edge)
                          0.00    0.00   clock source latency
                  0.05    0.03    0.03 ^ clk (in)
     1    0.01                           clk (net)
                  0.05    0.00    0.03 ^ clkbuf_0_clk/A (sky130_fd_sc_hd__clkbuf_16)
                  0.05    0.10    0.13 ^ clkbuf_0_clk/X (sky130_fd_sc_hd__clkbuf_16)
     4    0.05                           clknet_0_clk (net)
                  0.05    0.00    0.14 ^ clkbuf_2_3__f_clk/A (sky130_fd_sc_hd__clkbuf_16)
                  0.04    0.10    0.23 ^ clkbuf_2_3__f_clk/X (sky130_fd_sc_hd__clkbuf_16)
     9    0.03                           clknet_2_3__leaf_clk (net)
                  0.04    0.00    0.24 ^ _280_/CLK (sky130_fd_sc_hd__dfrtp_1)
                  0.07    0.26    0.50 v _280_/Q (sky130_fd_sc_hd__dfrtp_1)
     5    0.01                           idle_counter[6] (net)
                  0.07    0.00    0.50 v _206_/A (sky130_fd_sc_hd__nand2_1)
                  0.04    0.04    0.54 ^ _206_/Y (sky130_fd_sc_hd__nand2_1)
     1    0.00                           _082_ (net)
                  0.04    0.00    0.54 ^ _207_/A3 (sky130_fd_sc_hd__a32o_1)
                  0.03    0.09    0.63 ^ _207_/X (sky130_fd_sc_hd__a32o_1)
     1    0.00                           _019_ (net)
                  0.03    0.00    0.63 ^ _280_/D (sky130_fd_sc_hd__dfrtp_1)
                                  0.63   data arrival time

                          0.00    0.00   clock clk (rise edge)
                          0.00    0.00   clock source latency
                  0.05    0.03    0.03 ^ clk (in)
     1    0.01                           clk (net)
                  0.05    0.00    0.03 ^ clkbuf_0_clk/A (sky130_fd_sc_hd__clkbuf_16)
                  0.05    0.11    0.15 ^ clkbuf_0_clk/X (sky130_fd_sc_hd__clkbuf_16)
     4    0.05                           clknet_0_clk (net)
                  0.05    0.00    0.15 ^ clkbuf_2_3__f_clk/A (sky130_fd_sc_hd__clkbuf_16)
                  0.04    0.11    0.26 ^ clkbuf_2_3__f_clk/X (sky130_fd_sc_hd__clkbuf_16)
     9    0.03                           clknet_2_3__leaf_clk (net)
                  0.04    0.00    0.26 ^ _280_/CLK (sky130_fd_sc_hd__dfrtp_1)
                          0.25    0.51   clock uncertainty
                         -0.02    0.49   clock reconvergence pessimism
                         -0.02    0.46   library hold time
                                  0.46   data required time
-----------------------------------------------------------------------------
                                  0.46   data required time
                                 -0.63   data arrival time
-----------------------------------------------------------------------------
                                  0.17   slack (MET)


Startpoint: _286_ (rising edge-triggered flip-flop clocked by clk)
Endpoint: _286_ (rising edge-triggered flip-flop clocked by clk)
Path Group: clk
Path Type: min
Corner: Fastest

Fanout     Cap    Slew   Delay    Time   Description
-----------------------------------------------------------------------------
                          0.00    0.00   clock clk (rise edge)
                          0.00    0.00   clock source latency
                  0.05    0.03    0.03 ^ clk (in)
     1    0.01                           clk (net)
                  0.05    0.00    0.03 ^ clkbuf_0_clk/A (sky130_fd_sc_hd__clkbuf_16)
                  0.05    0.10    0.13 ^ clkbuf_0_clk/X (sky130_fd_sc_hd__clkbuf_16)
     4    0.05                           clknet_0_clk (net)
                  0.05    0.00    0.14 ^ clkbuf_2_1__f_clk/A (sky130_fd_sc_hd__clkbuf_16)
                  0.04    0.10    0.23 ^ clkbuf_2_1__f_clk/X (sky130_fd_sc_hd__clkbuf_16)
    11    0.04                           clknet_2_1__leaf_clk (net)
                  0.04    0.00    0.24 ^ _286_/CLK (sky130_fd_sc_hd__dfrtp_1)
                  0.06    0.22    0.46 ^ _286_/Q (sky130_fd_sc_hd__dfrtp_1)
     2    0.01                           bit_count[2] (net)
                  0.06    0.00    0.46 ^ _228_/B1 (sky130_fd_sc_hd__a31o_1)
                  0.03    0.05    0.51 ^ _228_/X (sky130_fd_sc_hd__a31o_1)
     1    0.00                           _098_ (net)
                  0.03    0.00    0.51 ^ _229_/B (sky130_fd_sc_hd__and2_1)
                  0.04    0.08    0.59 ^ _229_/X (sky130_fd_sc_hd__and2_1)
     1    0.00                           _099_ (net)
                  0.04    0.00    0.59 ^ _230_/A (sky130_fd_sc_hd__clkbuf_1)
                  0.03    0.05    0.64 ^ _230_/X (sky130_fd_sc_hd__clkbuf_1)
     1    0.00                           _025_ (net)
                  0.03    0.00    0.64 ^ _286_/D (sky130_fd_sc_hd__dfrtp_1)
                                  0.64   data arrival time

                          0.00    0.00   clock clk (rise edge)
                          0.00    0.00   clock source latency
                  0.05    0.03    0.03 ^ clk (in)
     1    0.01                           clk (net)
                  0.05    0.00    0.03 ^ clkbuf_0_clk/A (sky130_fd_sc_hd__clkbuf_16)
                  0.05    0.11    0.15 ^ clkbuf_0_clk/X (sky130_fd_sc_hd__clkbuf_16)
     4    0.05                           clknet_0_clk (net)
                  0.05    0.00    0.15 ^ clkbuf_2_1__f_clk/A (sky130_fd_sc_hd__clkbuf_16)
                  0.04    0.11    0.26 ^ clkbuf_2_1__f_clk/X (sky130_fd_sc_hd__clkbuf_16)
    11    0.04                           clknet_2_1__leaf_clk (net)
                  0.04    0.00    0.26 ^ _286_/CLK (sky130_fd_sc_hd__dfrtp_1)
                          0.25    0.51   clock uncertainty
                         -0.02    0.49   clock reconvergence pessimism
                         -0.02    0.47   library hold time
                                  0.47   data required time
-----------------------------------------------------------------------------
                                  0.47   data required time
                                 -0.64   data arrival time
-----------------------------------------------------------------------------
                                  0.17   slack (MET)


Startpoint: _270_ (rising edge-triggered flip-flop clocked by clk)
Endpoint: _270_ (rising edge-triggered flip-flop clocked by clk)
Path Group: clk
Path Type: min
Corner: Fastest

Fanout     Cap    Slew   Delay    Time   Description
-----------------------------------------------------------------------------
                          0.00    0.00   clock clk (rise edge)
                          0.00    0.00   clock source latency
                  0.05    0.03    0.03 ^ clk (in)
     1    0.01                           clk (net)
                  0.05    0.00    0.03 ^ clkbuf_0_clk/A (sky130_fd_sc_hd__clkbuf_16)
                  0.05    0.10    0.13 ^ clkbuf_0_clk/X (sky130_fd_sc_hd__clkbuf_16)
     4    0.05                           clknet_0_clk (net)
                  0.05    0.00    0.14 ^ clkbuf_2_1__f_clk/A (sky130_fd_sc_hd__clkbuf_16)
                  0.04    0.10    0.23 ^ clkbuf_2_1__f_clk/X (sky130_fd_sc_hd__clkbuf_16)
    11    0.04                           clknet_2_1__leaf_clk (net)
                  0.04    0.00    0.24 ^ _270_/CLK (sky130_fd_sc_hd__dfrtp_1)
                  0.09    0.25    0.48 ^ _270_/Q (sky130_fd_sc_hd__dfrtp_1)
     3    0.01                           baud_counter[8] (net)
                  0.09    0.00    0.48 ^ _166_/B1 (sky130_fd_sc_hd__a21o_1)
                  0.03    0.05    0.54 ^ _166_/X (sky130_fd_sc_hd__a21o_1)
     1    0.00                           _052_ (net)
                  0.03    0.00    0.54 ^ _169_/A2 (sky130_fd_sc_hd__a32o_1)
                  0.04    0.10    0.64 ^ _169_/X (sky130_fd_sc_hd__a32o_1)
     1    0.00                           _009_ (net)
                  0.04    0.00    0.64 ^ _270_/D (sky130_fd_sc_hd__dfrtp_1)
                                  0.64   data arrival time

                          0.00    0.00   clock clk (rise edge)
                          0.00    0.00   clock source latency
                  0.05    0.03    0.03 ^ clk (in)
     1    0.01                           clk (net)
                  0.05    0.00    0.03 ^ clkbuf_0_clk/A (sky130_fd_sc_hd__clkbuf_16)
                  0.05    0.11    0.15 ^ clkbuf_0_clk/X (sky130_fd_sc_hd__clkbuf_16)
     4    0.05                           clknet_0_clk (net)
                  0.05    0.00    0.15 ^ clkbuf_2_1__f_clk/A (sky130_fd_sc_hd__clkbuf_16)
                  0.04    0.11    0.26 ^ clkbuf_2_1__f_clk/X (sky130_fd_sc_hd__clkbuf_16)
    11    0.04                           clknet_2_1__leaf_clk (net)
                  0.04    0.00    0.26 ^ _270_/CLK (sky130_fd_sc_hd__dfrtp_1)
                          0.25    0.51   clock uncertainty
                         -0.02    0.49   clock reconvergence pessimism
                         -0.02    0.47   library hold time
                                  0.47   data required time
-----------------------------------------------------------------------------
                                  0.47   data required time
                                 -0.64   data arrival time
-----------------------------------------------------------------------------
                                  0.17   slack (MET)


Startpoint: _279_ (rising edge-triggered flip-flop clocked by clk)
Endpoint: _279_ (rising edge-triggered flip-flop clocked by clk)
Path Group: clk
Path Type: min
Corner: Fastest

Fanout     Cap    Slew   Delay    Time   Description
-----------------------------------------------------------------------------
                          0.00    0.00   clock clk (rise edge)
                          0.00    0.00   clock source latency
                  0.05    0.03    0.03 ^ clk (in)
     1    0.01                           clk (net)
                  0.05    0.00    0.03 ^ clkbuf_0_clk/A (sky130_fd_sc_hd__clkbuf_16)
                  0.05    0.10    0.13 ^ clkbuf_0_clk/X (sky130_fd_sc_hd__clkbuf_16)
     4    0.05                           clknet_0_clk (net)
                  0.05    0.00    0.14 ^ clkbuf_2_3__f_clk/A (sky130_fd_sc_hd__clkbuf_16)
                  0.04    0.10    0.23 ^ clkbuf_2_3__f_clk/X (sky130_fd_sc_hd__clkbuf_16)
     9    0.03                           clknet_2_3__leaf_clk (net)
                  0.04    0.00    0.24 ^ _279_/CLK (sky130_fd_sc_hd__dfrtp_1)
                  0.09    0.25    0.48 ^ _279_/Q (sky130_fd_sc_hd__dfrtp_1)
     4    0.01                           idle_counter[5] (net)
                  0.09    0.00    0.48 ^ _201_/A (sky130_fd_sc_hd__inv_2)
                  0.02    0.02    0.50 v _201_/Y (sky130_fd_sc_hd__inv_2)
     1    0.00                           _078_ (net)
                  0.02    0.00    0.50 v _203_/A1 (sky130_fd_sc_hd__a21oi_1)
                  0.06    0.07    0.57 ^ _203_/Y (sky130_fd_sc_hd__a21oi_1)
     1    0.00                           _080_ (net)
                  0.06    0.00    0.57 ^ _204_/B2 (sky130_fd_sc_hd__a22o_1)
                  0.03    0.07    0.64 ^ _204_/X (sky130_fd_sc_hd__a22o_1)
     1    0.00                           _018_ (net)
                  0.03    0.00    0.64 ^ _279_/D (sky130_fd_sc_hd__dfrtp_1)
                                  0.64   data arrival time

                          0.00    0.00   clock clk (rise edge)
                          0.00    0.00   clock source latency
                  0.05    0.03    0.03 ^ clk (in)
     1    0.01                           clk (net)
                  0.05    0.00    0.03 ^ clkbuf_0_clk/A (sky130_fd_sc_hd__clkbuf_16)
                  0.05    0.11    0.15 ^ clkbuf_0_clk/X (sky130_fd_sc_hd__clkbuf_16)
     4    0.05                           clknet_0_clk (net)
                  0.05    0.00    0.15 ^ clkbuf_2_3__f_clk/A (sky130_fd_sc_hd__clkbuf_16)
                  0.04    0.11    0.26 ^ clkbuf_2_3__f_clk/X (sky130_fd_sc_hd__clkbuf_16)
     9    0.03                           clknet_2_3__leaf_clk (net)
                  0.04    0.00    0.26 ^ _279_/CLK (sky130_fd_sc_hd__dfrtp_1)
                          0.25    0.51   clock uncertainty
                         -0.02    0.49   clock reconvergence pessimism
                         -0.02    0.46   library hold time
                                  0.46   data required time
-----------------------------------------------------------------------------
                                  0.46   data required time
                                 -0.64   data arrival time
-----------------------------------------------------------------------------
                                  0.18   slack (MET)


Startpoint: _287_ (rising edge-triggered flip-flop clocked by clk)
Endpoint: _287_ (rising edge-triggered flip-flop clocked by clk)
Path Group: clk
Path Type: min
Corner: Fastest

Fanout     Cap    Slew   Delay    Time   Description
-----------------------------------------------------------------------------
                          0.00    0.00   clock clk (rise edge)
                          0.00    0.00   clock source latency
                  0.05    0.03    0.03 ^ clk (in)
     1    0.01                           clk (net)
                  0.05    0.00    0.03 ^ clkbuf_0_clk/A (sky130_fd_sc_hd__clkbuf_16)
                  0.05    0.10    0.13 ^ clkbuf_0_clk/X (sky130_fd_sc_hd__clkbuf_16)
     4    0.05                           clknet_0_clk (net)
                  0.05    0.00    0.14 ^ clkbuf_2_0__f_clk/A (sky130_fd_sc_hd__clkbuf_16)
                  0.04    0.09    0.23 ^ clkbuf_2_0__f_clk/X (sky130_fd_sc_hd__clkbuf_16)
     9    0.03                           clknet_2_0__leaf_clk (net)
                  0.04    0.00    0.23 ^ _287_/CLK (sky130_fd_sc_hd__dfrtp_1)
                  0.05    0.21    0.45 ^ _287_/Q (sky130_fd_sc_hd__dfrtp_1)
     2    0.01                           bit_count[3] (net)
                  0.05    0.00    0.45 ^ _231_/A (sky130_fd_sc_hd__or3b_1)
                  0.05    0.08    0.53 ^ _231_/X (sky130_fd_sc_hd__or3b_1)
     2    0.01                           _100_ (net)
                  0.05    0.00    0.53 ^ _232_/A2_N (sky130_fd_sc_hd__a2bb2o_1)
                  0.03    0.12    0.65 v _232_/X (sky130_fd_sc_hd__a2bb2o_1)
     1    0.00                           _026_ (net)
                  0.03    0.00    0.65 v _287_/D (sky130_fd_sc_hd__dfrtp_1)
                                  0.65   data arrival time

                          0.00    0.00   clock clk (rise edge)
                          0.00    0.00   clock source latency
                  0.05    0.03    0.03 ^ clk (in)
     1    0.01                           clk (net)
                  0.05    0.00    0.03 ^ clkbuf_0_clk/A (sky130_fd_sc_hd__clkbuf_16)
                  0.05    0.11    0.15 ^ clkbuf_0_clk/X (sky130_fd_sc_hd__clkbuf_16)
     4    0.05                           clknet_0_clk (net)
                  0.05    0.00    0.15 ^ clkbuf_2_0__f_clk/A (sky130_fd_sc_hd__clkbuf_16)
                  0.04    0.10    0.26 ^ clkbuf_2_0__f_clk/X (sky130_fd_sc_hd__clkbuf_16)
     9    0.03                           clknet_2_0__leaf_clk (net)
                  0.04    0.00    0.26 ^ _287_/CLK (sky130_fd_sc_hd__dfrtp_1)
                          0.25    0.51   clock uncertainty
                         -0.02    0.48   clock reconvergence pessimism
                         -0.02    0.46   library hold time
                                  0.46   data required time
-----------------------------------------------------------------------------
                                  0.46   data required time
                                 -0.65   data arrival time
-----------------------------------------------------------------------------
                                  0.19   slack (MET)


Startpoint: _278_ (rising edge-triggered flip-flop clocked by clk)
Endpoint: _278_ (rising edge-triggered flip-flop clocked by clk)
Path Group: clk
Path Type: min
Corner: Fastest

Fanout     Cap    Slew   Delay    Time   Description
-----------------------------------------------------------------------------
                          0.00    0.00   clock clk (rise edge)
                          0.00    0.00   clock source latency
                  0.05    0.03    0.03 ^ clk (in)
     1    0.01                           clk (net)
                  0.05    0.00    0.03 ^ clkbuf_0_clk/A (sky130_fd_sc_hd__clkbuf_16)
                  0.05    0.10    0.13 ^ clkbuf_0_clk/X (sky130_fd_sc_hd__clkbuf_16)
     4    0.05                           clknet_0_clk (net)
                  0.05    0.00    0.14 ^ clkbuf_2_3__f_clk/A (sky130_fd_sc_hd__clkbuf_16)
                  0.04    0.10    0.23 ^ clkbuf_2_3__f_clk/X (sky130_fd_sc_hd__clkbuf_16)
     9    0.03                           clknet_2_3__leaf_clk (net)
                  0.04    0.00    0.23 ^ _278_/CLK (sky130_fd_sc_hd__dfrtp_1)
                  0.10    0.25    0.49 ^ _278_/Q (sky130_fd_sc_hd__dfrtp_1)
     5    0.01                           idle_counter[4] (net)
                  0.10    0.00    0.49 ^ _198_/A (sky130_fd_sc_hd__or2_1)
                  0.04    0.08    0.56 ^ _198_/X (sky130_fd_sc_hd__or2_1)
     1    0.00                           _076_ (net)
                  0.04    0.00    0.56 ^ _200_/A2 (sky130_fd_sc_hd__a32o_1)
                  0.03    0.09    0.66 ^ _200_/X (sky130_fd_sc_hd__a32o_1)
     1    0.00                           _017_ (net)
                  0.03    0.00    0.66 ^ _278_/D (sky130_fd_sc_hd__dfrtp_1)
                                  0.66   data arrival time

                          0.00    0.00   clock clk (rise edge)
                          0.00    0.00   clock source latency
                  0.05    0.03    0.03 ^ clk (in)
     1    0.01                           clk (net)
                  0.05    0.00    0.03 ^ clkbuf_0_clk/A (sky130_fd_sc_hd__clkbuf_16)
                  0.05    0.11    0.15 ^ clkbuf_0_clk/X (sky130_fd_sc_hd__clkbuf_16)
     4    0.05                           clknet_0_clk (net)
                  0.05    0.00    0.15 ^ clkbuf_2_3__f_clk/A (sky130_fd_sc_hd__clkbuf_16)
                  0.04    0.11    0.26 ^ clkbuf_2_3__f_clk/X (sky130_fd_sc_hd__clkbuf_16)
     9    0.03                           clknet_2_3__leaf_clk (net)
                  0.04    0.00    0.26 ^ _278_/CLK (sky130_fd_sc_hd__dfrtp_1)
                          0.25    0.51   clock uncertainty
                         -0.02    0.48   clock reconvergence pessimism
                         -0.02    0.46   library hold time
                                  0.46   data required time
-----------------------------------------------------------------------------
                                  0.46   data required time
                                 -0.66   data arrival time
-----------------------------------------------------------------------------
                                  0.19   slack (MET)


Startpoint: _266_ (rising edge-triggered flip-flop clocked by clk)
Endpoint: _266_ (rising edge-triggered flip-flop clocked by clk)
Path Group: clk
Path Type: min
Corner: Fastest

Fanout     Cap    Slew   Delay    Time   Description
-----------------------------------------------------------------------------
                          0.00    0.00   clock clk (rise edge)
                          0.00    0.00   clock source latency
                  0.05    0.03    0.03 ^ clk (in)
     1    0.01                           clk (net)
                  0.05    0.00    0.03 ^ clkbuf_0_clk/A (sky130_fd_sc_hd__clkbuf_16)
                  0.05    0.10    0.13 ^ clkbuf_0_clk/X (sky130_fd_sc_hd__clkbuf_16)
     4    0.05                           clknet_0_clk (net)
                  0.05    0.00    0.14 ^ clkbuf_2_1__f_clk/A (sky130_fd_sc_hd__clkbuf_16)
                  0.04    0.10    0.23 ^ clkbuf_2_1__f_clk/X (sky130_fd_sc_hd__clkbuf_16)
    11    0.04                           clknet_2_1__leaf_clk (net)
                  0.04    0.00    0.24 ^ _266_/CLK (sky130_fd_sc_hd__dfrtp_1)
                  0.08    0.27    0.51 v _266_/Q (sky130_fd_sc_hd__dfrtp_1)
     6    0.02                           baud_counter[4] (net)
                  0.08    0.00    0.51 v _156_/A (sky130_fd_sc_hd__nand2_1)
                  0.05    0.05    0.56 ^ _156_/Y (sky130_fd_sc_hd__nand2_1)
     1    0.00                           _046_ (net)
                  0.05    0.00    0.56 ^ _157_/A3 (sky130_fd_sc_hd__a32o_1)
                  0.04    0.11    0.67 ^ _157_/X (sky130_fd_sc_hd__a32o_1)
     1    0.00                           _005_ (net)
                  0.04    0.00    0.67 ^ _266_/D (sky130_fd_sc_hd__dfrtp_1)
                                  0.67   data arrival time

                          0.00    0.00   clock clk (rise edge)
                          0.00    0.00   clock source latency
                  0.05    0.03    0.03 ^ clk (in)
     1    0.01                           clk (net)
                  0.05    0.00    0.03 ^ clkbuf_0_clk/A (sky130_fd_sc_hd__clkbuf_16)
                  0.05    0.11    0.15 ^ clkbuf_0_clk/X (sky130_fd_sc_hd__clkbuf_16)
     4    0.05                           clknet_0_clk (net)
                  0.05    0.00    0.15 ^ clkbuf_2_1__f_clk/A (sky130_fd_sc_hd__clkbuf_16)
                  0.04    0.11    0.26 ^ clkbuf_2_1__f_clk/X (sky130_fd_sc_hd__clkbuf_16)
    11    0.04                           clknet_2_1__leaf_clk (net)
                  0.04    0.00    0.26 ^ _266_/CLK (sky130_fd_sc_hd__dfrtp_1)
                          0.25    0.51   clock uncertainty
                         -0.02    0.49   clock reconvergence pessimism
                         -0.02    0.47   library hold time
                                  0.47   data required time
-----------------------------------------------------------------------------
                                  0.47   data required time
                                 -0.67   data arrival time
-----------------------------------------------------------------------------
                                  0.20   slack (MET)


Startpoint: _272_ (rising edge-triggered flip-flop clocked by clk)
Endpoint: _282_ (rising edge-triggered flip-flop clocked by clk)
Path Group: clk
Path Type: min
Corner: Fastest

Fanout     Cap    Slew   Delay    Time   Description
-----------------------------------------------------------------------------
                          0.00    0.00   clock clk (rise edge)
                          0.00    0.00   clock source latency
                  0.05    0.03    0.03 ^ clk (in)
     1    0.01                           clk (net)
                  0.05    0.00    0.03 ^ clkbuf_0_clk/A (sky130_fd_sc_hd__clkbuf_16)
                  0.05    0.10    0.13 ^ clkbuf_0_clk/X (sky130_fd_sc_hd__clkbuf_16)
     4    0.05                           clknet_0_clk (net)
                  0.05    0.00    0.14 ^ clkbuf_2_2__f_clk/A (sky130_fd_sc_hd__clkbuf_16)
                  0.04    0.09    0.23 ^ clkbuf_2_2__f_clk/X (sky130_fd_sc_hd__clkbuf_16)
     8    0.03                           clknet_2_2__leaf_clk (net)
                  0.04    0.00    0.23 ^ _272_/CLK (sky130_fd_sc_hd__dfrtp_1)
                  0.07    0.23    0.46 ^ _272_/Q (sky130_fd_sc_hd__dfrtp_1)
     4    0.01                           sleep_pending (net)
                  0.07    0.00    0.46 ^ _184_/C (sky130_fd_sc_hd__and3b_1)
                  0.08    0.14    0.60 ^ _184_/X (sky130_fd_sc_hd__and3b_1)
     3    0.01                           _065_ (net)
                  0.08    0.00    0.60 ^ _212_/B1 (sky130_fd_sc_hd__o21a_1)
                  0.03    0.06    0.67 ^ _212_/X (sky130_fd_sc_hd__o21a_1)
     1    0.00                           _021_ (net)
                  0.03    0.00    0.67 ^ _282_/D (sky130_fd_sc_hd__dfrtp_1)
                                  0.67   data arrival time

                          0.00    0.00   clock clk (rise edge)
                          0.00    0.00   clock source latency
                  0.05    0.03    0.03 ^ clk (in)
     1    0.01                           clk (net)
                  0.05    0.00    0.03 ^ clkbuf_0_clk/A (sky130_fd_sc_hd__clkbuf_16)
                  0.05    0.11    0.15 ^ clkbuf_0_clk/X (sky130_fd_sc_hd__clkbuf_16)
     4    0.05                           clknet_0_clk (net)
                  0.05    0.00    0.15 ^ clkbuf_2_2__f_clk/A (sky130_fd_sc_hd__clkbuf_16)
                  0.04    0.10    0.25 ^ clkbuf_2_2__f_clk/X (sky130_fd_sc_hd__clkbuf_16)
     8    0.03                           clknet_2_2__leaf_clk (net)
                  0.04    0.00    0.26 ^ _282_/CLK (sky130_fd_sc_hd__dfrtp_1)
                          0.25    0.51   clock uncertainty
                         -0.02    0.48   clock reconvergence pessimism
                         -0.02    0.46   library hold time
                                  0.46   data required time
-----------------------------------------------------------------------------
                                  0.46   data required time
                                 -0.67   data arrival time
-----------------------------------------------------------------------------
                                  0.20   slack (MET)


Startpoint: _275_ (rising edge-triggered flip-flop clocked by clk)
Endpoint: _275_ (rising edge-triggered flip-flop clocked by clk)
Path Group: clk
Path Type: min
Corner: Fastest

Fanout     Cap    Slew   Delay    Time   Description
-----------------------------------------------------------------------------
                          0.00    0.00   clock clk (rise edge)
                          0.00    0.00   clock source latency
                  0.05    0.03    0.03 ^ clk (in)
     1    0.01                           clk (net)
                  0.05    0.00    0.03 ^ clkbuf_0_clk/A (sky130_fd_sc_hd__clkbuf_16)
                  0.05    0.10    0.13 ^ clkbuf_0_clk/X (sky130_fd_sc_hd__clkbuf_16)
     4    0.05                           clknet_0_clk (net)
                  0.05    0.00    0.14 ^ clkbuf_2_2__f_clk/A (sky130_fd_sc_hd__clkbuf_16)
                  0.04    0.09    0.23 ^ clkbuf_2_2__f_clk/X (sky130_fd_sc_hd__clkbuf_16)
     8    0.03                           clknet_2_2__leaf_clk (net)
                  0.04    0.00    0.23 ^ _275_/CLK (sky130_fd_sc_hd__dfrtp_2)
                  0.08    0.26    0.49 ^ _275_/Q (sky130_fd_sc_hd__dfrtp_2)
     6    0.02                           idle_counter[1] (net)
                  0.08    0.00    0.49 ^ _185_/A (sky130_fd_sc_hd__nand3_1)
                  0.05    0.05    0.54 v _185_/Y (sky130_fd_sc_hd__nand3_1)
     1    0.00                           _066_ (net)
                  0.05    0.00    0.54 v _187_/B (sky130_fd_sc_hd__and3_1)
                  0.02    0.10    0.63 v _187_/X (sky130_fd_sc_hd__and3_1)
     1    0.00                           _068_ (net)
                  0.02    0.00    0.63 v _188_/A (sky130_fd_sc_hd__clkbuf_1)
                  0.02    0.05    0.68 v _188_/X (sky130_fd_sc_hd__clkbuf_1)
     1    0.00                           _014_ (net)
                  0.02    0.00    0.68 v _275_/D (sky130_fd_sc_hd__dfrtp_2)
                                  0.68   data arrival time

                          0.00    0.00   clock clk (rise edge)
                          0.00    0.00   clock source latency
                  0.05    0.03    0.03 ^ clk (in)
     1    0.01                           clk (net)
                  0.05    0.00    0.03 ^ clkbuf_0_clk/A (sky130_fd_sc_hd__clkbuf_16)
                  0.05    0.11    0.15 ^ clkbuf_0_clk/X (sky130_fd_sc_hd__clkbuf_16)
     4    0.05                           clknet_0_clk (net)
                  0.05    0.00    0.15 ^ clkbuf_2_2__f_clk/A (sky130_fd_sc_hd__clkbuf_16)
                  0.04    0.10    0.25 ^ clkbuf_2_2__f_clk/X (sky130_fd_sc_hd__clkbuf_16)
     8    0.03                           clknet_2_2__leaf_clk (net)
                  0.04    0.00    0.26 ^ _275_/CLK (sky130_fd_sc_hd__dfrtp_2)
                          0.25    0.51   clock uncertainty
                         -0.02    0.48   clock reconvergence pessimism
                         -0.02    0.46   library hold time
                                  0.46   data required time
-----------------------------------------------------------------------------
                                  0.46   data required time
                                 -0.68   data arrival time
-----------------------------------------------------------------------------
                                  0.22   slack (MET)


Startpoint: _270_ (rising edge-triggered flip-flop clocked by clk)
Endpoint: _271_ (rising edge-triggered flip-flop clocked by clk)
Path Group: clk
Path Type: min
Corner: Fastest

Fanout     Cap    Slew   Delay    Time   Description
-----------------------------------------------------------------------------
                          0.00    0.00   clock clk (rise edge)
                          0.00    0.00   clock source latency
                  0.05    0.03    0.03 ^ clk (in)
     1    0.01                           clk (net)
                  0.05    0.00    0.03 ^ clkbuf_0_clk/A (sky130_fd_sc_hd__clkbuf_16)
                  0.05    0.10    0.13 ^ clkbuf_0_clk/X (sky130_fd_sc_hd__clkbuf_16)
     4    0.05                           clknet_0_clk (net)
                  0.05    0.00    0.14 ^ clkbuf_2_1__f_clk/A (sky130_fd_sc_hd__clkbuf_16)
                  0.04    0.10    0.23 ^ clkbuf_2_1__f_clk/X (sky130_fd_sc_hd__clkbuf_16)
    11    0.04                           clknet_2_1__leaf_clk (net)
                  0.04    0.00    0.24 ^ _270_/CLK (sky130_fd_sc_hd__dfrtp_1)
                  0.07    0.26    0.50 v _270_/Q (sky130_fd_sc_hd__dfrtp_1)
     3    0.01                           baud_counter[8] (net)
                  0.07    0.00    0.50 v _134_/A (sky130_fd_sc_hd__inv_2)
                  0.03    0.04    0.54 ^ _134_/Y (sky130_fd_sc_hd__inv_2)
     2    0.01                           _123_ (net)
                  0.03    0.00    0.54 ^ _168_/A (sky130_fd_sc_hd__or4bb_1)
                  0.06    0.09    0.62 ^ _168_/X (sky130_fd_sc_hd__or4bb_1)
     2    0.01                           _054_ (net)
                  0.06    0.00    0.62 ^ _170_/B (sky130_fd_sc_hd__or2_1)
                  0.04    0.07    0.70 ^ _170_/X (sky130_fd_sc_hd__or2_1)
     1    0.01                           _055_ (net)
                  0.04    0.00    0.70 ^ _171_/B (sky130_fd_sc_hd__xnor2_1)
                  0.03    0.04    0.74 v _171_/Y (sky130_fd_sc_hd__xnor2_1)
     1    0.00                           _010_ (net)
                  0.03    0.00    0.74 v _271_/D (sky130_fd_sc_hd__dfrtp_1)
                                  0.74   data arrival time

                          0.00    0.00   clock clk (rise edge)
                          0.00    0.00   clock source latency
                  0.05    0.03    0.03 ^ clk (in)
     1    0.01                           clk (net)
                  0.05    0.00    0.03 ^ clkbuf_0_clk/A (sky130_fd_sc_hd__clkbuf_16)
                  0.05    0.11    0.15 ^ clkbuf_0_clk/X (sky130_fd_sc_hd__clkbuf_16)
     4    0.05                           clknet_0_clk (net)
                  0.05    0.00    0.15 ^ clkbuf_2_3__f_clk/A (sky130_fd_sc_hd__clkbuf_16)
                  0.04    0.11    0.26 ^ clkbuf_2_3__f_clk/X (sky130_fd_sc_hd__clkbuf_16)
     9    0.03                           clknet_2_3__leaf_clk (net)
                  0.04    0.00    0.26 ^ _271_/CLK (sky130_fd_sc_hd__dfrtp_1)
                          0.25    0.51   clock uncertainty
                         -0.01    0.50   clock reconvergence pessimism
                         -0.02    0.47   library hold time
                                  0.47   data required time
-----------------------------------------------------------------------------
                                  0.47   data required time
                                 -0.74   data arrival time
-----------------------------------------------------------------------------
                                  0.27   slack (MET)


Startpoint: _273_ (rising edge-triggered flip-flop clocked by clk)
Endpoint: _268_ (rising edge-triggered flip-flop clocked by clk)
Path Group: clk
Path Type: min
Corner: Fastest

Fanout     Cap    Slew   Delay    Time   Description
-----------------------------------------------------------------------------
                          0.00    0.00   clock clk (rise edge)
                          0.00    0.00   clock source latency
                  0.05    0.03    0.03 ^ clk (in)
     1    0.01                           clk (net)
                  0.05    0.00    0.03 ^ clkbuf_0_clk/A (sky130_fd_sc_hd__clkbuf_16)
                  0.05    0.10    0.13 ^ clkbuf_0_clk/X (sky130_fd_sc_hd__clkbuf_16)
     4    0.05                           clknet_0_clk (net)
                  0.05    0.00    0.14 ^ clkbuf_2_2__f_clk/A (sky130_fd_sc_hd__clkbuf_16)
                  0.04    0.09    0.23 ^ clkbuf_2_2__f_clk/X (sky130_fd_sc_hd__clkbuf_16)
     8    0.03                           clknet_2_2__leaf_clk (net)
                  0.04    0.00    0.23 ^ _273_/CLK (sky130_fd_sc_hd__dfrtp_2)
                  0.09    0.26    0.50 ^ _273_/Q (sky130_fd_sc_hd__dfrtp_2)
     5    0.02                           net12 (net)
                  0.09    0.00    0.50 ^ _130_/A (sky130_fd_sc_hd__clkbuf_4)
                  0.10    0.15    0.65 ^ _130_/X (sky130_fd_sc_hd__clkbuf_4)
    10    0.04                           _120_ (net)
                  0.10    0.00    0.65 ^ _161_/A (sky130_fd_sc_hd__or2_1)
                  0.04    0.08    0.73 ^ _161_/X (sky130_fd_sc_hd__or2_1)
     1    0.00                           _049_ (net)
                  0.04    0.00    0.73 ^ _162_/B (sky130_fd_sc_hd__xnor2_1)
                  0.03    0.04    0.77 v _162_/Y (sky130_fd_sc_hd__xnor2_1)
     1    0.00                           _007_ (net)
                  0.03    0.00    0.77 v _268_/D (sky130_fd_sc_hd__dfrtp_1)
                                  0.77   data arrival time

                          0.00    0.00   clock clk (rise edge)
                          0.00    0.00   clock source latency
                  0.05    0.03    0.03 ^ clk (in)
     1    0.01                           clk (net)
                  0.05    0.00    0.03 ^ clkbuf_0_clk/A (sky130_fd_sc_hd__clkbuf_16)
                  0.05    0.11    0.15 ^ clkbuf_0_clk/X (sky130_fd_sc_hd__clkbuf_16)
     4    0.05                           clknet_0_clk (net)
                  0.05    0.00    0.15 ^ clkbuf_2_1__f_clk/A (sky130_fd_sc_hd__clkbuf_16)
                  0.04    0.11    0.26 ^ clkbuf_2_1__f_clk/X (sky130_fd_sc_hd__clkbuf_16)
    11    0.04                           clknet_2_1__leaf_clk (net)
                  0.04    0.00    0.26 ^ _268_/CLK (sky130_fd_sc_hd__dfrtp_1)
                          0.25    0.51   clock uncertainty
                         -0.01    0.50   clock reconvergence pessimism
                         -0.02    0.48   library hold time
                                  0.48   data required time
-----------------------------------------------------------------------------
                                  0.48   data required time
                                 -0.77   data arrival time
-----------------------------------------------------------------------------
                                  0.29   slack (MET)


Startpoint: _298_ (rising edge-triggered flip-flop clocked by clk)
Endpoint: _295_ (rising edge-triggered flip-flop clocked by clk)
Path Group: clk
Path Type: min
Corner: Fastest

Fanout     Cap    Slew   Delay    Time   Description
-----------------------------------------------------------------------------
                          0.00    0.00   clock clk (rise edge)
                          0.00    0.00   clock source latency
                  0.05    0.03    0.03 ^ clk (in)
     1    0.01                           clk (net)
                  0.05    0.00    0.03 ^ clkbuf_0_clk/A (sky130_fd_sc_hd__clkbuf_16)
                  0.05    0.10    0.13 ^ clkbuf_0_clk/X (sky130_fd_sc_hd__clkbuf_16)
     4    0.05                           clknet_0_clk (net)
                  0.05    0.00    0.14 ^ clkbuf_2_1__f_clk/A (sky130_fd_sc_hd__clkbuf_16)
                  0.04    0.10    0.23 ^ clkbuf_2_1__f_clk/X (sky130_fd_sc_hd__clkbuf_16)
    11    0.04                           clknet_2_1__leaf_clk (net)
                  0.04    0.00    0.24 ^ _298_/CLK (sky130_fd_sc_hd__dfrtp_1)
                  0.07    0.26    0.50 v _298_/Q (sky130_fd_sc_hd__dfrtp_1)
     4    0.01                           baud_tick (net)
                  0.07    0.00    0.50 v _221_/B (sky130_fd_sc_hd__nand3b_2)
                  0.09    0.10    0.60 ^ _221_/Y (sky130_fd_sc_hd__nand3b_2)
     4    0.02                           _092_ (net)
                  0.09    0.00    0.60 ^ _234_/A2 (sky130_fd_sc_hd__a21oi_4)
                  0.06    0.08    0.68 v _234_/Y (sky130_fd_sc_hd__a21oi_4)
     8    0.04                           _102_ (net)
                  0.06    0.00    0.68 v _255_/A (sky130_fd_sc_hd__inv_2)
                  0.02    0.03    0.71 ^ _255_/Y (sky130_fd_sc_hd__inv_2)
     1    0.00                           _116_ (net)
                  0.02    0.00    0.71 ^ _257_/A2 (sky130_fd_sc_hd__a22o_1)
                  0.03    0.08    0.79 ^ _257_/X (sky130_fd_sc_hd__a22o_1)
     1    0.00                           _034_ (net)
                  0.03    0.00    0.79 ^ _295_/D (sky130_fd_sc_hd__dfrtp_1)
                                  0.79   data arrival time

                          0.00    0.00   clock clk (rise edge)
                          0.00    0.00   clock source latency
                  0.05    0.03    0.03 ^ clk (in)
     1    0.01                           clk (net)
                  0.05    0.00    0.03 ^ clkbuf_0_clk/A (sky130_fd_sc_hd__clkbuf_16)
                  0.05    0.11    0.15 ^ clkbuf_0_clk/X (sky130_fd_sc_hd__clkbuf_16)
     4    0.05                           clknet_0_clk (net)
                  0.05    0.00    0.15 ^ clkbuf_2_0__f_clk/A (sky130_fd_sc_hd__clkbuf_16)
                  0.04    0.10    0.26 ^ clkbuf_2_0__f_clk/X (sky130_fd_sc_hd__clkbuf_16)
     9    0.03                           clknet_2_0__leaf_clk (net)
                  0.04    0.00    0.26 ^ _295_/CLK (sky130_fd_sc_hd__dfrtp_1)
                          0.25    0.51   clock uncertainty
                         -0.01    0.49   clock reconvergence pessimism
                         -0.02    0.47   library hold time
                                  0.47   data required time
-----------------------------------------------------------------------------
                                  0.47   data required time
                                 -0.79   data arrival time
-----------------------------------------------------------------------------
                                  0.32   slack (MET)


Startpoint: _283_ (rising edge-triggered flip-flop clocked by clk)
Endpoint: _273_ (rising edge-triggered flip-flop clocked by clk)
Path Group: clk
Path Type: min
Corner: Fastest

Fanout     Cap    Slew   Delay    Time   Description
-----------------------------------------------------------------------------
                          0.00    0.00   clock clk (rise edge)
                          0.00    0.00   clock source latency
                  0.05    0.03    0.03 ^ clk (in)
     1    0.01                           clk (net)
                  0.05    0.00    0.03 ^ clkbuf_0_clk/A (sky130_fd_sc_hd__clkbuf_16)
                  0.05    0.10    0.13 ^ clkbuf_0_clk/X (sky130_fd_sc_hd__clkbuf_16)
     4    0.05                           clknet_0_clk (net)
                  0.05    0.00    0.14 ^ clkbuf_2_2__f_clk/A (sky130_fd_sc_hd__clkbuf_16)
                  0.04    0.09    0.23 ^ clkbuf_2_2__f_clk/X (sky130_fd_sc_hd__clkbuf_16)
     8    0.03                           clknet_2_2__leaf_clk (net)
                  0.04    0.00    0.23 ^ _283_/CLK (sky130_fd_sc_hd__dfrtp_1)
                  0.10    0.25    0.48 ^ _283_/Q (sky130_fd_sc_hd__dfrtp_1)
     3    0.01                           idle_counter[9] (net)
                  0.10    0.00    0.48 ^ _174_/B1 (sky130_fd_sc_hd__a21o_1)
                  0.08    0.09    0.57 ^ _174_/X (sky130_fd_sc_hd__a21o_1)
     3    0.01                           _058_ (net)
                  0.08    0.00    0.57 ^ _175_/A2 (sky130_fd_sc_hd__a21oi_1)
                  0.04    0.06    0.63 v _175_/Y (sky130_fd_sc_hd__a21oi_1)
     2    0.01                           _059_ (net)
                  0.04    0.00    0.63 v _178_/A_N (sky130_fd_sc_hd__and2b_1)
                  0.03    0.12    0.75 ^ _178_/X (sky130_fd_sc_hd__and2b_1)
     1    0.00                           _061_ (net)
                  0.03    0.00    0.75 ^ _179_/A (sky130_fd_sc_hd__clkbuf_1)
                  0.03    0.05    0.80 ^ _179_/X (sky130_fd_sc_hd__clkbuf_1)
     1    0.00                           _012_ (net)
                  0.03    0.00    0.80 ^ _273_/D (sky130_fd_sc_hd__dfrtp_2)
                                  0.80   data arrival time

                          0.00    0.00   clock clk (rise edge)
                          0.00    0.00   clock source latency
                  0.05    0.03    0.03 ^ clk (in)
     1    0.01                           clk (net)
                  0.05    0.00    0.03 ^ clkbuf_0_clk/A (sky130_fd_sc_hd__clkbuf_16)
                  0.05    0.11    0.15 ^ clkbuf_0_clk/X (sky130_fd_sc_hd__clkbuf_16)
     4    0.05                           clknet_0_clk (net)
                  0.05    0.00    0.15 ^ clkbuf_2_2__f_clk/A (sky130_fd_sc_hd__clkbuf_16)
                  0.04    0.10    0.25 ^ clkbuf_2_2__f_clk/X (sky130_fd_sc_hd__clkbuf_16)
     8    0.03                           clknet_2_2__leaf_clk (net)
                  0.04    0.00    0.26 ^ _273_/CLK (sky130_fd_sc_hd__dfrtp_2)
                          0.25    0.51   clock uncertainty
                         -0.02    0.48   clock reconvergence pessimism
                         -0.02    0.46   library hold time
                                  0.46   data required time
-----------------------------------------------------------------------------
                                  0.46   data required time
                                 -0.80   data arrival time
-----------------------------------------------------------------------------
                                  0.34   slack (MET)


Startpoint: rst_n (input port clocked by clk)
Endpoint: _269_ (removal check against rising-edge clock clk)
Path Group: asynchronous
Path Type: min
Corner: Fastest

Fanout     Cap    Slew   Delay    Time   Description
-----------------------------------------------------------------------------
                          0.00    0.00   clock clk (rise edge)
                          0.00    0.00   clock network delay (propagated)
                          4.00    4.00 ^ input external delay
                  0.02    0.01    4.01 ^ rst_n (in)
     1    0.00                           rst_n (net)
                  0.02    0.00    4.01 ^ input1/A (sky130_fd_sc_hd__clkbuf_2)
                  0.10    0.11    4.12 ^ input1/X (sky130_fd_sc_hd__clkbuf_2)
     4    0.03                           net1 (net)
                  0.10    0.00    4.12 ^ fanout18/A (sky130_fd_sc_hd__clkbuf_4)
                  0.10    0.16    4.28 ^ fanout18/X (sky130_fd_sc_hd__clkbuf_4)
     9    0.05                           net18 (net)
                  0.10    0.00    4.28 ^ _269_/RESET_B (sky130_fd_sc_hd__dfrtp_2)
                                  4.28   data arrival time

                          0.00    0.00   clock clk (rise edge)
                          0.00    0.00   clock source latency
                  0.05    0.03    0.03 ^ clk (in)
     1    0.01                           clk (net)
                  0.05    0.00    0.03 ^ clkbuf_0_clk/A (sky130_fd_sc_hd__clkbuf_16)
                  0.05    0.11    0.15 ^ clkbuf_0_clk/X (sky130_fd_sc_hd__clkbuf_16)
     4    0.05                           clknet_0_clk (net)
                  0.05    0.00    0.15 ^ clkbuf_2_1__f_clk/A (sky130_fd_sc_hd__clkbuf_16)
                  0.04    0.11    0.26 ^ clkbuf_2_1__f_clk/X (sky130_fd_sc_hd__clkbuf_16)
    11    0.04                           clknet_2_1__leaf_clk (net)
                  0.04    0.00    0.26 ^ _269_/CLK (sky130_fd_sc_hd__dfrtp_2)
                          0.25    0.51   clock uncertainty
                          0.00    0.51   clock reconvergence pessimism
                          0.22    0.73   library removal time
                                  0.73   data required time
-----------------------------------------------------------------------------
                                  0.73   data required time
                                 -4.28   data arrival time
-----------------------------------------------------------------------------
                                  3.55   slack (MET)


Startpoint: rst_n (input port clocked by clk)
Endpoint: _271_ (removal check against rising-edge clock clk)
Path Group: asynchronous
Path Type: min
Corner: Fastest

Fanout     Cap    Slew   Delay    Time   Description
-----------------------------------------------------------------------------
                          0.00    0.00   clock clk (rise edge)
                          0.00    0.00   clock network delay (propagated)
                          4.00    4.00 ^ input external delay
                  0.02    0.01    4.01 ^ rst_n (in)
     1    0.00                           rst_n (net)
                  0.02    0.00    4.01 ^ input1/A (sky130_fd_sc_hd__clkbuf_2)
                  0.10    0.11    4.12 ^ input1/X (sky130_fd_sc_hd__clkbuf_2)
     4    0.03                           net1 (net)
                  0.10    0.00    4.12 ^ fanout18/A (sky130_fd_sc_hd__clkbuf_4)
                  0.10    0.16    4.28 ^ fanout18/X (sky130_fd_sc_hd__clkbuf_4)
     9    0.05                           net18 (net)
                  0.10    0.00    4.28 ^ _271_/RESET_B (sky130_fd_sc_hd__dfrtp_1)
                                  4.28   data arrival time

                          0.00    0.00   clock clk (rise edge)
                          0.00    0.00   clock source latency
                  0.05    0.03    0.03 ^ clk (in)
     1    0.01                           clk (net)
                  0.05    0.00    0.03 ^ clkbuf_0_clk/A (sky130_fd_sc_hd__clkbuf_16)
                  0.05    0.11    0.15 ^ clkbuf_0_clk/X (sky130_fd_sc_hd__clkbuf_16)
     4    0.05                           clknet_0_clk (net)
                  0.05    0.00    0.15 ^ clkbuf_2_3__f_clk/A (sky130_fd_sc_hd__clkbuf_16)
                  0.04    0.11    0.26 ^ clkbuf_2_3__f_clk/X (sky130_fd_sc_hd__clkbuf_16)
     9    0.03                           clknet_2_3__leaf_clk (net)
                  0.04    0.00    0.26 ^ _271_/CLK (sky130_fd_sc_hd__dfrtp_1)
                          0.25    0.51   clock uncertainty
                          0.00    0.51   clock reconvergence pessimism
                          0.22    0.73   library removal time
                                  0.73   data required time
-----------------------------------------------------------------------------
                                  0.73   data required time
                                 -4.28   data arrival time
-----------------------------------------------------------------------------
                                  3.55   slack (MET)


Startpoint: rst_n (input port clocked by clk)
Endpoint: _278_ (removal check against rising-edge clock clk)
Path Group: asynchronous
Path Type: min
Corner: Fastest

Fanout     Cap    Slew   Delay    Time   Description
-----------------------------------------------------------------------------
                          0.00    0.00   clock clk (rise edge)
                          0.00    0.00   clock network delay (propagated)
                          4.00    4.00 ^ input external delay
                  0.02    0.01    4.01 ^ rst_n (in)
     1    0.00                           rst_n (net)
                  0.02    0.00    4.01 ^ input1/A (sky130_fd_sc_hd__clkbuf_2)
                  0.10    0.11    4.12 ^ input1/X (sky130_fd_sc_hd__clkbuf_2)
     4    0.03                           net1 (net)
                  0.10    0.00    4.12 ^ fanout16/A (sky130_fd_sc_hd__clkbuf_4)
                  0.10    0.15    4.27 ^ fanout16/X (sky130_fd_sc_hd__clkbuf_4)
     8    0.04                           net16 (net)
                  0.10    0.00    4.27 ^ _278_/RESET_B (sky130_fd_sc_hd__dfrtp_1)
                                  4.27   data arrival time

                          0.00    0.00   clock clk (rise edge)
                          0.00    0.00   clock source latency
                  0.05    0.03    0.03 ^ clk (in)
     1    0.01                           clk (net)
                  0.05    0.00    0.03 ^ clkbuf_0_clk/A (sky130_fd_sc_hd__clkbuf_16)
                  0.05    0.11    0.15 ^ clkbuf_0_clk/X (sky130_fd_sc_hd__clkbuf_16)
     4    0.05                           clknet_0_clk (net)
                  0.05    0.00    0.15 ^ clkbuf_2_3__f_clk/A (sky130_fd_sc_hd__clkbuf_16)
                  0.04    0.11    0.26 ^ clkbuf_2_3__f_clk/X (sky130_fd_sc_hd__clkbuf_16)
     9    0.03                           clknet_2_3__leaf_clk (net)
                  0.04    0.00    0.26 ^ _278_/CLK (sky130_fd_sc_hd__dfrtp_1)
                          0.25    0.51   clock uncertainty
                          0.00    0.51   clock reconvergence pessimism
                          0.22    0.73   library removal time
                                  0.73   data required time
-----------------------------------------------------------------------------
                                  0.73   data required time
                                 -4.27   data arrival time
-----------------------------------------------------------------------------
                                  3.55   slack (MET)


Startpoint: rst_n (input port clocked by clk)
Endpoint: _264_ (removal check against rising-edge clock clk)
Path Group: asynchronous
Path Type: min
Corner: Fastest

Fanout     Cap    Slew   Delay    Time   Description
-----------------------------------------------------------------------------
                          0.00    0.00   clock clk (rise edge)
                          0.00    0.00   clock network delay (propagated)
                          4.00    4.00 ^ input external delay
                  0.02    0.01    4.01 ^ rst_n (in)
     1    0.00                           rst_n (net)
                  0.02    0.00    4.01 ^ input1/A (sky130_fd_sc_hd__clkbuf_2)
                  0.10    0.11    4.12 ^ input1/X (sky130_fd_sc_hd__clkbuf_2)
     4    0.03                           net1 (net)
                  0.10    0.00    4.12 ^ fanout18/A (sky130_fd_sc_hd__clkbuf_4)
                  0.10    0.16    4.28 ^ fanout18/X (sky130_fd_sc_hd__clkbuf_4)
     9    0.05                           net18 (net)
                  0.10    0.00    4.28 ^ _264_/RESET_B (sky130_fd_sc_hd__dfrtp_1)
                                  4.28   data arrival time

                          0.00    0.00   clock clk (rise edge)
                          0.00    0.00   clock source latency
                  0.05    0.03    0.03 ^ clk (in)
     1    0.01                           clk (net)
                  0.05    0.00    0.03 ^ clkbuf_0_clk/A (sky130_fd_sc_hd__clkbuf_16)
                  0.05    0.11    0.15 ^ clkbuf_0_clk/X (sky130_fd_sc_hd__clkbuf_16)
     4    0.05                           clknet_0_clk (net)
                  0.05    0.00    0.15 ^ clkbuf_2_3__f_clk/A (sky130_fd_sc_hd__clkbuf_16)
                  0.04    0.11    0.26 ^ clkbuf_2_3__f_clk/X (sky130_fd_sc_hd__clkbuf_16)
     9    0.03                           clknet_2_3__leaf_clk (net)
                  0.04    0.00    0.26 ^ _264_/CLK (sky130_fd_sc_hd__dfrtp_1)
                          0.25    0.51   clock uncertainty
                          0.00    0.51   clock reconvergence pessimism
                          0.22    0.73   library removal time
                                  0.73   data required time
-----------------------------------------------------------------------------
                                  0.73   data required time
                                 -4.28   data arrival time
-----------------------------------------------------------------------------
                                  3.55   slack (MET)


Startpoint: rst_n (input port clocked by clk)
Endpoint: _265_ (removal check against rising-edge clock clk)
Path Group: asynchronous
Path Type: min
Corner: Fastest

Fanout     Cap    Slew   Delay    Time   Description
-----------------------------------------------------------------------------
                          0.00    0.00   clock clk (rise edge)
                          0.00    0.00   clock network delay (propagated)
                          4.00    4.00 ^ input external delay
                  0.02    0.01    4.01 ^ rst_n (in)
     1    0.00                           rst_n (net)
                  0.02    0.00    4.01 ^ input1/A (sky130_fd_sc_hd__clkbuf_2)
                  0.10    0.11    4.12 ^ input1/X (sky130_fd_sc_hd__clkbuf_2)
     4    0.03                           net1 (net)
                  0.10    0.00    4.12 ^ fanout18/A (sky130_fd_sc_hd__clkbuf_4)
                  0.10    0.16    4.28 ^ fanout18/X (sky130_fd_sc_hd__clkbuf_4)
     9    0.05                           net18 (net)
                  0.10    0.00    4.28 ^ _265_/RESET_B (sky130_fd_sc_hd__dfrtp_1)
                                  4.28   data arrival time

                          0.00    0.00   clock clk (rise edge)
                          0.00    0.00   clock source latency
                  0.05    0.03    0.03 ^ clk (in)
     1    0.01                           clk (net)
                  0.05    0.00    0.03 ^ clkbuf_0_clk/A (sky130_fd_sc_hd__clkbuf_16)
                  0.05    0.11    0.15 ^ clkbuf_0_clk/X (sky130_fd_sc_hd__clkbuf_16)
     4    0.05                           clknet_0_clk (net)
                  0.05    0.00    0.15 ^ clkbuf_2_3__f_clk/A (sky130_fd_sc_hd__clkbuf_16)
                  0.04    0.11    0.26 ^ clkbuf_2_3__f_clk/X (sky130_fd_sc_hd__clkbuf_16)
     9    0.03                           clknet_2_3__leaf_clk (net)
                  0.04    0.00    0.26 ^ _265_/CLK (sky130_fd_sc_hd__dfrtp_1)
                          0.25    0.51   clock uncertainty
                          0.00    0.51   clock reconvergence pessimism
                          0.22    0.73   library removal time
                                  0.73   data required time
-----------------------------------------------------------------------------
                                  0.73   data required time
                                 -4.28   data arrival time
-----------------------------------------------------------------------------
                                  3.55   slack (MET)


Startpoint: rst_n (input port clocked by clk)
Endpoint: _280_ (removal check against rising-edge clock clk)
Path Group: asynchronous
Path Type: min
Corner: Fastest

Fanout     Cap    Slew   Delay    Time   Description
-----------------------------------------------------------------------------
                          0.00    0.00   clock clk (rise edge)
                          0.00    0.00   clock network delay (propagated)
                          4.00    4.00 ^ input external delay
                  0.02    0.01    4.01 ^ rst_n (in)
     1    0.00                           rst_n (net)
                  0.02    0.00    4.01 ^ input1/A (sky130_fd_sc_hd__clkbuf_2)
                  0.10    0.11    4.12 ^ input1/X (sky130_fd_sc_hd__clkbuf_2)
     4    0.03                           net1 (net)
                  0.10    0.00    4.12 ^ fanout18/A (sky130_fd_sc_hd__clkbuf_4)
                  0.10    0.16    4.28 ^ fanout18/X (sky130_fd_sc_hd__clkbuf_4)
     9    0.05                           net18 (net)
                  0.10    0.00    4.28 ^ _280_/RESET_B (sky130_fd_sc_hd__dfrtp_1)
                                  4.28   data arrival time

                          0.00    0.00   clock clk (rise edge)
                          0.00    0.00   clock source latency
                  0.05    0.03    0.03 ^ clk (in)
     1    0.01                           clk (net)
                  0.05    0.00    0.03 ^ clkbuf_0_clk/A (sky130_fd_sc_hd__clkbuf_16)
                  0.05    0.11    0.15 ^ clkbuf_0_clk/X (sky130_fd_sc_hd__clkbuf_16)
     4    0.05                           clknet_0_clk (net)
                  0.05    0.00    0.15 ^ clkbuf_2_3__f_clk/A (sky130_fd_sc_hd__clkbuf_16)
                  0.04    0.11    0.26 ^ clkbuf_2_3__f_clk/X (sky130_fd_sc_hd__clkbuf_16)
     9    0.03                           clknet_2_3__leaf_clk (net)
                  0.04    0.00    0.26 ^ _280_/CLK (sky130_fd_sc_hd__dfrtp_1)
                          0.25    0.51   clock uncertainty
                          0.00    0.51   clock reconvergence pessimism
                          0.22    0.73   library removal time
                                  0.73   data required time
-----------------------------------------------------------------------------
                                  0.73   data required time
                                 -4.28   data arrival time
-----------------------------------------------------------------------------
                                  3.55   slack (MET)


Startpoint: rst_n (input port clocked by clk)
Endpoint: _279_ (removal check against rising-edge clock clk)
Path Group: asynchronous
Path Type: min
Corner: Fastest

Fanout     Cap    Slew   Delay    Time   Description
-----------------------------------------------------------------------------
                          0.00    0.00   clock clk (rise edge)
                          0.00    0.00   clock network delay (propagated)
                          4.00    4.00 ^ input external delay
                  0.02    0.01    4.01 ^ rst_n (in)
     1    0.00                           rst_n (net)
                  0.02    0.00    4.01 ^ input1/A (sky130_fd_sc_hd__clkbuf_2)
                  0.10    0.11    4.12 ^ input1/X (sky130_fd_sc_hd__clkbuf_2)
     4    0.03                           net1 (net)
                  0.10    0.00    4.12 ^ fanout18/A (sky130_fd_sc_hd__clkbuf_4)
                  0.10    0.16    4.28 ^ fanout18/X (sky130_fd_sc_hd__clkbuf_4)
     9    0.05                           net18 (net)
                  0.10    0.00    4.28 ^ _279_/RESET_B (sky130_fd_sc_hd__dfrtp_1)
                                  4.28   data arrival time

                          0.00    0.00   clock clk (rise edge)
                          0.00    0.00   clock source latency
                  0.05    0.03    0.03 ^ clk (in)
     1    0.01                           clk (net)
                  0.05    0.00    0.03 ^ clkbuf_0_clk/A (sky130_fd_sc_hd__clkbuf_16)
                  0.05    0.11    0.15 ^ clkbuf_0_clk/X (sky130_fd_sc_hd__clkbuf_16)
     4    0.05                           clknet_0_clk (net)
                  0.05    0.00    0.15 ^ clkbuf_2_3__f_clk/A (sky130_fd_sc_hd__clkbuf_16)
                  0.04    0.11    0.26 ^ clkbuf_2_3__f_clk/X (sky130_fd_sc_hd__clkbuf_16)
     9    0.03                           clknet_2_3__leaf_clk (net)
                  0.04    0.00    0.26 ^ _279_/CLK (sky130_fd_sc_hd__dfrtp_1)
                          0.25    0.51   clock uncertainty
                          0.00    0.51   clock reconvergence pessimism
                          0.22    0.73   library removal time
                                  0.73   data required time
-----------------------------------------------------------------------------
                                  0.73   data required time
                                 -4.28   data arrival time
-----------------------------------------------------------------------------
                                  3.55   slack (MET)


Startpoint: rst_n (input port clocked by clk)
Endpoint: _262_ (removal check against rising-edge clock clk)
Path Group: asynchronous
Path Type: min
Corner: Fastest

Fanout     Cap    Slew   Delay    Time   Description
-----------------------------------------------------------------------------
                          0.00    0.00   clock clk (rise edge)
                          0.00    0.00   clock network delay (propagated)
                          4.00    4.00 ^ input external delay
                  0.02    0.01    4.01 ^ rst_n (in)
     1    0.00                           rst_n (net)
                  0.02    0.00    4.01 ^ input1/A (sky130_fd_sc_hd__clkbuf_2)
                  0.10    0.11    4.12 ^ input1/X (sky130_fd_sc_hd__clkbuf_2)
     4    0.03                           net1 (net)
                  0.10    0.00    4.12 ^ fanout18/A (sky130_fd_sc_hd__clkbuf_4)
                  0.10    0.16    4.28 ^ fanout18/X (sky130_fd_sc_hd__clkbuf_4)
     9    0.05                           net18 (net)
                  0.10    0.00    4.28 ^ _262_/RESET_B (sky130_fd_sc_hd__dfrtp_1)
                                  4.28   data arrival time

                          0.00    0.00   clock clk (rise edge)
                          0.00    0.00   clock source latency
                  0.05    0.03    0.03 ^ clk (in)
     1    0.01                           clk (net)
                  0.05    0.00    0.03 ^ clkbuf_0_clk/A (sky130_fd_sc_hd__clkbuf_16)
                  0.05    0.11    0.15 ^ clkbuf_0_clk/X (sky130_fd_sc_hd__clkbuf_16)
     4    0.05                           clknet_0_clk (net)
                  0.05    0.00    0.15 ^ clkbuf_2_3__f_clk/A (sky130_fd_sc_hd__clkbuf_16)
                  0.04    0.11    0.26 ^ clkbuf_2_3__f_clk/X (sky130_fd_sc_hd__clkbuf_16)
     9    0.03                           clknet_2_3__leaf_clk (net)
                  0.04    0.00    0.26 ^ _262_/CLK (sky130_fd_sc_hd__dfrtp_1)
                          0.25    0.51   clock uncertainty
                          0.00    0.51   clock reconvergence pessimism
                          0.22    0.73   library removal time
                                  0.73   data required time
-----------------------------------------------------------------------------
                                  0.73   data required time
                                 -4.28   data arrival time
-----------------------------------------------------------------------------
                                  3.55   slack (MET)


Startpoint: rst_n (input port clocked by clk)
Endpoint: _263_ (removal check against rising-edge clock clk)
Path Group: asynchronous
Path Type: min
Corner: Fastest

Fanout     Cap    Slew   Delay    Time   Description
-----------------------------------------------------------------------------
                          0.00    0.00   clock clk (rise edge)
                          0.00    0.00   clock network delay (propagated)
                          4.00    4.00 ^ input external delay
                  0.02    0.01    4.01 ^ rst_n (in)
     1    0.00                           rst_n (net)
                  0.02    0.00    4.01 ^ input1/A (sky130_fd_sc_hd__clkbuf_2)
                  0.10    0.11    4.12 ^ input1/X (sky130_fd_sc_hd__clkbuf_2)
     4    0.03                           net1 (net)
                  0.10    0.00    4.12 ^ fanout18/A (sky130_fd_sc_hd__clkbuf_4)
                  0.10    0.16    4.28 ^ fanout18/X (sky130_fd_sc_hd__clkbuf_4)
     9    0.05                           net18 (net)
                  0.10    0.00    4.28 ^ _263_/RESET_B (sky130_fd_sc_hd__dfrtp_1)
                                  4.28   data arrival time

                          0.00    0.00   clock clk (rise edge)
                          0.00    0.00   clock source latency
                  0.05    0.03    0.03 ^ clk (in)
     1    0.01                           clk (net)
                  0.05    0.00    0.03 ^ clkbuf_0_clk/A (sky130_fd_sc_hd__clkbuf_16)
                  0.05    0.11    0.15 ^ clkbuf_0_clk/X (sky130_fd_sc_hd__clkbuf_16)
     4    0.05                           clknet_0_clk (net)
                  0.05    0.00    0.15 ^ clkbuf_2_3__f_clk/A (sky130_fd_sc_hd__clkbuf_16)
                  0.04    0.11    0.26 ^ clkbuf_2_3__f_clk/X (sky130_fd_sc_hd__clkbuf_16)
     9    0.03                           clknet_2_3__leaf_clk (net)
                  0.04    0.00    0.26 ^ _263_/CLK (sky130_fd_sc_hd__dfrtp_1)
                          0.25    0.51   clock uncertainty
                          0.00    0.51   clock reconvergence pessimism
                          0.22    0.73   library removal time
                                  0.73   data required time
-----------------------------------------------------------------------------
                                  0.73   data required time
                                 -4.28   data arrival time
-----------------------------------------------------------------------------
                                  3.55   slack (MET)


Startpoint: rst_n (input port clocked by clk)
Endpoint: _281_ (removal check against rising-edge clock clk)
Path Group: asynchronous
Path Type: min
Corner: Fastest

Fanout     Cap    Slew   Delay    Time   Description
-----------------------------------------------------------------------------
                          0.00    0.00   clock clk (rise edge)
                          0.00    0.00   clock network delay (propagated)
                          4.00    4.00 ^ input external delay
                  0.02    0.01    4.01 ^ rst_n (in)
     1    0.00                           rst_n (net)
                  0.02    0.00    4.01 ^ input1/A (sky130_fd_sc_hd__clkbuf_2)
                  0.10    0.11    4.12 ^ input1/X (sky130_fd_sc_hd__clkbuf_2)
     4    0.03                           net1 (net)
                  0.10    0.00    4.12 ^ fanout18/A (sky130_fd_sc_hd__clkbuf_4)
                  0.10    0.16    4.28 ^ fanout18/X (sky130_fd_sc_hd__clkbuf_4)
     9    0.05                           net18 (net)
                  0.10    0.00    4.28 ^ _281_/RESET_B (sky130_fd_sc_hd__dfrtp_1)
                                  4.28   data arrival time

                          0.00    0.00   clock clk (rise edge)
                          0.00    0.00   clock source latency
                  0.05    0.03    0.03 ^ clk (in)
     1    0.01                           clk (net)
                  0.05    0.00    0.03 ^ clkbuf_0_clk/A (sky130_fd_sc_hd__clkbuf_16)
                  0.05    0.11    0.15 ^ clkbuf_0_clk/X (sky130_fd_sc_hd__clkbuf_16)
     4    0.05                           clknet_0_clk (net)
                  0.05    0.00    0.15 ^ clkbuf_2_3__f_clk/A (sky130_fd_sc_hd__clkbuf_16)
                  0.04    0.11    0.26 ^ clkbuf_2_3__f_clk/X (sky130_fd_sc_hd__clkbuf_16)
     9    0.03                           clknet_2_3__leaf_clk (net)
                  0.04    0.00    0.26 ^ _281_/CLK (sky130_fd_sc_hd__dfrtp_1)
                          0.25    0.51   clock uncertainty
                          0.00    0.51   clock reconvergence pessimism
                          0.22    0.73   library removal time
                                  0.73   data required time
-----------------------------------------------------------------------------
                                  0.73   data required time
                                 -4.28   data arrival time
-----------------------------------------------------------------------------
                                  3.55   slack (MET)


Startpoint: rst_n (input port clocked by clk)
Endpoint: _273_ (removal check against rising-edge clock clk)
Path Group: asynchronous
Path Type: min
Corner: Fastest

Fanout     Cap    Slew   Delay    Time   Description
-----------------------------------------------------------------------------
                          0.00    0.00   clock clk (rise edge)
                          0.00    0.00   clock network delay (propagated)
                          4.00    4.00 ^ input external delay
                  0.02    0.01    4.01 ^ rst_n (in)
     1    0.00                           rst_n (net)
                  0.02    0.00    4.01 ^ input1/A (sky130_fd_sc_hd__clkbuf_2)
                  0.10    0.11    4.12 ^ input1/X (sky130_fd_sc_hd__clkbuf_2)
     4    0.03                           net1 (net)
                  0.10    0.00    4.12 ^ fanout16/A (sky130_fd_sc_hd__clkbuf_4)
                  0.10    0.15    4.27 ^ fanout16/X (sky130_fd_sc_hd__clkbuf_4)
     8    0.04                           net16 (net)
                  0.10    0.00    4.27 ^ _273_/RESET_B (sky130_fd_sc_hd__dfrtp_2)
                                  4.27   data arrival time

                          0.00    0.00   clock clk (rise edge)
                          0.00    0.00   clock source latency
                  0.05    0.03    0.03 ^ clk (in)
     1    0.01                           clk (net)
                  0.05    0.00    0.03 ^ clkbuf_0_clk/A (sky130_fd_sc_hd__clkbuf_16)
                  0.05    0.11    0.15 ^ clkbuf_0_clk/X (sky130_fd_sc_hd__clkbuf_16)
     4    0.05                           clknet_0_clk (net)
                  0.05    0.00    0.15 ^ clkbuf_2_2__f_clk/A (sky130_fd_sc_hd__clkbuf_16)
                  0.04    0.10    0.25 ^ clkbuf_2_2__f_clk/X (sky130_fd_sc_hd__clkbuf_16)
     8    0.03                           clknet_2_2__leaf_clk (net)
                  0.04    0.00    0.26 ^ _273_/CLK (sky130_fd_sc_hd__dfrtp_2)
                          0.25    0.51   clock uncertainty
                          0.00    0.51   clock reconvergence pessimism
                          0.22    0.72   library removal time
                                  0.72   data required time
-----------------------------------------------------------------------------
                                  0.72   data required time
                                 -4.27   data arrival time
-----------------------------------------------------------------------------
                                  3.55   slack (MET)


Startpoint: rst_n (input port clocked by clk)
Endpoint: _266_ (removal check against rising-edge clock clk)
Path Group: asynchronous
Path Type: min
Corner: Fastest

Fanout     Cap    Slew   Delay    Time   Description
-----------------------------------------------------------------------------
                          0.00    0.00   clock clk (rise edge)
                          0.00    0.00   clock network delay (propagated)
                          4.00    4.00 ^ input external delay
                  0.02    0.01    4.01 ^ rst_n (in)
     1    0.00                           rst_n (net)
                  0.02    0.00    4.01 ^ input1/A (sky130_fd_sc_hd__clkbuf_2)
                  0.10    0.11    4.12 ^ input1/X (sky130_fd_sc_hd__clkbuf_2)
     4    0.03                           net1 (net)
                  0.10    0.00    4.12 ^ fanout17/A (sky130_fd_sc_hd__clkbuf_4)
                  0.11    0.16    4.28 ^ fanout17/X (sky130_fd_sc_hd__clkbuf_4)
    10    0.05                           net17 (net)
                  0.11    0.00    4.28 ^ _266_/RESET_B (sky130_fd_sc_hd__dfrtp_1)
                                  4.28   data arrival time

                          0.00    0.00   clock clk (rise edge)
                          0.00    0.00   clock source latency
                  0.05    0.03    0.03 ^ clk (in)
     1    0.01                           clk (net)
                  0.05    0.00    0.03 ^ clkbuf_0_clk/A (sky130_fd_sc_hd__clkbuf_16)
                  0.05    0.11    0.15 ^ clkbuf_0_clk/X (sky130_fd_sc_hd__clkbuf_16)
     4    0.05                           clknet_0_clk (net)
                  0.05    0.00    0.15 ^ clkbuf_2_1__f_clk/A (sky130_fd_sc_hd__clkbuf_16)
                  0.04    0.11    0.26 ^ clkbuf_2_1__f_clk/X (sky130_fd_sc_hd__clkbuf_16)
    11    0.04                           clknet_2_1__leaf_clk (net)
                  0.04    0.00    0.26 ^ _266_/CLK (sky130_fd_sc_hd__dfrtp_1)
                          0.25    0.51   clock uncertainty
                          0.00    0.51   clock reconvergence pessimism
                          0.22    0.73   library removal time
                                  0.73   data required time
-----------------------------------------------------------------------------
                                  0.73   data required time
                                 -4.28   data arrival time
-----------------------------------------------------------------------------
                                  3.55   slack (MET)


Startpoint: rst_n (input port clocked by clk)
Endpoint: _270_ (removal check against rising-edge clock clk)
Path Group: asynchronous
Path Type: min
Corner: Fastest

Fanout     Cap    Slew   Delay    Time   Description
-----------------------------------------------------------------------------
                          0.00    0.00   clock clk (rise edge)
                          0.00    0.00   clock network delay (propagated)
                          4.00    4.00 ^ input external delay
                  0.02    0.01    4.01 ^ rst_n (in)
     1    0.00                           rst_n (net)
                  0.02    0.00    4.01 ^ input1/A (sky130_fd_sc_hd__clkbuf_2)
                  0.10    0.11    4.12 ^ input1/X (sky130_fd_sc_hd__clkbuf_2)
     4    0.03                           net1 (net)
                  0.10    0.00    4.12 ^ fanout17/A (sky130_fd_sc_hd__clkbuf_4)
                  0.11    0.16    4.28 ^ fanout17/X (sky130_fd_sc_hd__clkbuf_4)
    10    0.05                           net17 (net)
                  0.11    0.00    4.28 ^ _270_/RESET_B (sky130_fd_sc_hd__dfrtp_1)
                                  4.28   data arrival time

                          0.00    0.00   clock clk (rise edge)
                          0.00    0.00   clock source latency
                  0.05    0.03    0.03 ^ clk (in)
     1    0.01                           clk (net)
                  0.05    0.00    0.03 ^ clkbuf_0_clk/A (sky130_fd_sc_hd__clkbuf_16)
                  0.05    0.11    0.15 ^ clkbuf_0_clk/X (sky130_fd_sc_hd__clkbuf_16)
     4    0.05                           clknet_0_clk (net)
                  0.05    0.00    0.15 ^ clkbuf_2_1__f_clk/A (sky130_fd_sc_hd__clkbuf_16)
                  0.04    0.11    0.26 ^ clkbuf_2_1__f_clk/X (sky130_fd_sc_hd__clkbuf_16)
    11    0.04                           clknet_2_1__leaf_clk (net)
                  0.04    0.00    0.26 ^ _270_/CLK (sky130_fd_sc_hd__dfrtp_1)
                          0.25    0.51   clock uncertainty
                          0.00    0.51   clock reconvergence pessimism
                          0.22    0.73   library removal time
                                  0.73   data required time
-----------------------------------------------------------------------------
                                  0.73   data required time
                                 -4.28   data arrival time
-----------------------------------------------------------------------------
                                  3.55   slack (MET)


Startpoint: rst_n (input port clocked by clk)
Endpoint: _285_ (removal check against rising-edge clock clk)
Path Group: asynchronous
Path Type: min
Corner: Fastest

Fanout     Cap    Slew   Delay    Time   Description
-----------------------------------------------------------------------------
                          0.00    0.00   clock clk (rise edge)
                          0.00    0.00   clock network delay (propagated)
                          4.00    4.00 ^ input external delay
                  0.02    0.01    4.01 ^ rst_n (in)
     1    0.00                           rst_n (net)
                  0.02    0.00    4.01 ^ input1/A (sky130_fd_sc_hd__clkbuf_2)
                  0.10    0.11    4.12 ^ input1/X (sky130_fd_sc_hd__clkbuf_2)
     4    0.03                           net1 (net)
                  0.10    0.00    4.12 ^ fanout17/A (sky130_fd_sc_hd__clkbuf_4)
                  0.11    0.16    4.28 ^ fanout17/X (sky130_fd_sc_hd__clkbuf_4)
    10    0.05                           net17 (net)
                  0.11    0.00    4.28 ^ _285_/RESET_B (sky130_fd_sc_hd__dfrtp_1)
                                  4.28   data arrival time

                          0.00    0.00   clock clk (rise edge)
                          0.00    0.00   clock source latency
                  0.05    0.03    0.03 ^ clk (in)
     1    0.01                           clk (net)
                  0.05    0.00    0.03 ^ clkbuf_0_clk/A (sky130_fd_sc_hd__clkbuf_16)
                  0.05    0.11    0.15 ^ clkbuf_0_clk/X (sky130_fd_sc_hd__clkbuf_16)
     4    0.05                           clknet_0_clk (net)
                  0.05    0.00    0.15 ^ clkbuf_2_1__f_clk/A (sky130_fd_sc_hd__clkbuf_16)
                  0.04    0.11    0.26 ^ clkbuf_2_1__f_clk/X (sky130_fd_sc_hd__clkbuf_16)
    11    0.04                           clknet_2_1__leaf_clk (net)
                  0.04    0.00    0.26 ^ _285_/CLK (sky130_fd_sc_hd__dfrtp_1)
                          0.25    0.51   clock uncertainty
                          0.00    0.51   clock reconvergence pessimism
                          0.22    0.73   library removal time
                                  0.73   data required time
-----------------------------------------------------------------------------
                                  0.73   data required time
                                 -4.28   data arrival time
-----------------------------------------------------------------------------
                                  3.55   slack (MET)


Startpoint: rst_n (input port clocked by clk)
Endpoint: _284_ (removal check against rising-edge clock clk)
Path Group: asynchronous
Path Type: min
Corner: Fastest

Fanout     Cap    Slew   Delay    Time   Description
-----------------------------------------------------------------------------
                          0.00    0.00   clock clk (rise edge)
                          0.00    0.00   clock network delay (propagated)
                          4.00    4.00 ^ input external delay
                  0.02    0.01    4.01 ^ rst_n (in)
     1    0.00                           rst_n (net)
                  0.02    0.00    4.01 ^ input1/A (sky130_fd_sc_hd__clkbuf_2)
                  0.10    0.11    4.12 ^ input1/X (sky130_fd_sc_hd__clkbuf_2)
     4    0.03                           net1 (net)
                  0.10    0.00    4.12 ^ fanout17/A (sky130_fd_sc_hd__clkbuf_4)
                  0.11    0.16    4.28 ^ fanout17/X (sky130_fd_sc_hd__clkbuf_4)
    10    0.05                           net17 (net)
                  0.11    0.00    4.28 ^ _284_/RESET_B (sky130_fd_sc_hd__dfrtp_1)
                                  4.28   data arrival time

                          0.00    0.00   clock clk (rise edge)
                          0.00    0.00   clock source latency
                  0.05    0.03    0.03 ^ clk (in)
     1    0.01                           clk (net)
                  0.05    0.00    0.03 ^ clkbuf_0_clk/A (sky130_fd_sc_hd__clkbuf_16)
                  0.05    0.11    0.15 ^ clkbuf_0_clk/X (sky130_fd_sc_hd__clkbuf_16)
     4    0.05                           clknet_0_clk (net)
                  0.05    0.00    0.15 ^ clkbuf_2_1__f_clk/A (sky130_fd_sc_hd__clkbuf_16)
                  0.04    0.11    0.26 ^ clkbuf_2_1__f_clk/X (sky130_fd_sc_hd__clkbuf_16)
    11    0.04                           clknet_2_1__leaf_clk (net)
                  0.04    0.00    0.26 ^ _284_/CLK (sky130_fd_sc_hd__dfrtp_1)
                          0.25    0.51   clock uncertainty
                          0.00    0.51   clock reconvergence pessimism
                          0.22    0.73   library removal time
                                  0.73   data required time
-----------------------------------------------------------------------------
                                  0.73   data required time
                                 -4.28   data arrival time
-----------------------------------------------------------------------------
                                  3.55   slack (MET)


Startpoint: rst_n (input port clocked by clk)
Endpoint: _268_ (removal check against rising-edge clock clk)
Path Group: asynchronous
Path Type: min
Corner: Fastest

Fanout     Cap    Slew   Delay    Time   Description
-----------------------------------------------------------------------------
                          0.00    0.00   clock clk (rise edge)
                          0.00    0.00   clock network delay (propagated)
                          4.00    4.00 ^ input external delay
                  0.02    0.01    4.01 ^ rst_n (in)
     1    0.00                           rst_n (net)
                  0.02    0.00    4.01 ^ input1/A (sky130_fd_sc_hd__clkbuf_2)
                  0.10    0.11    4.12 ^ input1/X (sky130_fd_sc_hd__clkbuf_2)
     4    0.03                           net1 (net)
                  0.10    0.00    4.12 ^ fanout17/A (sky130_fd_sc_hd__clkbuf_4)
                  0.11    0.16    4.28 ^ fanout17/X (sky130_fd_sc_hd__clkbuf_4)
    10    0.05                           net17 (net)
                  0.11    0.00    4.28 ^ _268_/RESET_B (sky130_fd_sc_hd__dfrtp_1)
                                  4.28   data arrival time

                          0.00    0.00   clock clk (rise edge)
                          0.00    0.00   clock source latency
                  0.05    0.03    0.03 ^ clk (in)
     1    0.01                           clk (net)
                  0.05    0.00    0.03 ^ clkbuf_0_clk/A (sky130_fd_sc_hd__clkbuf_16)
                  0.05    0.11    0.15 ^ clkbuf_0_clk/X (sky130_fd_sc_hd__clkbuf_16)
     4    0.05                           clknet_0_clk (net)
                  0.05    0.00    0.15 ^ clkbuf_2_1__f_clk/A (sky130_fd_sc_hd__clkbuf_16)
                  0.04    0.11    0.26 ^ clkbuf_2_1__f_clk/X (sky130_fd_sc_hd__clkbuf_16)
    11    0.04                           clknet_2_1__leaf_clk (net)
                  0.04    0.00    0.26 ^ _268_/CLK (sky130_fd_sc_hd__dfrtp_1)
                          0.25    0.51   clock uncertainty
                          0.00    0.51   clock reconvergence pessimism
                          0.22    0.73   library removal time
                                  0.73   data required time
-----------------------------------------------------------------------------
                                  0.73   data required time
                                 -4.28   data arrival time
-----------------------------------------------------------------------------
                                  3.55   slack (MET)


Startpoint: rst_n (input port clocked by clk)
Endpoint: _286_ (removal check against rising-edge clock clk)
Path Group: asynchronous
Path Type: min
Corner: Fastest

Fanout     Cap    Slew   Delay    Time   Description
-----------------------------------------------------------------------------
                          0.00    0.00   clock clk (rise edge)
                          0.00    0.00   clock network delay (propagated)
                          4.00    4.00 ^ input external delay
                  0.02    0.01    4.01 ^ rst_n (in)
     1    0.00                           rst_n (net)
                  0.02    0.00    4.01 ^ input1/A (sky130_fd_sc_hd__clkbuf_2)
                  0.10    0.11    4.12 ^ input1/X (sky130_fd_sc_hd__clkbuf_2)
     4    0.03                           net1 (net)
                  0.10    0.00    4.12 ^ fanout17/A (sky130_fd_sc_hd__clkbuf_4)
                  0.11    0.16    4.28 ^ fanout17/X (sky130_fd_sc_hd__clkbuf_4)
    10    0.05                           net17 (net)
                  0.11    0.00    4.28 ^ _286_/RESET_B (sky130_fd_sc_hd__dfrtp_1)
                                  4.28   data arrival time

                          0.00    0.00   clock clk (rise edge)
                          0.00    0.00   clock source latency
                  0.05    0.03    0.03 ^ clk (in)
     1    0.01                           clk (net)
                  0.05    0.00    0.03 ^ clkbuf_0_clk/A (sky130_fd_sc_hd__clkbuf_16)
                  0.05    0.11    0.15 ^ clkbuf_0_clk/X (sky130_fd_sc_hd__clkbuf_16)
     4    0.05                           clknet_0_clk (net)
                  0.05    0.00    0.15 ^ clkbuf_2_1__f_clk/A (sky130_fd_sc_hd__clkbuf_16)
                  0.04    0.11    0.26 ^ clkbuf_2_1__f_clk/X (sky130_fd_sc_hd__clkbuf_16)
    11    0.04                           clknet_2_1__leaf_clk (net)
                  0.04    0.00    0.26 ^ _286_/CLK (sky130_fd_sc_hd__dfrtp_1)
                          0.25    0.51   clock uncertainty
                          0.00    0.51   clock reconvergence pessimism
                          0.22    0.73   library removal time
                                  0.73   data required time
-----------------------------------------------------------------------------
                                  0.73   data required time
                                 -4.28   data arrival time
-----------------------------------------------------------------------------
                                  3.55   slack (MET)


Startpoint: rst_n (input port clocked by clk)
Endpoint: _267_ (removal check against rising-edge clock clk)
Path Group: asynchronous
Path Type: min
Corner: Fastest

Fanout     Cap    Slew   Delay    Time   Description
-----------------------------------------------------------------------------
                          0.00    0.00   clock clk (rise edge)
                          0.00    0.00   clock network delay (propagated)
                          4.00    4.00 ^ input external delay
                  0.02    0.01    4.01 ^ rst_n (in)
     1    0.00                           rst_n (net)
                  0.02    0.00    4.01 ^ input1/A (sky130_fd_sc_hd__clkbuf_2)
                  0.10    0.11    4.12 ^ input1/X (sky130_fd_sc_hd__clkbuf_2)
     4    0.03                           net1 (net)
                  0.10    0.00    4.12 ^ fanout17/A (sky130_fd_sc_hd__clkbuf_4)
                  0.11    0.16    4.28 ^ fanout17/X (sky130_fd_sc_hd__clkbuf_4)
    10    0.05                           net17 (net)
                  0.11    0.00    4.28 ^ _267_/RESET_B (sky130_fd_sc_hd__dfrtp_1)
                                  4.28   data arrival time

                          0.00    0.00   clock clk (rise edge)
                          0.00    0.00   clock source latency
                  0.05    0.03    0.03 ^ clk (in)
     1    0.01                           clk (net)
                  0.05    0.00    0.03 ^ clkbuf_0_clk/A (sky130_fd_sc_hd__clkbuf_16)
                  0.05    0.11    0.15 ^ clkbuf_0_clk/X (sky130_fd_sc_hd__clkbuf_16)
     4    0.05                           clknet_0_clk (net)
                  0.05    0.00    0.15 ^ clkbuf_2_1__f_clk/A (sky130_fd_sc_hd__clkbuf_16)
                  0.04    0.11    0.26 ^ clkbuf_2_1__f_clk/X (sky130_fd_sc_hd__clkbuf_16)
    11    0.04                           clknet_2_1__leaf_clk (net)
                  0.04    0.00    0.26 ^ _267_/CLK (sky130_fd_sc_hd__dfrtp_1)
                          0.25    0.51   clock uncertainty
                          0.00    0.51   clock reconvergence pessimism
                          0.22    0.73   library removal time
                                  0.73   data required time
-----------------------------------------------------------------------------
                                  0.73   data required time
                                 -4.28   data arrival time
-----------------------------------------------------------------------------
                                  3.55   slack (MET)


Startpoint: rst_n (input port clocked by clk)
Endpoint: _298_ (removal check against rising-edge clock clk)
Path Group: asynchronous
Path Type: min
Corner: Fastest

Fanout     Cap    Slew   Delay    Time   Description
-----------------------------------------------------------------------------
                          0.00    0.00   clock clk (rise edge)
                          0.00    0.00   clock network delay (propagated)
                          4.00    4.00 ^ input external delay
                  0.02    0.01    4.01 ^ rst_n (in)
     1    0.00                           rst_n (net)
                  0.02    0.00    4.01 ^ input1/A (sky130_fd_sc_hd__clkbuf_2)
                  0.10    0.11    4.12 ^ input1/X (sky130_fd_sc_hd__clkbuf_2)
     4    0.03                           net1 (net)
                  0.10    0.00    4.12 ^ fanout17/A (sky130_fd_sc_hd__clkbuf_4)
                  0.11    0.16    4.28 ^ fanout17/X (sky130_fd_sc_hd__clkbuf_4)
    10    0.05                           net17 (net)
                  0.11    0.00    4.28 ^ _298_/RESET_B (sky130_fd_sc_hd__dfrtp_1)
                                  4.28   data arrival time

                          0.00    0.00   clock clk (rise edge)
                          0.00    0.00   clock source latency
                  0.05    0.03    0.03 ^ clk (in)
     1    0.01                           clk (net)
                  0.05    0.00    0.03 ^ clkbuf_0_clk/A (sky130_fd_sc_hd__clkbuf_16)
                  0.05    0.11    0.15 ^ clkbuf_0_clk/X (sky130_fd_sc_hd__clkbuf_16)
     4    0.05                           clknet_0_clk (net)
                  0.05    0.00    0.15 ^ clkbuf_2_1__f_clk/A (sky130_fd_sc_hd__clkbuf_16)
                  0.04    0.11    0.26 ^ clkbuf_2_1__f_clk/X (sky130_fd_sc_hd__clkbuf_16)
    11    0.04                           clknet_2_1__leaf_clk (net)
                  0.04    0.00    0.26 ^ _298_/CLK (sky130_fd_sc_hd__dfrtp_1)
                          0.25    0.51   clock uncertainty
                          0.00    0.51   clock reconvergence pessimism
                          0.22    0.73   library removal time
                                  0.73   data required time
-----------------------------------------------------------------------------
                                  0.73   data required time
                                 -4.28   data arrival time
-----------------------------------------------------------------------------
                                  3.55   slack (MET)


Startpoint: rst_n (input port clocked by clk)
Endpoint: _296_ (removal check against rising-edge clock clk)
Path Group: asynchronous
Path Type: min
Corner: Fastest

Fanout     Cap    Slew   Delay    Time   Description
-----------------------------------------------------------------------------
                          0.00    0.00   clock clk (rise edge)
                          0.00    0.00   clock network delay (propagated)
                          4.00    4.00 ^ input external delay
                  0.02    0.01    4.01 ^ rst_n (in)
     1    0.00                           rst_n (net)
                  0.02    0.00    4.01 ^ input1/A (sky130_fd_sc_hd__clkbuf_2)
                  0.10    0.11    4.12 ^ input1/X (sky130_fd_sc_hd__clkbuf_2)
     4    0.03                           net1 (net)
                  0.10    0.00    4.12 ^ fanout17/A (sky130_fd_sc_hd__clkbuf_4)
                  0.11    0.16    4.28 ^ fanout17/X (sky130_fd_sc_hd__clkbuf_4)
    10    0.05                           net17 (net)
                  0.11    0.00    4.28 ^ _296_/RESET_B (sky130_fd_sc_hd__dfrtp_4)
                                  4.28   data arrival time

                          0.00    0.00   clock clk (rise edge)
                          0.00    0.00   clock source latency
                  0.05    0.03    0.03 ^ clk (in)
     1    0.01                           clk (net)
                  0.05    0.00    0.03 ^ clkbuf_0_clk/A (sky130_fd_sc_hd__clkbuf_16)
                  0.05    0.11    0.15 ^ clkbuf_0_clk/X (sky130_fd_sc_hd__clkbuf_16)
     4    0.05                           clknet_0_clk (net)
                  0.05    0.00    0.15 ^ clkbuf_2_1__f_clk/A (sky130_fd_sc_hd__clkbuf_16)
                  0.04    0.11    0.26 ^ clkbuf_2_1__f_clk/X (sky130_fd_sc_hd__clkbuf_16)
    11    0.04                           clknet_2_1__leaf_clk (net)
                  0.04    0.00    0.26 ^ _296_/CLK (sky130_fd_sc_hd__dfrtp_4)
                          0.25    0.51   clock uncertainty
                          0.00    0.51   clock reconvergence pessimism
                          0.22    0.73   library removal time
                                  0.73   data required time
-----------------------------------------------------------------------------
                                  0.73   data required time
                                 -4.28   data arrival time
-----------------------------------------------------------------------------
                                  3.55   slack (MET)


Startpoint: rst_n (input port clocked by clk)
Endpoint: _297_ (removal check against rising-edge clock clk)
Path Group: asynchronous
Path Type: min
Corner: Fastest

Fanout     Cap    Slew   Delay    Time   Description
-----------------------------------------------------------------------------
                          0.00    0.00   clock clk (rise edge)
                          0.00    0.00   clock network delay (propagated)
                          4.00    4.00 ^ input external delay
                  0.02    0.01    4.01 ^ rst_n (in)
     1    0.00                           rst_n (net)
                  0.02    0.00    4.01 ^ input1/A (sky130_fd_sc_hd__clkbuf_2)
                  0.10    0.11    4.12 ^ input1/X (sky130_fd_sc_hd__clkbuf_2)
     4    0.03                           net1 (net)
                  0.10    0.00    4.12 ^ fanout17/A (sky130_fd_sc_hd__clkbuf_4)
                  0.11    0.16    4.28 ^ fanout17/X (sky130_fd_sc_hd__clkbuf_4)
    10    0.05                           net17 (net)
                  0.11    0.00    4.28 ^ _297_/RESET_B (sky130_fd_sc_hd__dfrtp_4)
                                  4.28   data arrival time

                          0.00    0.00   clock clk (rise edge)
                          0.00    0.00   clock source latency
                  0.05    0.03    0.03 ^ clk (in)
     1    0.01                           clk (net)
                  0.05    0.00    0.03 ^ clkbuf_0_clk/A (sky130_fd_sc_hd__clkbuf_16)
                  0.05    0.11    0.15 ^ clkbuf_0_clk/X (sky130_fd_sc_hd__clkbuf_16)
     4    0.05                           clknet_0_clk (net)
                  0.05    0.00    0.15 ^ clkbuf_2_1__f_clk/A (sky130_fd_sc_hd__clkbuf_16)
                  0.04    0.11    0.26 ^ clkbuf_2_1__f_clk/X (sky130_fd_sc_hd__clkbuf_16)
    11    0.04                           clknet_2_1__leaf_clk (net)
                  0.04    0.00    0.26 ^ _297_/CLK (sky130_fd_sc_hd__dfrtp_4)
                          0.25    0.51   clock uncertainty
                          0.00    0.51   clock reconvergence pessimism
                          0.22    0.73   library removal time
                                  0.73   data required time
-----------------------------------------------------------------------------
                                  0.73   data required time
                                 -4.28   data arrival time
-----------------------------------------------------------------------------
                                  3.55   slack (MET)


Startpoint: rst_n (input port clocked by clk)
Endpoint: _282_ (removal check against rising-edge clock clk)
Path Group: asynchronous
Path Type: min
Corner: Fastest

Fanout     Cap    Slew   Delay    Time   Description
-----------------------------------------------------------------------------
                          0.00    0.00   clock clk (rise edge)
                          0.00    0.00   clock network delay (propagated)
                          4.00    4.00 ^ input external delay
                  0.02    0.01    4.01 ^ rst_n (in)
     1    0.00                           rst_n (net)
                  0.02    0.00    4.01 ^ input1/A (sky130_fd_sc_hd__clkbuf_2)
                  0.10    0.11    4.12 ^ input1/X (sky130_fd_sc_hd__clkbuf_2)
     4    0.03                           net1 (net)
                  0.10    0.00    4.12 ^ fanout16/A (sky130_fd_sc_hd__clkbuf_4)
                  0.10    0.15    4.27 ^ fanout16/X (sky130_fd_sc_hd__clkbuf_4)
     8    0.04                           net16 (net)
                  0.10    0.00    4.28 ^ _282_/RESET_B (sky130_fd_sc_hd__dfrtp_1)
                                  4.28   data arrival time

                          0.00    0.00   clock clk (rise edge)
                          0.00    0.00   clock source latency
                  0.05    0.03    0.03 ^ clk (in)
     1    0.01                           clk (net)
                  0.05    0.00    0.03 ^ clkbuf_0_clk/A (sky130_fd_sc_hd__clkbuf_16)
                  0.05    0.11    0.15 ^ clkbuf_0_clk/X (sky130_fd_sc_hd__clkbuf_16)
     4    0.05                           clknet_0_clk (net)
                  0.05    0.00    0.15 ^ clkbuf_2_2__f_clk/A (sky130_fd_sc_hd__clkbuf_16)
                  0.04    0.10    0.25 ^ clkbuf_2_2__f_clk/X (sky130_fd_sc_hd__clkbuf_16)
     8    0.03                           clknet_2_2__leaf_clk (net)
                  0.04    0.00    0.26 ^ _282_/CLK (sky130_fd_sc_hd__dfrtp_1)
                          0.25    0.51   clock uncertainty
                          0.00    0.51   clock reconvergence pessimism
                          0.22    0.72   library removal time
                                  0.72   data required time
-----------------------------------------------------------------------------
                                  0.72   data required time
                                 -4.28   data arrival time
-----------------------------------------------------------------------------
                                  3.55   slack (MET)


Startpoint: rst_n (input port clocked by clk)
Endpoint: _283_ (removal check against rising-edge clock clk)
Path Group: asynchronous
Path Type: min
Corner: Fastest

Fanout     Cap    Slew   Delay    Time   Description
-----------------------------------------------------------------------------
                          0.00    0.00   clock clk (rise edge)
                          0.00    0.00   clock network delay (propagated)
                          4.00    4.00 ^ input external delay
                  0.02    0.01    4.01 ^ rst_n (in)
     1    0.00                           rst_n (net)
                  0.02    0.00    4.01 ^ input1/A (sky130_fd_sc_hd__clkbuf_2)
                  0.10    0.11    4.12 ^ input1/X (sky130_fd_sc_hd__clkbuf_2)
     4    0.03                           net1 (net)
                  0.10    0.00    4.12 ^ fanout16/A (sky130_fd_sc_hd__clkbuf_4)
                  0.10    0.15    4.27 ^ fanout16/X (sky130_fd_sc_hd__clkbuf_4)
     8    0.04                           net16 (net)
                  0.10    0.00    4.28 ^ _283_/RESET_B (sky130_fd_sc_hd__dfrtp_1)
                                  4.28   data arrival time

                          0.00    0.00   clock clk (rise edge)
                          0.00    0.00   clock source latency
                  0.05    0.03    0.03 ^ clk (in)
     1    0.01                           clk (net)
                  0.05    0.00    0.03 ^ clkbuf_0_clk/A (sky130_fd_sc_hd__clkbuf_16)
                  0.05    0.11    0.15 ^ clkbuf_0_clk/X (sky130_fd_sc_hd__clkbuf_16)
     4    0.05                           clknet_0_clk (net)
                  0.05    0.00    0.15 ^ clkbuf_2_2__f_clk/A (sky130_fd_sc_hd__clkbuf_16)
                  0.04    0.10    0.25 ^ clkbuf_2_2__f_clk/X (sky130_fd_sc_hd__clkbuf_16)
     8    0.03                           clknet_2_2__leaf_clk (net)
                  0.04    0.00    0.26 ^ _283_/CLK (sky130_fd_sc_hd__dfrtp_1)
                          0.25    0.51   clock uncertainty
                          0.00    0.51   clock reconvergence pessimism
                          0.22    0.72   library removal time
                                  0.72   data required time
-----------------------------------------------------------------------------
                                  0.72   data required time
                                 -4.28   data arrival time
-----------------------------------------------------------------------------
                                  3.55   slack (MET)


Startpoint: rst_n (input port clocked by clk)
Endpoint: _287_ (removal check against rising-edge clock clk)
Path Group: asynchronous
Path Type: min
Corner: Fastest

Fanout     Cap    Slew   Delay    Time   Description
-----------------------------------------------------------------------------
                          0.00    0.00   clock clk (rise edge)
                          0.00    0.00   clock network delay (propagated)
                          4.00    4.00 ^ input external delay
                  0.02    0.01    4.01 ^ rst_n (in)
     1    0.00                           rst_n (net)
                  0.02    0.00    4.01 ^ input1/A (sky130_fd_sc_hd__clkbuf_2)
                  0.10    0.11    4.12 ^ input1/X (sky130_fd_sc_hd__clkbuf_2)
     4    0.03                           net1 (net)
                  0.10    0.00    4.12 ^ fanout15/A (sky130_fd_sc_hd__clkbuf_4)
                  0.11    0.16    4.28 ^ fanout15/X (sky130_fd_sc_hd__clkbuf_4)
    10    0.05                           net15 (net)
                  0.11    0.00    4.28 ^ _287_/RESET_B (sky130_fd_sc_hd__dfrtp_1)
                                  4.28   data arrival time

                          0.00    0.00   clock clk (rise edge)
                          0.00    0.00   clock source latency
                  0.05    0.03    0.03 ^ clk (in)
     1    0.01                           clk (net)
                  0.05    0.00    0.03 ^ clkbuf_0_clk/A (sky130_fd_sc_hd__clkbuf_16)
                  0.05    0.11    0.15 ^ clkbuf_0_clk/X (sky130_fd_sc_hd__clkbuf_16)
     4    0.05                           clknet_0_clk (net)
                  0.05    0.00    0.15 ^ clkbuf_2_0__f_clk/A (sky130_fd_sc_hd__clkbuf_16)
                  0.04    0.10    0.26 ^ clkbuf_2_0__f_clk/X (sky130_fd_sc_hd__clkbuf_16)
     9    0.03                           clknet_2_0__leaf_clk (net)
                  0.04    0.00    0.26 ^ _287_/CLK (sky130_fd_sc_hd__dfrtp_1)
                          0.25    0.51   clock uncertainty
                          0.00    0.51   clock reconvergence pessimism
                          0.22    0.73   library removal time
                                  0.73   data required time
-----------------------------------------------------------------------------
                                  0.73   data required time
                                 -4.28   data arrival time
-----------------------------------------------------------------------------
                                  3.55   slack (MET)


Startpoint: rst_n (input port clocked by clk)
Endpoint: _274_ (removal check against rising-edge clock clk)
Path Group: asynchronous
Path Type: min
Corner: Fastest

Fanout     Cap    Slew   Delay    Time   Description
-----------------------------------------------------------------------------
                          0.00    0.00   clock clk (rise edge)
                          0.00    0.00   clock network delay (propagated)
                          4.00    4.00 ^ input external delay
                  0.02    0.01    4.01 ^ rst_n (in)
     1    0.00                           rst_n (net)
                  0.02    0.00    4.01 ^ input1/A (sky130_fd_sc_hd__clkbuf_2)
                  0.10    0.11    4.12 ^ input1/X (sky130_fd_sc_hd__clkbuf_2)
     4    0.03                           net1 (net)
                  0.10    0.00    4.12 ^ fanout16/A (sky130_fd_sc_hd__clkbuf_4)
                  0.10    0.15    4.27 ^ fanout16/X (sky130_fd_sc_hd__clkbuf_4)
     8    0.04                           net16 (net)
                  0.10    0.00    4.28 ^ _274_/RESET_B (sky130_fd_sc_hd__dfrtp_4)
                                  4.28   data arrival time

                          0.00    0.00   clock clk (rise edge)
                          0.00    0.00   clock source latency
                  0.05    0.03    0.03 ^ clk (in)
     1    0.01                           clk (net)
                  0.05    0.00    0.03 ^ clkbuf_0_clk/A (sky130_fd_sc_hd__clkbuf_16)
                  0.05    0.11    0.15 ^ clkbuf_0_clk/X (sky130_fd_sc_hd__clkbuf_16)
     4    0.05                           clknet_0_clk (net)
                  0.05    0.00    0.15 ^ clkbuf_2_2__f_clk/A (sky130_fd_sc_hd__clkbuf_16)
                  0.04    0.10    0.25 ^ clkbuf_2_2__f_clk/X (sky130_fd_sc_hd__clkbuf_16)
     8    0.03                           clknet_2_2__leaf_clk (net)
                  0.04    0.00    0.26 ^ _274_/CLK (sky130_fd_sc_hd__dfrtp_4)
                          0.25    0.51   clock uncertainty
                          0.00    0.51   clock reconvergence pessimism
                          0.22    0.72   library removal time
                                  0.72   data required time
-----------------------------------------------------------------------------
                                  0.72   data required time
                                 -4.28   data arrival time
-----------------------------------------------------------------------------
                                  3.55   slack (MET)


Startpoint: rst_n (input port clocked by clk)
Endpoint: _275_ (removal check against rising-edge clock clk)
Path Group: asynchronous
Path Type: min
Corner: Fastest

Fanout     Cap    Slew   Delay    Time   Description
-----------------------------------------------------------------------------
                          0.00    0.00   clock clk (rise edge)
                          0.00    0.00   clock network delay (propagated)
                          4.00    4.00 ^ input external delay
                  0.02    0.01    4.01 ^ rst_n (in)
     1    0.00                           rst_n (net)
                  0.02    0.00    4.01 ^ input1/A (sky130_fd_sc_hd__clkbuf_2)
                  0.10    0.11    4.12 ^ input1/X (sky130_fd_sc_hd__clkbuf_2)
     4    0.03                           net1 (net)
                  0.10    0.00    4.12 ^ fanout16/A (sky130_fd_sc_hd__clkbuf_4)
                  0.10    0.15    4.27 ^ fanout16/X (sky130_fd_sc_hd__clkbuf_4)
     8    0.04                           net16 (net)
                  0.10    0.00    4.28 ^ _275_/RESET_B (sky130_fd_sc_hd__dfrtp_2)
                                  4.28   data arrival time

                          0.00    0.00   clock clk (rise edge)
                          0.00    0.00   clock source latency
                  0.05    0.03    0.03 ^ clk (in)
     1    0.01                           clk (net)
                  0.05    0.00    0.03 ^ clkbuf_0_clk/A (sky130_fd_sc_hd__clkbuf_16)
                  0.05    0.11    0.15 ^ clkbuf_0_clk/X (sky130_fd_sc_hd__clkbuf_16)
     4    0.05                           clknet_0_clk (net)
                  0.05    0.00    0.15 ^ clkbuf_2_2__f_clk/A (sky130_fd_sc_hd__clkbuf_16)
                  0.04    0.10    0.25 ^ clkbuf_2_2__f_clk/X (sky130_fd_sc_hd__clkbuf_16)
     8    0.03                           clknet_2_2__leaf_clk (net)
                  0.04    0.00    0.26 ^ _275_/CLK (sky130_fd_sc_hd__dfrtp_2)
                          0.25    0.51   clock uncertainty
                          0.00    0.51   clock reconvergence pessimism
                          0.22    0.72   library removal time
                                  0.72   data required time
-----------------------------------------------------------------------------
                                  0.72   data required time
                                 -4.28   data arrival time
-----------------------------------------------------------------------------
                                  3.55   slack (MET)


Startpoint: rst_n (input port clocked by clk)
Endpoint: _295_ (removal check against rising-edge clock clk)
Path Group: asynchronous
Path Type: min
Corner: Fastest

Fanout     Cap    Slew   Delay    Time   Description
-----------------------------------------------------------------------------
                          0.00    0.00   clock clk (rise edge)
                          0.00    0.00   clock network delay (propagated)
                          4.00    4.00 ^ input external delay
                  0.02    0.01    4.01 ^ rst_n (in)
     1    0.00                           rst_n (net)
                  0.02    0.00    4.01 ^ input1/A (sky130_fd_sc_hd__clkbuf_2)
                  0.10    0.11    4.12 ^ input1/X (sky130_fd_sc_hd__clkbuf_2)
     4    0.03                           net1 (net)
                  0.10    0.00    4.12 ^ fanout15/A (sky130_fd_sc_hd__clkbuf_4)
                  0.11    0.16    4.28 ^ fanout15/X (sky130_fd_sc_hd__clkbuf_4)
    10    0.05                           net15 (net)
                  0.11    0.00    4.28 ^ _295_/RESET_B (sky130_fd_sc_hd__dfrtp_1)
                                  4.28   data arrival time

                          0.00    0.00   clock clk (rise edge)
                          0.00    0.00   clock source latency
                  0.05    0.03    0.03 ^ clk (in)
     1    0.01                           clk (net)
                  0.05    0.00    0.03 ^ clkbuf_0_clk/A (sky130_fd_sc_hd__clkbuf_16)
                  0.05    0.11    0.15 ^ clkbuf_0_clk/X (sky130_fd_sc_hd__clkbuf_16)
     4    0.05                           clknet_0_clk (net)
                  0.05    0.00    0.15 ^ clkbuf_2_0__f_clk/A (sky130_fd_sc_hd__clkbuf_16)
                  0.04    0.10    0.26 ^ clkbuf_2_0__f_clk/X (sky130_fd_sc_hd__clkbuf_16)
     9    0.03                           clknet_2_0__leaf_clk (net)
                  0.04    0.00    0.26 ^ _295_/CLK (sky130_fd_sc_hd__dfrtp_1)
                          0.25    0.51   clock uncertainty
                          0.00    0.51   clock reconvergence pessimism
                          0.22    0.73   library removal time
                                  0.73   data required time
-----------------------------------------------------------------------------
                                  0.73   data required time
                                 -4.28   data arrival time
-----------------------------------------------------------------------------
                                  3.55   slack (MET)


Startpoint: rst_n (input port clocked by clk)
Endpoint: _276_ (removal check against rising-edge clock clk)
Path Group: asynchronous
Path Type: min
Corner: Fastest

Fanout     Cap    Slew   Delay    Time   Description
-----------------------------------------------------------------------------
                          0.00    0.00   clock clk (rise edge)
                          0.00    0.00   clock network delay (propagated)
                          4.00    4.00 ^ input external delay
                  0.02    0.01    4.01 ^ rst_n (in)
     1    0.00                           rst_n (net)
                  0.02    0.00    4.01 ^ input1/A (sky130_fd_sc_hd__clkbuf_2)
                  0.10    0.11    4.12 ^ input1/X (sky130_fd_sc_hd__clkbuf_2)
     4    0.03                           net1 (net)
                  0.10    0.00    4.12 ^ fanout16/A (sky130_fd_sc_hd__clkbuf_4)
                  0.10    0.15    4.27 ^ fanout16/X (sky130_fd_sc_hd__clkbuf_4)
     8    0.04                           net16 (net)
                  0.10    0.00    4.28 ^ _276_/RESET_B (sky130_fd_sc_hd__dfrtp_2)
                                  4.28   data arrival time

                          0.00    0.00   clock clk (rise edge)
                          0.00    0.00   clock source latency
                  0.05    0.03    0.03 ^ clk (in)
     1    0.01                           clk (net)
                  0.05    0.00    0.03 ^ clkbuf_0_clk/A (sky130_fd_sc_hd__clkbuf_16)
                  0.05    0.11    0.15 ^ clkbuf_0_clk/X (sky130_fd_sc_hd__clkbuf_16)
     4    0.05                           clknet_0_clk (net)
                  0.05    0.00    0.15 ^ clkbuf_2_2__f_clk/A (sky130_fd_sc_hd__clkbuf_16)
                  0.04    0.10    0.25 ^ clkbuf_2_2__f_clk/X (sky130_fd_sc_hd__clkbuf_16)
     8    0.03                           clknet_2_2__leaf_clk (net)
                  0.04    0.00    0.26 ^ _276_/CLK (sky130_fd_sc_hd__dfrtp_2)
                          0.25    0.51   clock uncertainty
                          0.00    0.51   clock reconvergence pessimism
                          0.22    0.72   library removal time
                                  0.72   data required time
-----------------------------------------------------------------------------
                                  0.72   data required time
                                 -4.28   data arrival time
-----------------------------------------------------------------------------
                                  3.56   slack (MET)


Startpoint: rst_n (input port clocked by clk)
Endpoint: _277_ (removal check against rising-edge clock clk)
Path Group: asynchronous
Path Type: min
Corner: Fastest

Fanout     Cap    Slew   Delay    Time   Description
-----------------------------------------------------------------------------
                          0.00    0.00   clock clk (rise edge)
                          0.00    0.00   clock network delay (propagated)
                          4.00    4.00 ^ input external delay
                  0.02    0.01    4.01 ^ rst_n (in)
     1    0.00                           rst_n (net)
                  0.02    0.00    4.01 ^ input1/A (sky130_fd_sc_hd__clkbuf_2)
                  0.10    0.11    4.12 ^ input1/X (sky130_fd_sc_hd__clkbuf_2)
     4    0.03                           net1 (net)
                  0.10    0.00    4.12 ^ fanout16/A (sky130_fd_sc_hd__clkbuf_4)
                  0.10    0.15    4.27 ^ fanout16/X (sky130_fd_sc_hd__clkbuf_4)
     8    0.04                           net16 (net)
                  0.10    0.00    4.28 ^ _277_/RESET_B (sky130_fd_sc_hd__dfrtp_1)
                                  4.28   data arrival time

                          0.00    0.00   clock clk (rise edge)
                          0.00    0.00   clock source latency
                  0.05    0.03    0.03 ^ clk (in)
     1    0.01                           clk (net)
                  0.05    0.00    0.03 ^ clkbuf_0_clk/A (sky130_fd_sc_hd__clkbuf_16)
                  0.05    0.11    0.15 ^ clkbuf_0_clk/X (sky130_fd_sc_hd__clkbuf_16)
     4    0.05                           clknet_0_clk (net)
                  0.05    0.00    0.15 ^ clkbuf_2_2__f_clk/A (sky130_fd_sc_hd__clkbuf_16)
                  0.04    0.10    0.25 ^ clkbuf_2_2__f_clk/X (sky130_fd_sc_hd__clkbuf_16)
     8    0.03                           clknet_2_2__leaf_clk (net)
                  0.04    0.00    0.26 ^ _277_/CLK (sky130_fd_sc_hd__dfrtp_1)
                          0.25    0.51   clock uncertainty
                          0.00    0.51   clock reconvergence pessimism
                          0.22    0.72   library removal time
                                  0.72   data required time
-----------------------------------------------------------------------------
                                  0.72   data required time
                                 -4.28   data arrival time
-----------------------------------------------------------------------------
                                  3.56   slack (MET)


Startpoint: rst_n (input port clocked by clk)
Endpoint: _288_ (removal check against rising-edge clock clk)
Path Group: asynchronous
Path Type: min
Corner: Fastest

Fanout     Cap    Slew   Delay    Time   Description
-----------------------------------------------------------------------------
                          0.00    0.00   clock clk (rise edge)
                          0.00    0.00   clock network delay (propagated)
                          4.00    4.00 ^ input external delay
                  0.02    0.01    4.01 ^ rst_n (in)
     1    0.00                           rst_n (net)
                  0.02    0.00    4.01 ^ input1/A (sky130_fd_sc_hd__clkbuf_2)
                  0.10    0.11    4.12 ^ input1/X (sky130_fd_sc_hd__clkbuf_2)
     4    0.03                           net1 (net)
                  0.10    0.00    4.12 ^ fanout15/A (sky130_fd_sc_hd__clkbuf_4)
                  0.11    0.16    4.28 ^ fanout15/X (sky130_fd_sc_hd__clkbuf_4)
    10    0.05                           net15 (net)
                  0.11    0.00    4.28 ^ _288_/RESET_B (sky130_fd_sc_hd__dfrtp_1)
                                  4.28   data arrival time

                          0.00    0.00   clock clk (rise edge)
                          0.00    0.00   clock source latency
                  0.05    0.03    0.03 ^ clk (in)
     1    0.01                           clk (net)
                  0.05    0.00    0.03 ^ clkbuf_0_clk/A (sky130_fd_sc_hd__clkbuf_16)
                  0.05    0.11    0.15 ^ clkbuf_0_clk/X (sky130_fd_sc_hd__clkbuf_16)
     4    0.05                           clknet_0_clk (net)
                  0.05    0.00    0.15 ^ clkbuf_2_0__f_clk/A (sky130_fd_sc_hd__clkbuf_16)
                  0.04    0.10    0.26 ^ clkbuf_2_0__f_clk/X (sky130_fd_sc_hd__clkbuf_16)
     9    0.03                           clknet_2_0__leaf_clk (net)
                  0.04    0.00    0.26 ^ _288_/CLK (sky130_fd_sc_hd__dfrtp_1)
                          0.25    0.51   clock uncertainty
                          0.00    0.51   clock reconvergence pessimism
                          0.22    0.73   library removal time
                                  0.73   data required time
-----------------------------------------------------------------------------
                                  0.73   data required time
                                 -4.28   data arrival time
-----------------------------------------------------------------------------
                                  3.56   slack (MET)


Startpoint: rst_n (input port clocked by clk)
Endpoint: _290_ (removal check against rising-edge clock clk)
Path Group: asynchronous
Path Type: min
Corner: Fastest

Fanout     Cap    Slew   Delay    Time   Description
-----------------------------------------------------------------------------
                          0.00    0.00   clock clk (rise edge)
                          0.00    0.00   clock network delay (propagated)
                          4.00    4.00 ^ input external delay
                  0.02    0.01    4.01 ^ rst_n (in)
     1    0.00                           rst_n (net)
                  0.02    0.00    4.01 ^ input1/A (sky130_fd_sc_hd__clkbuf_2)
                  0.10    0.11    4.12 ^ input1/X (sky130_fd_sc_hd__clkbuf_2)
     4    0.03                           net1 (net)
                  0.10    0.00    4.12 ^ fanout15/A (sky130_fd_sc_hd__clkbuf_4)
                  0.11    0.16    4.28 ^ fanout15/X (sky130_fd_sc_hd__clkbuf_4)
    10    0.05                           net15 (net)
                  0.11    0.00    4.28 ^ _290_/RESET_B (sky130_fd_sc_hd__dfrtp_1)
                                  4.28   data arrival time

                          0.00    0.00   clock clk (rise edge)
                          0.00    0.00   clock source latency
                  0.05    0.03    0.03 ^ clk (in)
     1    0.01                           clk (net)
                  0.05    0.00    0.03 ^ clkbuf_0_clk/A (sky130_fd_sc_hd__clkbuf_16)
                  0.05    0.11    0.15 ^ clkbuf_0_clk/X (sky130_fd_sc_hd__clkbuf_16)
     4    0.05                           clknet_0_clk (net)
                  0.05    0.00    0.15 ^ clkbuf_2_0__f_clk/A (sky130_fd_sc_hd__clkbuf_16)
                  0.04    0.10    0.26 ^ clkbuf_2_0__f_clk/X (sky130_fd_sc_hd__clkbuf_16)
     9    0.03                           clknet_2_0__leaf_clk (net)
                  0.04    0.00    0.26 ^ _290_/CLK (sky130_fd_sc_hd__dfrtp_1)
                          0.25    0.51   clock uncertainty
                          0.00    0.51   clock reconvergence pessimism
                          0.22    0.73   library removal time
                                  0.73   data required time
-----------------------------------------------------------------------------
                                  0.73   data required time
                                 -4.28   data arrival time
-----------------------------------------------------------------------------
                                  3.56   slack (MET)


Startpoint: rst_n (input port clocked by clk)
Endpoint: _289_ (removal check against rising-edge clock clk)
Path Group: asynchronous
Path Type: min
Corner: Fastest

Fanout     Cap    Slew   Delay    Time   Description
-----------------------------------------------------------------------------
                          0.00    0.00   clock clk (rise edge)
                          0.00    0.00   clock network delay (propagated)
                          4.00    4.00 ^ input external delay
                  0.02    0.01    4.01 ^ rst_n (in)
     1    0.00                           rst_n (net)
                  0.02    0.00    4.01 ^ input1/A (sky130_fd_sc_hd__clkbuf_2)
                  0.10    0.11    4.12 ^ input1/X (sky130_fd_sc_hd__clkbuf_2)
     4    0.03                           net1 (net)
                  0.10    0.00    4.12 ^ fanout15/A (sky130_fd_sc_hd__clkbuf_4)
                  0.11    0.16    4.28 ^ fanout15/X (sky130_fd_sc_hd__clkbuf_4)
    10    0.05                           net15 (net)
                  0.11    0.00    4.29 ^ _289_/RESET_B (sky130_fd_sc_hd__dfrtp_1)
                                  4.29   data arrival time

                          0.00    0.00   clock clk (rise edge)
                          0.00    0.00   clock source latency
                  0.05    0.03    0.03 ^ clk (in)
     1    0.01                           clk (net)
                  0.05    0.00    0.03 ^ clkbuf_0_clk/A (sky130_fd_sc_hd__clkbuf_16)
                  0.05    0.11    0.15 ^ clkbuf_0_clk/X (sky130_fd_sc_hd__clkbuf_16)
     4    0.05                           clknet_0_clk (net)
                  0.05    0.00    0.15 ^ clkbuf_2_0__f_clk/A (sky130_fd_sc_hd__clkbuf_16)
                  0.04    0.10    0.26 ^ clkbuf_2_0__f_clk/X (sky130_fd_sc_hd__clkbuf_16)
     9    0.03                           clknet_2_0__leaf_clk (net)
                  0.04    0.00    0.26 ^ _289_/CLK (sky130_fd_sc_hd__dfrtp_1)
                          0.25    0.51   clock uncertainty
                          0.00    0.51   clock reconvergence pessimism
                          0.22    0.73   library removal time
                                  0.73   data required time
-----------------------------------------------------------------------------
                                  0.73   data required time
                                 -4.29   data arrival time
-----------------------------------------------------------------------------
                                  3.56   slack (MET)


Startpoint: rst_n (input port clocked by clk)
Endpoint: _293_ (removal check against rising-edge clock clk)
Path Group: asynchronous
Path Type: min
Corner: Fastest

Fanout     Cap    Slew   Delay    Time   Description
-----------------------------------------------------------------------------
                          0.00    0.00   clock clk (rise edge)
                          0.00    0.00   clock network delay (propagated)
                          4.00    4.00 ^ input external delay
                  0.02    0.01    4.01 ^ rst_n (in)
     1    0.00                           rst_n (net)
                  0.02    0.00    4.01 ^ input1/A (sky130_fd_sc_hd__clkbuf_2)
                  0.10    0.11    4.12 ^ input1/X (sky130_fd_sc_hd__clkbuf_2)
     4    0.03                           net1 (net)
                  0.10    0.00    4.12 ^ fanout15/A (sky130_fd_sc_hd__clkbuf_4)
                  0.11    0.16    4.28 ^ fanout15/X (sky130_fd_sc_hd__clkbuf_4)
    10    0.05                           net15 (net)
                  0.11    0.00    4.29 ^ _293_/RESET_B (sky130_fd_sc_hd__dfrtp_1)
                                  4.29   data arrival time

                          0.00    0.00   clock clk (rise edge)
                          0.00    0.00   clock source latency
                  0.05    0.03    0.03 ^ clk (in)
     1    0.01                           clk (net)
                  0.05    0.00    0.03 ^ clkbuf_0_clk/A (sky130_fd_sc_hd__clkbuf_16)
                  0.05    0.11    0.15 ^ clkbuf_0_clk/X (sky130_fd_sc_hd__clkbuf_16)
     4    0.05                           clknet_0_clk (net)
                  0.05    0.00    0.15 ^ clkbuf_2_0__f_clk/A (sky130_fd_sc_hd__clkbuf_16)
                  0.04    0.10    0.26 ^ clkbuf_2_0__f_clk/X (sky130_fd_sc_hd__clkbuf_16)
     9    0.03                           clknet_2_0__leaf_clk (net)
                  0.04    0.00    0.26 ^ _293_/CLK (sky130_fd_sc_hd__dfrtp_1)
                          0.25    0.51   clock uncertainty
                          0.00    0.51   clock reconvergence pessimism
                          0.22    0.73   library removal time
                                  0.73   data required time
-----------------------------------------------------------------------------
                                  0.73   data required time
                                 -4.29   data arrival time
-----------------------------------------------------------------------------
                                  3.56   slack (MET)


Startpoint: rst_n (input port clocked by clk)
Endpoint: _294_ (removal check against rising-edge clock clk)
Path Group: asynchronous
Path Type: min
Corner: Fastest

Fanout     Cap    Slew   Delay    Time   Description
-----------------------------------------------------------------------------
                          0.00    0.00   clock clk (rise edge)
                          0.00    0.00   clock network delay (propagated)
                          4.00    4.00 ^ input external delay
                  0.02    0.01    4.01 ^ rst_n (in)
     1    0.00                           rst_n (net)
                  0.02    0.00    4.01 ^ input1/A (sky130_fd_sc_hd__clkbuf_2)
                  0.10    0.11    4.12 ^ input1/X (sky130_fd_sc_hd__clkbuf_2)
     4    0.03                           net1 (net)
                  0.10    0.00    4.12 ^ fanout15/A (sky130_fd_sc_hd__clkbuf_4)
                  0.11    0.16    4.28 ^ fanout15/X (sky130_fd_sc_hd__clkbuf_4)
    10    0.05                           net15 (net)
                  0.11    0.00    4.29 ^ _294_/RESET_B (sky130_fd_sc_hd__dfrtp_1)
                                  4.29   data arrival time

                          0.00    0.00   clock clk (rise edge)
                          0.00    0.00   clock source latency
                  0.05    0.03    0.03 ^ clk (in)
     1    0.01                           clk (net)
                  0.05    0.00    0.03 ^ clkbuf_0_clk/A (sky130_fd_sc_hd__clkbuf_16)
                  0.05    0.11    0.15 ^ clkbuf_0_clk/X (sky130_fd_sc_hd__clkbuf_16)
     4    0.05                           clknet_0_clk (net)
                  0.05    0.00    0.15 ^ clkbuf_2_0__f_clk/A (sky130_fd_sc_hd__clkbuf_16)
                  0.04    0.10    0.26 ^ clkbuf_2_0__f_clk/X (sky130_fd_sc_hd__clkbuf_16)
     9    0.03                           clknet_2_0__leaf_clk (net)
                  0.04    0.00    0.26 ^ _294_/CLK (sky130_fd_sc_hd__dfrtp_1)
                          0.25    0.51   clock uncertainty
                          0.00    0.51   clock reconvergence pessimism
                          0.22    0.73   library removal time
                                  0.73   data required time
-----------------------------------------------------------------------------
                                  0.73   data required time
                                 -4.29   data arrival time
-----------------------------------------------------------------------------
                                  3.56   slack (MET)


Startpoint: rst_n (input port clocked by clk)
Endpoint: _292_ (removal check against rising-edge clock clk)
Path Group: asynchronous
Path Type: min
Corner: Fastest

Fanout     Cap    Slew   Delay    Time   Description
-----------------------------------------------------------------------------
                          0.00    0.00   clock clk (rise edge)
                          0.00    0.00   clock network delay (propagated)
                          4.00    4.00 ^ input external delay
                  0.02    0.01    4.01 ^ rst_n (in)
     1    0.00                           rst_n (net)
                  0.02    0.00    4.01 ^ input1/A (sky130_fd_sc_hd__clkbuf_2)
                  0.10    0.11    4.12 ^ input1/X (sky130_fd_sc_hd__clkbuf_2)
     4    0.03                           net1 (net)
                  0.10    0.00    4.12 ^ fanout15/A (sky130_fd_sc_hd__clkbuf_4)
                  0.11    0.16    4.28 ^ fanout15/X (sky130_fd_sc_hd__clkbuf_4)
    10    0.05                           net15 (net)
                  0.11    0.00    4.28 ^ _292_/RESET_B (sky130_fd_sc_hd__dfrtp_1)
                                  4.28   data arrival time

                          0.00    0.00   clock clk (rise edge)
                          0.00    0.00   clock source latency
                  0.05    0.03    0.03 ^ clk (in)
     1    0.01                           clk (net)
                  0.05    0.00    0.03 ^ clkbuf_0_clk/A (sky130_fd_sc_hd__clkbuf_16)
                  0.05    0.11    0.15 ^ clkbuf_0_clk/X (sky130_fd_sc_hd__clkbuf_16)
     4    0.05                           clknet_0_clk (net)
                  0.05    0.00    0.15 ^ clkbuf_2_0__f_clk/A (sky130_fd_sc_hd__clkbuf_16)
                  0.04    0.10    0.26 ^ clkbuf_2_0__f_clk/X (sky130_fd_sc_hd__clkbuf_16)
     9    0.03                           clknet_2_0__leaf_clk (net)
                  0.04    0.00    0.26 ^ _292_/CLK (sky130_fd_sc_hd__dfrtp_1)
                          0.25    0.51   clock uncertainty
                          0.00    0.51   clock reconvergence pessimism
                          0.22    0.73   library removal time
                                  0.73   data required time
-----------------------------------------------------------------------------
                                  0.73   data required time
                                 -4.28   data arrival time
-----------------------------------------------------------------------------
                                  3.56   slack (MET)


Startpoint: rst_n (input port clocked by clk)
Endpoint: _291_ (removal check against rising-edge clock clk)
Path Group: asynchronous
Path Type: min
Corner: Fastest

Fanout     Cap    Slew   Delay    Time   Description
-----------------------------------------------------------------------------
                          0.00    0.00   clock clk (rise edge)
                          0.00    0.00   clock network delay (propagated)
                          4.00    4.00 ^ input external delay
                  0.02    0.01    4.01 ^ rst_n (in)
     1    0.00                           rst_n (net)
                  0.02    0.00    4.01 ^ input1/A (sky130_fd_sc_hd__clkbuf_2)
                  0.10    0.11    4.12 ^ input1/X (sky130_fd_sc_hd__clkbuf_2)
     4    0.03                           net1 (net)
                  0.10    0.00    4.12 ^ fanout15/A (sky130_fd_sc_hd__clkbuf_4)
                  0.11    0.16    4.28 ^ fanout15/X (sky130_fd_sc_hd__clkbuf_4)
    10    0.05                           net15 (net)
                  0.11    0.00    4.28 ^ _291_/RESET_B (sky130_fd_sc_hd__dfrtp_1)
                                  4.28   data arrival time

                          0.00    0.00   clock clk (rise edge)
                          0.00    0.00   clock source latency
                  0.05    0.03    0.03 ^ clk (in)
     1    0.01                           clk (net)
                  0.05    0.00    0.03 ^ clkbuf_0_clk/A (sky130_fd_sc_hd__clkbuf_16)
                  0.05    0.11    0.15 ^ clkbuf_0_clk/X (sky130_fd_sc_hd__clkbuf_16)
     4    0.05                           clknet_0_clk (net)
                  0.05    0.00    0.15 ^ clkbuf_2_0__f_clk/A (sky130_fd_sc_hd__clkbuf_16)
                  0.04    0.10    0.26 ^ clkbuf_2_0__f_clk/X (sky130_fd_sc_hd__clkbuf_16)
     9    0.03                           clknet_2_0__leaf_clk (net)
                  0.04    0.00    0.26 ^ _291_/CLK (sky130_fd_sc_hd__dfrtp_1)
                          0.25    0.51   clock uncertainty
                          0.00    0.51   clock reconvergence pessimism
                          0.22    0.73   library removal time
                                  0.73   data required time
-----------------------------------------------------------------------------
                                  0.73   data required time
                                 -4.28   data arrival time
-----------------------------------------------------------------------------
                                  3.56   slack (MET)


Startpoint: rst_n (input port clocked by clk)
Endpoint: _272_ (removal check against rising-edge clock clk)
Path Group: asynchronous
Path Type: min
Corner: Fastest

Fanout     Cap    Slew   Delay    Time   Description
-----------------------------------------------------------------------------
                          0.00    0.00   clock clk (rise edge)
                          0.00    0.00   clock network delay (propagated)
                          4.00    4.00 ^ input external delay
                  0.02    0.01    4.01 ^ rst_n (in)
     1    0.00                           rst_n (net)
                  0.02    0.00    4.01 ^ input1/A (sky130_fd_sc_hd__clkbuf_2)
                  0.10    0.11    4.12 ^ input1/X (sky130_fd_sc_hd__clkbuf_2)
     4    0.03                           net1 (net)
                  0.10    0.00    4.12 ^ fanout15/A (sky130_fd_sc_hd__clkbuf_4)
                  0.11    0.16    4.28 ^ fanout15/X (sky130_fd_sc_hd__clkbuf_4)
    10    0.05                           net15 (net)
                  0.11    0.00    4.29 ^ _272_/RESET_B (sky130_fd_sc_hd__dfrtp_1)
                                  4.29   data arrival time

                          0.00    0.00   clock clk (rise edge)
                          0.00    0.00   clock source latency
                  0.05    0.03    0.03 ^ clk (in)
     1    0.01                           clk (net)
                  0.05    0.00    0.03 ^ clkbuf_0_clk/A (sky130_fd_sc_hd__clkbuf_16)
                  0.05    0.11    0.15 ^ clkbuf_0_clk/X (sky130_fd_sc_hd__clkbuf_16)
     4    0.05                           clknet_0_clk (net)
                  0.05    0.00    0.15 ^ clkbuf_2_2__f_clk/A (sky130_fd_sc_hd__clkbuf_16)
                  0.04    0.10    0.25 ^ clkbuf_2_2__f_clk/X (sky130_fd_sc_hd__clkbuf_16)
     8    0.03                           clknet_2_2__leaf_clk (net)
                  0.04    0.00    0.26 ^ _272_/CLK (sky130_fd_sc_hd__dfrtp_1)
                          0.25    0.51   clock uncertainty
                          0.00    0.51   clock reconvergence pessimism
                          0.22    0.73   library removal time
                                  0.73   data required time
-----------------------------------------------------------------------------
                                  0.73   data required time
                                 -4.29   data arrival time
-----------------------------------------------------------------------------
                                  3.56   slack (MET)


Startpoint: _273_ (rising edge-triggered flip-flop clocked by clk)
Endpoint: sleep_ack (output port clocked by clk)
Path Group: clk
Path Type: min
Corner: Fastest

Fanout     Cap    Slew   Delay    Time   Description
-----------------------------------------------------------------------------
                          0.00    0.00   clock clk (rise edge)
                          0.00    0.00   clock source latency
                  0.05    0.03    0.03 ^ clk (in)
     1    0.01                           clk (net)
                  0.05    0.00    0.03 ^ clkbuf_0_clk/A (sky130_fd_sc_hd__clkbuf_16)
                  0.05    0.10    0.13 ^ clkbuf_0_clk/X (sky130_fd_sc_hd__clkbuf_16)
     4    0.05                           clknet_0_clk (net)
                  0.05    0.00    0.14 ^ clkbuf_2_2__f_clk/A (sky130_fd_sc_hd__clkbuf_16)
                  0.04    0.09    0.23 ^ clkbuf_2_2__f_clk/X (sky130_fd_sc_hd__clkbuf_16)
     8    0.03                           clknet_2_2__leaf_clk (net)
                  0.04    0.00    0.23 ^ _273_/CLK (sky130_fd_sc_hd__dfrtp_2)
                  0.09    0.26    0.50 ^ _273_/Q (sky130_fd_sc_hd__dfrtp_2)
     5    0.02                           net12 (net)
                  0.09    0.00    0.50 ^ output12/A (sky130_fd_sc_hd__clkbuf_4)
                  0.08    0.14    0.64 ^ output12/X (sky130_fd_sc_hd__clkbuf_4)
     1    0.03                           sleep_ack (net)
                  0.08    0.00    0.64 ^ sleep_ack (out)
                                  0.64   data arrival time

                          0.00    0.00   clock clk (rise edge)
                          0.00    0.00   clock network delay (propagated)
                          0.25    0.25   clock uncertainty
                          0.00    0.25   clock reconvergence pessimism
                         -4.00   -3.75   output external delay
                                 -3.75   data required time
-----------------------------------------------------------------------------
                                 -3.75   data required time
                                 -0.64   data arrival time
-----------------------------------------------------------------------------
                                  4.39   slack (MET)


Startpoint: _288_ (rising edge-triggered flip-flop clocked by clk)
Endpoint: tx (output port clocked by clk)
Path Group: clk
Path Type: min
Corner: Fastest

Fanout     Cap    Slew   Delay    Time   Description
-----------------------------------------------------------------------------
                          0.00    0.00   clock clk (rise edge)
                          0.00    0.00   clock source latency
                  0.05    0.03    0.03 ^ clk (in)
     1    0.01                           clk (net)
                  0.05    0.00    0.03 ^ clkbuf_0_clk/A (sky130_fd_sc_hd__clkbuf_16)
                  0.05    0.10    0.13 ^ clkbuf_0_clk/X (sky130_fd_sc_hd__clkbuf_16)
     4    0.05                           clknet_0_clk (net)
                  0.05    0.00    0.14 ^ clkbuf_2_0__f_clk/A (sky130_fd_sc_hd__clkbuf_16)
                  0.04    0.09    0.23 ^ clkbuf_2_0__f_clk/X (sky130_fd_sc_hd__clkbuf_16)
     9    0.03                           clknet_2_0__leaf_clk (net)
                  0.04    0.00    0.23 ^ _288_/CLK (sky130_fd_sc_hd__dfrtp_1)
                  0.05    0.24    0.47 v _288_/Q (sky130_fd_sc_hd__dfrtp_1)
     2    0.01                           shift_reg[0] (net)
                  0.05    0.00    0.47 v _140_/A (sky130_fd_sc_hd__inv_2)
                  0.02    0.03    0.50 ^ _140_/Y (sky130_fd_sc_hd__inv_2)
     1    0.00                           _128_ (net)
                  0.02    0.00    0.50 ^ _142_/A2 (sky130_fd_sc_hd__o211ai_1)
                  0.07    0.07    0.57 v _142_/Y (sky130_fd_sc_hd__o211ai_1)
     1    0.01                           net13 (net)
                  0.07    0.00    0.57 v output13/A (sky130_fd_sc_hd__clkbuf_4)
                  0.07    0.13    0.70 v output13/X (sky130_fd_sc_hd__clkbuf_4)
     1    0.03                           tx (net)
                  0.07    0.00    0.71 v tx (out)
                                  0.71   data arrival time

                          0.00    0.00   clock clk (rise edge)
                          0.00    0.00   clock network delay (propagated)
                          0.25    0.25   clock uncertainty
                          0.00    0.25   clock reconvergence pessimism
                         -4.00   -3.75   output external delay
                                 -3.75   data required time
-----------------------------------------------------------------------------
                                 -3.75   data required time
                                 -0.71   data arrival time
-----------------------------------------------------------------------------
                                  4.46   slack (MET)


Startpoint: _273_ (rising edge-triggered flip-flop clocked by clk)
Endpoint: tx_busy (output port clocked by clk)
Path Group: clk
Path Type: min
Corner: Fastest

Fanout     Cap    Slew   Delay    Time   Description
-----------------------------------------------------------------------------
                          0.00    0.00   clock clk (rise edge)
                          0.00    0.00   clock source latency
                  0.05    0.03    0.03 ^ clk (in)
     1    0.01                           clk (net)
                  0.05    0.00    0.03 ^ clkbuf_0_clk/A (sky130_fd_sc_hd__clkbuf_16)
                  0.05    0.10    0.13 ^ clkbuf_0_clk/X (sky130_fd_sc_hd__clkbuf_16)
     4    0.05                           clknet_0_clk (net)
                  0.05    0.00    0.14 ^ clkbuf_2_2__f_clk/A (sky130_fd_sc_hd__clkbuf_16)
                  0.04    0.09    0.23 ^ clkbuf_2_2__f_clk/X (sky130_fd_sc_hd__clkbuf_16)
     8    0.03                           clknet_2_2__leaf_clk (net)
                  0.04    0.00    0.23 ^ _273_/CLK (sky130_fd_sc_hd__dfrtp_2)
                  0.09    0.26    0.50 ^ _273_/Q (sky130_fd_sc_hd__dfrtp_2)
     5    0.02                           net12 (net)
                  0.09    0.00    0.50 ^ _130_/A (sky130_fd_sc_hd__clkbuf_4)
                  0.10    0.15    0.65 ^ _130_/X (sky130_fd_sc_hd__clkbuf_4)
    10    0.04                           _120_ (net)
                  0.10    0.00    0.65 ^ _132_/A (sky130_fd_sc_hd__nor2_1)
                  0.07    0.08    0.72 v _132_/Y (sky130_fd_sc_hd__nor2_1)
     3    0.02                           net14 (net)
                  0.07    0.00    0.73 v output14/A (sky130_fd_sc_hd__clkbuf_4)
                  0.07    0.13    0.86 v output14/X (sky130_fd_sc_hd__clkbuf_4)
     1    0.03                           tx_busy (net)
                  0.07    0.00    0.86 v tx_busy (out)
                                  0.86   data arrival time

                          0.00    0.00   clock clk (rise edge)
                          0.00    0.00   clock network delay (propagated)
                          0.25    0.25   clock uncertainty
                          0.00    0.25   clock reconvergence pessimism
                         -4.00   -3.75   output external delay
                                 -3.75   data required time
-----------------------------------------------------------------------------
                                 -3.75   data required time
                                 -0.86   data arrival time
-----------------------------------------------------------------------------
                                  4.61   slack (MET)



======================= Slowest Corner ===================================

Startpoint: _291_ (rising edge-triggered flip-flop clocked by clk)
Endpoint: _291_ (rising edge-triggered flip-flop clocked by clk)
Path Group: clk
Path Type: min
Corner: Slowest

Fanout     Cap    Slew   Delay    Time   Description
-----------------------------------------------------------------------------
                          0.00    0.00   clock clk (rise edge)
                          0.00    0.00   clock source latency
                  0.11    0.07    0.07 ^ clk (in)
     1    0.01                           clk (net)
                  0.11    0.00    0.07 ^ clkbuf_0_clk/A (sky130_fd_sc_hd__clkbuf_16)
                  0.10    0.26    0.33 ^ clkbuf_0_clk/X (sky130_fd_sc_hd__clkbuf_16)
     4    0.05                           clknet_0_clk (net)
                  0.10    0.00    0.34 ^ clkbuf_2_0__f_clk/A (sky130_fd_sc_hd__clkbuf_16)
                  0.08    0.23    0.57 ^ clkbuf_2_0__f_clk/X (sky130_fd_sc_hd__clkbuf_16)
     9    0.03                           clknet_2_0__leaf_clk (net)
                  0.08    0.00    0.57 ^ _291_/CLK (sky130_fd_sc_hd__dfrtp_1)
                  0.11    0.63    1.21 ^ _291_/Q (sky130_fd_sc_hd__dfrtp_1)
     2    0.01                           shift_reg[3] (net)
                  0.11    0.00    1.21 ^ _244_/A0 (sky130_fd_sc_hd__mux2_1)
                  0.07    0.22    1.43 ^ _244_/X (sky130_fd_sc_hd__mux2_1)
     1    0.00                           _109_ (net)
                  0.07    0.00    1.43 ^ _245_/A (sky130_fd_sc_hd__clkbuf_1)
                  0.06    0.14    1.56 ^ _245_/X (sky130_fd_sc_hd__clkbuf_1)
     1    0.00                           _030_ (net)
                  0.06    0.00    1.56 ^ _291_/D (sky130_fd_sc_hd__dfrtp_1)
                                  1.56   data arrival time

                          0.00    0.00   clock clk (rise edge)
                          0.00    0.00   clock source latency
                  0.11    0.08    0.08 ^ clk (in)
     1    0.01                           clk (net)
                  0.11    0.00    0.08 ^ clkbuf_0_clk/A (sky130_fd_sc_hd__clkbuf_16)
                  0.10    0.29    0.37 ^ clkbuf_0_clk/X (sky130_fd_sc_hd__clkbuf_16)
     4    0.05                           clknet_0_clk (net)
                  0.10    0.00    0.37 ^ clkbuf_2_0__f_clk/A (sky130_fd_sc_hd__clkbuf_16)
                  0.08    0.26    0.63 ^ clkbuf_2_0__f_clk/X (sky130_fd_sc_hd__clkbuf_16)
     9    0.03                           clknet_2_0__leaf_clk (net)
                  0.08    0.00    0.63 ^ _291_/CLK (sky130_fd_sc_hd__dfrtp_1)
                          0.25    0.88   clock uncertainty
                         -0.06    0.82   clock reconvergence pessimism
                         -0.07    0.75   library hold time
                                  0.75   data required time
-----------------------------------------------------------------------------
                                  0.75   data required time
                                 -1.56   data arrival time
-----------------------------------------------------------------------------
                                  0.82   slack (MET)


Startpoint: _290_ (rising edge-triggered flip-flop clocked by clk)
Endpoint: _290_ (rising edge-triggered flip-flop clocked by clk)
Path Group: clk
Path Type: min
Corner: Slowest

Fanout     Cap    Slew   Delay    Time   Description
-----------------------------------------------------------------------------
                          0.00    0.00   clock clk (rise edge)
                          0.00    0.00   clock source latency
                  0.11    0.07    0.07 ^ clk (in)
     1    0.01                           clk (net)
                  0.11    0.00    0.07 ^ clkbuf_0_clk/A (sky130_fd_sc_hd__clkbuf_16)
                  0.10    0.26    0.33 ^ clkbuf_0_clk/X (sky130_fd_sc_hd__clkbuf_16)
     4    0.05                           clknet_0_clk (net)
                  0.10    0.00    0.34 ^ clkbuf_2_0__f_clk/A (sky130_fd_sc_hd__clkbuf_16)
                  0.08    0.23    0.57 ^ clkbuf_2_0__f_clk/X (sky130_fd_sc_hd__clkbuf_16)
     9    0.03                           clknet_2_0__leaf_clk (net)
                  0.08    0.00    0.57 ^ _290_/CLK (sky130_fd_sc_hd__dfrtp_1)
                  0.11    0.64    1.21 ^ _290_/Q (sky130_fd_sc_hd__dfrtp_1)
     2    0.01                           shift_reg[2] (net)
                  0.11    0.00    1.21 ^ _241_/A0 (sky130_fd_sc_hd__mux2_1)
                  0.07    0.22    1.43 ^ _241_/X (sky130_fd_sc_hd__mux2_1)
     1    0.00                           _107_ (net)
                  0.07    0.00    1.43 ^ _242_/A (sky130_fd_sc_hd__clkbuf_1)
                  0.06    0.13    1.57 ^ _242_/X (sky130_fd_sc_hd__clkbuf_1)
     1    0.00                           _029_ (net)
                  0.06    0.00    1.57 ^ _290_/D (sky130_fd_sc_hd__dfrtp_1)
                                  1.57   data arrival time

                          0.00    0.00   clock clk (rise edge)
                          0.00    0.00   clock source latency
                  0.11    0.08    0.08 ^ clk (in)
     1    0.01                           clk (net)
                  0.11    0.00    0.08 ^ clkbuf_0_clk/A (sky130_fd_sc_hd__clkbuf_16)
                  0.10    0.29    0.37 ^ clkbuf_0_clk/X (sky130_fd_sc_hd__clkbuf_16)
     4    0.05                           clknet_0_clk (net)
                  0.10    0.00    0.37 ^ clkbuf_2_0__f_clk/A (sky130_fd_sc_hd__clkbuf_16)
                  0.08    0.26    0.63 ^ clkbuf_2_0__f_clk/X (sky130_fd_sc_hd__clkbuf_16)
     9    0.03                           clknet_2_0__leaf_clk (net)
                  0.08    0.00    0.63 ^ _290_/CLK (sky130_fd_sc_hd__dfrtp_1)
                          0.25    0.88   clock uncertainty
                         -0.06    0.82   clock reconvergence pessimism
                         -0.07    0.75   library hold time
                                  0.75   data required time
-----------------------------------------------------------------------------
                                  0.75   data required time
                                 -1.57   data arrival time
-----------------------------------------------------------------------------
                                  0.82   slack (MET)


Startpoint: _292_ (rising edge-triggered flip-flop clocked by clk)
Endpoint: _292_ (rising edge-triggered flip-flop clocked by clk)
Path Group: clk
Path Type: min
Corner: Slowest

Fanout     Cap    Slew   Delay    Time   Description
-----------------------------------------------------------------------------
                          0.00    0.00   clock clk (rise edge)
                          0.00    0.00   clock source latency
                  0.11    0.07    0.07 ^ clk (in)
     1    0.01                           clk (net)
                  0.11    0.00    0.07 ^ clkbuf_0_clk/A (sky130_fd_sc_hd__clkbuf_16)
                  0.10    0.26    0.33 ^ clkbuf_0_clk/X (sky130_fd_sc_hd__clkbuf_16)
     4    0.05                           clknet_0_clk (net)
                  0.10    0.00    0.34 ^ clkbuf_2_0__f_clk/A (sky130_fd_sc_hd__clkbuf_16)
                  0.08    0.23    0.57 ^ clkbuf_2_0__f_clk/X (sky130_fd_sc_hd__clkbuf_16)
     9    0.03                           clknet_2_0__leaf_clk (net)
                  0.08    0.00    0.57 ^ _292_/CLK (sky130_fd_sc_hd__dfrtp_1)
                  0.11    0.64    1.21 ^ _292_/Q (sky130_fd_sc_hd__dfrtp_1)
     2    0.01                           shift_reg[4] (net)
                  0.11    0.00    1.21 ^ _247_/A0 (sky130_fd_sc_hd__mux2_1)
                  0.08    0.23    1.44 ^ _247_/X (sky130_fd_sc_hd__mux2_1)
     1    0.00                           _111_ (net)
                  0.08    0.00    1.44 ^ _248_/A (sky130_fd_sc_hd__clkbuf_1)
                  0.06    0.14    1.58 ^ _248_/X (sky130_fd_sc_hd__clkbuf_1)
     1    0.00                           _031_ (net)
                  0.06    0.00    1.58 ^ _292_/D (sky130_fd_sc_hd__dfrtp_1)
                                  1.58   data arrival time

                          0.00    0.00   clock clk (rise edge)
                          0.00    0.00   clock source latency
                  0.11    0.08    0.08 ^ clk (in)
     1    0.01                           clk (net)
                  0.11    0.00    0.08 ^ clkbuf_0_clk/A (sky130_fd_sc_hd__clkbuf_16)
                  0.10    0.29    0.37 ^ clkbuf_0_clk/X (sky130_fd_sc_hd__clkbuf_16)
     4    0.05                           clknet_0_clk (net)
                  0.10    0.00    0.37 ^ clkbuf_2_0__f_clk/A (sky130_fd_sc_hd__clkbuf_16)
                  0.08    0.26    0.63 ^ clkbuf_2_0__f_clk/X (sky130_fd_sc_hd__clkbuf_16)
     9    0.03                           clknet_2_0__leaf_clk (net)
                  0.08    0.00    0.63 ^ _292_/CLK (sky130_fd_sc_hd__dfrtp_1)
                          0.25    0.88   clock uncertainty
                         -0.06    0.82   clock reconvergence pessimism
                         -0.07    0.75   library hold time
                                  0.75   data required time
-----------------------------------------------------------------------------
                                  0.75   data required time
                                 -1.58   data arrival time
-----------------------------------------------------------------------------
                                  0.83   slack (MET)


Startpoint: _294_ (rising edge-triggered flip-flop clocked by clk)
Endpoint: _294_ (rising edge-triggered flip-flop clocked by clk)
Path Group: clk
Path Type: min
Corner: Slowest

Fanout     Cap    Slew   Delay    Time   Description
-----------------------------------------------------------------------------
                          0.00    0.00   clock clk (rise edge)
                          0.00    0.00   clock source latency
                  0.11    0.07    0.07 ^ clk (in)
     1    0.01                           clk (net)
                  0.11    0.00    0.07 ^ clkbuf_0_clk/A (sky130_fd_sc_hd__clkbuf_16)
                  0.10    0.26    0.33 ^ clkbuf_0_clk/X (sky130_fd_sc_hd__clkbuf_16)
     4    0.05                           clknet_0_clk (net)
                  0.10    0.00    0.34 ^ clkbuf_2_0__f_clk/A (sky130_fd_sc_hd__clkbuf_16)
                  0.08    0.23    0.57 ^ clkbuf_2_0__f_clk/X (sky130_fd_sc_hd__clkbuf_16)
     9    0.03                           clknet_2_0__leaf_clk (net)
                  0.08    0.00    0.57 ^ _294_/CLK (sky130_fd_sc_hd__dfrtp_1)
                  0.11    0.64    1.21 ^ _294_/Q (sky130_fd_sc_hd__dfrtp_1)
     2    0.01                           shift_reg[6] (net)
                  0.11    0.00    1.21 ^ _253_/A0 (sky130_fd_sc_hd__mux2_1)
                  0.07    0.23    1.44 ^ _253_/X (sky130_fd_sc_hd__mux2_1)
     1    0.00                           _115_ (net)
                  0.07    0.00    1.44 ^ _254_/A (sky130_fd_sc_hd__clkbuf_1)
                  0.08    0.15    1.58 ^ _254_/X (sky130_fd_sc_hd__clkbuf_1)
     1    0.00                           _033_ (net)
                  0.08    0.00    1.58 ^ _294_/D (sky130_fd_sc_hd__dfrtp_1)
                                  1.58   data arrival time

                          0.00    0.00   clock clk (rise edge)
                          0.00    0.00   clock source latency
                  0.11    0.08    0.08 ^ clk (in)
     1    0.01                           clk (net)
                  0.11    0.00    0.08 ^ clkbuf_0_clk/A (sky130_fd_sc_hd__clkbuf_16)
                  0.10    0.29    0.37 ^ clkbuf_0_clk/X (sky130_fd_sc_hd__clkbuf_16)
     4    0.05                           clknet_0_clk (net)
                  0.10    0.00    0.37 ^ clkbuf_2_0__f_clk/A (sky130_fd_sc_hd__clkbuf_16)
                  0.08    0.26    0.63 ^ clkbuf_2_0__f_clk/X (sky130_fd_sc_hd__clkbuf_16)
     9    0.03                           clknet_2_0__leaf_clk (net)
                  0.08    0.00    0.63 ^ _294_/CLK (sky130_fd_sc_hd__dfrtp_1)
                          0.25    0.88   clock uncertainty
                         -0.06    0.82   clock reconvergence pessimism
                         -0.08    0.74   library hold time
                                  0.74   data required time
-----------------------------------------------------------------------------
                                  0.74   data required time
                                 -1.58   data arrival time
-----------------------------------------------------------------------------
                                  0.84   slack (MET)


Startpoint: _289_ (rising edge-triggered flip-flop clocked by clk)
Endpoint: _289_ (rising edge-triggered flip-flop clocked by clk)
Path Group: clk
Path Type: min
Corner: Slowest

Fanout     Cap    Slew   Delay    Time   Description
-----------------------------------------------------------------------------
                          0.00    0.00   clock clk (rise edge)
                          0.00    0.00   clock source latency
                  0.11    0.07    0.07 ^ clk (in)
     1    0.01                           clk (net)
                  0.11    0.00    0.07 ^ clkbuf_0_clk/A (sky130_fd_sc_hd__clkbuf_16)
                  0.10    0.26    0.33 ^ clkbuf_0_clk/X (sky130_fd_sc_hd__clkbuf_16)
     4    0.05                           clknet_0_clk (net)
                  0.10    0.00    0.34 ^ clkbuf_2_0__f_clk/A (sky130_fd_sc_hd__clkbuf_16)
                  0.08    0.23    0.57 ^ clkbuf_2_0__f_clk/X (sky130_fd_sc_hd__clkbuf_16)
     9    0.03                           clknet_2_0__leaf_clk (net)
                  0.08    0.00    0.57 ^ _289_/CLK (sky130_fd_sc_hd__dfrtp_1)
                  0.12    0.65    1.22 ^ _289_/Q (sky130_fd_sc_hd__dfrtp_1)
     2    0.01                           shift_reg[1] (net)
                  0.12    0.00    1.22 ^ _238_/A0 (sky130_fd_sc_hd__mux2_1)
                  0.07    0.23    1.45 ^ _238_/X (sky130_fd_sc_hd__mux2_1)
     1    0.00                           _105_ (net)
                  0.07    0.00    1.45 ^ _239_/A (sky130_fd_sc_hd__clkbuf_1)
                  0.06    0.14    1.59 ^ _239_/X (sky130_fd_sc_hd__clkbuf_1)
     1    0.00                           _028_ (net)
                  0.06    0.00    1.59 ^ _289_/D (sky130_fd_sc_hd__dfrtp_1)
                                  1.59   data arrival time

                          0.00    0.00   clock clk (rise edge)
                          0.00    0.00   clock source latency
                  0.11    0.08    0.08 ^ clk (in)
     1    0.01                           clk (net)
                  0.11    0.00    0.08 ^ clkbuf_0_clk/A (sky130_fd_sc_hd__clkbuf_16)
                  0.10    0.29    0.37 ^ clkbuf_0_clk/X (sky130_fd_sc_hd__clkbuf_16)
     4    0.05                           clknet_0_clk (net)
                  0.10    0.00    0.37 ^ clkbuf_2_0__f_clk/A (sky130_fd_sc_hd__clkbuf_16)
                  0.08    0.26    0.63 ^ clkbuf_2_0__f_clk/X (sky130_fd_sc_hd__clkbuf_16)
     9    0.03                           clknet_2_0__leaf_clk (net)
                  0.08    0.00    0.63 ^ _289_/CLK (sky130_fd_sc_hd__dfrtp_1)
                          0.25    0.88   clock uncertainty
                         -0.06    0.82   clock reconvergence pessimism
                         -0.07    0.75   library hold time
                                  0.75   data required time
-----------------------------------------------------------------------------
                                  0.75   data required time
                                 -1.59   data arrival time
-----------------------------------------------------------------------------
                                  0.84   slack (MET)


Startpoint: _276_ (rising edge-triggered flip-flop clocked by clk)
Endpoint: _276_ (rising edge-triggered flip-flop clocked by clk)
Path Group: clk
Path Type: min
Corner: Slowest

Fanout     Cap    Slew   Delay    Time   Description
-----------------------------------------------------------------------------
                          0.00    0.00   clock clk (rise edge)
                          0.00    0.00   clock source latency
                  0.11    0.07    0.07 ^ clk (in)
     1    0.01                           clk (net)
                  0.11    0.00    0.07 ^ clkbuf_0_clk/A (sky130_fd_sc_hd__clkbuf_16)
                  0.10    0.26    0.33 ^ clkbuf_0_clk/X (sky130_fd_sc_hd__clkbuf_16)
     4    0.05                           clknet_0_clk (net)
                  0.10    0.00    0.34 ^ clkbuf_2_2__f_clk/A (sky130_fd_sc_hd__clkbuf_16)
                  0.07    0.23    0.56 ^ clkbuf_2_2__f_clk/X (sky130_fd_sc_hd__clkbuf_16)
     8    0.02                           clknet_2_2__leaf_clk (net)
                  0.07    0.00    0.57 ^ _276_/CLK (sky130_fd_sc_hd__dfrtp_2)
                  0.18    0.75    1.32 ^ _276_/Q (sky130_fd_sc_hd__dfrtp_2)
     6    0.02                           idle_counter[2] (net)
                  0.18    0.00    1.32 ^ _193_/B2 (sky130_fd_sc_hd__a32o_1)
                  0.09    0.26    1.58 ^ _193_/X (sky130_fd_sc_hd__a32o_1)
     1    0.00                           _015_ (net)
                  0.09    0.00    1.58 ^ _276_/D (sky130_fd_sc_hd__dfrtp_2)
                                  1.58   data arrival time

                          0.00    0.00   clock clk (rise edge)
                          0.00    0.00   clock source latency
                  0.11    0.08    0.08 ^ clk (in)
     1    0.01                           clk (net)
                  0.11    0.00    0.08 ^ clkbuf_0_clk/A (sky130_fd_sc_hd__clkbuf_16)
                  0.10    0.29    0.37 ^ clkbuf_0_clk/X (sky130_fd_sc_hd__clkbuf_16)
     4    0.05                           clknet_0_clk (net)
                  0.10    0.00    0.37 ^ clkbuf_2_2__f_clk/A (sky130_fd_sc_hd__clkbuf_16)
                  0.07    0.25    0.62 ^ clkbuf_2_2__f_clk/X (sky130_fd_sc_hd__clkbuf_16)
     8    0.02                           clknet_2_2__leaf_clk (net)
                  0.07    0.00    0.63 ^ _276_/CLK (sky130_fd_sc_hd__dfrtp_2)
                          0.25    0.88   clock uncertainty
                         -0.06    0.82   clock reconvergence pessimism
                         -0.08    0.74   library hold time
                                  0.74   data required time
-----------------------------------------------------------------------------
                                  0.74   data required time
                                 -1.58   data arrival time
-----------------------------------------------------------------------------
                                  0.84   slack (MET)


Startpoint: _293_ (rising edge-triggered flip-flop clocked by clk)
Endpoint: _293_ (rising edge-triggered flip-flop clocked by clk)
Path Group: clk
Path Type: min
Corner: Slowest

Fanout     Cap    Slew   Delay    Time   Description
-----------------------------------------------------------------------------
                          0.00    0.00   clock clk (rise edge)
                          0.00    0.00   clock source latency
                  0.11    0.07    0.07 ^ clk (in)
     1    0.01                           clk (net)
                  0.11    0.00    0.07 ^ clkbuf_0_clk/A (sky130_fd_sc_hd__clkbuf_16)
                  0.10    0.26    0.33 ^ clkbuf_0_clk/X (sky130_fd_sc_hd__clkbuf_16)
     4    0.05                           clknet_0_clk (net)
                  0.10    0.00    0.34 ^ clkbuf_2_0__f_clk/A (sky130_fd_sc_hd__clkbuf_16)
                  0.08    0.23    0.57 ^ clkbuf_2_0__f_clk/X (sky130_fd_sc_hd__clkbuf_16)
     9    0.03                           clknet_2_0__leaf_clk (net)
                  0.08    0.00    0.57 ^ _293_/CLK (sky130_fd_sc_hd__dfrtp_1)
                  0.12    0.65    1.22 ^ _293_/Q (sky130_fd_sc_hd__dfrtp_1)
     2    0.01                           shift_reg[5] (net)
                  0.12    0.00    1.22 ^ _250_/A0 (sky130_fd_sc_hd__mux2_1)
                  0.07    0.23    1.46 ^ _250_/X (sky130_fd_sc_hd__mux2_1)
     1    0.00                           _113_ (net)
                  0.07    0.00    1.46 ^ _251_/A (sky130_fd_sc_hd__clkbuf_1)
                  0.06    0.14    1.59 ^ _251_/X (sky130_fd_sc_hd__clkbuf_1)
     1    0.00                           _032_ (net)
                  0.06    0.00    1.59 ^ _293_/D (sky130_fd_sc_hd__dfrtp_1)
                                  1.59   data arrival time

                          0.00    0.00   clock clk (rise edge)
                          0.00    0.00   clock source latency
                  0.11    0.08    0.08 ^ clk (in)
     1    0.01                           clk (net)
                  0.11    0.00    0.08 ^ clkbuf_0_clk/A (sky130_fd_sc_hd__clkbuf_16)
                  0.10    0.29    0.37 ^ clkbuf_0_clk/X (sky130_fd_sc_hd__clkbuf_16)
     4    0.05                           clknet_0_clk (net)
                  0.10    0.00    0.37 ^ clkbuf_2_0__f_clk/A (sky130_fd_sc_hd__clkbuf_16)
                  0.08    0.26    0.63 ^ clkbuf_2_0__f_clk/X (sky130_fd_sc_hd__clkbuf_16)
     9    0.03                           clknet_2_0__leaf_clk (net)
                  0.08    0.00    0.63 ^ _293_/CLK (sky130_fd_sc_hd__dfrtp_1)
                          0.25    0.88   clock uncertainty
                         -0.06    0.82   clock reconvergence pessimism
                         -0.07    0.75   library hold time
                                  0.75   data required time
-----------------------------------------------------------------------------
                                  0.75   data required time
                                 -1.59   data arrival time
-----------------------------------------------------------------------------
                                  0.84   slack (MET)


Startpoint: _284_ (rising edge-triggered flip-flop clocked by clk)
Endpoint: _284_ (rising edge-triggered flip-flop clocked by clk)
Path Group: clk
Path Type: min
Corner: Slowest

Fanout     Cap    Slew   Delay    Time   Description
-----------------------------------------------------------------------------
                          0.00    0.00   clock clk (rise edge)
                          0.00    0.00   clock source latency
                  0.11    0.07    0.07 ^ clk (in)
     1    0.01                           clk (net)
                  0.11    0.00    0.07 ^ clkbuf_0_clk/A (sky130_fd_sc_hd__clkbuf_16)
                  0.10    0.26    0.33 ^ clkbuf_0_clk/X (sky130_fd_sc_hd__clkbuf_16)
     4    0.05                           clknet_0_clk (net)
                  0.10    0.00    0.34 ^ clkbuf_2_1__f_clk/A (sky130_fd_sc_hd__clkbuf_16)
                  0.08    0.24    0.58 ^ clkbuf_2_1__f_clk/X (sky130_fd_sc_hd__clkbuf_16)
    11    0.03                           clknet_2_1__leaf_clk (net)
                  0.08    0.00    0.58 ^ _284_/CLK (sky130_fd_sc_hd__dfrtp_1)
                  0.22    0.73    1.31 ^ _284_/Q (sky130_fd_sc_hd__dfrtp_1)
     5    0.01                           bit_count[0] (net)
                  0.22    0.00    1.31 ^ _220_/A1 (sky130_fd_sc_hd__o21ba_1)
                  0.08    0.29    1.60 ^ _220_/X (sky130_fd_sc_hd__o21ba_1)
     1    0.00                           _023_ (net)
                  0.08    0.00    1.60 ^ _284_/D (sky130_fd_sc_hd__dfrtp_1)
                                  1.60   data arrival time

                          0.00    0.00   clock clk (rise edge)
                          0.00    0.00   clock source latency
                  0.11    0.08    0.08 ^ clk (in)
     1    0.01                           clk (net)
                  0.11    0.00    0.08 ^ clkbuf_0_clk/A (sky130_fd_sc_hd__clkbuf_16)
                  0.10    0.29    0.37 ^ clkbuf_0_clk/X (sky130_fd_sc_hd__clkbuf_16)
     4    0.05                           clknet_0_clk (net)
                  0.10    0.00    0.37 ^ clkbuf_2_1__f_clk/A (sky130_fd_sc_hd__clkbuf_16)
                  0.08    0.27    0.64 ^ clkbuf_2_1__f_clk/X (sky130_fd_sc_hd__clkbuf_16)
    11    0.03                           clknet_2_1__leaf_clk (net)
                  0.08    0.00    0.64 ^ _284_/CLK (sky130_fd_sc_hd__dfrtp_1)
                          0.25    0.89   clock uncertainty
                         -0.06    0.83   clock reconvergence pessimism
                         -0.08    0.75   library hold time
                                  0.75   data required time
-----------------------------------------------------------------------------
                                  0.75   data required time
                                 -1.60   data arrival time
-----------------------------------------------------------------------------
                                  0.85   slack (MET)


Startpoint: _288_ (rising edge-triggered flip-flop clocked by clk)
Endpoint: _288_ (rising edge-triggered flip-flop clocked by clk)
Path Group: clk
Path Type: min
Corner: Slowest

Fanout     Cap    Slew   Delay    Time   Description
-----------------------------------------------------------------------------
                          0.00    0.00   clock clk (rise edge)
                          0.00    0.00   clock source latency
                  0.11    0.07    0.07 ^ clk (in)
     1    0.01                           clk (net)
                  0.11    0.00    0.07 ^ clkbuf_0_clk/A (sky130_fd_sc_hd__clkbuf_16)
                  0.10    0.26    0.33 ^ clkbuf_0_clk/X (sky130_fd_sc_hd__clkbuf_16)
     4    0.05                           clknet_0_clk (net)
                  0.10    0.00    0.34 ^ clkbuf_2_0__f_clk/A (sky130_fd_sc_hd__clkbuf_16)
                  0.08    0.23    0.57 ^ clkbuf_2_0__f_clk/X (sky130_fd_sc_hd__clkbuf_16)
     9    0.03                           clknet_2_0__leaf_clk (net)
                  0.08    0.00    0.57 ^ _288_/CLK (sky130_fd_sc_hd__dfrtp_1)
                  0.13    0.65    1.22 ^ _288_/Q (sky130_fd_sc_hd__dfrtp_1)
     2    0.01                           shift_reg[0] (net)
                  0.13    0.00    1.22 ^ _235_/A0 (sky130_fd_sc_hd__mux2_1)
                  0.08    0.24    1.47 ^ _235_/X (sky130_fd_sc_hd__mux2_1)
     1    0.00                           _103_ (net)
                  0.08    0.00    1.47 ^ _236_/A (sky130_fd_sc_hd__clkbuf_1)
                  0.07    0.14    1.61 ^ _236_/X (sky130_fd_sc_hd__clkbuf_1)
     1    0.00                           _027_ (net)
                  0.07    0.00    1.61 ^ _288_/D (sky130_fd_sc_hd__dfrtp_1)
                                  1.61   data arrival time

                          0.00    0.00   clock clk (rise edge)
                          0.00    0.00   clock source latency
                  0.11    0.08    0.08 ^ clk (in)
     1    0.01                           clk (net)
                  0.11    0.00    0.08 ^ clkbuf_0_clk/A (sky130_fd_sc_hd__clkbuf_16)
                  0.10    0.29    0.37 ^ clkbuf_0_clk/X (sky130_fd_sc_hd__clkbuf_16)
     4    0.05                           clknet_0_clk (net)
                  0.10    0.00    0.37 ^ clkbuf_2_0__f_clk/A (sky130_fd_sc_hd__clkbuf_16)
                  0.08    0.26    0.63 ^ clkbuf_2_0__f_clk/X (sky130_fd_sc_hd__clkbuf_16)
     9    0.03                           clknet_2_0__leaf_clk (net)
                  0.08    0.00    0.63 ^ _288_/CLK (sky130_fd_sc_hd__dfrtp_1)
                          0.25    0.88   clock uncertainty
                         -0.06    0.82   clock reconvergence pessimism
                         -0.07    0.75   library hold time
                                  0.75   data required time
-----------------------------------------------------------------------------
                                  0.75   data required time
                                 -1.61   data arrival time
-----------------------------------------------------------------------------
                                  0.86   slack (MET)


Startpoint: _269_ (rising edge-triggered flip-flop clocked by clk)
Endpoint: _269_ (rising edge-triggered flip-flop clocked by clk)
Path Group: clk
Path Type: min
Corner: Slowest

Fanout     Cap    Slew   Delay    Time   Description
-----------------------------------------------------------------------------
                          0.00    0.00   clock clk (rise edge)
                          0.00    0.00   clock source latency
                  0.11    0.07    0.07 ^ clk (in)
     1    0.01                           clk (net)
                  0.11    0.00    0.07 ^ clkbuf_0_clk/A (sky130_fd_sc_hd__clkbuf_16)
                  0.10    0.26    0.33 ^ clkbuf_0_clk/X (sky130_fd_sc_hd__clkbuf_16)
     4    0.05                           clknet_0_clk (net)
                  0.10    0.00    0.34 ^ clkbuf_2_1__f_clk/A (sky130_fd_sc_hd__clkbuf_16)
                  0.08    0.24    0.58 ^ clkbuf_2_1__f_clk/X (sky130_fd_sc_hd__clkbuf_16)
    11    0.03                           clknet_2_1__leaf_clk (net)
                  0.08    0.00    0.58 ^ _269_/CLK (sky130_fd_sc_hd__dfrtp_2)
                  0.17    0.75    1.33 ^ _269_/Q (sky130_fd_sc_hd__dfrtp_2)
     5    0.02                           baud_counter[7] (net)
                  0.17    0.00    1.33 ^ _165_/A2 (sky130_fd_sc_hd__a22o_1)
                  0.07    0.29    1.62 ^ _165_/X (sky130_fd_sc_hd__a22o_1)
     1    0.00                           _008_ (net)
                  0.07    0.00    1.62 ^ _269_/D (sky130_fd_sc_hd__dfrtp_2)
                                  1.62   data arrival time

                          0.00    0.00   clock clk (rise edge)
                          0.00    0.00   clock source latency
                  0.11    0.08    0.08 ^ clk (in)
     1    0.01                           clk (net)
                  0.11    0.00    0.08 ^ clkbuf_0_clk/A (sky130_fd_sc_hd__clkbuf_16)
                  0.10    0.29    0.37 ^ clkbuf_0_clk/X (sky130_fd_sc_hd__clkbuf_16)
     4    0.05                           clknet_0_clk (net)
                  0.10    0.00    0.37 ^ clkbuf_2_1__f_clk/A (sky130_fd_sc_hd__clkbuf_16)
                  0.08    0.27    0.64 ^ clkbuf_2_1__f_clk/X (sky130_fd_sc_hd__clkbuf_16)
    11    0.03                           clknet_2_1__leaf_clk (net)
                  0.08    0.00    0.64 ^ _269_/CLK (sky130_fd_sc_hd__dfrtp_2)
                          0.25    0.89   clock uncertainty
                         -0.06    0.83   clock reconvergence pessimism
                         -0.07    0.75   library hold time
                                  0.75   data required time
-----------------------------------------------------------------------------
                                  0.75   data required time
                                 -1.62   data arrival time
-----------------------------------------------------------------------------
                                  0.87   slack (MET)


Startpoint: _298_ (rising edge-triggered flip-flop clocked by clk)
Endpoint: _297_ (rising edge-triggered flip-flop clocked by clk)
Path Group: clk
Path Type: min
Corner: Slowest

Fanout     Cap    Slew   Delay    Time   Description
-----------------------------------------------------------------------------
                          0.00    0.00   clock clk (rise edge)
                          0.00    0.00   clock source latency
                  0.11    0.07    0.07 ^ clk (in)
     1    0.01                           clk (net)
                  0.11    0.00    0.07 ^ clkbuf_0_clk/A (sky130_fd_sc_hd__clkbuf_16)
                  0.10    0.26    0.33 ^ clkbuf_0_clk/X (sky130_fd_sc_hd__clkbuf_16)
     4    0.05                           clknet_0_clk (net)
                  0.10    0.00    0.34 ^ clkbuf_2_1__f_clk/A (sky130_fd_sc_hd__clkbuf_16)
                  0.08    0.24    0.58 ^ clkbuf_2_1__f_clk/X (sky130_fd_sc_hd__clkbuf_16)
    11    0.03                           clknet_2_1__leaf_clk (net)
                  0.08    0.00    0.58 ^ _298_/CLK (sky130_fd_sc_hd__dfrtp_1)
                  0.22    0.73    1.31 ^ _298_/Q (sky130_fd_sc_hd__dfrtp_1)
     4    0.01                           baud_tick (net)
                  0.22    0.00    1.31 ^ _261_/A1 (sky130_fd_sc_hd__a32o_1)
                  0.08    0.34    1.64 ^ _261_/X (sky130_fd_sc_hd__a32o_1)
     1    0.00                           _036_ (net)
                  0.08    0.00    1.64 ^ _297_/D (sky130_fd_sc_hd__dfrtp_4)
                                  1.64   data arrival time

                          0.00    0.00   clock clk (rise edge)
                          0.00    0.00   clock source latency
                  0.11    0.08    0.08 ^ clk (in)
     1    0.01                           clk (net)
                  0.11    0.00    0.08 ^ clkbuf_0_clk/A (sky130_fd_sc_hd__clkbuf_16)
                  0.10    0.29    0.37 ^ clkbuf_0_clk/X (sky130_fd_sc_hd__clkbuf_16)
     4    0.05                           clknet_0_clk (net)
                  0.10    0.00    0.37 ^ clkbuf_2_1__f_clk/A (sky130_fd_sc_hd__clkbuf_16)
                  0.08    0.27    0.64 ^ clkbuf_2_1__f_clk/X (sky130_fd_sc_hd__clkbuf_16)
    11    0.03                           clknet_2_1__leaf_clk (net)
                  0.08    0.00    0.64 ^ _297_/CLK (sky130_fd_sc_hd__dfrtp_4)
                          0.25    0.89   clock uncertainty
                         -0.06    0.83   clock reconvergence pessimism
                         -0.08    0.75   library hold time
                                  0.75   data required time
-----------------------------------------------------------------------------
                                  0.75   data required time
                                 -1.64   data arrival time
-----------------------------------------------------------------------------
                                  0.90   slack (MET)


Startpoint: _262_ (rising edge-triggered flip-flop clocked by clk)
Endpoint: _262_ (rising edge-triggered flip-flop clocked by clk)
Path Group: clk
Path Type: min
Corner: Slowest

Fanout     Cap    Slew   Delay    Time   Description
-----------------------------------------------------------------------------
                          0.00    0.00   clock clk (rise edge)
                          0.00    0.00   clock source latency
                  0.11    0.07    0.07 ^ clk (in)
     1    0.01                           clk (net)
                  0.11    0.00    0.07 ^ clkbuf_0_clk/A (sky130_fd_sc_hd__clkbuf_16)
                  0.10    0.26    0.33 ^ clkbuf_0_clk/X (sky130_fd_sc_hd__clkbuf_16)
     4    0.05                           clknet_0_clk (net)
                  0.10    0.00    0.34 ^ clkbuf_2_3__f_clk/A (sky130_fd_sc_hd__clkbuf_16)
                  0.08    0.24    0.57 ^ clkbuf_2_3__f_clk/X (sky130_fd_sc_hd__clkbuf_16)
     9    0.03                           clknet_2_3__leaf_clk (net)
                  0.08    0.00    0.57 ^ _262_/CLK (sky130_fd_sc_hd__dfrtp_1)
                  0.16    0.68    1.26 ^ _262_/Q (sky130_fd_sc_hd__dfrtp_1)
     4    0.01                           baud_counter[0] (net)
                  0.16    0.00    1.26 ^ _143_/B (sky130_fd_sc_hd__and2b_1)
                  0.15    0.31    1.56 ^ _143_/X (sky130_fd_sc_hd__and2b_1)
     3    0.01                           _037_ (net)
                  0.15    0.00    1.56 ^ _145_/A (sky130_fd_sc_hd__nor2_1)
                  0.03    0.10    1.66 v _145_/Y (sky130_fd_sc_hd__nor2_1)
     1    0.00                           _001_ (net)
                  0.03    0.00    1.67 v _262_/D (sky130_fd_sc_hd__dfrtp_1)
                                  1.67   data arrival time

                          0.00    0.00   clock clk (rise edge)
                          0.00    0.00   clock source latency
                  0.11    0.08    0.08 ^ clk (in)
     1    0.01                           clk (net)
                  0.11    0.00    0.08 ^ clkbuf_0_clk/A (sky130_fd_sc_hd__clkbuf_16)
                  0.10    0.29    0.37 ^ clkbuf_0_clk/X (sky130_fd_sc_hd__clkbuf_16)
     4    0.05                           clknet_0_clk (net)
                  0.10    0.00    0.37 ^ clkbuf_2_3__f_clk/A (sky130_fd_sc_hd__clkbuf_16)
                  0.08    0.26    0.63 ^ clkbuf_2_3__f_clk/X (sky130_fd_sc_hd__clkbuf_16)
     9    0.03                           clknet_2_3__leaf_clk (net)
                  0.08    0.00    0.64 ^ _262_/CLK (sky130_fd_sc_hd__dfrtp_1)
                          0.25    0.89   clock uncertainty
                         -0.06    0.82   clock reconvergence pessimism
                         -0.08    0.74   library hold time
                                  0.74   data required time
-----------------------------------------------------------------------------
                                  0.74   data required time
                                 -1.67   data arrival time
-----------------------------------------------------------------------------
                                  0.92   slack (MET)


Startpoint: _271_ (rising edge-triggered flip-flop clocked by clk)
Endpoint: _298_ (rising edge-triggered flip-flop clocked by clk)
Path Group: clk
Path Type: min
Corner: Slowest

Fanout     Cap    Slew   Delay    Time   Description
-----------------------------------------------------------------------------
                          0.00    0.00   clock clk (rise edge)
                          0.00    0.00   clock source latency
                  0.11    0.07    0.07 ^ clk (in)
     1    0.01                           clk (net)
                  0.11    0.00    0.07 ^ clkbuf_0_clk/A (sky130_fd_sc_hd__clkbuf_16)
                  0.10    0.26    0.33 ^ clkbuf_0_clk/X (sky130_fd_sc_hd__clkbuf_16)
     4    0.05                           clknet_0_clk (net)
                  0.10    0.00    0.34 ^ clkbuf_2_3__f_clk/A (sky130_fd_sc_hd__clkbuf_16)
                  0.08    0.24    0.57 ^ clkbuf_2_3__f_clk/X (sky130_fd_sc_hd__clkbuf_16)
     9    0.03                           clknet_2_3__leaf_clk (net)
                  0.08    0.00    0.58 ^ _271_/CLK (sky130_fd_sc_hd__dfrtp_1)
                  0.10    0.63    1.21 ^ _271_/Q (sky130_fd_sc_hd__dfrtp_1)
     2    0.00                           baud_counter[9] (net)
                  0.10    0.00    1.21 ^ _135_/B (sky130_fd_sc_hd__or3b_1)
                  0.06    0.17    1.38 ^ _135_/X (sky130_fd_sc_hd__or3b_1)
     1    0.00                           _124_ (net)
                  0.06    0.00    1.38 ^ _138_/B (sky130_fd_sc_hd__or4_1)
                  0.16    0.23    1.61 ^ _138_/X (sky130_fd_sc_hd__or4_1)
     3    0.01                           _127_ (net)
                  0.16    0.00    1.61 ^ _139_/B (sky130_fd_sc_hd__nor2_1)
                  0.05    0.10    1.70 v _139_/Y (sky130_fd_sc_hd__nor2_1)
     1    0.00                           _000_ (net)
                  0.05    0.00    1.70 v _298_/D (sky130_fd_sc_hd__dfrtp_1)
                                  1.70   data arrival time

                          0.00    0.00   clock clk (rise edge)
                          0.00    0.00   clock source latency
                  0.11    0.08    0.08 ^ clk (in)
     1    0.01                           clk (net)
                  0.11    0.00    0.08 ^ clkbuf_0_clk/A (sky130_fd_sc_hd__clkbuf_16)
                  0.10    0.29    0.37 ^ clkbuf_0_clk/X (sky130_fd_sc_hd__clkbuf_16)
     4    0.05                           clknet_0_clk (net)
                  0.10    0.00    0.37 ^ clkbuf_2_1__f_clk/A (sky130_fd_sc_hd__clkbuf_16)
                  0.08    0.27    0.64 ^ clkbuf_2_1__f_clk/X (sky130_fd_sc_hd__clkbuf_16)
    11    0.03                           clknet_2_1__leaf_clk (net)
                  0.08    0.00    0.64 ^ _298_/CLK (sky130_fd_sc_hd__dfrtp_1)
                          0.25    0.89   clock uncertainty
                         -0.04    0.85   clock reconvergence pessimism
                         -0.09    0.77   library hold time
                                  0.77   data required time
-----------------------------------------------------------------------------
                                  0.77   data required time
                                 -1.70   data arrival time
-----------------------------------------------------------------------------
                                  0.94   slack (MET)


Startpoint: _274_ (rising edge-triggered flip-flop clocked by clk)
Endpoint: _274_ (rising edge-triggered flip-flop clocked by clk)
Path Group: clk
Path Type: min
Corner: Slowest

Fanout     Cap    Slew   Delay    Time   Description
-----------------------------------------------------------------------------
                          0.00    0.00   clock clk (rise edge)
                          0.00    0.00   clock source latency
                  0.11    0.07    0.07 ^ clk (in)
     1    0.01                           clk (net)
                  0.11    0.00    0.07 ^ clkbuf_0_clk/A (sky130_fd_sc_hd__clkbuf_16)
                  0.10    0.26    0.33 ^ clkbuf_0_clk/X (sky130_fd_sc_hd__clkbuf_16)
     4    0.05                           clknet_0_clk (net)
                  0.10    0.00    0.34 ^ clkbuf_2_2__f_clk/A (sky130_fd_sc_hd__clkbuf_16)
                  0.07    0.23    0.56 ^ clkbuf_2_2__f_clk/X (sky130_fd_sc_hd__clkbuf_16)
     8    0.02                           clknet_2_2__leaf_clk (net)
                  0.07    0.00    0.57 ^ _274_/CLK (sky130_fd_sc_hd__dfrtp_4)
                  0.18    0.85    1.42 ^ _274_/Q (sky130_fd_sc_hd__dfrtp_4)
     8    0.02                           idle_counter[0] (net)
                  0.18    0.00    1.42 ^ _183_/A1 (sky130_fd_sc_hd__o21a_1)
                  0.07    0.26    1.68 ^ _183_/X (sky130_fd_sc_hd__o21a_1)
     1    0.00                           _013_ (net)
                  0.07    0.00    1.68 ^ _274_/D (sky130_fd_sc_hd__dfrtp_4)
                                  1.68   data arrival time

                          0.00    0.00   clock clk (rise edge)
                          0.00    0.00   clock source latency
                  0.11    0.08    0.08 ^ clk (in)
     1    0.01                           clk (net)
                  0.11    0.00    0.08 ^ clkbuf_0_clk/A (sky130_fd_sc_hd__clkbuf_16)
                  0.10    0.29    0.37 ^ clkbuf_0_clk/X (sky130_fd_sc_hd__clkbuf_16)
     4    0.05                           clknet_0_clk (net)
                  0.10    0.00    0.37 ^ clkbuf_2_2__f_clk/A (sky130_fd_sc_hd__clkbuf_16)
                  0.07    0.25    0.62 ^ clkbuf_2_2__f_clk/X (sky130_fd_sc_hd__clkbuf_16)
     8    0.02                           clknet_2_2__leaf_clk (net)
                  0.07    0.00    0.63 ^ _274_/CLK (sky130_fd_sc_hd__dfrtp_4)
                          0.25    0.88   clock uncertainty
                         -0.06    0.82   clock reconvergence pessimism
                         -0.08    0.74   library hold time
                                  0.74   data required time
-----------------------------------------------------------------------------
                                  0.74   data required time
                                 -1.68   data arrival time
-----------------------------------------------------------------------------
                                  0.94   slack (MET)


Startpoint: _296_ (rising edge-triggered flip-flop clocked by clk)
Endpoint: _296_ (rising edge-triggered flip-flop clocked by clk)
Path Group: clk
Path Type: min
Corner: Slowest

Fanout     Cap    Slew   Delay    Time   Description
-----------------------------------------------------------------------------
                          0.00    0.00   clock clk (rise edge)
                          0.00    0.00   clock source latency
                  0.11    0.07    0.07 ^ clk (in)
     1    0.01                           clk (net)
                  0.11    0.00    0.07 ^ clkbuf_0_clk/A (sky130_fd_sc_hd__clkbuf_16)
                  0.10    0.26    0.33 ^ clkbuf_0_clk/X (sky130_fd_sc_hd__clkbuf_16)
     4    0.05                           clknet_0_clk (net)
                  0.10    0.00    0.34 ^ clkbuf_2_1__f_clk/A (sky130_fd_sc_hd__clkbuf_16)
                  0.08    0.24    0.58 ^ clkbuf_2_1__f_clk/X (sky130_fd_sc_hd__clkbuf_16)
    11    0.03                           clknet_2_1__leaf_clk (net)
                  0.08    0.00    0.58 ^ _296_/CLK (sky130_fd_sc_hd__dfrtp_4)
                  0.18    0.86    1.44 ^ _296_/Q (sky130_fd_sc_hd__dfrtp_4)
     8    0.03                           state[0] (net)
                  0.18    0.00    1.44 ^ _260_/A1 (sky130_fd_sc_hd__a21o_1)
                  0.07    0.25    1.69 ^ _260_/X (sky130_fd_sc_hd__a21o_1)
     1    0.00                           _035_ (net)
                  0.07    0.00    1.69 ^ _296_/D (sky130_fd_sc_hd__dfrtp_4)
                                  1.69   data arrival time

                          0.00    0.00   clock clk (rise edge)
                          0.00    0.00   clock source latency
                  0.11    0.08    0.08 ^ clk (in)
     1    0.01                           clk (net)
                  0.11    0.00    0.08 ^ clkbuf_0_clk/A (sky130_fd_sc_hd__clkbuf_16)
                  0.10    0.29    0.37 ^ clkbuf_0_clk/X (sky130_fd_sc_hd__clkbuf_16)
     4    0.05                           clknet_0_clk (net)
                  0.10    0.00    0.37 ^ clkbuf_2_1__f_clk/A (sky130_fd_sc_hd__clkbuf_16)
                  0.08    0.27    0.64 ^ clkbuf_2_1__f_clk/X (sky130_fd_sc_hd__clkbuf_16)
    11    0.03                           clknet_2_1__leaf_clk (net)
                  0.08    0.00    0.64 ^ _296_/CLK (sky130_fd_sc_hd__dfrtp_4)
                          0.25    0.89   clock uncertainty
                         -0.06    0.83   clock reconvergence pessimism
                         -0.08    0.75   library hold time
                                  0.75   data required time
-----------------------------------------------------------------------------
                                  0.75   data required time
                                 -1.69   data arrival time
-----------------------------------------------------------------------------
                                  0.94   slack (MET)


Startpoint: _283_ (rising edge-triggered flip-flop clocked by clk)
Endpoint: _283_ (rising edge-triggered flip-flop clocked by clk)
Path Group: clk
Path Type: min
Corner: Slowest

Fanout     Cap    Slew   Delay    Time   Description
-----------------------------------------------------------------------------
                          0.00    0.00   clock clk (rise edge)
                          0.00    0.00   clock source latency
                  0.11    0.07    0.07 ^ clk (in)
     1    0.01                           clk (net)
                  0.11    0.00    0.07 ^ clkbuf_0_clk/A (sky130_fd_sc_hd__clkbuf_16)
                  0.10    0.26    0.33 ^ clkbuf_0_clk/X (sky130_fd_sc_hd__clkbuf_16)
     4    0.05                           clknet_0_clk (net)
                  0.10    0.00    0.34 ^ clkbuf_2_2__f_clk/A (sky130_fd_sc_hd__clkbuf_16)
                  0.07    0.23    0.56 ^ clkbuf_2_2__f_clk/X (sky130_fd_sc_hd__clkbuf_16)
     8    0.02                           clknet_2_2__leaf_clk (net)
                  0.07    0.00    0.57 ^ _283_/CLK (sky130_fd_sc_hd__dfrtp_1)
                  0.21    0.72    1.28 ^ _283_/Q (sky130_fd_sc_hd__dfrtp_1)
     3    0.01                           idle_counter[9] (net)
                  0.21    0.00    1.28 ^ _213_/A (sky130_fd_sc_hd__and2_1)
                  0.08    0.26    1.54 ^ _213_/X (sky130_fd_sc_hd__and2_1)
     1    0.00                           _086_ (net)
                  0.08    0.00    1.54 ^ _214_/A (sky130_fd_sc_hd__clkbuf_1)
                  0.07    0.14    1.69 ^ _214_/X (sky130_fd_sc_hd__clkbuf_1)
     1    0.00                           _022_ (net)
                  0.07    0.00    1.69 ^ _283_/D (sky130_fd_sc_hd__dfrtp_1)
                                  1.69   data arrival time

                          0.00    0.00   clock clk (rise edge)
                          0.00    0.00   clock source latency
                  0.11    0.08    0.08 ^ clk (in)
     1    0.01                           clk (net)
                  0.11    0.00    0.08 ^ clkbuf_0_clk/A (sky130_fd_sc_hd__clkbuf_16)
                  0.10    0.29    0.37 ^ clkbuf_0_clk/X (sky130_fd_sc_hd__clkbuf_16)
     4    0.05                           clknet_0_clk (net)
                  0.10    0.00    0.37 ^ clkbuf_2_2__f_clk/A (sky130_fd_sc_hd__clkbuf_16)
                  0.07    0.25    0.62 ^ clkbuf_2_2__f_clk/X (sky130_fd_sc_hd__clkbuf_16)
     8    0.02                           clknet_2_2__leaf_clk (net)
                  0.07    0.00    0.63 ^ _283_/CLK (sky130_fd_sc_hd__dfrtp_1)
                          0.25    0.88   clock uncertainty
                         -0.06    0.82   clock reconvergence pessimism
                         -0.08    0.74   library hold time
                                  0.74   data required time
-----------------------------------------------------------------------------
                                  0.74   data required time
                                 -1.69   data arrival time
-----------------------------------------------------------------------------
                                  0.95   slack (MET)


Startpoint: _265_ (rising edge-triggered flip-flop clocked by clk)
Endpoint: _265_ (rising edge-triggered flip-flop clocked by clk)
Path Group: clk
Path Type: min
Corner: Slowest

Fanout     Cap    Slew   Delay    Time   Description
-----------------------------------------------------------------------------
                          0.00    0.00   clock clk (rise edge)
                          0.00    0.00   clock source latency
                  0.11    0.07    0.07 ^ clk (in)
     1    0.01                           clk (net)
                  0.11    0.00    0.07 ^ clkbuf_0_clk/A (sky130_fd_sc_hd__clkbuf_16)
                  0.10    0.26    0.33 ^ clkbuf_0_clk/X (sky130_fd_sc_hd__clkbuf_16)
     4    0.05                           clknet_0_clk (net)
                  0.10    0.00    0.34 ^ clkbuf_2_3__f_clk/A (sky130_fd_sc_hd__clkbuf_16)
                  0.08    0.24    0.57 ^ clkbuf_2_3__f_clk/X (sky130_fd_sc_hd__clkbuf_16)
     9    0.03                           clknet_2_3__leaf_clk (net)
                  0.08    0.00    0.58 ^ _265_/CLK (sky130_fd_sc_hd__dfrtp_1)
                  0.17    0.69    1.27 ^ _265_/Q (sky130_fd_sc_hd__dfrtp_1)
     3    0.01                           baud_counter[3] (net)
                  0.17    0.00    1.27 ^ _151_/A (sky130_fd_sc_hd__xor2_1)
                  0.09    0.19    1.46 v _151_/X (sky130_fd_sc_hd__xor2_1)
     1    0.01                           _042_ (net)
                  0.09    0.00    1.46 v _152_/B (sky130_fd_sc_hd__xnor2_1)
                  0.10    0.22    1.68 v _152_/Y (sky130_fd_sc_hd__xnor2_1)
     1    0.00                           _004_ (net)
                  0.10    0.00    1.68 v _265_/D (sky130_fd_sc_hd__dfrtp_1)
                                  1.68   data arrival time

                          0.00    0.00   clock clk (rise edge)
                          0.00    0.00   clock source latency
                  0.11    0.08    0.08 ^ clk (in)
     1    0.01                           clk (net)
                  0.11    0.00    0.08 ^ clkbuf_0_clk/A (sky130_fd_sc_hd__clkbuf_16)
                  0.10    0.29    0.37 ^ clkbuf_0_clk/X (sky130_fd_sc_hd__clkbuf_16)
     4    0.05                           clknet_0_clk (net)
                  0.10    0.00    0.37 ^ clkbuf_2_3__f_clk/A (sky130_fd_sc_hd__clkbuf_16)
                  0.08    0.26    0.63 ^ clkbuf_2_3__f_clk/X (sky130_fd_sc_hd__clkbuf_16)
     9    0.03                           clknet_2_3__leaf_clk (net)
                  0.08    0.00    0.64 ^ _265_/CLK (sky130_fd_sc_hd__dfrtp_1)
                          0.25    0.89   clock uncertainty
                         -0.06    0.83   clock reconvergence pessimism
                         -0.10    0.72   library hold time
                                  0.72   data required time
-----------------------------------------------------------------------------
                                  0.72   data required time
                                 -1.68   data arrival time
-----------------------------------------------------------------------------
                                  0.95   slack (MET)


Startpoint: _272_ (rising edge-triggered flip-flop clocked by clk)
Endpoint: _272_ (rising edge-triggered flip-flop clocked by clk)
Path Group: clk
Path Type: min
Corner: Slowest

Fanout     Cap    Slew   Delay    Time   Description
-----------------------------------------------------------------------------
                          0.00    0.00   clock clk (rise edge)
                          0.00    0.00   clock source latency
                  0.11    0.07    0.07 ^ clk (in)
     1    0.01                           clk (net)
                  0.11    0.00    0.07 ^ clkbuf_0_clk/A (sky130_fd_sc_hd__clkbuf_16)
                  0.10    0.26    0.33 ^ clkbuf_0_clk/X (sky130_fd_sc_hd__clkbuf_16)
     4    0.05                           clknet_0_clk (net)
                  0.10    0.00    0.34 ^ clkbuf_2_2__f_clk/A (sky130_fd_sc_hd__clkbuf_16)
                  0.07    0.23    0.56 ^ clkbuf_2_2__f_clk/X (sky130_fd_sc_hd__clkbuf_16)
     8    0.02                           clknet_2_2__leaf_clk (net)
                  0.07    0.00    0.57 ^ _272_/CLK (sky130_fd_sc_hd__dfrtp_1)
                  0.15    0.67    1.24 ^ _272_/Q (sky130_fd_sc_hd__dfrtp_1)
     4    0.01                           sleep_pending (net)
                  0.15    0.00    1.24 ^ _176_/A (sky130_fd_sc_hd__and2_1)
                  0.10    0.26    1.49 ^ _176_/X (sky130_fd_sc_hd__and2_1)
     1    0.00                           _060_ (net)
                  0.10    0.00    1.49 ^ _177_/A2 (sky130_fd_sc_hd__o21a_1)
                  0.07    0.20    1.70 ^ _177_/X (sky130_fd_sc_hd__o21a_1)
     1    0.00                           _011_ (net)
                  0.07    0.00    1.70 ^ _272_/D (sky130_fd_sc_hd__dfrtp_1)
                                  1.70   data arrival time

                          0.00    0.00   clock clk (rise edge)
                          0.00    0.00   clock source latency
                  0.11    0.08    0.08 ^ clk (in)
     1    0.01                           clk (net)
                  0.11    0.00    0.08 ^ clkbuf_0_clk/A (sky130_fd_sc_hd__clkbuf_16)
                  0.10    0.29    0.37 ^ clkbuf_0_clk/X (sky130_fd_sc_hd__clkbuf_16)
     4    0.05                           clknet_0_clk (net)
                  0.10    0.00    0.37 ^ clkbuf_2_2__f_clk/A (sky130_fd_sc_hd__clkbuf_16)
                  0.07    0.25    0.62 ^ clkbuf_2_2__f_clk/X (sky130_fd_sc_hd__clkbuf_16)
     8    0.02                           clknet_2_2__leaf_clk (net)
                  0.07    0.00    0.63 ^ _272_/CLK (sky130_fd_sc_hd__dfrtp_1)
                          0.25    0.88   clock uncertainty
                         -0.06    0.82   clock reconvergence pessimism
                         -0.08    0.74   library hold time
                                  0.74   data required time
-----------------------------------------------------------------------------
                                  0.74   data required time
                                 -1.70   data arrival time
-----------------------------------------------------------------------------
                                  0.96   slack (MET)


Startpoint: _263_ (rising edge-triggered flip-flop clocked by clk)
Endpoint: _263_ (rising edge-triggered flip-flop clocked by clk)
Path Group: clk
Path Type: min
Corner: Slowest

Fanout     Cap    Slew   Delay    Time   Description
-----------------------------------------------------------------------------
                          0.00    0.00   clock clk (rise edge)
                          0.00    0.00   clock source latency
                  0.11    0.07    0.07 ^ clk (in)
     1    0.01                           clk (net)
                  0.11    0.00    0.07 ^ clkbuf_0_clk/A (sky130_fd_sc_hd__clkbuf_16)
                  0.10    0.26    0.33 ^ clkbuf_0_clk/X (sky130_fd_sc_hd__clkbuf_16)
     4    0.05                           clknet_0_clk (net)
                  0.10    0.00    0.34 ^ clkbuf_2_3__f_clk/A (sky130_fd_sc_hd__clkbuf_16)
                  0.08    0.24    0.57 ^ clkbuf_2_3__f_clk/X (sky130_fd_sc_hd__clkbuf_16)
     9    0.03                           clknet_2_3__leaf_clk (net)
                  0.08    0.00    0.57 ^ _263_/CLK (sky130_fd_sc_hd__dfrtp_1)
                  0.18    0.70    1.27 ^ _263_/Q (sky130_fd_sc_hd__dfrtp_1)
     4    0.01                           baud_counter[1] (net)
                  0.18    0.00    1.27 ^ _147_/A (sky130_fd_sc_hd__or2_1)
                  0.07    0.20    1.47 ^ _147_/X (sky130_fd_sc_hd__or2_1)
     1    0.00                           _040_ (net)
                  0.07    0.00    1.47 ^ _148_/C1 (sky130_fd_sc_hd__o211a_1)
                  0.07    0.25    1.73 ^ _148_/X (sky130_fd_sc_hd__o211a_1)
     1    0.00                           _002_ (net)
                  0.07    0.00    1.73 ^ _263_/D (sky130_fd_sc_hd__dfrtp_1)
                                  1.73   data arrival time

                          0.00    0.00   clock clk (rise edge)
                          0.00    0.00   clock source latency
                  0.11    0.08    0.08 ^ clk (in)
     1    0.01                           clk (net)
                  0.11    0.00    0.08 ^ clkbuf_0_clk/A (sky130_fd_sc_hd__clkbuf_16)
                  0.10    0.29    0.37 ^ clkbuf_0_clk/X (sky130_fd_sc_hd__clkbuf_16)
     4    0.05                           clknet_0_clk (net)
                  0.10    0.00    0.37 ^ clkbuf_2_3__f_clk/A (sky130_fd_sc_hd__clkbuf_16)
                  0.08    0.26    0.63 ^ clkbuf_2_3__f_clk/X (sky130_fd_sc_hd__clkbuf_16)
     9    0.03                           clknet_2_3__leaf_clk (net)
                  0.08    0.00    0.64 ^ _263_/CLK (sky130_fd_sc_hd__dfrtp_1)
                          0.25    0.89   clock uncertainty
                         -0.06    0.83   clock reconvergence pessimism
                         -0.08    0.75   library hold time
                                  0.75   data required time
-----------------------------------------------------------------------------
                                  0.75   data required time
                                 -1.73   data arrival time
-----------------------------------------------------------------------------
                                  0.98   slack (MET)


Startpoint: _281_ (rising edge-triggered flip-flop clocked by clk)
Endpoint: _281_ (rising edge-triggered flip-flop clocked by clk)
Path Group: clk
Path Type: min
Corner: Slowest

Fanout     Cap    Slew   Delay    Time   Description
-----------------------------------------------------------------------------
                          0.00    0.00   clock clk (rise edge)
                          0.00    0.00   clock source latency
                  0.11    0.07    0.07 ^ clk (in)
     1    0.01                           clk (net)
                  0.11    0.00    0.07 ^ clkbuf_0_clk/A (sky130_fd_sc_hd__clkbuf_16)
                  0.10    0.26    0.33 ^ clkbuf_0_clk/X (sky130_fd_sc_hd__clkbuf_16)
     4    0.05                           clknet_0_clk (net)
                  0.10    0.00    0.34 ^ clkbuf_2_3__f_clk/A (sky130_fd_sc_hd__clkbuf_16)
                  0.08    0.24    0.57 ^ clkbuf_2_3__f_clk/X (sky130_fd_sc_hd__clkbuf_16)
     9    0.03                           clknet_2_3__leaf_clk (net)
                  0.08    0.00    0.57 ^ _281_/CLK (sky130_fd_sc_hd__dfrtp_1)
                  0.15    0.67    1.25 ^ _281_/Q (sky130_fd_sc_hd__dfrtp_1)
     3    0.01                           idle_counter[7] (net)
                  0.15    0.00    1.25 ^ _208_/B1 (sky130_fd_sc_hd__a21o_1)
                  0.07    0.17    1.42 ^ _208_/X (sky130_fd_sc_hd__a21o_1)
     1    0.00                           _083_ (net)
                  0.07    0.00    1.42 ^ _210_/A2 (sky130_fd_sc_hd__a32o_1)
                  0.10    0.32    1.73 ^ _210_/X (sky130_fd_sc_hd__a32o_1)
     1    0.00                           _020_ (net)
                  0.10    0.00    1.73 ^ _281_/D (sky130_fd_sc_hd__dfrtp_1)
                                  1.73   data arrival time

                          0.00    0.00   clock clk (rise edge)
                          0.00    0.00   clock source latency
                  0.11    0.08    0.08 ^ clk (in)
     1    0.01                           clk (net)
                  0.11    0.00    0.08 ^ clkbuf_0_clk/A (sky130_fd_sc_hd__clkbuf_16)
                  0.10    0.29    0.37 ^ clkbuf_0_clk/X (sky130_fd_sc_hd__clkbuf_16)
     4    0.05                           clknet_0_clk (net)
                  0.10    0.00    0.37 ^ clkbuf_2_3__f_clk/A (sky130_fd_sc_hd__clkbuf_16)
                  0.08    0.26    0.63 ^ clkbuf_2_3__f_clk/X (sky130_fd_sc_hd__clkbuf_16)
     9    0.03                           clknet_2_3__leaf_clk (net)
                  0.08    0.00    0.63 ^ _281_/CLK (sky130_fd_sc_hd__dfrtp_1)
                          0.25    0.88   clock uncertainty
                         -0.06    0.82   clock reconvergence pessimism
                         -0.08    0.74   library hold time
                                  0.74   data required time
-----------------------------------------------------------------------------
                                  0.74   data required time
                                 -1.73   data arrival time
-----------------------------------------------------------------------------
                                  0.99   slack (MET)


Startpoint: _263_ (rising edge-triggered flip-flop clocked by clk)
Endpoint: _264_ (rising edge-triggered flip-flop clocked by clk)
Path Group: clk
Path Type: min
Corner: Slowest

Fanout     Cap    Slew   Delay    Time   Description
-----------------------------------------------------------------------------
                          0.00    0.00   clock clk (rise edge)
                          0.00    0.00   clock source latency
                  0.11    0.07    0.07 ^ clk (in)
     1    0.01                           clk (net)
                  0.11    0.00    0.07 ^ clkbuf_0_clk/A (sky130_fd_sc_hd__clkbuf_16)
                  0.10    0.26    0.33 ^ clkbuf_0_clk/X (sky130_fd_sc_hd__clkbuf_16)
     4    0.05                           clknet_0_clk (net)
                  0.10    0.00    0.34 ^ clkbuf_2_3__f_clk/A (sky130_fd_sc_hd__clkbuf_16)
                  0.08    0.24    0.57 ^ clkbuf_2_3__f_clk/X (sky130_fd_sc_hd__clkbuf_16)
     9    0.03                           clknet_2_3__leaf_clk (net)
                  0.08    0.00    0.57 ^ _263_/CLK (sky130_fd_sc_hd__dfrtp_1)
                  0.15    0.77    1.35 v _263_/Q (sky130_fd_sc_hd__dfrtp_1)
     4    0.01                           baud_counter[1] (net)
                  0.15    0.00    1.35 v _146_/A (sky130_fd_sc_hd__nand2_1)
                  0.20    0.21    1.56 ^ _146_/Y (sky130_fd_sc_hd__nand2_1)
     3    0.01                           _039_ (net)
                  0.20    0.00    1.56 ^ _149_/B (sky130_fd_sc_hd__xnor2_1)
                  0.08    0.16    1.72 v _149_/Y (sky130_fd_sc_hd__xnor2_1)
     1    0.00                           _003_ (net)
                  0.08    0.00    1.72 v _264_/D (sky130_fd_sc_hd__dfrtp_1)
                                  1.72   data arrival time

                          0.00    0.00   clock clk (rise edge)
                          0.00    0.00   clock source latency
                  0.11    0.08    0.08 ^ clk (in)
     1    0.01                           clk (net)
                  0.11    0.00    0.08 ^ clkbuf_0_clk/A (sky130_fd_sc_hd__clkbuf_16)
                  0.10    0.29    0.37 ^ clkbuf_0_clk/X (sky130_fd_sc_hd__clkbuf_16)
     4    0.05                           clknet_0_clk (net)
                  0.10    0.00    0.37 ^ clkbuf_2_3__f_clk/A (sky130_fd_sc_hd__clkbuf_16)
                  0.08    0.26    0.63 ^ clkbuf_2_3__f_clk/X (sky130_fd_sc_hd__clkbuf_16)
     9    0.03                           clknet_2_3__leaf_clk (net)
                  0.08    0.00    0.64 ^ _264_/CLK (sky130_fd_sc_hd__dfrtp_1)
                          0.25    0.89   clock uncertainty
                         -0.06    0.83   clock reconvergence pessimism
                         -0.10    0.73   library hold time
                                  0.73   data required time
-----------------------------------------------------------------------------
                                  0.73   data required time
                                 -1.72   data arrival time
-----------------------------------------------------------------------------
                                  1.00   slack (MET)


Startpoint: _286_ (rising edge-triggered flip-flop clocked by clk)
Endpoint: _286_ (rising edge-triggered flip-flop clocked by clk)
Path Group: clk
Path Type: min
Corner: Slowest

Fanout     Cap    Slew   Delay    Time   Description
-----------------------------------------------------------------------------
                          0.00    0.00   clock clk (rise edge)
                          0.00    0.00   clock source latency
                  0.11    0.07    0.07 ^ clk (in)
     1    0.01                           clk (net)
                  0.11    0.00    0.07 ^ clkbuf_0_clk/A (sky130_fd_sc_hd__clkbuf_16)
                  0.10    0.26    0.33 ^ clkbuf_0_clk/X (sky130_fd_sc_hd__clkbuf_16)
     4    0.05                           clknet_0_clk (net)
                  0.10    0.00    0.34 ^ clkbuf_2_1__f_clk/A (sky130_fd_sc_hd__clkbuf_16)
                  0.08    0.24    0.58 ^ clkbuf_2_1__f_clk/X (sky130_fd_sc_hd__clkbuf_16)
    11    0.03                           clknet_2_1__leaf_clk (net)
                  0.08    0.00    0.58 ^ _286_/CLK (sky130_fd_sc_hd__dfrtp_1)
                  0.12    0.65    1.23 ^ _286_/Q (sky130_fd_sc_hd__dfrtp_1)
     2    0.01                           bit_count[2] (net)
                  0.12    0.00    1.23 ^ _228_/B1 (sky130_fd_sc_hd__a31o_1)
                  0.07    0.17    1.40 ^ _228_/X (sky130_fd_sc_hd__a31o_1)
     1    0.00                           _098_ (net)
                  0.07    0.00    1.40 ^ _229_/B (sky130_fd_sc_hd__and2_1)
                  0.08    0.22    1.62 ^ _229_/X (sky130_fd_sc_hd__and2_1)
     1    0.00                           _099_ (net)
                  0.08    0.00    1.62 ^ _230_/A (sky130_fd_sc_hd__clkbuf_1)
                  0.06    0.14    1.76 ^ _230_/X (sky130_fd_sc_hd__clkbuf_1)
     1    0.00                           _025_ (net)
                  0.06    0.00    1.76 ^ _286_/D (sky130_fd_sc_hd__dfrtp_1)
                                  1.76   data arrival time

                          0.00    0.00   clock clk (rise edge)
                          0.00    0.00   clock source latency
                  0.11    0.08    0.08 ^ clk (in)
     1    0.01                           clk (net)
                  0.11    0.00    0.08 ^ clkbuf_0_clk/A (sky130_fd_sc_hd__clkbuf_16)
                  0.10    0.29    0.37 ^ clkbuf_0_clk/X (sky130_fd_sc_hd__clkbuf_16)
     4    0.05                           clknet_0_clk (net)
                  0.10    0.00    0.37 ^ clkbuf_2_1__f_clk/A (sky130_fd_sc_hd__clkbuf_16)
                  0.08    0.27    0.64 ^ clkbuf_2_1__f_clk/X (sky130_fd_sc_hd__clkbuf_16)
    11    0.03                           clknet_2_1__leaf_clk (net)
                  0.08    0.00    0.64 ^ _286_/CLK (sky130_fd_sc_hd__dfrtp_1)
                          0.25    0.89   clock uncertainty
                         -0.06    0.83   clock reconvergence pessimism
                         -0.07    0.76   library hold time
                                  0.76   data required time
-----------------------------------------------------------------------------
                                  0.76   data required time
                                 -1.76   data arrival time
-----------------------------------------------------------------------------
                                  1.01   slack (MET)


Startpoint: _277_ (rising edge-triggered flip-flop clocked by clk)
Endpoint: _277_ (rising edge-triggered flip-flop clocked by clk)
Path Group: clk
Path Type: min
Corner: Slowest

Fanout     Cap    Slew   Delay    Time   Description
-----------------------------------------------------------------------------
                          0.00    0.00   clock clk (rise edge)
                          0.00    0.00   clock source latency
                  0.11    0.07    0.07 ^ clk (in)
     1    0.01                           clk (net)
                  0.11    0.00    0.07 ^ clkbuf_0_clk/A (sky130_fd_sc_hd__clkbuf_16)
                  0.10    0.26    0.33 ^ clkbuf_0_clk/X (sky130_fd_sc_hd__clkbuf_16)
     4    0.05                           clknet_0_clk (net)
                  0.10    0.00    0.34 ^ clkbuf_2_2__f_clk/A (sky130_fd_sc_hd__clkbuf_16)
                  0.07    0.23    0.56 ^ clkbuf_2_2__f_clk/X (sky130_fd_sc_hd__clkbuf_16)
     8    0.02                           clknet_2_2__leaf_clk (net)
                  0.07    0.00    0.57 ^ _277_/CLK (sky130_fd_sc_hd__dfrtp_1)
                  0.18    0.69    1.26 ^ _277_/Q (sky130_fd_sc_hd__dfrtp_1)
     4    0.01                           idle_counter[3] (net)
                  0.18    0.00    1.26 ^ _194_/B1 (sky130_fd_sc_hd__a31o_1)
                  0.08    0.21    1.47 ^ _194_/X (sky130_fd_sc_hd__a31o_1)
     1    0.00                           _073_ (net)
                  0.08    0.00    1.47 ^ _197_/A2 (sky130_fd_sc_hd__a32o_1)
                  0.08    0.31    1.78 ^ _197_/X (sky130_fd_sc_hd__a32o_1)
     1    0.00                           _016_ (net)
                  0.08    0.00    1.78 ^ _277_/D (sky130_fd_sc_hd__dfrtp_1)
                                  1.78   data arrival time

                          0.00    0.00   clock clk (rise edge)
                          0.00    0.00   clock source latency
                  0.11    0.08    0.08 ^ clk (in)
     1    0.01                           clk (net)
                  0.11    0.00    0.08 ^ clkbuf_0_clk/A (sky130_fd_sc_hd__clkbuf_16)
                  0.10    0.29    0.37 ^ clkbuf_0_clk/X (sky130_fd_sc_hd__clkbuf_16)
     4    0.05                           clknet_0_clk (net)
                  0.10    0.00    0.37 ^ clkbuf_2_2__f_clk/A (sky130_fd_sc_hd__clkbuf_16)
                  0.07    0.25    0.62 ^ clkbuf_2_2__f_clk/X (sky130_fd_sc_hd__clkbuf_16)
     8    0.02                           clknet_2_2__leaf_clk (net)
                  0.07    0.00    0.63 ^ _277_/CLK (sky130_fd_sc_hd__dfrtp_1)
                          0.25    0.88   clock uncertainty
                         -0.06    0.82   clock reconvergence pessimism
                         -0.08    0.74   library hold time
                                  0.74   data required time
-----------------------------------------------------------------------------
                                  0.74   data required time
                                 -1.78   data arrival time
-----------------------------------------------------------------------------
                                  1.04   slack (MET)


Startpoint: _267_ (rising edge-triggered flip-flop clocked by clk)
Endpoint: _267_ (rising edge-triggered flip-flop clocked by clk)
Path Group: clk
Path Type: min
Corner: Slowest

Fanout     Cap    Slew   Delay    Time   Description
-----------------------------------------------------------------------------
                          0.00    0.00   clock clk (rise edge)
                          0.00    0.00   clock source latency
                  0.11    0.07    0.07 ^ clk (in)
     1    0.01                           clk (net)
                  0.11    0.00    0.07 ^ clkbuf_0_clk/A (sky130_fd_sc_hd__clkbuf_16)
                  0.10    0.26    0.33 ^ clkbuf_0_clk/X (sky130_fd_sc_hd__clkbuf_16)
     4    0.05                           clknet_0_clk (net)
                  0.10    0.00    0.34 ^ clkbuf_2_1__f_clk/A (sky130_fd_sc_hd__clkbuf_16)
                  0.08    0.24    0.58 ^ clkbuf_2_1__f_clk/X (sky130_fd_sc_hd__clkbuf_16)
    11    0.03                           clknet_2_1__leaf_clk (net)
                  0.08    0.00    0.58 ^ _267_/CLK (sky130_fd_sc_hd__dfrtp_1)
                  0.20    0.72    1.29 ^ _267_/Q (sky130_fd_sc_hd__dfrtp_1)
     4    0.01                           baud_counter[5] (net)
                  0.20    0.00    1.29 ^ _158_/B1 (sky130_fd_sc_hd__a21o_1)
                  0.07    0.19    1.49 ^ _158_/X (sky130_fd_sc_hd__a21o_1)
     1    0.00                           _047_ (net)
                  0.07    0.00    1.49 ^ _160_/A2 (sky130_fd_sc_hd__a32o_1)
                  0.09    0.31    1.80 ^ _160_/X (sky130_fd_sc_hd__a32o_1)
     1    0.00                           _006_ (net)
                  0.09    0.00    1.80 ^ _267_/D (sky130_fd_sc_hd__dfrtp_1)
                                  1.80   data arrival time

                          0.00    0.00   clock clk (rise edge)
                          0.00    0.00   clock source latency
                  0.11    0.08    0.08 ^ clk (in)
     1    0.01                           clk (net)
                  0.11    0.00    0.08 ^ clkbuf_0_clk/A (sky130_fd_sc_hd__clkbuf_16)
                  0.10    0.29    0.37 ^ clkbuf_0_clk/X (sky130_fd_sc_hd__clkbuf_16)
     4    0.05                           clknet_0_clk (net)
                  0.10    0.00    0.37 ^ clkbuf_2_1__f_clk/A (sky130_fd_sc_hd__clkbuf_16)
                  0.08    0.27    0.64 ^ clkbuf_2_1__f_clk/X (sky130_fd_sc_hd__clkbuf_16)
    11    0.03                           clknet_2_1__leaf_clk (net)
                  0.08    0.00    0.64 ^ _267_/CLK (sky130_fd_sc_hd__dfrtp_1)
                          0.25    0.89   clock uncertainty
                         -0.06    0.83   clock reconvergence pessimism
                         -0.08    0.75   library hold time
                                  0.75   data required time
-----------------------------------------------------------------------------
                                  0.75   data required time
                                 -1.80   data arrival time
-----------------------------------------------------------------------------
                                  1.05   slack (MET)


Startpoint: _270_ (rising edge-triggered flip-flop clocked by clk)
Endpoint: _270_ (rising edge-triggered flip-flop clocked by clk)
Path Group: clk
Path Type: min
Corner: Slowest

Fanout     Cap    Slew   Delay    Time   Description
-----------------------------------------------------------------------------
                          0.00    0.00   clock clk (rise edge)
                          0.00    0.00   clock source latency
                  0.11    0.07    0.07 ^ clk (in)
     1    0.01                           clk (net)
                  0.11    0.00    0.07 ^ clkbuf_0_clk/A (sky130_fd_sc_hd__clkbuf_16)
                  0.10    0.26    0.33 ^ clkbuf_0_clk/X (sky130_fd_sc_hd__clkbuf_16)
     4    0.05                           clknet_0_clk (net)
                  0.10    0.00    0.34 ^ clkbuf_2_1__f_clk/A (sky130_fd_sc_hd__clkbuf_16)
                  0.08    0.24    0.58 ^ clkbuf_2_1__f_clk/X (sky130_fd_sc_hd__clkbuf_16)
    11    0.03                           clknet_2_1__leaf_clk (net)
                  0.08    0.00    0.58 ^ _270_/CLK (sky130_fd_sc_hd__dfrtp_1)
                  0.20    0.71    1.29 ^ _270_/Q (sky130_fd_sc_hd__dfrtp_1)
     3    0.01                           baud_counter[8] (net)
                  0.20    0.00    1.29 ^ _166_/B1 (sky130_fd_sc_hd__a21o_1)
                  0.07    0.19    1.48 ^ _166_/X (sky130_fd_sc_hd__a21o_1)
     1    0.00                           _052_ (net)
                  0.07    0.00    1.48 ^ _169_/A2 (sky130_fd_sc_hd__a32o_1)
                  0.10    0.32    1.80 ^ _169_/X (sky130_fd_sc_hd__a32o_1)
     1    0.00                           _009_ (net)
                  0.10    0.00    1.80 ^ _270_/D (sky130_fd_sc_hd__dfrtp_1)
                                  1.80   data arrival time

                          0.00    0.00   clock clk (rise edge)
                          0.00    0.00   clock source latency
                  0.11    0.08    0.08 ^ clk (in)
     1    0.01                           clk (net)
                  0.11    0.00    0.08 ^ clkbuf_0_clk/A (sky130_fd_sc_hd__clkbuf_16)
                  0.10    0.29    0.37 ^ clkbuf_0_clk/X (sky130_fd_sc_hd__clkbuf_16)
     4    0.05                           clknet_0_clk (net)
                  0.10    0.00    0.37 ^ clkbuf_2_1__f_clk/A (sky130_fd_sc_hd__clkbuf_16)
                  0.08    0.27    0.64 ^ clkbuf_2_1__f_clk/X (sky130_fd_sc_hd__clkbuf_16)
    11    0.03                           clknet_2_1__leaf_clk (net)
                  0.08    0.00    0.64 ^ _270_/CLK (sky130_fd_sc_hd__dfrtp_1)
                          0.25    0.89   clock uncertainty
                         -0.06    0.83   clock reconvergence pessimism
                         -0.08    0.75   library hold time
                                  0.75   data required time
-----------------------------------------------------------------------------
                                  0.75   data required time
                                 -1.80   data arrival time
-----------------------------------------------------------------------------
                                  1.06   slack (MET)


Startpoint: _280_ (rising edge-triggered flip-flop clocked by clk)
Endpoint: _280_ (rising edge-triggered flip-flop clocked by clk)
Path Group: clk
Path Type: min
Corner: Slowest

Fanout     Cap    Slew   Delay    Time   Description
-----------------------------------------------------------------------------
                          0.00    0.00   clock clk (rise edge)
                          0.00    0.00   clock source latency
                  0.11    0.07    0.07 ^ clk (in)
     1    0.01                           clk (net)
                  0.11    0.00    0.07 ^ clkbuf_0_clk/A (sky130_fd_sc_hd__clkbuf_16)
                  0.10    0.26    0.33 ^ clkbuf_0_clk/X (sky130_fd_sc_hd__clkbuf_16)
     4    0.05                           clknet_0_clk (net)
                  0.10    0.00    0.34 ^ clkbuf_2_3__f_clk/A (sky130_fd_sc_hd__clkbuf_16)
                  0.08    0.24    0.57 ^ clkbuf_2_3__f_clk/X (sky130_fd_sc_hd__clkbuf_16)
     9    0.03                           clknet_2_3__leaf_clk (net)
                  0.08    0.00    0.57 ^ _280_/CLK (sky130_fd_sc_hd__dfrtp_1)
                  0.16    0.79    1.36 v _280_/Q (sky130_fd_sc_hd__dfrtp_1)
     5    0.01                           idle_counter[6] (net)
                  0.16    0.00    1.37 v _206_/A (sky130_fd_sc_hd__nand2_1)
                  0.08    0.12    1.49 ^ _206_/Y (sky130_fd_sc_hd__nand2_1)
     1    0.00                           _082_ (net)
                  0.08    0.00    1.49 ^ _207_/A3 (sky130_fd_sc_hd__a32o_1)
                  0.08    0.32    1.80 ^ _207_/X (sky130_fd_sc_hd__a32o_1)
     1    0.00                           _019_ (net)
                  0.08    0.00    1.80 ^ _280_/D (sky130_fd_sc_hd__dfrtp_1)
                                  1.80   data arrival time

                          0.00    0.00   clock clk (rise edge)
                          0.00    0.00   clock source latency
                  0.11    0.08    0.08 ^ clk (in)
     1    0.01                           clk (net)
                  0.11    0.00    0.08 ^ clkbuf_0_clk/A (sky130_fd_sc_hd__clkbuf_16)
                  0.10    0.29    0.37 ^ clkbuf_0_clk/X (sky130_fd_sc_hd__clkbuf_16)
     4    0.05                           clknet_0_clk (net)
                  0.10    0.00    0.37 ^ clkbuf_2_3__f_clk/A (sky130_fd_sc_hd__clkbuf_16)
                  0.08    0.26    0.63 ^ clkbuf_2_3__f_clk/X (sky130_fd_sc_hd__clkbuf_16)
     9    0.03                           clknet_2_3__leaf_clk (net)
                  0.08    0.00    0.64 ^ _280_/CLK (sky130_fd_sc_hd__dfrtp_1)
                          0.25    0.89   clock uncertainty
                         -0.06    0.83   clock reconvergence pessimism
                         -0.08    0.75   library hold time
                                  0.75   data required time
-----------------------------------------------------------------------------
                                  0.75   data required time
                                 -1.80   data arrival time
-----------------------------------------------------------------------------
                                  1.06   slack (MET)


Startpoint: _285_ (rising edge-triggered flip-flop clocked by clk)
Endpoint: _285_ (rising edge-triggered flip-flop clocked by clk)
Path Group: clk
Path Type: min
Corner: Slowest

Fanout     Cap    Slew   Delay    Time   Description
-----------------------------------------------------------------------------
                          0.00    0.00   clock clk (rise edge)
                          0.00    0.00   clock source latency
                  0.11    0.07    0.07 ^ clk (in)
     1    0.01                           clk (net)
                  0.11    0.00    0.07 ^ clkbuf_0_clk/A (sky130_fd_sc_hd__clkbuf_16)
                  0.10    0.26    0.33 ^ clkbuf_0_clk/X (sky130_fd_sc_hd__clkbuf_16)
     4    0.05                           clknet_0_clk (net)
                  0.10    0.00    0.34 ^ clkbuf_2_1__f_clk/A (sky130_fd_sc_hd__clkbuf_16)
                  0.08    0.24    0.58 ^ clkbuf_2_1__f_clk/X (sky130_fd_sc_hd__clkbuf_16)
    11    0.03                           clknet_2_1__leaf_clk (net)
                  0.08    0.00    0.58 ^ _285_/CLK (sky130_fd_sc_hd__dfrtp_1)
                  0.18    0.70    1.27 ^ _285_/Q (sky130_fd_sc_hd__dfrtp_1)
     4    0.01                           bit_count[1] (net)
                  0.18    0.00    1.27 ^ _222_/A2 (sky130_fd_sc_hd__a21oi_1)
                  0.07    0.17    1.45 v _222_/Y (sky130_fd_sc_hd__a21oi_1)
     1    0.00                           _093_ (net)
                  0.07    0.00    1.45 v _225_/B1 (sky130_fd_sc_hd__o22a_1)
                  0.10    0.34    1.79 v _225_/X (sky130_fd_sc_hd__o22a_1)
     1    0.00                           _024_ (net)
                  0.10    0.00    1.79 v _285_/D (sky130_fd_sc_hd__dfrtp_1)
                                  1.79   data arrival time

                          0.00    0.00   clock clk (rise edge)
                          0.00    0.00   clock source latency
                  0.11    0.08    0.08 ^ clk (in)
     1    0.01                           clk (net)
                  0.11    0.00    0.08 ^ clkbuf_0_clk/A (sky130_fd_sc_hd__clkbuf_16)
                  0.10    0.29    0.37 ^ clkbuf_0_clk/X (sky130_fd_sc_hd__clkbuf_16)
     4    0.05                           clknet_0_clk (net)
                  0.10    0.00    0.37 ^ clkbuf_2_1__f_clk/A (sky130_fd_sc_hd__clkbuf_16)
                  0.08    0.27    0.64 ^ clkbuf_2_1__f_clk/X (sky130_fd_sc_hd__clkbuf_16)
    11    0.03                           clknet_2_1__leaf_clk (net)
                  0.08    0.00    0.64 ^ _285_/CLK (sky130_fd_sc_hd__dfrtp_1)
                          0.25    0.89   clock uncertainty
                         -0.06    0.83   clock reconvergence pessimism
                         -0.10    0.72   library hold time
                                  0.72   data required time
-----------------------------------------------------------------------------
                                  0.72   data required time
                                 -1.79   data arrival time
-----------------------------------------------------------------------------
                                  1.06   slack (MET)


Startpoint: _279_ (rising edge-triggered flip-flop clocked by clk)
Endpoint: _279_ (rising edge-triggered flip-flop clocked by clk)
Path Group: clk
Path Type: min
Corner: Slowest

Fanout     Cap    Slew   Delay    Time   Description
-----------------------------------------------------------------------------
                          0.00    0.00   clock clk (rise edge)
                          0.00    0.00   clock source latency
                  0.11    0.07    0.07 ^ clk (in)
     1    0.01                           clk (net)
                  0.11    0.00    0.07 ^ clkbuf_0_clk/A (sky130_fd_sc_hd__clkbuf_16)
                  0.10    0.26    0.33 ^ clkbuf_0_clk/X (sky130_fd_sc_hd__clkbuf_16)
     4    0.05                           clknet_0_clk (net)
                  0.10    0.00    0.34 ^ clkbuf_2_3__f_clk/A (sky130_fd_sc_hd__clkbuf_16)
                  0.08    0.24    0.57 ^ clkbuf_2_3__f_clk/X (sky130_fd_sc_hd__clkbuf_16)
     9    0.03                           clknet_2_3__leaf_clk (net)
                  0.08    0.00    0.57 ^ _279_/CLK (sky130_fd_sc_hd__dfrtp_1)
                  0.19    0.70    1.28 ^ _279_/Q (sky130_fd_sc_hd__dfrtp_1)
     4    0.01                           idle_counter[5] (net)
                  0.19    0.00    1.28 ^ _201_/A (sky130_fd_sc_hd__inv_2)
                  0.04    0.08    1.37 v _201_/Y (sky130_fd_sc_hd__inv_2)
     1    0.00                           _078_ (net)
                  0.04    0.00    1.37 v _203_/A1 (sky130_fd_sc_hd__a21oi_1)
                  0.16    0.19    1.56 ^ _203_/Y (sky130_fd_sc_hd__a21oi_1)
     1    0.00                           _080_ (net)
                  0.16    0.00    1.56 ^ _204_/B2 (sky130_fd_sc_hd__a22o_1)
                  0.08    0.26    1.82 ^ _204_/X (sky130_fd_sc_hd__a22o_1)
     1    0.00                           _018_ (net)
                  0.08    0.00    1.82 ^ _279_/D (sky130_fd_sc_hd__dfrtp_1)
                                  1.82   data arrival time

                          0.00    0.00   clock clk (rise edge)
                          0.00    0.00   clock source latency
                  0.11    0.08    0.08 ^ clk (in)
     1    0.01                           clk (net)
                  0.11    0.00    0.08 ^ clkbuf_0_clk/A (sky130_fd_sc_hd__clkbuf_16)
                  0.10    0.29    0.37 ^ clkbuf_0_clk/X (sky130_fd_sc_hd__clkbuf_16)
     4    0.05                           clknet_0_clk (net)
                  0.10    0.00    0.37 ^ clkbuf_2_3__f_clk/A (sky130_fd_sc_hd__clkbuf_16)
                  0.08    0.26    0.63 ^ clkbuf_2_3__f_clk/X (sky130_fd_sc_hd__clkbuf_16)
     9    0.03                           clknet_2_3__leaf_clk (net)
                  0.08    0.00    0.64 ^ _279_/CLK (sky130_fd_sc_hd__dfrtp_1)
                          0.25    0.89   clock uncertainty
                         -0.06    0.82   clock reconvergence pessimism
                         -0.08    0.75   library hold time
                                  0.75   data required time
-----------------------------------------------------------------------------
                                  0.75   data required time
                                 -1.82   data arrival time
-----------------------------------------------------------------------------
                                  1.07   slack (MET)


Startpoint: _278_ (rising edge-triggered flip-flop clocked by clk)
Endpoint: _278_ (rising edge-triggered flip-flop clocked by clk)
Path Group: clk
Path Type: min
Corner: Slowest

Fanout     Cap    Slew   Delay    Time   Description
-----------------------------------------------------------------------------
                          0.00    0.00   clock clk (rise edge)
                          0.00    0.00   clock source latency
                  0.11    0.07    0.07 ^ clk (in)
     1    0.01                           clk (net)
                  0.11    0.00    0.07 ^ clkbuf_0_clk/A (sky130_fd_sc_hd__clkbuf_16)
                  0.10    0.26    0.33 ^ clkbuf_0_clk/X (sky130_fd_sc_hd__clkbuf_16)
     4    0.05                           clknet_0_clk (net)
                  0.10    0.00    0.34 ^ clkbuf_2_3__f_clk/A (sky130_fd_sc_hd__clkbuf_16)
                  0.08    0.24    0.57 ^ clkbuf_2_3__f_clk/X (sky130_fd_sc_hd__clkbuf_16)
     9    0.03                           clknet_2_3__leaf_clk (net)
                  0.08    0.00    0.57 ^ _278_/CLK (sky130_fd_sc_hd__dfrtp_1)
                  0.21    0.72    1.29 ^ _278_/Q (sky130_fd_sc_hd__dfrtp_1)
     5    0.01                           idle_counter[4] (net)
                  0.21    0.00    1.29 ^ _198_/A (sky130_fd_sc_hd__or2_1)
                  0.08    0.22    1.52 ^ _198_/X (sky130_fd_sc_hd__or2_1)
     1    0.00                           _076_ (net)
                  0.08    0.00    1.52 ^ _200_/A2 (sky130_fd_sc_hd__a32o_1)
                  0.09    0.32    1.83 ^ _200_/X (sky130_fd_sc_hd__a32o_1)
     1    0.00                           _017_ (net)
                  0.09    0.00    1.83 ^ _278_/D (sky130_fd_sc_hd__dfrtp_1)
                                  1.83   data arrival time

                          0.00    0.00   clock clk (rise edge)
                          0.00    0.00   clock source latency
                  0.11    0.08    0.08 ^ clk (in)
     1    0.01                           clk (net)
                  0.11    0.00    0.08 ^ clkbuf_0_clk/A (sky130_fd_sc_hd__clkbuf_16)
                  0.10    0.29    0.37 ^ clkbuf_0_clk/X (sky130_fd_sc_hd__clkbuf_16)
     4    0.05                           clknet_0_clk (net)
                  0.10    0.00    0.37 ^ clkbuf_2_3__f_clk/A (sky130_fd_sc_hd__clkbuf_16)
                  0.08    0.26    0.63 ^ clkbuf_2_3__f_clk/X (sky130_fd_sc_hd__clkbuf_16)
     9    0.03                           clknet_2_3__leaf_clk (net)
                  0.08    0.00    0.63 ^ _278_/CLK (sky130_fd_sc_hd__dfrtp_1)
                          0.25    0.88   clock uncertainty
                         -0.06    0.82   clock reconvergence pessimism
                         -0.08    0.74   library hold time
                                  0.74   data required time
-----------------------------------------------------------------------------
                                  0.74   data required time
                                 -1.83   data arrival time
-----------------------------------------------------------------------------
                                  1.09   slack (MET)


Startpoint: _266_ (rising edge-triggered flip-flop clocked by clk)
Endpoint: _266_ (rising edge-triggered flip-flop clocked by clk)
Path Group: clk
Path Type: min
Corner: Slowest

Fanout     Cap    Slew   Delay    Time   Description
-----------------------------------------------------------------------------
                          0.00    0.00   clock clk (rise edge)
                          0.00    0.00   clock source latency
                  0.11    0.07    0.07 ^ clk (in)
     1    0.01                           clk (net)
                  0.11    0.00    0.07 ^ clkbuf_0_clk/A (sky130_fd_sc_hd__clkbuf_16)
                  0.10    0.26    0.33 ^ clkbuf_0_clk/X (sky130_fd_sc_hd__clkbuf_16)
     4    0.05                           clknet_0_clk (net)
                  0.10    0.00    0.34 ^ clkbuf_2_1__f_clk/A (sky130_fd_sc_hd__clkbuf_16)
                  0.08    0.24    0.58 ^ clkbuf_2_1__f_clk/X (sky130_fd_sc_hd__clkbuf_16)
    11    0.03                           clknet_2_1__leaf_clk (net)
                  0.08    0.00    0.58 ^ _266_/CLK (sky130_fd_sc_hd__dfrtp_1)
                  0.24    0.74    1.32 ^ _266_/Q (sky130_fd_sc_hd__dfrtp_1)
     6    0.02                           baud_counter[4] (net)
                  0.24    0.00    1.32 ^ _154_/A (sky130_fd_sc_hd__or2_1)
                  0.08    0.23    1.56 ^ _154_/X (sky130_fd_sc_hd__or2_1)
     1    0.00                           _044_ (net)
                  0.08    0.00    1.56 ^ _157_/A1 (sky130_fd_sc_hd__a32o_1)
                  0.11    0.32    1.87 ^ _157_/X (sky130_fd_sc_hd__a32o_1)
     1    0.00                           _005_ (net)
                  0.11    0.00    1.87 ^ _266_/D (sky130_fd_sc_hd__dfrtp_1)
                                  1.87   data arrival time

                          0.00    0.00   clock clk (rise edge)
                          0.00    0.00   clock source latency
                  0.11    0.08    0.08 ^ clk (in)
     1    0.01                           clk (net)
                  0.11    0.00    0.08 ^ clkbuf_0_clk/A (sky130_fd_sc_hd__clkbuf_16)
                  0.10    0.29    0.37 ^ clkbuf_0_clk/X (sky130_fd_sc_hd__clkbuf_16)
     4    0.05                           clknet_0_clk (net)
                  0.10    0.00    0.37 ^ clkbuf_2_1__f_clk/A (sky130_fd_sc_hd__clkbuf_16)
                  0.08    0.27    0.64 ^ clkbuf_2_1__f_clk/X (sky130_fd_sc_hd__clkbuf_16)
    11    0.03                           clknet_2_1__leaf_clk (net)
                  0.08    0.00    0.64 ^ _266_/CLK (sky130_fd_sc_hd__dfrtp_1)
                          0.25    0.89   clock uncertainty
                         -0.06    0.83   clock reconvergence pessimism
                         -0.08    0.74   library hold time
                                  0.74   data required time
-----------------------------------------------------------------------------
                                  0.74   data required time
                                 -1.87   data arrival time
-----------------------------------------------------------------------------
                                  1.13   slack (MET)


Startpoint: _273_ (rising edge-triggered flip-flop clocked by clk)
Endpoint: _287_ (rising edge-triggered flip-flop clocked by clk)
Path Group: clk
Path Type: min
Corner: Slowest

Fanout     Cap    Slew   Delay    Time   Description
-----------------------------------------------------------------------------
                          0.00    0.00   clock clk (rise edge)
                          0.00    0.00   clock source latency
                  0.11    0.07    0.07 ^ clk (in)
     1    0.01                           clk (net)
                  0.11    0.00    0.07 ^ clkbuf_0_clk/A (sky130_fd_sc_hd__clkbuf_16)
                  0.10    0.26    0.33 ^ clkbuf_0_clk/X (sky130_fd_sc_hd__clkbuf_16)
     4    0.05                           clknet_0_clk (net)
                  0.10    0.00    0.34 ^ clkbuf_2_2__f_clk/A (sky130_fd_sc_hd__clkbuf_16)
                  0.07    0.23    0.56 ^ clkbuf_2_2__f_clk/X (sky130_fd_sc_hd__clkbuf_16)
     8    0.02                           clknet_2_2__leaf_clk (net)
                  0.07    0.00    0.57 ^ _273_/CLK (sky130_fd_sc_hd__dfrtp_2)
                  0.20    0.77    1.34 ^ _273_/Q (sky130_fd_sc_hd__dfrtp_2)
     5    0.02                           net12 (net)
                  0.20    0.00    1.34 ^ _217_/B1 (sky130_fd_sc_hd__a21oi_2)
                  0.09    0.14    1.47 v _217_/Y (sky130_fd_sc_hd__a21oi_2)
     4    0.01                           _089_ (net)
                  0.09    0.00    1.48 v _227_/B1 (sky130_fd_sc_hd__o21ai_1)
                  0.19    0.17    1.64 ^ _227_/Y (sky130_fd_sc_hd__o21ai_1)
     2    0.01                           _097_ (net)
                  0.19    0.00    1.64 ^ _232_/B1 (sky130_fd_sc_hd__a2bb2o_1)
                  0.07    0.27    1.91 ^ _232_/X (sky130_fd_sc_hd__a2bb2o_1)
     1    0.00                           _026_ (net)
                  0.07    0.00    1.91 ^ _287_/D (sky130_fd_sc_hd__dfrtp_1)
                                  1.91   data arrival time

                          0.00    0.00   clock clk (rise edge)
                          0.00    0.00   clock source latency
                  0.11    0.08    0.08 ^ clk (in)
     1    0.01                           clk (net)
                  0.11    0.00    0.08 ^ clkbuf_0_clk/A (sky130_fd_sc_hd__clkbuf_16)
                  0.10    0.29    0.37 ^ clkbuf_0_clk/X (sky130_fd_sc_hd__clkbuf_16)
     4    0.05                           clknet_0_clk (net)
                  0.10    0.00    0.37 ^ clkbuf_2_0__f_clk/A (sky130_fd_sc_hd__clkbuf_16)
                  0.08    0.26    0.63 ^ clkbuf_2_0__f_clk/X (sky130_fd_sc_hd__clkbuf_16)
     9    0.03                           clknet_2_0__leaf_clk (net)
                  0.08    0.00    0.63 ^ _287_/CLK (sky130_fd_sc_hd__dfrtp_1)
                          0.25    0.88   clock uncertainty
                         -0.04    0.85   clock reconvergence pessimism
                         -0.08    0.77   library hold time
                                  0.77   data required time
-----------------------------------------------------------------------------
                                  0.77   data required time
                                 -1.91   data arrival time
-----------------------------------------------------------------------------
                                  1.14   slack (MET)


Startpoint: _272_ (rising edge-triggered flip-flop clocked by clk)
Endpoint: _282_ (rising edge-triggered flip-flop clocked by clk)
Path Group: clk
Path Type: min
Corner: Slowest

Fanout     Cap    Slew   Delay    Time   Description
-----------------------------------------------------------------------------
                          0.00    0.00   clock clk (rise edge)
                          0.00    0.00   clock source latency
                  0.11    0.07    0.07 ^ clk (in)
     1    0.01                           clk (net)
                  0.11    0.00    0.07 ^ clkbuf_0_clk/A (sky130_fd_sc_hd__clkbuf_16)
                  0.10    0.26    0.33 ^ clkbuf_0_clk/X (sky130_fd_sc_hd__clkbuf_16)
     4    0.05                           clknet_0_clk (net)
                  0.10    0.00    0.34 ^ clkbuf_2_2__f_clk/A (sky130_fd_sc_hd__clkbuf_16)
                  0.07    0.23    0.56 ^ clkbuf_2_2__f_clk/X (sky130_fd_sc_hd__clkbuf_16)
     8    0.02                           clknet_2_2__leaf_clk (net)
                  0.07    0.00    0.57 ^ _272_/CLK (sky130_fd_sc_hd__dfrtp_1)
                  0.15    0.67    1.24 ^ _272_/Q (sky130_fd_sc_hd__dfrtp_1)
     4    0.01                           sleep_pending (net)
                  0.15    0.00    1.24 ^ _184_/C (sky130_fd_sc_hd__and3b_1)
                  0.18    0.41    1.65 ^ _184_/X (sky130_fd_sc_hd__and3b_1)
     3    0.01                           _065_ (net)
                  0.18    0.00    1.65 ^ _212_/B1 (sky130_fd_sc_hd__o21a_1)
                  0.07    0.25    1.89 ^ _212_/X (sky130_fd_sc_hd__o21a_1)
     1    0.00                           _021_ (net)
                  0.07    0.00    1.89 ^ _282_/D (sky130_fd_sc_hd__dfrtp_1)
                                  1.89   data arrival time

                          0.00    0.00   clock clk (rise edge)
                          0.00    0.00   clock source latency
                  0.11    0.08    0.08 ^ clk (in)
     1    0.01                           clk (net)
                  0.11    0.00    0.08 ^ clkbuf_0_clk/A (sky130_fd_sc_hd__clkbuf_16)
                  0.10    0.29    0.37 ^ clkbuf_0_clk/X (sky130_fd_sc_hd__clkbuf_16)
     4    0.05                           clknet_0_clk (net)
                  0.10    0.00    0.37 ^ clkbuf_2_2__f_clk/A (sky130_fd_sc_hd__clkbuf_16)
                  0.07    0.25    0.62 ^ clkbuf_2_2__f_clk/X (sky130_fd_sc_hd__clkbuf_16)
     8    0.02                           clknet_2_2__leaf_clk (net)
                  0.07    0.00    0.63 ^ _282_/CLK (sky130_fd_sc_hd__dfrtp_1)
                          0.25    0.88   clock uncertainty
                         -0.06    0.82   clock reconvergence pessimism
                         -0.08    0.74   library hold time
                                  0.74   data required time
-----------------------------------------------------------------------------
                                  0.74   data required time
                                 -1.89   data arrival time
-----------------------------------------------------------------------------
                                  1.15   slack (MET)


Startpoint: _275_ (rising edge-triggered flip-flop clocked by clk)
Endpoint: _275_ (rising edge-triggered flip-flop clocked by clk)
Path Group: clk
Path Type: min
Corner: Slowest

Fanout     Cap    Slew   Delay    Time   Description
-----------------------------------------------------------------------------
                          0.00    0.00   clock clk (rise edge)
                          0.00    0.00   clock source latency
                  0.11    0.07    0.07 ^ clk (in)
     1    0.01                           clk (net)
                  0.11    0.00    0.07 ^ clkbuf_0_clk/A (sky130_fd_sc_hd__clkbuf_16)
                  0.10    0.26    0.33 ^ clkbuf_0_clk/X (sky130_fd_sc_hd__clkbuf_16)
     4    0.05                           clknet_0_clk (net)
                  0.10    0.00    0.34 ^ clkbuf_2_2__f_clk/A (sky130_fd_sc_hd__clkbuf_16)
                  0.07    0.23    0.56 ^ clkbuf_2_2__f_clk/X (sky130_fd_sc_hd__clkbuf_16)
     8    0.02                           clknet_2_2__leaf_clk (net)
                  0.07    0.00    0.57 ^ _275_/CLK (sky130_fd_sc_hd__dfrtp_2)
                  0.18    0.75    1.32 ^ _275_/Q (sky130_fd_sc_hd__dfrtp_2)
     6    0.02                           idle_counter[1] (net)
                  0.18    0.00    1.32 ^ _186_/B1 (sky130_fd_sc_hd__a21o_1)
                  0.05    0.17    1.49 ^ _186_/X (sky130_fd_sc_hd__a21o_1)
     1    0.00                           _067_ (net)
                  0.05    0.00    1.49 ^ _187_/C (sky130_fd_sc_hd__and3_1)
                  0.08    0.27    1.76 ^ _187_/X (sky130_fd_sc_hd__and3_1)
     1    0.00                           _068_ (net)
                  0.08    0.00    1.76 ^ _188_/A (sky130_fd_sc_hd__clkbuf_1)
                  0.06    0.14    1.90 ^ _188_/X (sky130_fd_sc_hd__clkbuf_1)
     1    0.00                           _014_ (net)
                  0.06    0.00    1.90 ^ _275_/D (sky130_fd_sc_hd__dfrtp_2)
                                  1.90   data arrival time

                          0.00    0.00   clock clk (rise edge)
                          0.00    0.00   clock source latency
                  0.11    0.08    0.08 ^ clk (in)
     1    0.01                           clk (net)
                  0.11    0.00    0.08 ^ clkbuf_0_clk/A (sky130_fd_sc_hd__clkbuf_16)
                  0.10    0.29    0.37 ^ clkbuf_0_clk/X (sky130_fd_sc_hd__clkbuf_16)
     4    0.05                           clknet_0_clk (net)
                  0.10    0.00    0.37 ^ clkbuf_2_2__f_clk/A (sky130_fd_sc_hd__clkbuf_16)
                  0.07    0.25    0.62 ^ clkbuf_2_2__f_clk/X (sky130_fd_sc_hd__clkbuf_16)
     8    0.02                           clknet_2_2__leaf_clk (net)
                  0.07    0.00    0.63 ^ _275_/CLK (sky130_fd_sc_hd__dfrtp_2)
                          0.25    0.88   clock uncertainty
                         -0.06    0.82   clock reconvergence pessimism
                         -0.08    0.74   library hold time
                                  0.74   data required time
-----------------------------------------------------------------------------
                                  0.74   data required time
                                 -1.90   data arrival time
-----------------------------------------------------------------------------
                                  1.16   slack (MET)


Startpoint: _270_ (rising edge-triggered flip-flop clocked by clk)
Endpoint: _271_ (rising edge-triggered flip-flop clocked by clk)
Path Group: clk
Path Type: min
Corner: Slowest

Fanout     Cap    Slew   Delay    Time   Description
-----------------------------------------------------------------------------
                          0.00    0.00   clock clk (rise edge)
                          0.00    0.00   clock source latency
                  0.11    0.07    0.07 ^ clk (in)
     1    0.01                           clk (net)
                  0.11    0.00    0.07 ^ clkbuf_0_clk/A (sky130_fd_sc_hd__clkbuf_16)
                  0.10    0.26    0.33 ^ clkbuf_0_clk/X (sky130_fd_sc_hd__clkbuf_16)
     4    0.05                           clknet_0_clk (net)
                  0.10    0.00    0.34 ^ clkbuf_2_1__f_clk/A (sky130_fd_sc_hd__clkbuf_16)
                  0.08    0.24    0.58 ^ clkbuf_2_1__f_clk/X (sky130_fd_sc_hd__clkbuf_16)
    11    0.03                           clknet_2_1__leaf_clk (net)
                  0.08    0.00    0.58 ^ _270_/CLK (sky130_fd_sc_hd__dfrtp_1)
                  0.15    0.78    1.36 v _270_/Q (sky130_fd_sc_hd__dfrtp_1)
     3    0.01                           baud_counter[8] (net)
                  0.15    0.00    1.36 v _134_/A (sky130_fd_sc_hd__inv_2)
                  0.07    0.11    1.47 ^ _134_/Y (sky130_fd_sc_hd__inv_2)
     2    0.01                           _123_ (net)
                  0.07    0.00    1.47 ^ _168_/A (sky130_fd_sc_hd__or4bb_1)
                  0.13    0.21    1.69 ^ _168_/X (sky130_fd_sc_hd__or4bb_1)
     2    0.01                           _054_ (net)
                  0.13    0.00    1.69 ^ _170_/B (sky130_fd_sc_hd__or2_1)
                  0.09    0.20    1.89 ^ _170_/X (sky130_fd_sc_hd__or2_1)
     1    0.00                           _055_ (net)
                  0.09    0.00    1.89 ^ _171_/B (sky130_fd_sc_hd__xnor2_1)
                  0.08    0.13    2.01 v _171_/Y (sky130_fd_sc_hd__xnor2_1)
     1    0.00                           _010_ (net)
                  0.08    0.00    2.01 v _271_/D (sky130_fd_sc_hd__dfrtp_1)
                                  2.01   data arrival time

                          0.00    0.00   clock clk (rise edge)
                          0.00    0.00   clock source latency
                  0.11    0.08    0.08 ^ clk (in)
     1    0.01                           clk (net)
                  0.11    0.00    0.08 ^ clkbuf_0_clk/A (sky130_fd_sc_hd__clkbuf_16)
                  0.10    0.29    0.37 ^ clkbuf_0_clk/X (sky130_fd_sc_hd__clkbuf_16)
     4    0.05                           clknet_0_clk (net)
                  0.10    0.00    0.37 ^ clkbuf_2_3__f_clk/A (sky130_fd_sc_hd__clkbuf_16)
                  0.08    0.26    0.63 ^ clkbuf_2_3__f_clk/X (sky130_fd_sc_hd__clkbuf_16)
     9    0.03                           clknet_2_3__leaf_clk (net)
                  0.08    0.00    0.64 ^ _271_/CLK (sky130_fd_sc_hd__dfrtp_1)
                          0.25    0.89   clock uncertainty
                         -0.04    0.85   clock reconvergence pessimism
                         -0.10    0.75   library hold time
                                  0.75   data required time
-----------------------------------------------------------------------------
                                  0.75   data required time
                                 -2.01   data arrival time
-----------------------------------------------------------------------------
                                  1.26   slack (MET)


Startpoint: _273_ (rising edge-triggered flip-flop clocked by clk)
Endpoint: _268_ (rising edge-triggered flip-flop clocked by clk)
Path Group: clk
Path Type: min
Corner: Slowest

Fanout     Cap    Slew   Delay    Time   Description
-----------------------------------------------------------------------------
                          0.00    0.00   clock clk (rise edge)
                          0.00    0.00   clock source latency
                  0.11    0.07    0.07 ^ clk (in)
     1    0.01                           clk (net)
                  0.11    0.00    0.07 ^ clkbuf_0_clk/A (sky130_fd_sc_hd__clkbuf_16)
                  0.10    0.26    0.33 ^ clkbuf_0_clk/X (sky130_fd_sc_hd__clkbuf_16)
     4    0.05                           clknet_0_clk (net)
                  0.10    0.00    0.34 ^ clkbuf_2_2__f_clk/A (sky130_fd_sc_hd__clkbuf_16)
                  0.07    0.23    0.56 ^ clkbuf_2_2__f_clk/X (sky130_fd_sc_hd__clkbuf_16)
     8    0.02                           clknet_2_2__leaf_clk (net)
                  0.07    0.00    0.57 ^ _273_/CLK (sky130_fd_sc_hd__dfrtp_2)
                  0.20    0.77    1.34 ^ _273_/Q (sky130_fd_sc_hd__dfrtp_2)
     5    0.02                           net12 (net)
                  0.20    0.00    1.34 ^ _130_/A (sky130_fd_sc_hd__clkbuf_4)
                  0.21    0.39    1.73 ^ _130_/X (sky130_fd_sc_hd__clkbuf_4)
    10    0.04                           _120_ (net)
                  0.21    0.00    1.73 ^ _161_/A (sky130_fd_sc_hd__or2_1)
                  0.09    0.23    1.96 ^ _161_/X (sky130_fd_sc_hd__or2_1)
     1    0.00                           _049_ (net)
                  0.09    0.00    1.96 ^ _162_/B (sky130_fd_sc_hd__xnor2_1)
                  0.07    0.12    2.08 v _162_/Y (sky130_fd_sc_hd__xnor2_1)
     1    0.00                           _007_ (net)
                  0.07    0.00    2.08 v _268_/D (sky130_fd_sc_hd__dfrtp_1)
                                  2.08   data arrival time

                          0.00    0.00   clock clk (rise edge)
                          0.00    0.00   clock source latency
                  0.11    0.08    0.08 ^ clk (in)
     1    0.01                           clk (net)
                  0.11    0.00    0.08 ^ clkbuf_0_clk/A (sky130_fd_sc_hd__clkbuf_16)
                  0.10    0.29    0.37 ^ clkbuf_0_clk/X (sky130_fd_sc_hd__clkbuf_16)
     4    0.05                           clknet_0_clk (net)
                  0.10    0.00    0.37 ^ clkbuf_2_1__f_clk/A (sky130_fd_sc_hd__clkbuf_16)
                  0.08    0.27    0.64 ^ clkbuf_2_1__f_clk/X (sky130_fd_sc_hd__clkbuf_16)
    11    0.03                           clknet_2_1__leaf_clk (net)
                  0.08    0.00    0.64 ^ _268_/CLK (sky130_fd_sc_hd__dfrtp_1)
                          0.25    0.89   clock uncertainty
                         -0.04    0.85   clock reconvergence pessimism
                         -0.09    0.76   library hold time
                                  0.76   data required time
-----------------------------------------------------------------------------
                                  0.76   data required time
                                 -2.08   data arrival time
-----------------------------------------------------------------------------
                                  1.32   slack (MET)


Startpoint: _298_ (rising edge-triggered flip-flop clocked by clk)
Endpoint: _295_ (rising edge-triggered flip-flop clocked by clk)
Path Group: clk
Path Type: min
Corner: Slowest

Fanout     Cap    Slew   Delay    Time   Description
-----------------------------------------------------------------------------
                          0.00    0.00   clock clk (rise edge)
                          0.00    0.00   clock source latency
                  0.11    0.07    0.07 ^ clk (in)
     1    0.01                           clk (net)
                  0.11    0.00    0.07 ^ clkbuf_0_clk/A (sky130_fd_sc_hd__clkbuf_16)
                  0.10    0.26    0.33 ^ clkbuf_0_clk/X (sky130_fd_sc_hd__clkbuf_16)
     4    0.05                           clknet_0_clk (net)
                  0.10    0.00    0.34 ^ clkbuf_2_1__f_clk/A (sky130_fd_sc_hd__clkbuf_16)
                  0.08    0.24    0.58 ^ clkbuf_2_1__f_clk/X (sky130_fd_sc_hd__clkbuf_16)
    11    0.03                           clknet_2_1__leaf_clk (net)
                  0.08    0.00    0.58 ^ _298_/CLK (sky130_fd_sc_hd__dfrtp_1)
                  0.17    0.80    1.38 v _298_/Q (sky130_fd_sc_hd__dfrtp_1)
     4    0.01                           baud_tick (net)
                  0.17    0.00    1.38 v _221_/B (sky130_fd_sc_hd__nand3b_2)
                  0.19    0.25    1.62 ^ _221_/Y (sky130_fd_sc_hd__nand3b_2)
     4    0.02                           _092_ (net)
                  0.19    0.00    1.63 ^ _234_/A2 (sky130_fd_sc_hd__a21oi_4)
                  0.11    0.23    1.85 v _234_/Y (sky130_fd_sc_hd__a21oi_4)
     8    0.04                           _102_ (net)
                  0.11    0.00    1.86 v _255_/A (sky130_fd_sc_hd__inv_2)
                  0.05    0.08    1.94 ^ _255_/Y (sky130_fd_sc_hd__inv_2)
     1    0.00                           _116_ (net)
                  0.05    0.00    1.94 ^ _257_/A2 (sky130_fd_sc_hd__a22o_1)
                  0.07    0.24    2.18 ^ _257_/X (sky130_fd_sc_hd__a22o_1)
     1    0.00                           _034_ (net)
                  0.07    0.00    2.18 ^ _295_/D (sky130_fd_sc_hd__dfrtp_1)
                                  2.18   data arrival time

                          0.00    0.00   clock clk (rise edge)
                          0.00    0.00   clock source latency
                  0.11    0.08    0.08 ^ clk (in)
     1    0.01                           clk (net)
                  0.11    0.00    0.08 ^ clkbuf_0_clk/A (sky130_fd_sc_hd__clkbuf_16)
                  0.10    0.29    0.37 ^ clkbuf_0_clk/X (sky130_fd_sc_hd__clkbuf_16)
     4    0.05                           clknet_0_clk (net)
                  0.10    0.00    0.37 ^ clkbuf_2_0__f_clk/A (sky130_fd_sc_hd__clkbuf_16)
                  0.08    0.26    0.63 ^ clkbuf_2_0__f_clk/X (sky130_fd_sc_hd__clkbuf_16)
     9    0.03                           clknet_2_0__leaf_clk (net)
                  0.08    0.00    0.63 ^ _295_/CLK (sky130_fd_sc_hd__dfrtp_1)
                          0.25    0.88   clock uncertainty
                         -0.04    0.85   clock reconvergence pessimism
                         -0.08    0.77   library hold time
                                  0.77   data required time
-----------------------------------------------------------------------------
                                  0.77   data required time
                                 -2.18   data arrival time
-----------------------------------------------------------------------------
                                  1.41   slack (MET)


Startpoint: _283_ (rising edge-triggered flip-flop clocked by clk)
Endpoint: _273_ (rising edge-triggered flip-flop clocked by clk)
Path Group: clk
Path Type: min
Corner: Slowest

Fanout     Cap    Slew   Delay    Time   Description
-----------------------------------------------------------------------------
                          0.00    0.00   clock clk (rise edge)
                          0.00    0.00   clock source latency
                  0.11    0.07    0.07 ^ clk (in)
     1    0.01                           clk (net)
                  0.11    0.00    0.07 ^ clkbuf_0_clk/A (sky130_fd_sc_hd__clkbuf_16)
                  0.10    0.26    0.33 ^ clkbuf_0_clk/X (sky130_fd_sc_hd__clkbuf_16)
     4    0.05                           clknet_0_clk (net)
                  0.10    0.00    0.34 ^ clkbuf_2_2__f_clk/A (sky130_fd_sc_hd__clkbuf_16)
                  0.07    0.23    0.56 ^ clkbuf_2_2__f_clk/X (sky130_fd_sc_hd__clkbuf_16)
     8    0.02                           clknet_2_2__leaf_clk (net)
                  0.07    0.00    0.57 ^ _283_/CLK (sky130_fd_sc_hd__dfrtp_1)
                  0.21    0.72    1.28 ^ _283_/Q (sky130_fd_sc_hd__dfrtp_1)
     3    0.01                           idle_counter[9] (net)
                  0.21    0.00    1.28 ^ _174_/B1 (sky130_fd_sc_hd__a21o_1)
                  0.17    0.27    1.55 ^ _174_/X (sky130_fd_sc_hd__a21o_1)
     3    0.01                           _058_ (net)
                  0.17    0.00    1.55 ^ _175_/A2 (sky130_fd_sc_hd__a21oi_1)
                  0.09    0.19    1.74 v _175_/Y (sky130_fd_sc_hd__a21oi_1)
     2    0.01                           _059_ (net)
                  0.09    0.00    1.74 v _178_/A_N (sky130_fd_sc_hd__and2b_1)
                  0.08    0.36    2.10 ^ _178_/X (sky130_fd_sc_hd__and2b_1)
     1    0.00                           _061_ (net)
                  0.08    0.00    2.10 ^ _179_/A (sky130_fd_sc_hd__clkbuf_1)
                  0.07    0.14    2.24 ^ _179_/X (sky130_fd_sc_hd__clkbuf_1)
     1    0.00                           _012_ (net)
                  0.07    0.00    2.24 ^ _273_/D (sky130_fd_sc_hd__dfrtp_2)
                                  2.24   data arrival time

                          0.00    0.00   clock clk (rise edge)
                          0.00    0.00   clock source latency
                  0.11    0.08    0.08 ^ clk (in)
     1    0.01                           clk (net)
                  0.11    0.00    0.08 ^ clkbuf_0_clk/A (sky130_fd_sc_hd__clkbuf_16)
                  0.10    0.29    0.37 ^ clkbuf_0_clk/X (sky130_fd_sc_hd__clkbuf_16)
     4    0.05                           clknet_0_clk (net)
                  0.10    0.00    0.37 ^ clkbuf_2_2__f_clk/A (sky130_fd_sc_hd__clkbuf_16)
                  0.07    0.25    0.62 ^ clkbuf_2_2__f_clk/X (sky130_fd_sc_hd__clkbuf_16)
     8    0.02                           clknet_2_2__leaf_clk (net)
                  0.07    0.00    0.63 ^ _273_/CLK (sky130_fd_sc_hd__dfrtp_2)
                          0.25    0.88   clock uncertainty
                         -0.06    0.82   clock reconvergence pessimism
                         -0.08    0.74   library hold time
                                  0.74   data required time
-----------------------------------------------------------------------------
                                  0.74   data required time
                                 -2.24   data arrival time
-----------------------------------------------------------------------------
                                  1.50   slack (MET)


Startpoint: rst_n (input port clocked by clk)
Endpoint: _269_ (removal check against rising-edge clock clk)
Path Group: asynchronous
Path Type: min
Corner: Slowest

Fanout     Cap    Slew   Delay    Time   Description
-----------------------------------------------------------------------------
                          0.00    0.00   clock clk (rise edge)
                          0.00    0.00   clock network delay (propagated)
                          4.00    4.00 ^ input external delay
                  0.04    0.02    4.02 ^ rst_n (in)
     1    0.00                           rst_n (net)
                  0.04    0.00    4.02 ^ input1/A (sky130_fd_sc_hd__clkbuf_2)
                  0.22    0.27    4.29 ^ input1/X (sky130_fd_sc_hd__clkbuf_2)
     4    0.03                           net1 (net)
                  0.22    0.00    4.29 ^ fanout18/A (sky130_fd_sc_hd__clkbuf_4)
                  0.21    0.40    4.69 ^ fanout18/X (sky130_fd_sc_hd__clkbuf_4)
     9    0.04                           net18 (net)
                  0.21    0.00    4.69 ^ _269_/RESET_B (sky130_fd_sc_hd__dfrtp_2)
                                  4.69   data arrival time

                          0.00    0.00   clock clk (rise edge)
                          0.00    0.00   clock source latency
                  0.11    0.08    0.08 ^ clk (in)
     1    0.01                           clk (net)
                  0.11    0.00    0.08 ^ clkbuf_0_clk/A (sky130_fd_sc_hd__clkbuf_16)
                  0.10    0.29    0.37 ^ clkbuf_0_clk/X (sky130_fd_sc_hd__clkbuf_16)
     4    0.05                           clknet_0_clk (net)
                  0.10    0.00    0.37 ^ clkbuf_2_1__f_clk/A (sky130_fd_sc_hd__clkbuf_16)
                  0.08    0.27    0.64 ^ clkbuf_2_1__f_clk/X (sky130_fd_sc_hd__clkbuf_16)
    11    0.03                           clknet_2_1__leaf_clk (net)
                  0.08    0.00    0.64 ^ _269_/CLK (sky130_fd_sc_hd__dfrtp_2)
                          0.25    0.89   clock uncertainty
                          0.00    0.89   clock reconvergence pessimism
                          0.70    1.59   library removal time
                                  1.59   data required time
-----------------------------------------------------------------------------
                                  1.59   data required time
                                 -4.69   data arrival time
-----------------------------------------------------------------------------
                                  3.10   slack (MET)


Startpoint: rst_n (input port clocked by clk)
Endpoint: _278_ (removal check against rising-edge clock clk)
Path Group: asynchronous
Path Type: min
Corner: Slowest

Fanout     Cap    Slew   Delay    Time   Description
-----------------------------------------------------------------------------
                          0.00    0.00   clock clk (rise edge)
                          0.00    0.00   clock network delay (propagated)
                          4.00    4.00 ^ input external delay
                  0.04    0.02    4.02 ^ rst_n (in)
     1    0.00                           rst_n (net)
                  0.04    0.00    4.02 ^ input1/A (sky130_fd_sc_hd__clkbuf_2)
                  0.22    0.27    4.29 ^ input1/X (sky130_fd_sc_hd__clkbuf_2)
     4    0.03                           net1 (net)
                  0.22    0.00    4.29 ^ fanout16/A (sky130_fd_sc_hd__clkbuf_4)
                  0.20    0.39    4.68 ^ fanout16/X (sky130_fd_sc_hd__clkbuf_4)
     8    0.04                           net16 (net)
                  0.20    0.00    4.69 ^ _278_/RESET_B (sky130_fd_sc_hd__dfrtp_1)
                                  4.69   data arrival time

                          0.00    0.00   clock clk (rise edge)
                          0.00    0.00   clock source latency
                  0.11    0.08    0.08 ^ clk (in)
     1    0.01                           clk (net)
                  0.11    0.00    0.08 ^ clkbuf_0_clk/A (sky130_fd_sc_hd__clkbuf_16)
                  0.10    0.29    0.37 ^ clkbuf_0_clk/X (sky130_fd_sc_hd__clkbuf_16)
     4    0.05                           clknet_0_clk (net)
                  0.10    0.00    0.37 ^ clkbuf_2_3__f_clk/A (sky130_fd_sc_hd__clkbuf_16)
                  0.08    0.26    0.63 ^ clkbuf_2_3__f_clk/X (sky130_fd_sc_hd__clkbuf_16)
     9    0.03                           clknet_2_3__leaf_clk (net)
                  0.08    0.00    0.63 ^ _278_/CLK (sky130_fd_sc_hd__dfrtp_1)
                          0.25    0.88   clock uncertainty
                          0.00    0.88   clock reconvergence pessimism
                          0.70    1.59   library removal time
                                  1.59   data required time
-----------------------------------------------------------------------------
                                  1.59   data required time
                                 -4.69   data arrival time
-----------------------------------------------------------------------------
                                  3.10   slack (MET)


Startpoint: rst_n (input port clocked by clk)
Endpoint: _271_ (removal check against rising-edge clock clk)
Path Group: asynchronous
Path Type: min
Corner: Slowest

Fanout     Cap    Slew   Delay    Time   Description
-----------------------------------------------------------------------------
                          0.00    0.00   clock clk (rise edge)
                          0.00    0.00   clock network delay (propagated)
                          4.00    4.00 ^ input external delay
                  0.04    0.02    4.02 ^ rst_n (in)
     1    0.00                           rst_n (net)
                  0.04    0.00    4.02 ^ input1/A (sky130_fd_sc_hd__clkbuf_2)
                  0.22    0.27    4.29 ^ input1/X (sky130_fd_sc_hd__clkbuf_2)
     4    0.03                           net1 (net)
                  0.22    0.00    4.29 ^ fanout18/A (sky130_fd_sc_hd__clkbuf_4)
                  0.21    0.40    4.69 ^ fanout18/X (sky130_fd_sc_hd__clkbuf_4)
     9    0.04                           net18 (net)
                  0.21    0.00    4.69 ^ _271_/RESET_B (sky130_fd_sc_hd__dfrtp_1)
                                  4.69   data arrival time

                          0.00    0.00   clock clk (rise edge)
                          0.00    0.00   clock source latency
                  0.11    0.08    0.08 ^ clk (in)
     1    0.01                           clk (net)
                  0.11    0.00    0.08 ^ clkbuf_0_clk/A (sky130_fd_sc_hd__clkbuf_16)
                  0.10    0.29    0.37 ^ clkbuf_0_clk/X (sky130_fd_sc_hd__clkbuf_16)
     4    0.05                           clknet_0_clk (net)
                  0.10    0.00    0.37 ^ clkbuf_2_3__f_clk/A (sky130_fd_sc_hd__clkbuf_16)
                  0.08    0.26    0.63 ^ clkbuf_2_3__f_clk/X (sky130_fd_sc_hd__clkbuf_16)
     9    0.03                           clknet_2_3__leaf_clk (net)
                  0.08    0.00    0.64 ^ _271_/CLK (sky130_fd_sc_hd__dfrtp_1)
                          0.25    0.89   clock uncertainty
                          0.00    0.89   clock reconvergence pessimism
                          0.70    1.59   library removal time
                                  1.59   data required time
-----------------------------------------------------------------------------
                                  1.59   data required time
                                 -4.69   data arrival time
-----------------------------------------------------------------------------
                                  3.10   slack (MET)


Startpoint: rst_n (input port clocked by clk)
Endpoint: _264_ (removal check against rising-edge clock clk)
Path Group: asynchronous
Path Type: min
Corner: Slowest

Fanout     Cap    Slew   Delay    Time   Description
-----------------------------------------------------------------------------
                          0.00    0.00   clock clk (rise edge)
                          0.00    0.00   clock network delay (propagated)
                          4.00    4.00 ^ input external delay
                  0.04    0.02    4.02 ^ rst_n (in)
     1    0.00                           rst_n (net)
                  0.04    0.00    4.02 ^ input1/A (sky130_fd_sc_hd__clkbuf_2)
                  0.22    0.27    4.29 ^ input1/X (sky130_fd_sc_hd__clkbuf_2)
     4    0.03                           net1 (net)
                  0.22    0.00    4.29 ^ fanout18/A (sky130_fd_sc_hd__clkbuf_4)
                  0.21    0.40    4.69 ^ fanout18/X (sky130_fd_sc_hd__clkbuf_4)
     9    0.04                           net18 (net)
                  0.21    0.00    4.69 ^ _264_/RESET_B (sky130_fd_sc_hd__dfrtp_1)
                                  4.69   data arrival time

                          0.00    0.00   clock clk (rise edge)
                          0.00    0.00   clock source latency
                  0.11    0.08    0.08 ^ clk (in)
     1    0.01                           clk (net)
                  0.11    0.00    0.08 ^ clkbuf_0_clk/A (sky130_fd_sc_hd__clkbuf_16)
                  0.10    0.29    0.37 ^ clkbuf_0_clk/X (sky130_fd_sc_hd__clkbuf_16)
     4    0.05                           clknet_0_clk (net)
                  0.10    0.00    0.37 ^ clkbuf_2_3__f_clk/A (sky130_fd_sc_hd__clkbuf_16)
                  0.08    0.26    0.63 ^ clkbuf_2_3__f_clk/X (sky130_fd_sc_hd__clkbuf_16)
     9    0.03                           clknet_2_3__leaf_clk (net)
                  0.08    0.00    0.64 ^ _264_/CLK (sky130_fd_sc_hd__dfrtp_1)
                          0.25    0.89   clock uncertainty
                          0.00    0.89   clock reconvergence pessimism
                          0.70    1.59   library removal time
                                  1.59   data required time
-----------------------------------------------------------------------------
                                  1.59   data required time
                                 -4.69   data arrival time
-----------------------------------------------------------------------------
                                  3.10   slack (MET)


Startpoint: rst_n (input port clocked by clk)
Endpoint: _265_ (removal check against rising-edge clock clk)
Path Group: asynchronous
Path Type: min
Corner: Slowest

Fanout     Cap    Slew   Delay    Time   Description
-----------------------------------------------------------------------------
                          0.00    0.00   clock clk (rise edge)
                          0.00    0.00   clock network delay (propagated)
                          4.00    4.00 ^ input external delay
                  0.04    0.02    4.02 ^ rst_n (in)
     1    0.00                           rst_n (net)
                  0.04    0.00    4.02 ^ input1/A (sky130_fd_sc_hd__clkbuf_2)
                  0.22    0.27    4.29 ^ input1/X (sky130_fd_sc_hd__clkbuf_2)
     4    0.03                           net1 (net)
                  0.22    0.00    4.29 ^ fanout18/A (sky130_fd_sc_hd__clkbuf_4)
                  0.21    0.40    4.69 ^ fanout18/X (sky130_fd_sc_hd__clkbuf_4)
     9    0.04                           net18 (net)
                  0.21    0.00    4.69 ^ _265_/RESET_B (sky130_fd_sc_hd__dfrtp_1)
                                  4.69   data arrival time

                          0.00    0.00   clock clk (rise edge)
                          0.00    0.00   clock source latency
                  0.11    0.08    0.08 ^ clk (in)
     1    0.01                           clk (net)
                  0.11    0.00    0.08 ^ clkbuf_0_clk/A (sky130_fd_sc_hd__clkbuf_16)
                  0.10    0.29    0.37 ^ clkbuf_0_clk/X (sky130_fd_sc_hd__clkbuf_16)
     4    0.05                           clknet_0_clk (net)
                  0.10    0.00    0.37 ^ clkbuf_2_3__f_clk/A (sky130_fd_sc_hd__clkbuf_16)
                  0.08    0.26    0.63 ^ clkbuf_2_3__f_clk/X (sky130_fd_sc_hd__clkbuf_16)
     9    0.03                           clknet_2_3__leaf_clk (net)
                  0.08    0.00    0.64 ^ _265_/CLK (sky130_fd_sc_hd__dfrtp_1)
                          0.25    0.89   clock uncertainty
                          0.00    0.89   clock reconvergence pessimism
                          0.70    1.59   library removal time
                                  1.59   data required time
-----------------------------------------------------------------------------
                                  1.59   data required time
                                 -4.69   data arrival time
-----------------------------------------------------------------------------
                                  3.10   slack (MET)


Startpoint: rst_n (input port clocked by clk)
Endpoint: _280_ (removal check against rising-edge clock clk)
Path Group: asynchronous
Path Type: min
Corner: Slowest

Fanout     Cap    Slew   Delay    Time   Description
-----------------------------------------------------------------------------
                          0.00    0.00   clock clk (rise edge)
                          0.00    0.00   clock network delay (propagated)
                          4.00    4.00 ^ input external delay
                  0.04    0.02    4.02 ^ rst_n (in)
     1    0.00                           rst_n (net)
                  0.04    0.00    4.02 ^ input1/A (sky130_fd_sc_hd__clkbuf_2)
                  0.22    0.27    4.29 ^ input1/X (sky130_fd_sc_hd__clkbuf_2)
     4    0.03                           net1 (net)
                  0.22    0.00    4.29 ^ fanout18/A (sky130_fd_sc_hd__clkbuf_4)
                  0.21    0.40    4.69 ^ fanout18/X (sky130_fd_sc_hd__clkbuf_4)
     9    0.04                           net18 (net)
                  0.21    0.00    4.69 ^ _280_/RESET_B (sky130_fd_sc_hd__dfrtp_1)
                                  4.69   data arrival time

                          0.00    0.00   clock clk (rise edge)
                          0.00    0.00   clock source latency
                  0.11    0.08    0.08 ^ clk (in)
     1    0.01                           clk (net)
                  0.11    0.00    0.08 ^ clkbuf_0_clk/A (sky130_fd_sc_hd__clkbuf_16)
                  0.10    0.29    0.37 ^ clkbuf_0_clk/X (sky130_fd_sc_hd__clkbuf_16)
     4    0.05                           clknet_0_clk (net)
                  0.10    0.00    0.37 ^ clkbuf_2_3__f_clk/A (sky130_fd_sc_hd__clkbuf_16)
                  0.08    0.26    0.63 ^ clkbuf_2_3__f_clk/X (sky130_fd_sc_hd__clkbuf_16)
     9    0.03                           clknet_2_3__leaf_clk (net)
                  0.08    0.00    0.64 ^ _280_/CLK (sky130_fd_sc_hd__dfrtp_1)
                          0.25    0.89   clock uncertainty
                          0.00    0.89   clock reconvergence pessimism
                          0.70    1.59   library removal time
                                  1.59   data required time
-----------------------------------------------------------------------------
                                  1.59   data required time
                                 -4.69   data arrival time
-----------------------------------------------------------------------------
                                  3.10   slack (MET)


Startpoint: rst_n (input port clocked by clk)
Endpoint: _279_ (removal check against rising-edge clock clk)
Path Group: asynchronous
Path Type: min
Corner: Slowest

Fanout     Cap    Slew   Delay    Time   Description
-----------------------------------------------------------------------------
                          0.00    0.00   clock clk (rise edge)
                          0.00    0.00   clock network delay (propagated)
                          4.00    4.00 ^ input external delay
                  0.04    0.02    4.02 ^ rst_n (in)
     1    0.00                           rst_n (net)
                  0.04    0.00    4.02 ^ input1/A (sky130_fd_sc_hd__clkbuf_2)
                  0.22    0.27    4.29 ^ input1/X (sky130_fd_sc_hd__clkbuf_2)
     4    0.03                           net1 (net)
                  0.22    0.00    4.29 ^ fanout18/A (sky130_fd_sc_hd__clkbuf_4)
                  0.21    0.40    4.69 ^ fanout18/X (sky130_fd_sc_hd__clkbuf_4)
     9    0.04                           net18 (net)
                  0.21    0.00    4.69 ^ _279_/RESET_B (sky130_fd_sc_hd__dfrtp_1)
                                  4.69   data arrival time

                          0.00    0.00   clock clk (rise edge)
                          0.00    0.00   clock source latency
                  0.11    0.08    0.08 ^ clk (in)
     1    0.01                           clk (net)
                  0.11    0.00    0.08 ^ clkbuf_0_clk/A (sky130_fd_sc_hd__clkbuf_16)
                  0.10    0.29    0.37 ^ clkbuf_0_clk/X (sky130_fd_sc_hd__clkbuf_16)
     4    0.05                           clknet_0_clk (net)
                  0.10    0.00    0.37 ^ clkbuf_2_3__f_clk/A (sky130_fd_sc_hd__clkbuf_16)
                  0.08    0.26    0.63 ^ clkbuf_2_3__f_clk/X (sky130_fd_sc_hd__clkbuf_16)
     9    0.03                           clknet_2_3__leaf_clk (net)
                  0.08    0.00    0.64 ^ _279_/CLK (sky130_fd_sc_hd__dfrtp_1)
                          0.25    0.89   clock uncertainty
                          0.00    0.89   clock reconvergence pessimism
                          0.70    1.59   library removal time
                                  1.59   data required time
-----------------------------------------------------------------------------
                                  1.59   data required time
                                 -4.69   data arrival time
-----------------------------------------------------------------------------
                                  3.10   slack (MET)


Startpoint: rst_n (input port clocked by clk)
Endpoint: _262_ (removal check against rising-edge clock clk)
Path Group: asynchronous
Path Type: min
Corner: Slowest

Fanout     Cap    Slew   Delay    Time   Description
-----------------------------------------------------------------------------
                          0.00    0.00   clock clk (rise edge)
                          0.00    0.00   clock network delay (propagated)
                          4.00    4.00 ^ input external delay
                  0.04    0.02    4.02 ^ rst_n (in)
     1    0.00                           rst_n (net)
                  0.04    0.00    4.02 ^ input1/A (sky130_fd_sc_hd__clkbuf_2)
                  0.22    0.27    4.29 ^ input1/X (sky130_fd_sc_hd__clkbuf_2)
     4    0.03                           net1 (net)
                  0.22    0.00    4.29 ^ fanout18/A (sky130_fd_sc_hd__clkbuf_4)
                  0.21    0.40    4.69 ^ fanout18/X (sky130_fd_sc_hd__clkbuf_4)
     9    0.04                           net18 (net)
                  0.21    0.00    4.69 ^ _262_/RESET_B (sky130_fd_sc_hd__dfrtp_1)
                                  4.69   data arrival time

                          0.00    0.00   clock clk (rise edge)
                          0.00    0.00   clock source latency
                  0.11    0.08    0.08 ^ clk (in)
     1    0.01                           clk (net)
                  0.11    0.00    0.08 ^ clkbuf_0_clk/A (sky130_fd_sc_hd__clkbuf_16)
                  0.10    0.29    0.37 ^ clkbuf_0_clk/X (sky130_fd_sc_hd__clkbuf_16)
     4    0.05                           clknet_0_clk (net)
                  0.10    0.00    0.37 ^ clkbuf_2_3__f_clk/A (sky130_fd_sc_hd__clkbuf_16)
                  0.08    0.26    0.63 ^ clkbuf_2_3__f_clk/X (sky130_fd_sc_hd__clkbuf_16)
     9    0.03                           clknet_2_3__leaf_clk (net)
                  0.08    0.00    0.64 ^ _262_/CLK (sky130_fd_sc_hd__dfrtp_1)
                          0.25    0.89   clock uncertainty
                          0.00    0.89   clock reconvergence pessimism
                          0.70    1.59   library removal time
                                  1.59   data required time
-----------------------------------------------------------------------------
                                  1.59   data required time
                                 -4.69   data arrival time
-----------------------------------------------------------------------------
                                  3.10   slack (MET)


Startpoint: rst_n (input port clocked by clk)
Endpoint: _263_ (removal check against rising-edge clock clk)
Path Group: asynchronous
Path Type: min
Corner: Slowest

Fanout     Cap    Slew   Delay    Time   Description
-----------------------------------------------------------------------------
                          0.00    0.00   clock clk (rise edge)
                          0.00    0.00   clock network delay (propagated)
                          4.00    4.00 ^ input external delay
                  0.04    0.02    4.02 ^ rst_n (in)
     1    0.00                           rst_n (net)
                  0.04    0.00    4.02 ^ input1/A (sky130_fd_sc_hd__clkbuf_2)
                  0.22    0.27    4.29 ^ input1/X (sky130_fd_sc_hd__clkbuf_2)
     4    0.03                           net1 (net)
                  0.22    0.00    4.29 ^ fanout18/A (sky130_fd_sc_hd__clkbuf_4)
                  0.21    0.40    4.69 ^ fanout18/X (sky130_fd_sc_hd__clkbuf_4)
     9    0.04                           net18 (net)
                  0.21    0.00    4.69 ^ _263_/RESET_B (sky130_fd_sc_hd__dfrtp_1)
                                  4.69   data arrival time

                          0.00    0.00   clock clk (rise edge)
                          0.00    0.00   clock source latency
                  0.11    0.08    0.08 ^ clk (in)
     1    0.01                           clk (net)
                  0.11    0.00    0.08 ^ clkbuf_0_clk/A (sky130_fd_sc_hd__clkbuf_16)
                  0.10    0.29    0.37 ^ clkbuf_0_clk/X (sky130_fd_sc_hd__clkbuf_16)
     4    0.05                           clknet_0_clk (net)
                  0.10    0.00    0.37 ^ clkbuf_2_3__f_clk/A (sky130_fd_sc_hd__clkbuf_16)
                  0.08    0.26    0.63 ^ clkbuf_2_3__f_clk/X (sky130_fd_sc_hd__clkbuf_16)
     9    0.03                           clknet_2_3__leaf_clk (net)
                  0.08    0.00    0.64 ^ _263_/CLK (sky130_fd_sc_hd__dfrtp_1)
                          0.25    0.89   clock uncertainty
                          0.00    0.89   clock reconvergence pessimism
                          0.70    1.59   library removal time
                                  1.59   data required time
-----------------------------------------------------------------------------
                                  1.59   data required time
                                 -4.69   data arrival time
-----------------------------------------------------------------------------
                                  3.10   slack (MET)


Startpoint: rst_n (input port clocked by clk)
Endpoint: _281_ (removal check against rising-edge clock clk)
Path Group: asynchronous
Path Type: min
Corner: Slowest

Fanout     Cap    Slew   Delay    Time   Description
-----------------------------------------------------------------------------
                          0.00    0.00   clock clk (rise edge)
                          0.00    0.00   clock network delay (propagated)
                          4.00    4.00 ^ input external delay
                  0.04    0.02    4.02 ^ rst_n (in)
     1    0.00                           rst_n (net)
                  0.04    0.00    4.02 ^ input1/A (sky130_fd_sc_hd__clkbuf_2)
                  0.22    0.27    4.29 ^ input1/X (sky130_fd_sc_hd__clkbuf_2)
     4    0.03                           net1 (net)
                  0.22    0.00    4.29 ^ fanout18/A (sky130_fd_sc_hd__clkbuf_4)
                  0.21    0.40    4.69 ^ fanout18/X (sky130_fd_sc_hd__clkbuf_4)
     9    0.04                           net18 (net)
                  0.21    0.00    4.69 ^ _281_/RESET_B (sky130_fd_sc_hd__dfrtp_1)
                                  4.69   data arrival time

                          0.00    0.00   clock clk (rise edge)
                          0.00    0.00   clock source latency
                  0.11    0.08    0.08 ^ clk (in)
     1    0.01                           clk (net)
                  0.11    0.00    0.08 ^ clkbuf_0_clk/A (sky130_fd_sc_hd__clkbuf_16)
                  0.10    0.29    0.37 ^ clkbuf_0_clk/X (sky130_fd_sc_hd__clkbuf_16)
     4    0.05                           clknet_0_clk (net)
                  0.10    0.00    0.37 ^ clkbuf_2_3__f_clk/A (sky130_fd_sc_hd__clkbuf_16)
                  0.08    0.26    0.63 ^ clkbuf_2_3__f_clk/X (sky130_fd_sc_hd__clkbuf_16)
     9    0.03                           clknet_2_3__leaf_clk (net)
                  0.08    0.00    0.63 ^ _281_/CLK (sky130_fd_sc_hd__dfrtp_1)
                          0.25    0.88   clock uncertainty
                          0.00    0.88   clock reconvergence pessimism
                          0.70    1.59   library removal time
                                  1.59   data required time
-----------------------------------------------------------------------------
                                  1.59   data required time
                                 -4.69   data arrival time
-----------------------------------------------------------------------------
                                  3.10   slack (MET)


Startpoint: rst_n (input port clocked by clk)
Endpoint: _296_ (removal check against rising-edge clock clk)
Path Group: asynchronous
Path Type: min
Corner: Slowest

Fanout     Cap    Slew   Delay    Time   Description
-----------------------------------------------------------------------------
                          0.00    0.00   clock clk (rise edge)
                          0.00    0.00   clock network delay (propagated)
                          4.00    4.00 ^ input external delay
                  0.04    0.02    4.02 ^ rst_n (in)
     1    0.00                           rst_n (net)
                  0.04    0.00    4.02 ^ input1/A (sky130_fd_sc_hd__clkbuf_2)
                  0.22    0.27    4.29 ^ input1/X (sky130_fd_sc_hd__clkbuf_2)
     4    0.03                           net1 (net)
                  0.22    0.00    4.29 ^ fanout17/A (sky130_fd_sc_hd__clkbuf_4)
                  0.23    0.41    4.70 ^ fanout17/X (sky130_fd_sc_hd__clkbuf_4)
    10    0.05                           net17 (net)
                  0.23    0.00    4.70 ^ _296_/RESET_B (sky130_fd_sc_hd__dfrtp_4)
                                  4.70   data arrival time

                          0.00    0.00   clock clk (rise edge)
                          0.00    0.00   clock source latency
                  0.11    0.08    0.08 ^ clk (in)
     1    0.01                           clk (net)
                  0.11    0.00    0.08 ^ clkbuf_0_clk/A (sky130_fd_sc_hd__clkbuf_16)
                  0.10    0.29    0.37 ^ clkbuf_0_clk/X (sky130_fd_sc_hd__clkbuf_16)
     4    0.05                           clknet_0_clk (net)
                  0.10    0.00    0.37 ^ clkbuf_2_1__f_clk/A (sky130_fd_sc_hd__clkbuf_16)
                  0.08    0.27    0.64 ^ clkbuf_2_1__f_clk/X (sky130_fd_sc_hd__clkbuf_16)
    11    0.03                           clknet_2_1__leaf_clk (net)
                  0.08    0.00    0.64 ^ _296_/CLK (sky130_fd_sc_hd__dfrtp_4)
                          0.25    0.89   clock uncertainty
                          0.00    0.89   clock reconvergence pessimism
                          0.71    1.60   library removal time
                                  1.60   data required time
-----------------------------------------------------------------------------
                                  1.60   data required time
                                 -4.70   data arrival time
-----------------------------------------------------------------------------
                                  3.10   slack (MET)


Startpoint: rst_n (input port clocked by clk)
Endpoint: _297_ (removal check against rising-edge clock clk)
Path Group: asynchronous
Path Type: min
Corner: Slowest

Fanout     Cap    Slew   Delay    Time   Description
-----------------------------------------------------------------------------
                          0.00    0.00   clock clk (rise edge)
                          0.00    0.00   clock network delay (propagated)
                          4.00    4.00 ^ input external delay
                  0.04    0.02    4.02 ^ rst_n (in)
     1    0.00                           rst_n (net)
                  0.04    0.00    4.02 ^ input1/A (sky130_fd_sc_hd__clkbuf_2)
                  0.22    0.27    4.29 ^ input1/X (sky130_fd_sc_hd__clkbuf_2)
     4    0.03                           net1 (net)
                  0.22    0.00    4.29 ^ fanout17/A (sky130_fd_sc_hd__clkbuf_4)
                  0.23    0.41    4.70 ^ fanout17/X (sky130_fd_sc_hd__clkbuf_4)
    10    0.05                           net17 (net)
                  0.23    0.00    4.70 ^ _297_/RESET_B (sky130_fd_sc_hd__dfrtp_4)
                                  4.70   data arrival time

                          0.00    0.00   clock clk (rise edge)
                          0.00    0.00   clock source latency
                  0.11    0.08    0.08 ^ clk (in)
     1    0.01                           clk (net)
                  0.11    0.00    0.08 ^ clkbuf_0_clk/A (sky130_fd_sc_hd__clkbuf_16)
                  0.10    0.29    0.37 ^ clkbuf_0_clk/X (sky130_fd_sc_hd__clkbuf_16)
     4    0.05                           clknet_0_clk (net)
                  0.10    0.00    0.37 ^ clkbuf_2_1__f_clk/A (sky130_fd_sc_hd__clkbuf_16)
                  0.08    0.27    0.64 ^ clkbuf_2_1__f_clk/X (sky130_fd_sc_hd__clkbuf_16)
    11    0.03                           clknet_2_1__leaf_clk (net)
                  0.08    0.00    0.64 ^ _297_/CLK (sky130_fd_sc_hd__dfrtp_4)
                          0.25    0.89   clock uncertainty
                          0.00    0.89   clock reconvergence pessimism
                          0.71    1.60   library removal time
                                  1.60   data required time
-----------------------------------------------------------------------------
                                  1.60   data required time
                                 -4.70   data arrival time
-----------------------------------------------------------------------------
                                  3.10   slack (MET)


Startpoint: rst_n (input port clocked by clk)
Endpoint: _266_ (removal check against rising-edge clock clk)
Path Group: asynchronous
Path Type: min
Corner: Slowest

Fanout     Cap    Slew   Delay    Time   Description
-----------------------------------------------------------------------------
                          0.00    0.00   clock clk (rise edge)
                          0.00    0.00   clock network delay (propagated)
                          4.00    4.00 ^ input external delay
                  0.04    0.02    4.02 ^ rst_n (in)
     1    0.00                           rst_n (net)
                  0.04    0.00    4.02 ^ input1/A (sky130_fd_sc_hd__clkbuf_2)
                  0.22    0.27    4.29 ^ input1/X (sky130_fd_sc_hd__clkbuf_2)
     4    0.03                           net1 (net)
                  0.22    0.00    4.29 ^ fanout17/A (sky130_fd_sc_hd__clkbuf_4)
                  0.23    0.41    4.70 ^ fanout17/X (sky130_fd_sc_hd__clkbuf_4)
    10    0.05                           net17 (net)
                  0.23    0.00    4.70 ^ _266_/RESET_B (sky130_fd_sc_hd__dfrtp_1)
                                  4.70   data arrival time

                          0.00    0.00   clock clk (rise edge)
                          0.00    0.00   clock source latency
                  0.11    0.08    0.08 ^ clk (in)
     1    0.01                           clk (net)
                  0.11    0.00    0.08 ^ clkbuf_0_clk/A (sky130_fd_sc_hd__clkbuf_16)
                  0.10    0.29    0.37 ^ clkbuf_0_clk/X (sky130_fd_sc_hd__clkbuf_16)
     4    0.05                           clknet_0_clk (net)
                  0.10    0.00    0.37 ^ clkbuf_2_1__f_clk/A (sky130_fd_sc_hd__clkbuf_16)
                  0.08    0.27    0.64 ^ clkbuf_2_1__f_clk/X (sky130_fd_sc_hd__clkbuf_16)
    11    0.03                           clknet_2_1__leaf_clk (net)
                  0.08    0.00    0.64 ^ _266_/CLK (sky130_fd_sc_hd__dfrtp_1)
                          0.25    0.89   clock uncertainty
                          0.00    0.89   clock reconvergence pessimism
                          0.71    1.60   library removal time
                                  1.60   data required time
-----------------------------------------------------------------------------
                                  1.60   data required time
                                 -4.70   data arrival time
-----------------------------------------------------------------------------
                                  3.10   slack (MET)


Startpoint: rst_n (input port clocked by clk)
Endpoint: _270_ (removal check against rising-edge clock clk)
Path Group: asynchronous
Path Type: min
Corner: Slowest

Fanout     Cap    Slew   Delay    Time   Description
-----------------------------------------------------------------------------
                          0.00    0.00   clock clk (rise edge)
                          0.00    0.00   clock network delay (propagated)
                          4.00    4.00 ^ input external delay
                  0.04    0.02    4.02 ^ rst_n (in)
     1    0.00                           rst_n (net)
                  0.04    0.00    4.02 ^ input1/A (sky130_fd_sc_hd__clkbuf_2)
                  0.22    0.27    4.29 ^ input1/X (sky130_fd_sc_hd__clkbuf_2)
     4    0.03                           net1 (net)
                  0.22    0.00    4.29 ^ fanout17/A (sky130_fd_sc_hd__clkbuf_4)
                  0.23    0.41    4.70 ^ fanout17/X (sky130_fd_sc_hd__clkbuf_4)
    10    0.05                           net17 (net)
                  0.23    0.00    4.70 ^ _270_/RESET_B (sky130_fd_sc_hd__dfrtp_1)
                                  4.70   data arrival time

                          0.00    0.00   clock clk (rise edge)
                          0.00    0.00   clock source latency
                  0.11    0.08    0.08 ^ clk (in)
     1    0.01                           clk (net)
                  0.11    0.00    0.08 ^ clkbuf_0_clk/A (sky130_fd_sc_hd__clkbuf_16)
                  0.10    0.29    0.37 ^ clkbuf_0_clk/X (sky130_fd_sc_hd__clkbuf_16)
     4    0.05                           clknet_0_clk (net)
                  0.10    0.00    0.37 ^ clkbuf_2_1__f_clk/A (sky130_fd_sc_hd__clkbuf_16)
                  0.08    0.27    0.64 ^ clkbuf_2_1__f_clk/X (sky130_fd_sc_hd__clkbuf_16)
    11    0.03                           clknet_2_1__leaf_clk (net)
                  0.08    0.00    0.64 ^ _270_/CLK (sky130_fd_sc_hd__dfrtp_1)
                          0.25    0.89   clock uncertainty
                          0.00    0.89   clock reconvergence pessimism
                          0.71    1.60   library removal time
                                  1.60   data required time
-----------------------------------------------------------------------------
                                  1.60   data required time
                                 -4.70   data arrival time
-----------------------------------------------------------------------------
                                  3.10   slack (MET)


Startpoint: rst_n (input port clocked by clk)
Endpoint: _285_ (removal check against rising-edge clock clk)
Path Group: asynchronous
Path Type: min
Corner: Slowest

Fanout     Cap    Slew   Delay    Time   Description
-----------------------------------------------------------------------------
                          0.00    0.00   clock clk (rise edge)
                          0.00    0.00   clock network delay (propagated)
                          4.00    4.00 ^ input external delay
                  0.04    0.02    4.02 ^ rst_n (in)
     1    0.00                           rst_n (net)
                  0.04    0.00    4.02 ^ input1/A (sky130_fd_sc_hd__clkbuf_2)
                  0.22    0.27    4.29 ^ input1/X (sky130_fd_sc_hd__clkbuf_2)
     4    0.03                           net1 (net)
                  0.22    0.00    4.29 ^ fanout17/A (sky130_fd_sc_hd__clkbuf_4)
                  0.23    0.41    4.70 ^ fanout17/X (sky130_fd_sc_hd__clkbuf_4)
    10    0.05                           net17 (net)
                  0.23    0.00    4.70 ^ _285_/RESET_B (sky130_fd_sc_hd__dfrtp_1)
                                  4.70   data arrival time

                          0.00    0.00   clock clk (rise edge)
                          0.00    0.00   clock source latency
                  0.11    0.08    0.08 ^ clk (in)
     1    0.01                           clk (net)
                  0.11    0.00    0.08 ^ clkbuf_0_clk/A (sky130_fd_sc_hd__clkbuf_16)
                  0.10    0.29    0.37 ^ clkbuf_0_clk/X (sky130_fd_sc_hd__clkbuf_16)
     4    0.05                           clknet_0_clk (net)
                  0.10    0.00    0.37 ^ clkbuf_2_1__f_clk/A (sky130_fd_sc_hd__clkbuf_16)
                  0.08    0.27    0.64 ^ clkbuf_2_1__f_clk/X (sky130_fd_sc_hd__clkbuf_16)
    11    0.03                           clknet_2_1__leaf_clk (net)
                  0.08    0.00    0.64 ^ _285_/CLK (sky130_fd_sc_hd__dfrtp_1)
                          0.25    0.89   clock uncertainty
                          0.00    0.89   clock reconvergence pessimism
                          0.71    1.60   library removal time
                                  1.60   data required time
-----------------------------------------------------------------------------
                                  1.60   data required time
                                 -4.70   data arrival time
-----------------------------------------------------------------------------
                                  3.10   slack (MET)


Startpoint: rst_n (input port clocked by clk)
Endpoint: _284_ (removal check against rising-edge clock clk)
Path Group: asynchronous
Path Type: min
Corner: Slowest

Fanout     Cap    Slew   Delay    Time   Description
-----------------------------------------------------------------------------
                          0.00    0.00   clock clk (rise edge)
                          0.00    0.00   clock network delay (propagated)
                          4.00    4.00 ^ input external delay
                  0.04    0.02    4.02 ^ rst_n (in)
     1    0.00                           rst_n (net)
                  0.04    0.00    4.02 ^ input1/A (sky130_fd_sc_hd__clkbuf_2)
                  0.22    0.27    4.29 ^ input1/X (sky130_fd_sc_hd__clkbuf_2)
     4    0.03                           net1 (net)
                  0.22    0.00    4.29 ^ fanout17/A (sky130_fd_sc_hd__clkbuf_4)
                  0.23    0.41    4.70 ^ fanout17/X (sky130_fd_sc_hd__clkbuf_4)
    10    0.05                           net17 (net)
                  0.23    0.00    4.70 ^ _284_/RESET_B (sky130_fd_sc_hd__dfrtp_1)
                                  4.70   data arrival time

                          0.00    0.00   clock clk (rise edge)
                          0.00    0.00   clock source latency
                  0.11    0.08    0.08 ^ clk (in)
     1    0.01                           clk (net)
                  0.11    0.00    0.08 ^ clkbuf_0_clk/A (sky130_fd_sc_hd__clkbuf_16)
                  0.10    0.29    0.37 ^ clkbuf_0_clk/X (sky130_fd_sc_hd__clkbuf_16)
     4    0.05                           clknet_0_clk (net)
                  0.10    0.00    0.37 ^ clkbuf_2_1__f_clk/A (sky130_fd_sc_hd__clkbuf_16)
                  0.08    0.27    0.64 ^ clkbuf_2_1__f_clk/X (sky130_fd_sc_hd__clkbuf_16)
    11    0.03                           clknet_2_1__leaf_clk (net)
                  0.08    0.00    0.64 ^ _284_/CLK (sky130_fd_sc_hd__dfrtp_1)
                          0.25    0.89   clock uncertainty
                          0.00    0.89   clock reconvergence pessimism
                          0.71    1.60   library removal time
                                  1.60   data required time
-----------------------------------------------------------------------------
                                  1.60   data required time
                                 -4.70   data arrival time
-----------------------------------------------------------------------------
                                  3.10   slack (MET)


Startpoint: rst_n (input port clocked by clk)
Endpoint: _268_ (removal check against rising-edge clock clk)
Path Group: asynchronous
Path Type: min
Corner: Slowest

Fanout     Cap    Slew   Delay    Time   Description
-----------------------------------------------------------------------------
                          0.00    0.00   clock clk (rise edge)
                          0.00    0.00   clock network delay (propagated)
                          4.00    4.00 ^ input external delay
                  0.04    0.02    4.02 ^ rst_n (in)
     1    0.00                           rst_n (net)
                  0.04    0.00    4.02 ^ input1/A (sky130_fd_sc_hd__clkbuf_2)
                  0.22    0.27    4.29 ^ input1/X (sky130_fd_sc_hd__clkbuf_2)
     4    0.03                           net1 (net)
                  0.22    0.00    4.29 ^ fanout17/A (sky130_fd_sc_hd__clkbuf_4)
                  0.23    0.41    4.70 ^ fanout17/X (sky130_fd_sc_hd__clkbuf_4)
    10    0.05                           net17 (net)
                  0.23    0.00    4.70 ^ _268_/RESET_B (sky130_fd_sc_hd__dfrtp_1)
                                  4.70   data arrival time

                          0.00    0.00   clock clk (rise edge)
                          0.00    0.00   clock source latency
                  0.11    0.08    0.08 ^ clk (in)
     1    0.01                           clk (net)
                  0.11    0.00    0.08 ^ clkbuf_0_clk/A (sky130_fd_sc_hd__clkbuf_16)
                  0.10    0.29    0.37 ^ clkbuf_0_clk/X (sky130_fd_sc_hd__clkbuf_16)
     4    0.05                           clknet_0_clk (net)
                  0.10    0.00    0.37 ^ clkbuf_2_1__f_clk/A (sky130_fd_sc_hd__clkbuf_16)
                  0.08    0.27    0.64 ^ clkbuf_2_1__f_clk/X (sky130_fd_sc_hd__clkbuf_16)
    11    0.03                           clknet_2_1__leaf_clk (net)
                  0.08    0.00    0.64 ^ _268_/CLK (sky130_fd_sc_hd__dfrtp_1)
                          0.25    0.89   clock uncertainty
                          0.00    0.89   clock reconvergence pessimism
                          0.71    1.60   library removal time
                                  1.60   data required time
-----------------------------------------------------------------------------
                                  1.60   data required time
                                 -4.70   data arrival time
-----------------------------------------------------------------------------
                                  3.10   slack (MET)


Startpoint: rst_n (input port clocked by clk)
Endpoint: _286_ (removal check against rising-edge clock clk)
Path Group: asynchronous
Path Type: min
Corner: Slowest

Fanout     Cap    Slew   Delay    Time   Description
-----------------------------------------------------------------------------
                          0.00    0.00   clock clk (rise edge)
                          0.00    0.00   clock network delay (propagated)
                          4.00    4.00 ^ input external delay
                  0.04    0.02    4.02 ^ rst_n (in)
     1    0.00                           rst_n (net)
                  0.04    0.00    4.02 ^ input1/A (sky130_fd_sc_hd__clkbuf_2)
                  0.22    0.27    4.29 ^ input1/X (sky130_fd_sc_hd__clkbuf_2)
     4    0.03                           net1 (net)
                  0.22    0.00    4.29 ^ fanout17/A (sky130_fd_sc_hd__clkbuf_4)
                  0.23    0.41    4.70 ^ fanout17/X (sky130_fd_sc_hd__clkbuf_4)
    10    0.05                           net17 (net)
                  0.23    0.00    4.70 ^ _286_/RESET_B (sky130_fd_sc_hd__dfrtp_1)
                                  4.70   data arrival time

                          0.00    0.00   clock clk (rise edge)
                          0.00    0.00   clock source latency
                  0.11    0.08    0.08 ^ clk (in)
     1    0.01                           clk (net)
                  0.11    0.00    0.08 ^ clkbuf_0_clk/A (sky130_fd_sc_hd__clkbuf_16)
                  0.10    0.29    0.37 ^ clkbuf_0_clk/X (sky130_fd_sc_hd__clkbuf_16)
     4    0.05                           clknet_0_clk (net)
                  0.10    0.00    0.37 ^ clkbuf_2_1__f_clk/A (sky130_fd_sc_hd__clkbuf_16)
                  0.08    0.27    0.64 ^ clkbuf_2_1__f_clk/X (sky130_fd_sc_hd__clkbuf_16)
    11    0.03                           clknet_2_1__leaf_clk (net)
                  0.08    0.00    0.64 ^ _286_/CLK (sky130_fd_sc_hd__dfrtp_1)
                          0.25    0.89   clock uncertainty
                          0.00    0.89   clock reconvergence pessimism
                          0.71    1.60   library removal time
                                  1.60   data required time
-----------------------------------------------------------------------------
                                  1.60   data required time
                                 -4.70   data arrival time
-----------------------------------------------------------------------------
                                  3.10   slack (MET)


Startpoint: rst_n (input port clocked by clk)
Endpoint: _267_ (removal check against rising-edge clock clk)
Path Group: asynchronous
Path Type: min
Corner: Slowest

Fanout     Cap    Slew   Delay    Time   Description
-----------------------------------------------------------------------------
                          0.00    0.00   clock clk (rise edge)
                          0.00    0.00   clock network delay (propagated)
                          4.00    4.00 ^ input external delay
                  0.04    0.02    4.02 ^ rst_n (in)
     1    0.00                           rst_n (net)
                  0.04    0.00    4.02 ^ input1/A (sky130_fd_sc_hd__clkbuf_2)
                  0.22    0.27    4.29 ^ input1/X (sky130_fd_sc_hd__clkbuf_2)
     4    0.03                           net1 (net)
                  0.22    0.00    4.29 ^ fanout17/A (sky130_fd_sc_hd__clkbuf_4)
                  0.23    0.41    4.70 ^ fanout17/X (sky130_fd_sc_hd__clkbuf_4)
    10    0.05                           net17 (net)
                  0.23    0.00    4.70 ^ _267_/RESET_B (sky130_fd_sc_hd__dfrtp_1)
                                  4.70   data arrival time

                          0.00    0.00   clock clk (rise edge)
                          0.00    0.00   clock source latency
                  0.11    0.08    0.08 ^ clk (in)
     1    0.01                           clk (net)
                  0.11    0.00    0.08 ^ clkbuf_0_clk/A (sky130_fd_sc_hd__clkbuf_16)
                  0.10    0.29    0.37 ^ clkbuf_0_clk/X (sky130_fd_sc_hd__clkbuf_16)
     4    0.05                           clknet_0_clk (net)
                  0.10    0.00    0.37 ^ clkbuf_2_1__f_clk/A (sky130_fd_sc_hd__clkbuf_16)
                  0.08    0.27    0.64 ^ clkbuf_2_1__f_clk/X (sky130_fd_sc_hd__clkbuf_16)
    11    0.03                           clknet_2_1__leaf_clk (net)
                  0.08    0.00    0.64 ^ _267_/CLK (sky130_fd_sc_hd__dfrtp_1)
                          0.25    0.89   clock uncertainty
                          0.00    0.89   clock reconvergence pessimism
                          0.71    1.60   library removal time
                                  1.60   data required time
-----------------------------------------------------------------------------
                                  1.60   data required time
                                 -4.70   data arrival time
-----------------------------------------------------------------------------
                                  3.10   slack (MET)


Startpoint: rst_n (input port clocked by clk)
Endpoint: _298_ (removal check against rising-edge clock clk)
Path Group: asynchronous
Path Type: min
Corner: Slowest

Fanout     Cap    Slew   Delay    Time   Description
-----------------------------------------------------------------------------
                          0.00    0.00   clock clk (rise edge)
                          0.00    0.00   clock network delay (propagated)
                          4.00    4.00 ^ input external delay
                  0.04    0.02    4.02 ^ rst_n (in)
     1    0.00                           rst_n (net)
                  0.04    0.00    4.02 ^ input1/A (sky130_fd_sc_hd__clkbuf_2)
                  0.22    0.27    4.29 ^ input1/X (sky130_fd_sc_hd__clkbuf_2)
     4    0.03                           net1 (net)
                  0.22    0.00    4.29 ^ fanout17/A (sky130_fd_sc_hd__clkbuf_4)
                  0.23    0.41    4.70 ^ fanout17/X (sky130_fd_sc_hd__clkbuf_4)
    10    0.05                           net17 (net)
                  0.23    0.00    4.70 ^ _298_/RESET_B (sky130_fd_sc_hd__dfrtp_1)
                                  4.70   data arrival time

                          0.00    0.00   clock clk (rise edge)
                          0.00    0.00   clock source latency
                  0.11    0.08    0.08 ^ clk (in)
     1    0.01                           clk (net)
                  0.11    0.00    0.08 ^ clkbuf_0_clk/A (sky130_fd_sc_hd__clkbuf_16)
                  0.10    0.29    0.37 ^ clkbuf_0_clk/X (sky130_fd_sc_hd__clkbuf_16)
     4    0.05                           clknet_0_clk (net)
                  0.10    0.00    0.37 ^ clkbuf_2_1__f_clk/A (sky130_fd_sc_hd__clkbuf_16)
                  0.08    0.27    0.64 ^ clkbuf_2_1__f_clk/X (sky130_fd_sc_hd__clkbuf_16)
    11    0.03                           clknet_2_1__leaf_clk (net)
                  0.08    0.00    0.64 ^ _298_/CLK (sky130_fd_sc_hd__dfrtp_1)
                          0.25    0.89   clock uncertainty
                          0.00    0.89   clock reconvergence pessimism
                          0.71    1.60   library removal time
                                  1.60   data required time
-----------------------------------------------------------------------------
                                  1.60   data required time
                                 -4.70   data arrival time
-----------------------------------------------------------------------------
                                  3.11   slack (MET)


Startpoint: rst_n (input port clocked by clk)
Endpoint: _273_ (removal check against rising-edge clock clk)
Path Group: asynchronous
Path Type: min
Corner: Slowest

Fanout     Cap    Slew   Delay    Time   Description
-----------------------------------------------------------------------------
                          0.00    0.00   clock clk (rise edge)
                          0.00    0.00   clock network delay (propagated)
                          4.00    4.00 ^ input external delay
                  0.04    0.02    4.02 ^ rst_n (in)
     1    0.00                           rst_n (net)
                  0.04    0.00    4.02 ^ input1/A (sky130_fd_sc_hd__clkbuf_2)
                  0.22    0.27    4.29 ^ input1/X (sky130_fd_sc_hd__clkbuf_2)
     4    0.03                           net1 (net)
                  0.22    0.00    4.29 ^ fanout16/A (sky130_fd_sc_hd__clkbuf_4)
                  0.20    0.39    4.68 ^ fanout16/X (sky130_fd_sc_hd__clkbuf_4)
     8    0.04                           net16 (net)
                  0.20    0.00    4.68 ^ _273_/RESET_B (sky130_fd_sc_hd__dfrtp_2)
                                  4.68   data arrival time

                          0.00    0.00   clock clk (rise edge)
                          0.00    0.00   clock source latency
                  0.11    0.08    0.08 ^ clk (in)
     1    0.01                           clk (net)
                  0.11    0.00    0.08 ^ clkbuf_0_clk/A (sky130_fd_sc_hd__clkbuf_16)
                  0.10    0.29    0.37 ^ clkbuf_0_clk/X (sky130_fd_sc_hd__clkbuf_16)
     4    0.05                           clknet_0_clk (net)
                  0.10    0.00    0.37 ^ clkbuf_2_2__f_clk/A (sky130_fd_sc_hd__clkbuf_16)
                  0.07    0.25    0.62 ^ clkbuf_2_2__f_clk/X (sky130_fd_sc_hd__clkbuf_16)
     8    0.02                           clknet_2_2__leaf_clk (net)
                  0.07    0.00    0.63 ^ _273_/CLK (sky130_fd_sc_hd__dfrtp_2)
                          0.25    0.88   clock uncertainty
                          0.00    0.88   clock reconvergence pessimism
                          0.70    1.58   library removal time
                                  1.58   data required time
-----------------------------------------------------------------------------
                                  1.58   data required time
                                 -4.68   data arrival time
-----------------------------------------------------------------------------
                                  3.11   slack (MET)


Startpoint: rst_n (input port clocked by clk)
Endpoint: _274_ (removal check against rising-edge clock clk)
Path Group: asynchronous
Path Type: min
Corner: Slowest

Fanout     Cap    Slew   Delay    Time   Description
-----------------------------------------------------------------------------
                          0.00    0.00   clock clk (rise edge)
                          0.00    0.00   clock network delay (propagated)
                          4.00    4.00 ^ input external delay
                  0.04    0.02    4.02 ^ rst_n (in)
     1    0.00                           rst_n (net)
                  0.04    0.00    4.02 ^ input1/A (sky130_fd_sc_hd__clkbuf_2)
                  0.22    0.27    4.29 ^ input1/X (sky130_fd_sc_hd__clkbuf_2)
     4    0.03                           net1 (net)
                  0.22    0.00    4.29 ^ fanout16/A (sky130_fd_sc_hd__clkbuf_4)
                  0.20    0.39    4.68 ^ fanout16/X (sky130_fd_sc_hd__clkbuf_4)
     8    0.04                           net16 (net)
                  0.20    0.00    4.69 ^ _274_/RESET_B (sky130_fd_sc_hd__dfrtp_4)
                                  4.69   data arrival time

                          0.00    0.00   clock clk (rise edge)
                          0.00    0.00   clock source latency
                  0.11    0.08    0.08 ^ clk (in)
     1    0.01                           clk (net)
                  0.11    0.00    0.08 ^ clkbuf_0_clk/A (sky130_fd_sc_hd__clkbuf_16)
                  0.10    0.29    0.37 ^ clkbuf_0_clk/X (sky130_fd_sc_hd__clkbuf_16)
     4    0.05                           clknet_0_clk (net)
                  0.10    0.00    0.37 ^ clkbuf_2_2__f_clk/A (sky130_fd_sc_hd__clkbuf_16)
                  0.07    0.25    0.62 ^ clkbuf_2_2__f_clk/X (sky130_fd_sc_hd__clkbuf_16)
     8    0.02                           clknet_2_2__leaf_clk (net)
                  0.07    0.00    0.63 ^ _274_/CLK (sky130_fd_sc_hd__dfrtp_4)
                          0.25    0.88   clock uncertainty
                          0.00    0.88   clock reconvergence pessimism
                          0.70    1.58   library removal time
                                  1.58   data required time
-----------------------------------------------------------------------------
                                  1.58   data required time
                                 -4.69   data arrival time
-----------------------------------------------------------------------------
                                  3.11   slack (MET)


Startpoint: rst_n (input port clocked by clk)
Endpoint: _282_ (removal check against rising-edge clock clk)
Path Group: asynchronous
Path Type: min
Corner: Slowest

Fanout     Cap    Slew   Delay    Time   Description
-----------------------------------------------------------------------------
                          0.00    0.00   clock clk (rise edge)
                          0.00    0.00   clock network delay (propagated)
                          4.00    4.00 ^ input external delay
                  0.04    0.02    4.02 ^ rst_n (in)
     1    0.00                           rst_n (net)
                  0.04    0.00    4.02 ^ input1/A (sky130_fd_sc_hd__clkbuf_2)
                  0.22    0.27    4.29 ^ input1/X (sky130_fd_sc_hd__clkbuf_2)
     4    0.03                           net1 (net)
                  0.22    0.00    4.29 ^ fanout16/A (sky130_fd_sc_hd__clkbuf_4)
                  0.20    0.39    4.68 ^ fanout16/X (sky130_fd_sc_hd__clkbuf_4)
     8    0.04                           net16 (net)
                  0.20    0.00    4.69 ^ _282_/RESET_B (sky130_fd_sc_hd__dfrtp_1)
                                  4.69   data arrival time

                          0.00    0.00   clock clk (rise edge)
                          0.00    0.00   clock source latency
                  0.11    0.08    0.08 ^ clk (in)
     1    0.01                           clk (net)
                  0.11    0.00    0.08 ^ clkbuf_0_clk/A (sky130_fd_sc_hd__clkbuf_16)
                  0.10    0.29    0.37 ^ clkbuf_0_clk/X (sky130_fd_sc_hd__clkbuf_16)
     4    0.05                           clknet_0_clk (net)
                  0.10    0.00    0.37 ^ clkbuf_2_2__f_clk/A (sky130_fd_sc_hd__clkbuf_16)
                  0.07    0.25    0.62 ^ clkbuf_2_2__f_clk/X (sky130_fd_sc_hd__clkbuf_16)
     8    0.02                           clknet_2_2__leaf_clk (net)
                  0.07    0.00    0.63 ^ _282_/CLK (sky130_fd_sc_hd__dfrtp_1)
                          0.25    0.88   clock uncertainty
                          0.00    0.88   clock reconvergence pessimism
                          0.70    1.57   library removal time
                                  1.57   data required time
-----------------------------------------------------------------------------
                                  1.57   data required time
                                 -4.69   data arrival time
-----------------------------------------------------------------------------
                                  3.11   slack (MET)


Startpoint: rst_n (input port clocked by clk)
Endpoint: _283_ (removal check against rising-edge clock clk)
Path Group: asynchronous
Path Type: min
Corner: Slowest

Fanout     Cap    Slew   Delay    Time   Description
-----------------------------------------------------------------------------
                          0.00    0.00   clock clk (rise edge)
                          0.00    0.00   clock network delay (propagated)
                          4.00    4.00 ^ input external delay
                  0.04    0.02    4.02 ^ rst_n (in)
     1    0.00                           rst_n (net)
                  0.04    0.00    4.02 ^ input1/A (sky130_fd_sc_hd__clkbuf_2)
                  0.22    0.27    4.29 ^ input1/X (sky130_fd_sc_hd__clkbuf_2)
     4    0.03                           net1 (net)
                  0.22    0.00    4.29 ^ fanout16/A (sky130_fd_sc_hd__clkbuf_4)
                  0.20    0.39    4.68 ^ fanout16/X (sky130_fd_sc_hd__clkbuf_4)
     8    0.04                           net16 (net)
                  0.20    0.00    4.69 ^ _283_/RESET_B (sky130_fd_sc_hd__dfrtp_1)
                                  4.69   data arrival time

                          0.00    0.00   clock clk (rise edge)
                          0.00    0.00   clock source latency
                  0.11    0.08    0.08 ^ clk (in)
     1    0.01                           clk (net)
                  0.11    0.00    0.08 ^ clkbuf_0_clk/A (sky130_fd_sc_hd__clkbuf_16)
                  0.10    0.29    0.37 ^ clkbuf_0_clk/X (sky130_fd_sc_hd__clkbuf_16)
     4    0.05                           clknet_0_clk (net)
                  0.10    0.00    0.37 ^ clkbuf_2_2__f_clk/A (sky130_fd_sc_hd__clkbuf_16)
                  0.07    0.25    0.62 ^ clkbuf_2_2__f_clk/X (sky130_fd_sc_hd__clkbuf_16)
     8    0.02                           clknet_2_2__leaf_clk (net)
                  0.07    0.00    0.63 ^ _283_/CLK (sky130_fd_sc_hd__dfrtp_1)
                          0.25    0.88   clock uncertainty
                          0.00    0.88   clock reconvergence pessimism
                          0.70    1.57   library removal time
                                  1.57   data required time
-----------------------------------------------------------------------------
                                  1.57   data required time
                                 -4.69   data arrival time
-----------------------------------------------------------------------------
                                  3.11   slack (MET)


Startpoint: rst_n (input port clocked by clk)
Endpoint: _287_ (removal check against rising-edge clock clk)
Path Group: asynchronous
Path Type: min
Corner: Slowest

Fanout     Cap    Slew   Delay    Time   Description
-----------------------------------------------------------------------------
                          0.00    0.00   clock clk (rise edge)
                          0.00    0.00   clock network delay (propagated)
                          4.00    4.00 ^ input external delay
                  0.04    0.02    4.02 ^ rst_n (in)
     1    0.00                           rst_n (net)
                  0.04    0.00    4.02 ^ input1/A (sky130_fd_sc_hd__clkbuf_2)
                  0.22    0.27    4.29 ^ input1/X (sky130_fd_sc_hd__clkbuf_2)
     4    0.03                           net1 (net)
                  0.22    0.00    4.29 ^ fanout15/A (sky130_fd_sc_hd__clkbuf_4)
                  0.23    0.41    4.70 ^ fanout15/X (sky130_fd_sc_hd__clkbuf_4)
    10    0.05                           net15 (net)
                  0.23    0.00    4.70 ^ _287_/RESET_B (sky130_fd_sc_hd__dfrtp_1)
                                  4.70   data arrival time

                          0.00    0.00   clock clk (rise edge)
                          0.00    0.00   clock source latency
                  0.11    0.08    0.08 ^ clk (in)
     1    0.01                           clk (net)
                  0.11    0.00    0.08 ^ clkbuf_0_clk/A (sky130_fd_sc_hd__clkbuf_16)
                  0.10    0.29    0.37 ^ clkbuf_0_clk/X (sky130_fd_sc_hd__clkbuf_16)
     4    0.05                           clknet_0_clk (net)
                  0.10    0.00    0.37 ^ clkbuf_2_0__f_clk/A (sky130_fd_sc_hd__clkbuf_16)
                  0.08    0.26    0.63 ^ clkbuf_2_0__f_clk/X (sky130_fd_sc_hd__clkbuf_16)
     9    0.03                           clknet_2_0__leaf_clk (net)
                  0.08    0.00    0.63 ^ _287_/CLK (sky130_fd_sc_hd__dfrtp_1)
                          0.25    0.88   clock uncertainty
                          0.00    0.88   clock reconvergence pessimism
                          0.71    1.59   library removal time
                                  1.59   data required time
-----------------------------------------------------------------------------
                                  1.59   data required time
                                 -4.70   data arrival time
-----------------------------------------------------------------------------
                                  3.11   slack (MET)


Startpoint: rst_n (input port clocked by clk)
Endpoint: _275_ (removal check against rising-edge clock clk)
Path Group: asynchronous
Path Type: min
Corner: Slowest

Fanout     Cap    Slew   Delay    Time   Description
-----------------------------------------------------------------------------
                          0.00    0.00   clock clk (rise edge)
                          0.00    0.00   clock network delay (propagated)
                          4.00    4.00 ^ input external delay
                  0.04    0.02    4.02 ^ rst_n (in)
     1    0.00                           rst_n (net)
                  0.04    0.00    4.02 ^ input1/A (sky130_fd_sc_hd__clkbuf_2)
                  0.22    0.27    4.29 ^ input1/X (sky130_fd_sc_hd__clkbuf_2)
     4    0.03                           net1 (net)
                  0.22    0.00    4.29 ^ fanout16/A (sky130_fd_sc_hd__clkbuf_4)
                  0.20    0.39    4.68 ^ fanout16/X (sky130_fd_sc_hd__clkbuf_4)
     8    0.04                           net16 (net)
                  0.20    0.00    4.69 ^ _275_/RESET_B (sky130_fd_sc_hd__dfrtp_2)
                                  4.69   data arrival time

                          0.00    0.00   clock clk (rise edge)
                          0.00    0.00   clock source latency
                  0.11    0.08    0.08 ^ clk (in)
     1    0.01                           clk (net)
                  0.11    0.00    0.08 ^ clkbuf_0_clk/A (sky130_fd_sc_hd__clkbuf_16)
                  0.10    0.29    0.37 ^ clkbuf_0_clk/X (sky130_fd_sc_hd__clkbuf_16)
     4    0.05                           clknet_0_clk (net)
                  0.10    0.00    0.37 ^ clkbuf_2_2__f_clk/A (sky130_fd_sc_hd__clkbuf_16)
                  0.07    0.25    0.62 ^ clkbuf_2_2__f_clk/X (sky130_fd_sc_hd__clkbuf_16)
     8    0.02                           clknet_2_2__leaf_clk (net)
                  0.07    0.00    0.63 ^ _275_/CLK (sky130_fd_sc_hd__dfrtp_2)
                          0.25    0.88   clock uncertainty
                          0.00    0.88   clock reconvergence pessimism
                          0.70    1.57   library removal time
                                  1.57   data required time
-----------------------------------------------------------------------------
                                  1.57   data required time
                                 -4.69   data arrival time
-----------------------------------------------------------------------------
                                  3.11   slack (MET)


Startpoint: rst_n (input port clocked by clk)
Endpoint: _295_ (removal check against rising-edge clock clk)
Path Group: asynchronous
Path Type: min
Corner: Slowest

Fanout     Cap    Slew   Delay    Time   Description
-----------------------------------------------------------------------------
                          0.00    0.00   clock clk (rise edge)
                          0.00    0.00   clock network delay (propagated)
                          4.00    4.00 ^ input external delay
                  0.04    0.02    4.02 ^ rst_n (in)
     1    0.00                           rst_n (net)
                  0.04    0.00    4.02 ^ input1/A (sky130_fd_sc_hd__clkbuf_2)
                  0.22    0.27    4.29 ^ input1/X (sky130_fd_sc_hd__clkbuf_2)
     4    0.03                           net1 (net)
                  0.22    0.00    4.29 ^ fanout15/A (sky130_fd_sc_hd__clkbuf_4)
                  0.23    0.41    4.70 ^ fanout15/X (sky130_fd_sc_hd__clkbuf_4)
    10    0.05                           net15 (net)
                  0.23    0.00    4.70 ^ _295_/RESET_B (sky130_fd_sc_hd__dfrtp_1)
                                  4.70   data arrival time

                          0.00    0.00   clock clk (rise edge)
                          0.00    0.00   clock source latency
                  0.11    0.08    0.08 ^ clk (in)
     1    0.01                           clk (net)
                  0.11    0.00    0.08 ^ clkbuf_0_clk/A (sky130_fd_sc_hd__clkbuf_16)
                  0.10    0.29    0.37 ^ clkbuf_0_clk/X (sky130_fd_sc_hd__clkbuf_16)
     4    0.05                           clknet_0_clk (net)
                  0.10    0.00    0.37 ^ clkbuf_2_0__f_clk/A (sky130_fd_sc_hd__clkbuf_16)
                  0.08    0.26    0.63 ^ clkbuf_2_0__f_clk/X (sky130_fd_sc_hd__clkbuf_16)
     9    0.03                           clknet_2_0__leaf_clk (net)
                  0.08    0.00    0.63 ^ _295_/CLK (sky130_fd_sc_hd__dfrtp_1)
                          0.25    0.88   clock uncertainty
                          0.00    0.88   clock reconvergence pessimism
                          0.71    1.59   library removal time
                                  1.59   data required time
-----------------------------------------------------------------------------
                                  1.59   data required time
                                 -4.70   data arrival time
-----------------------------------------------------------------------------
                                  3.11   slack (MET)


Startpoint: rst_n (input port clocked by clk)
Endpoint: _276_ (removal check against rising-edge clock clk)
Path Group: asynchronous
Path Type: min
Corner: Slowest

Fanout     Cap    Slew   Delay    Time   Description
-----------------------------------------------------------------------------
                          0.00    0.00   clock clk (rise edge)
                          0.00    0.00   clock network delay (propagated)
                          4.00    4.00 ^ input external delay
                  0.04    0.02    4.02 ^ rst_n (in)
     1    0.00                           rst_n (net)
                  0.04    0.00    4.02 ^ input1/A (sky130_fd_sc_hd__clkbuf_2)
                  0.22    0.27    4.29 ^ input1/X (sky130_fd_sc_hd__clkbuf_2)
     4    0.03                           net1 (net)
                  0.22    0.00    4.29 ^ fanout16/A (sky130_fd_sc_hd__clkbuf_4)
                  0.20    0.39    4.68 ^ fanout16/X (sky130_fd_sc_hd__clkbuf_4)
     8    0.04                           net16 (net)
                  0.20    0.00    4.69 ^ _276_/RESET_B (sky130_fd_sc_hd__dfrtp_2)
                                  4.69   data arrival time

                          0.00    0.00   clock clk (rise edge)
                          0.00    0.00   clock source latency
                  0.11    0.08    0.08 ^ clk (in)
     1    0.01                           clk (net)
                  0.11    0.00    0.08 ^ clkbuf_0_clk/A (sky130_fd_sc_hd__clkbuf_16)
                  0.10    0.29    0.37 ^ clkbuf_0_clk/X (sky130_fd_sc_hd__clkbuf_16)
     4    0.05                           clknet_0_clk (net)
                  0.10    0.00    0.37 ^ clkbuf_2_2__f_clk/A (sky130_fd_sc_hd__clkbuf_16)
                  0.07    0.25    0.62 ^ clkbuf_2_2__f_clk/X (sky130_fd_sc_hd__clkbuf_16)
     8    0.02                           clknet_2_2__leaf_clk (net)
                  0.07    0.00    0.63 ^ _276_/CLK (sky130_fd_sc_hd__dfrtp_2)
                          0.25    0.88   clock uncertainty
                          0.00    0.88   clock reconvergence pessimism
                          0.70    1.57   library removal time
                                  1.57   data required time
-----------------------------------------------------------------------------
                                  1.57   data required time
                                 -4.69   data arrival time
-----------------------------------------------------------------------------
                                  3.11   slack (MET)


Startpoint: rst_n (input port clocked by clk)
Endpoint: _277_ (removal check against rising-edge clock clk)
Path Group: asynchronous
Path Type: min
Corner: Slowest

Fanout     Cap    Slew   Delay    Time   Description
-----------------------------------------------------------------------------
                          0.00    0.00   clock clk (rise edge)
                          0.00    0.00   clock network delay (propagated)
                          4.00    4.00 ^ input external delay
                  0.04    0.02    4.02 ^ rst_n (in)
     1    0.00                           rst_n (net)
                  0.04    0.00    4.02 ^ input1/A (sky130_fd_sc_hd__clkbuf_2)
                  0.22    0.27    4.29 ^ input1/X (sky130_fd_sc_hd__clkbuf_2)
     4    0.03                           net1 (net)
                  0.22    0.00    4.29 ^ fanout16/A (sky130_fd_sc_hd__clkbuf_4)
                  0.20    0.39    4.68 ^ fanout16/X (sky130_fd_sc_hd__clkbuf_4)
     8    0.04                           net16 (net)
                  0.20    0.00    4.69 ^ _277_/RESET_B (sky130_fd_sc_hd__dfrtp_1)
                                  4.69   data arrival time

                          0.00    0.00   clock clk (rise edge)
                          0.00    0.00   clock source latency
                  0.11    0.08    0.08 ^ clk (in)
     1    0.01                           clk (net)
                  0.11    0.00    0.08 ^ clkbuf_0_clk/A (sky130_fd_sc_hd__clkbuf_16)
                  0.10    0.29    0.37 ^ clkbuf_0_clk/X (sky130_fd_sc_hd__clkbuf_16)
     4    0.05                           clknet_0_clk (net)
                  0.10    0.00    0.37 ^ clkbuf_2_2__f_clk/A (sky130_fd_sc_hd__clkbuf_16)
                  0.07    0.25    0.62 ^ clkbuf_2_2__f_clk/X (sky130_fd_sc_hd__clkbuf_16)
     8    0.02                           clknet_2_2__leaf_clk (net)
                  0.07    0.00    0.63 ^ _277_/CLK (sky130_fd_sc_hd__dfrtp_1)
                          0.25    0.88   clock uncertainty
                          0.00    0.88   clock reconvergence pessimism
                          0.70    1.57   library removal time
                                  1.57   data required time
-----------------------------------------------------------------------------
                                  1.57   data required time
                                 -4.69   data arrival time
-----------------------------------------------------------------------------
                                  3.11   slack (MET)


Startpoint: rst_n (input port clocked by clk)
Endpoint: _288_ (removal check against rising-edge clock clk)
Path Group: asynchronous
Path Type: min
Corner: Slowest

Fanout     Cap    Slew   Delay    Time   Description
-----------------------------------------------------------------------------
                          0.00    0.00   clock clk (rise edge)
                          0.00    0.00   clock network delay (propagated)
                          4.00    4.00 ^ input external delay
                  0.04    0.02    4.02 ^ rst_n (in)
     1    0.00                           rst_n (net)
                  0.04    0.00    4.02 ^ input1/A (sky130_fd_sc_hd__clkbuf_2)
                  0.22    0.27    4.29 ^ input1/X (sky130_fd_sc_hd__clkbuf_2)
     4    0.03                           net1 (net)
                  0.22    0.00    4.29 ^ fanout15/A (sky130_fd_sc_hd__clkbuf_4)
                  0.23    0.41    4.70 ^ fanout15/X (sky130_fd_sc_hd__clkbuf_4)
    10    0.05                           net15 (net)
                  0.23    0.00    4.70 ^ _288_/RESET_B (sky130_fd_sc_hd__dfrtp_1)
                                  4.70   data arrival time

                          0.00    0.00   clock clk (rise edge)
                          0.00    0.00   clock source latency
                  0.11    0.08    0.08 ^ clk (in)
     1    0.01                           clk (net)
                  0.11    0.00    0.08 ^ clkbuf_0_clk/A (sky130_fd_sc_hd__clkbuf_16)
                  0.10    0.29    0.37 ^ clkbuf_0_clk/X (sky130_fd_sc_hd__clkbuf_16)
     4    0.05                           clknet_0_clk (net)
                  0.10    0.00    0.37 ^ clkbuf_2_0__f_clk/A (sky130_fd_sc_hd__clkbuf_16)
                  0.08    0.26    0.63 ^ clkbuf_2_0__f_clk/X (sky130_fd_sc_hd__clkbuf_16)
     9    0.03                           clknet_2_0__leaf_clk (net)
                  0.08    0.00    0.63 ^ _288_/CLK (sky130_fd_sc_hd__dfrtp_1)
                          0.25    0.88   clock uncertainty
                          0.00    0.88   clock reconvergence pessimism
                          0.71    1.59   library removal time
                                  1.59   data required time
-----------------------------------------------------------------------------
                                  1.59   data required time
                                 -4.70   data arrival time
-----------------------------------------------------------------------------
                                  3.11   slack (MET)


Startpoint: rst_n (input port clocked by clk)
Endpoint: _290_ (removal check against rising-edge clock clk)
Path Group: asynchronous
Path Type: min
Corner: Slowest

Fanout     Cap    Slew   Delay    Time   Description
-----------------------------------------------------------------------------
                          0.00    0.00   clock clk (rise edge)
                          0.00    0.00   clock network delay (propagated)
                          4.00    4.00 ^ input external delay
                  0.04    0.02    4.02 ^ rst_n (in)
     1    0.00                           rst_n (net)
                  0.04    0.00    4.02 ^ input1/A (sky130_fd_sc_hd__clkbuf_2)
                  0.22    0.27    4.29 ^ input1/X (sky130_fd_sc_hd__clkbuf_2)
     4    0.03                           net1 (net)
                  0.22    0.00    4.29 ^ fanout15/A (sky130_fd_sc_hd__clkbuf_4)
                  0.23    0.41    4.70 ^ fanout15/X (sky130_fd_sc_hd__clkbuf_4)
    10    0.05                           net15 (net)
                  0.23    0.00    4.70 ^ _290_/RESET_B (sky130_fd_sc_hd__dfrtp_1)
                                  4.70   data arrival time

                          0.00    0.00   clock clk (rise edge)
                          0.00    0.00   clock source latency
                  0.11    0.08    0.08 ^ clk (in)
     1    0.01                           clk (net)
                  0.11    0.00    0.08 ^ clkbuf_0_clk/A (sky130_fd_sc_hd__clkbuf_16)
                  0.10    0.29    0.37 ^ clkbuf_0_clk/X (sky130_fd_sc_hd__clkbuf_16)
     4    0.05                           clknet_0_clk (net)
                  0.10    0.00    0.37 ^ clkbuf_2_0__f_clk/A (sky130_fd_sc_hd__clkbuf_16)
                  0.08    0.26    0.63 ^ clkbuf_2_0__f_clk/X (sky130_fd_sc_hd__clkbuf_16)
     9    0.03                           clknet_2_0__leaf_clk (net)
                  0.08    0.00    0.63 ^ _290_/CLK (sky130_fd_sc_hd__dfrtp_1)
                          0.25    0.88   clock uncertainty
                          0.00    0.88   clock reconvergence pessimism
                          0.71    1.59   library removal time
                                  1.59   data required time
-----------------------------------------------------------------------------
                                  1.59   data required time
                                 -4.70   data arrival time
-----------------------------------------------------------------------------
                                  3.11   slack (MET)


Startpoint: rst_n (input port clocked by clk)
Endpoint: _289_ (removal check against rising-edge clock clk)
Path Group: asynchronous
Path Type: min
Corner: Slowest

Fanout     Cap    Slew   Delay    Time   Description
-----------------------------------------------------------------------------
                          0.00    0.00   clock clk (rise edge)
                          0.00    0.00   clock network delay (propagated)
                          4.00    4.00 ^ input external delay
                  0.04    0.02    4.02 ^ rst_n (in)
     1    0.00                           rst_n (net)
                  0.04    0.00    4.02 ^ input1/A (sky130_fd_sc_hd__clkbuf_2)
                  0.22    0.27    4.29 ^ input1/X (sky130_fd_sc_hd__clkbuf_2)
     4    0.03                           net1 (net)
                  0.22    0.00    4.29 ^ fanout15/A (sky130_fd_sc_hd__clkbuf_4)
                  0.23    0.41    4.70 ^ fanout15/X (sky130_fd_sc_hd__clkbuf_4)
    10    0.05                           net15 (net)
                  0.23    0.00    4.70 ^ _289_/RESET_B (sky130_fd_sc_hd__dfrtp_1)
                                  4.70   data arrival time

                          0.00    0.00   clock clk (rise edge)
                          0.00    0.00   clock source latency
                  0.11    0.08    0.08 ^ clk (in)
     1    0.01                           clk (net)
                  0.11    0.00    0.08 ^ clkbuf_0_clk/A (sky130_fd_sc_hd__clkbuf_16)
                  0.10    0.29    0.37 ^ clkbuf_0_clk/X (sky130_fd_sc_hd__clkbuf_16)
     4    0.05                           clknet_0_clk (net)
                  0.10    0.00    0.37 ^ clkbuf_2_0__f_clk/A (sky130_fd_sc_hd__clkbuf_16)
                  0.08    0.26    0.63 ^ clkbuf_2_0__f_clk/X (sky130_fd_sc_hd__clkbuf_16)
     9    0.03                           clknet_2_0__leaf_clk (net)
                  0.08    0.00    0.63 ^ _289_/CLK (sky130_fd_sc_hd__dfrtp_1)
                          0.25    0.88   clock uncertainty
                          0.00    0.88   clock reconvergence pessimism
                          0.71    1.59   library removal time
                                  1.59   data required time
-----------------------------------------------------------------------------
                                  1.59   data required time
                                 -4.70   data arrival time
-----------------------------------------------------------------------------
                                  3.11   slack (MET)


Startpoint: rst_n (input port clocked by clk)
Endpoint: _293_ (removal check against rising-edge clock clk)
Path Group: asynchronous
Path Type: min
Corner: Slowest

Fanout     Cap    Slew   Delay    Time   Description
-----------------------------------------------------------------------------
                          0.00    0.00   clock clk (rise edge)
                          0.00    0.00   clock network delay (propagated)
                          4.00    4.00 ^ input external delay
                  0.04    0.02    4.02 ^ rst_n (in)
     1    0.00                           rst_n (net)
                  0.04    0.00    4.02 ^ input1/A (sky130_fd_sc_hd__clkbuf_2)
                  0.22    0.27    4.29 ^ input1/X (sky130_fd_sc_hd__clkbuf_2)
     4    0.03                           net1 (net)
                  0.22    0.00    4.29 ^ fanout15/A (sky130_fd_sc_hd__clkbuf_4)
                  0.23    0.41    4.70 ^ fanout15/X (sky130_fd_sc_hd__clkbuf_4)
    10    0.05                           net15 (net)
                  0.23    0.00    4.70 ^ _293_/RESET_B (sky130_fd_sc_hd__dfrtp_1)
                                  4.70   data arrival time

                          0.00    0.00   clock clk (rise edge)
                          0.00    0.00   clock source latency
                  0.11    0.08    0.08 ^ clk (in)
     1    0.01                           clk (net)
                  0.11    0.00    0.08 ^ clkbuf_0_clk/A (sky130_fd_sc_hd__clkbuf_16)
                  0.10    0.29    0.37 ^ clkbuf_0_clk/X (sky130_fd_sc_hd__clkbuf_16)
     4    0.05                           clknet_0_clk (net)
                  0.10    0.00    0.37 ^ clkbuf_2_0__f_clk/A (sky130_fd_sc_hd__clkbuf_16)
                  0.08    0.26    0.63 ^ clkbuf_2_0__f_clk/X (sky130_fd_sc_hd__clkbuf_16)
     9    0.03                           clknet_2_0__leaf_clk (net)
                  0.08    0.00    0.63 ^ _293_/CLK (sky130_fd_sc_hd__dfrtp_1)
                          0.25    0.88   clock uncertainty
                          0.00    0.88   clock reconvergence pessimism
                          0.71    1.59   library removal time
                                  1.59   data required time
-----------------------------------------------------------------------------
                                  1.59   data required time
                                 -4.70   data arrival time
-----------------------------------------------------------------------------
                                  3.11   slack (MET)


Startpoint: rst_n (input port clocked by clk)
Endpoint: _294_ (removal check against rising-edge clock clk)
Path Group: asynchronous
Path Type: min
Corner: Slowest

Fanout     Cap    Slew   Delay    Time   Description
-----------------------------------------------------------------------------
                          0.00    0.00   clock clk (rise edge)
                          0.00    0.00   clock network delay (propagated)
                          4.00    4.00 ^ input external delay
                  0.04    0.02    4.02 ^ rst_n (in)
     1    0.00                           rst_n (net)
                  0.04    0.00    4.02 ^ input1/A (sky130_fd_sc_hd__clkbuf_2)
                  0.22    0.27    4.29 ^ input1/X (sky130_fd_sc_hd__clkbuf_2)
     4    0.03                           net1 (net)
                  0.22    0.00    4.29 ^ fanout15/A (sky130_fd_sc_hd__clkbuf_4)
                  0.23    0.41    4.70 ^ fanout15/X (sky130_fd_sc_hd__clkbuf_4)
    10    0.05                           net15 (net)
                  0.23    0.00    4.70 ^ _294_/RESET_B (sky130_fd_sc_hd__dfrtp_1)
                                  4.70   data arrival time

                          0.00    0.00   clock clk (rise edge)
                          0.00    0.00   clock source latency
                  0.11    0.08    0.08 ^ clk (in)
     1    0.01                           clk (net)
                  0.11    0.00    0.08 ^ clkbuf_0_clk/A (sky130_fd_sc_hd__clkbuf_16)
                  0.10    0.29    0.37 ^ clkbuf_0_clk/X (sky130_fd_sc_hd__clkbuf_16)
     4    0.05                           clknet_0_clk (net)
                  0.10    0.00    0.37 ^ clkbuf_2_0__f_clk/A (sky130_fd_sc_hd__clkbuf_16)
                  0.08    0.26    0.63 ^ clkbuf_2_0__f_clk/X (sky130_fd_sc_hd__clkbuf_16)
     9    0.03                           clknet_2_0__leaf_clk (net)
                  0.08    0.00    0.63 ^ _294_/CLK (sky130_fd_sc_hd__dfrtp_1)
                          0.25    0.88   clock uncertainty
                          0.00    0.88   clock reconvergence pessimism
                          0.71    1.59   library removal time
                                  1.59   data required time
-----------------------------------------------------------------------------
                                  1.59   data required time
                                 -4.70   data arrival time
-----------------------------------------------------------------------------
                                  3.11   slack (MET)


Startpoint: rst_n (input port clocked by clk)
Endpoint: _292_ (removal check against rising-edge clock clk)
Path Group: asynchronous
Path Type: min
Corner: Slowest

Fanout     Cap    Slew   Delay    Time   Description
-----------------------------------------------------------------------------
                          0.00    0.00   clock clk (rise edge)
                          0.00    0.00   clock network delay (propagated)
                          4.00    4.00 ^ input external delay
                  0.04    0.02    4.02 ^ rst_n (in)
     1    0.00                           rst_n (net)
                  0.04    0.00    4.02 ^ input1/A (sky130_fd_sc_hd__clkbuf_2)
                  0.22    0.27    4.29 ^ input1/X (sky130_fd_sc_hd__clkbuf_2)
     4    0.03                           net1 (net)
                  0.22    0.00    4.29 ^ fanout15/A (sky130_fd_sc_hd__clkbuf_4)
                  0.23    0.41    4.70 ^ fanout15/X (sky130_fd_sc_hd__clkbuf_4)
    10    0.05                           net15 (net)
                  0.23    0.00    4.70 ^ _292_/RESET_B (sky130_fd_sc_hd__dfrtp_1)
                                  4.70   data arrival time

                          0.00    0.00   clock clk (rise edge)
                          0.00    0.00   clock source latency
                  0.11    0.08    0.08 ^ clk (in)
     1    0.01                           clk (net)
                  0.11    0.00    0.08 ^ clkbuf_0_clk/A (sky130_fd_sc_hd__clkbuf_16)
                  0.10    0.29    0.37 ^ clkbuf_0_clk/X (sky130_fd_sc_hd__clkbuf_16)
     4    0.05                           clknet_0_clk (net)
                  0.10    0.00    0.37 ^ clkbuf_2_0__f_clk/A (sky130_fd_sc_hd__clkbuf_16)
                  0.08    0.26    0.63 ^ clkbuf_2_0__f_clk/X (sky130_fd_sc_hd__clkbuf_16)
     9    0.03                           clknet_2_0__leaf_clk (net)
                  0.08    0.00    0.63 ^ _292_/CLK (sky130_fd_sc_hd__dfrtp_1)
                          0.25    0.88   clock uncertainty
                          0.00    0.88   clock reconvergence pessimism
                          0.71    1.59   library removal time
                                  1.59   data required time
-----------------------------------------------------------------------------
                                  1.59   data required time
                                 -4.70   data arrival time
-----------------------------------------------------------------------------
                                  3.11   slack (MET)


Startpoint: rst_n (input port clocked by clk)
Endpoint: _291_ (removal check against rising-edge clock clk)
Path Group: asynchronous
Path Type: min
Corner: Slowest

Fanout     Cap    Slew   Delay    Time   Description
-----------------------------------------------------------------------------
                          0.00    0.00   clock clk (rise edge)
                          0.00    0.00   clock network delay (propagated)
                          4.00    4.00 ^ input external delay
                  0.04    0.02    4.02 ^ rst_n (in)
     1    0.00                           rst_n (net)
                  0.04    0.00    4.02 ^ input1/A (sky130_fd_sc_hd__clkbuf_2)
                  0.22    0.27    4.29 ^ input1/X (sky130_fd_sc_hd__clkbuf_2)
     4    0.03                           net1 (net)
                  0.22    0.00    4.29 ^ fanout15/A (sky130_fd_sc_hd__clkbuf_4)
                  0.23    0.41    4.70 ^ fanout15/X (sky130_fd_sc_hd__clkbuf_4)
    10    0.05                           net15 (net)
                  0.23    0.00    4.70 ^ _291_/RESET_B (sky130_fd_sc_hd__dfrtp_1)
                                  4.70   data arrival time

                          0.00    0.00   clock clk (rise edge)
                          0.00    0.00   clock source latency
                  0.11    0.08    0.08 ^ clk (in)
     1    0.01                           clk (net)
                  0.11    0.00    0.08 ^ clkbuf_0_clk/A (sky130_fd_sc_hd__clkbuf_16)
                  0.10    0.29    0.37 ^ clkbuf_0_clk/X (sky130_fd_sc_hd__clkbuf_16)
     4    0.05                           clknet_0_clk (net)
                  0.10    0.00    0.37 ^ clkbuf_2_0__f_clk/A (sky130_fd_sc_hd__clkbuf_16)
                  0.08    0.26    0.63 ^ clkbuf_2_0__f_clk/X (sky130_fd_sc_hd__clkbuf_16)
     9    0.03                           clknet_2_0__leaf_clk (net)
                  0.08    0.00    0.63 ^ _291_/CLK (sky130_fd_sc_hd__dfrtp_1)
                          0.25    0.88   clock uncertainty
                          0.00    0.88   clock reconvergence pessimism
                          0.71    1.59   library removal time
                                  1.59   data required time
-----------------------------------------------------------------------------
                                  1.59   data required time
                                 -4.70   data arrival time
-----------------------------------------------------------------------------
                                  3.11   slack (MET)


Startpoint: rst_n (input port clocked by clk)
Endpoint: _272_ (removal check against rising-edge clock clk)
Path Group: asynchronous
Path Type: min
Corner: Slowest

Fanout     Cap    Slew   Delay    Time   Description
-----------------------------------------------------------------------------
                          0.00    0.00   clock clk (rise edge)
                          0.00    0.00   clock network delay (propagated)
                          4.00    4.00 ^ input external delay
                  0.04    0.02    4.02 ^ rst_n (in)
     1    0.00                           rst_n (net)
                  0.04    0.00    4.02 ^ input1/A (sky130_fd_sc_hd__clkbuf_2)
                  0.22    0.27    4.29 ^ input1/X (sky130_fd_sc_hd__clkbuf_2)
     4    0.03                           net1 (net)
                  0.22    0.00    4.29 ^ fanout15/A (sky130_fd_sc_hd__clkbuf_4)
                  0.23    0.41    4.70 ^ fanout15/X (sky130_fd_sc_hd__clkbuf_4)
    10    0.05                           net15 (net)
                  0.23    0.00    4.70 ^ _272_/RESET_B (sky130_fd_sc_hd__dfrtp_1)
                                  4.70   data arrival time

                          0.00    0.00   clock clk (rise edge)
                          0.00    0.00   clock source latency
                  0.11    0.08    0.08 ^ clk (in)
     1    0.01                           clk (net)
                  0.11    0.00    0.08 ^ clkbuf_0_clk/A (sky130_fd_sc_hd__clkbuf_16)
                  0.10    0.29    0.37 ^ clkbuf_0_clk/X (sky130_fd_sc_hd__clkbuf_16)
     4    0.05                           clknet_0_clk (net)
                  0.10    0.00    0.37 ^ clkbuf_2_2__f_clk/A (sky130_fd_sc_hd__clkbuf_16)
                  0.07    0.25    0.62 ^ clkbuf_2_2__f_clk/X (sky130_fd_sc_hd__clkbuf_16)
     8    0.02                           clknet_2_2__leaf_clk (net)
                  0.07    0.00    0.63 ^ _272_/CLK (sky130_fd_sc_hd__dfrtp_1)
                          0.25    0.88   clock uncertainty
                          0.00    0.88   clock reconvergence pessimism
                          0.71    1.58   library removal time
                                  1.58   data required time
-----------------------------------------------------------------------------
                                  1.58   data required time
                                 -4.70   data arrival time
-----------------------------------------------------------------------------
                                  3.12   slack (MET)


Startpoint: _273_ (rising edge-triggered flip-flop clocked by clk)
Endpoint: sleep_ack (output port clocked by clk)
Path Group: clk
Path Type: min
Corner: Slowest

Fanout     Cap    Slew   Delay    Time   Description
-----------------------------------------------------------------------------
                          0.00    0.00   clock clk (rise edge)
                          0.00    0.00   clock source latency
                  0.11    0.07    0.07 ^ clk (in)
     1    0.01                           clk (net)
                  0.11    0.00    0.07 ^ clkbuf_0_clk/A (sky130_fd_sc_hd__clkbuf_16)
                  0.10    0.26    0.33 ^ clkbuf_0_clk/X (sky130_fd_sc_hd__clkbuf_16)
     4    0.05                           clknet_0_clk (net)
                  0.10    0.00    0.34 ^ clkbuf_2_2__f_clk/A (sky130_fd_sc_hd__clkbuf_16)
                  0.07    0.23    0.56 ^ clkbuf_2_2__f_clk/X (sky130_fd_sc_hd__clkbuf_16)
     8    0.02                           clknet_2_2__leaf_clk (net)
                  0.07    0.00    0.57 ^ _273_/CLK (sky130_fd_sc_hd__dfrtp_2)
                  0.20    0.77    1.34 ^ _273_/Q (sky130_fd_sc_hd__dfrtp_2)
     5    0.02                           net12 (net)
                  0.20    0.00    1.34 ^ output12/A (sky130_fd_sc_hd__clkbuf_4)
                  0.18    0.37    1.71 ^ output12/X (sky130_fd_sc_hd__clkbuf_4)
     1    0.03                           sleep_ack (net)
                  0.18    0.00    1.71 ^ sleep_ack (out)
                                  1.71   data arrival time

                          0.00    0.00   clock clk (rise edge)
                          0.00    0.00   clock network delay (propagated)
                          0.25    0.25   clock uncertainty
                          0.00    0.25   clock reconvergence pessimism
                         -4.00   -3.75   output external delay
                                 -3.75   data required time
-----------------------------------------------------------------------------
                                 -3.75   data required time
                                 -1.71   data arrival time
-----------------------------------------------------------------------------
                                  5.46   slack (MET)


Startpoint: _288_ (rising edge-triggered flip-flop clocked by clk)
Endpoint: tx (output port clocked by clk)
Path Group: clk
Path Type: min
Corner: Slowest

Fanout     Cap    Slew   Delay    Time   Description
-----------------------------------------------------------------------------
                          0.00    0.00   clock clk (rise edge)
                          0.00    0.00   clock source latency
                  0.11    0.07    0.07 ^ clk (in)
     1    0.01                           clk (net)
                  0.11    0.00    0.07 ^ clkbuf_0_clk/A (sky130_fd_sc_hd__clkbuf_16)
                  0.10    0.26    0.33 ^ clkbuf_0_clk/X (sky130_fd_sc_hd__clkbuf_16)
     4    0.05                           clknet_0_clk (net)
                  0.10    0.00    0.34 ^ clkbuf_2_0__f_clk/A (sky130_fd_sc_hd__clkbuf_16)
                  0.08    0.23    0.57 ^ clkbuf_2_0__f_clk/X (sky130_fd_sc_hd__clkbuf_16)
     9    0.03                           clknet_2_0__leaf_clk (net)
                  0.08    0.00    0.57 ^ _288_/CLK (sky130_fd_sc_hd__dfrtp_1)
                  0.11    0.74    1.31 v _288_/Q (sky130_fd_sc_hd__dfrtp_1)
     2    0.01                           shift_reg[0] (net)
                  0.11    0.00    1.31 v _140_/A (sky130_fd_sc_hd__inv_2)
                  0.05    0.08    1.39 ^ _140_/Y (sky130_fd_sc_hd__inv_2)
     1    0.00                           _128_ (net)
                  0.05    0.00    1.39 ^ _142_/A2 (sky130_fd_sc_hd__o211ai_1)
                  0.21    0.22    1.61 v _142_/Y (sky130_fd_sc_hd__o211ai_1)
     1    0.01                           net13 (net)
                  0.21    0.00    1.61 v output13/A (sky130_fd_sc_hd__clkbuf_4)
                  0.14    0.37    1.99 v output13/X (sky130_fd_sc_hd__clkbuf_4)
     1    0.03                           tx (net)
                  0.14    0.00    1.99 v tx (out)
                                  1.99   data arrival time

                          0.00    0.00   clock clk (rise edge)
                          0.00    0.00   clock network delay (propagated)
                          0.25    0.25   clock uncertainty
                          0.00    0.25   clock reconvergence pessimism
                         -4.00   -3.75   output external delay
                                 -3.75   data required time
-----------------------------------------------------------------------------
                                 -3.75   data required time
                                 -1.99   data arrival time
-----------------------------------------------------------------------------
                                  5.74   slack (MET)


Startpoint: _273_ (rising edge-triggered flip-flop clocked by clk)
Endpoint: tx_busy (output port clocked by clk)
Path Group: clk
Path Type: min
Corner: Slowest

Fanout     Cap    Slew   Delay    Time   Description
-----------------------------------------------------------------------------
                          0.00    0.00   clock clk (rise edge)
                          0.00    0.00   clock source latency
                  0.11    0.07    0.07 ^ clk (in)
     1    0.01                           clk (net)
                  0.11    0.00    0.07 ^ clkbuf_0_clk/A (sky130_fd_sc_hd__clkbuf_16)
                  0.10    0.26    0.33 ^ clkbuf_0_clk/X (sky130_fd_sc_hd__clkbuf_16)
     4    0.05                           clknet_0_clk (net)
                  0.10    0.00    0.34 ^ clkbuf_2_2__f_clk/A (sky130_fd_sc_hd__clkbuf_16)
                  0.07    0.23    0.56 ^ clkbuf_2_2__f_clk/X (sky130_fd_sc_hd__clkbuf_16)
     8    0.02                           clknet_2_2__leaf_clk (net)
                  0.07    0.00    0.57 ^ _273_/CLK (sky130_fd_sc_hd__dfrtp_2)
                  0.20    0.77    1.34 ^ _273_/Q (sky130_fd_sc_hd__dfrtp_2)
     5    0.02                           net12 (net)
                  0.20    0.00    1.34 ^ _130_/A (sky130_fd_sc_hd__clkbuf_4)
                  0.21    0.39    1.73 ^ _130_/X (sky130_fd_sc_hd__clkbuf_4)
    10    0.04                           _120_ (net)
                  0.21    0.00    1.73 ^ _132_/A (sky130_fd_sc_hd__nor2_1)
                  0.15    0.21    1.94 v _132_/Y (sky130_fd_sc_hd__nor2_1)
     3    0.02                           net14 (net)
                  0.15    0.00    1.94 v output14/A (sky130_fd_sc_hd__clkbuf_4)
                  0.14    0.34    2.28 v output14/X (sky130_fd_sc_hd__clkbuf_4)
     1    0.03                           tx_busy (net)
                  0.14    0.00    2.28 v tx_busy (out)
                                  2.28   data arrival time

                          0.00    0.00   clock clk (rise edge)
                          0.00    0.00   clock network delay (propagated)
                          0.25    0.25   clock uncertainty
                          0.00    0.25   clock reconvergence pessimism
                         -4.00   -3.75   output external delay
                                 -3.75   data required time
-----------------------------------------------------------------------------
                                 -3.75   data required time
                                 -2.28   data arrival time
-----------------------------------------------------------------------------
                                  6.03   slack (MET)



======================= Typical Corner ===================================

Startpoint: _291_ (rising edge-triggered flip-flop clocked by clk)
Endpoint: _291_ (rising edge-triggered flip-flop clocked by clk)
Path Group: clk
Path Type: min
Corner: Typical

Fanout     Cap    Slew   Delay    Time   Description
-----------------------------------------------------------------------------
                          0.00    0.00   clock clk (rise edge)
                          0.00    0.00   clock source latency
                  0.07    0.05    0.05 ^ clk (in)
     1    0.01                           clk (net)
                  0.07    0.00    0.05 ^ clkbuf_0_clk/A (sky130_fd_sc_hd__clkbuf_16)
                  0.07    0.15    0.19 ^ clkbuf_0_clk/X (sky130_fd_sc_hd__clkbuf_16)
     4    0.05                           clknet_0_clk (net)
                  0.07    0.00    0.20 ^ clkbuf_2_0__f_clk/A (sky130_fd_sc_hd__clkbuf_16)
                  0.05    0.13    0.33 ^ clkbuf_2_0__f_clk/X (sky130_fd_sc_hd__clkbuf_16)
     9    0.03                           clknet_2_0__leaf_clk (net)
                  0.05    0.00    0.33 ^ _291_/CLK (sky130_fd_sc_hd__dfrtp_1)
                  0.06    0.32    0.65 ^ _291_/Q (sky130_fd_sc_hd__dfrtp_1)
     2    0.01                           shift_reg[3] (net)
                  0.06    0.00    0.65 ^ _244_/A0 (sky130_fd_sc_hd__mux2_1)
                  0.04    0.11    0.76 ^ _244_/X (sky130_fd_sc_hd__mux2_1)
     1    0.00                           _109_ (net)
                  0.04    0.00    0.76 ^ _245_/A (sky130_fd_sc_hd__clkbuf_1)
                  0.04    0.07    0.83 ^ _245_/X (sky130_fd_sc_hd__clkbuf_1)
     1    0.00                           _030_ (net)
                  0.04    0.00    0.83 ^ _291_/D (sky130_fd_sc_hd__dfrtp_1)
                                  0.83   data arrival time

                          0.00    0.00   clock clk (rise edge)
                          0.00    0.00   clock source latency
                  0.07    0.05    0.05 ^ clk (in)
     1    0.01                           clk (net)
                  0.07    0.00    0.05 ^ clkbuf_0_clk/A (sky130_fd_sc_hd__clkbuf_16)
                  0.07    0.16    0.21 ^ clkbuf_0_clk/X (sky130_fd_sc_hd__clkbuf_16)
     4    0.05                           clknet_0_clk (net)
                  0.07    0.00    0.22 ^ clkbuf_2_0__f_clk/A (sky130_fd_sc_hd__clkbuf_16)
                  0.05    0.15    0.36 ^ clkbuf_2_0__f_clk/X (sky130_fd_sc_hd__clkbuf_16)
     9    0.03                           clknet_2_0__leaf_clk (net)
                  0.05    0.00    0.37 ^ _291_/CLK (sky130_fd_sc_hd__dfrtp_1)
                          0.25    0.62   clock uncertainty
                         -0.03    0.58   clock reconvergence pessimism
                         -0.03    0.55   library hold time
                                  0.55   data required time
-----------------------------------------------------------------------------
                                  0.55   data required time
                                 -0.83   data arrival time
-----------------------------------------------------------------------------
                                  0.28   slack (MET)


Startpoint: _290_ (rising edge-triggered flip-flop clocked by clk)
Endpoint: _290_ (rising edge-triggered flip-flop clocked by clk)
Path Group: clk
Path Type: min
Corner: Typical

Fanout     Cap    Slew   Delay    Time   Description
-----------------------------------------------------------------------------
                          0.00    0.00   clock clk (rise edge)
                          0.00    0.00   clock source latency
                  0.07    0.05    0.05 ^ clk (in)
     1    0.01                           clk (net)
                  0.07    0.00    0.05 ^ clkbuf_0_clk/A (sky130_fd_sc_hd__clkbuf_16)
                  0.07    0.15    0.19 ^ clkbuf_0_clk/X (sky130_fd_sc_hd__clkbuf_16)
     4    0.05                           clknet_0_clk (net)
                  0.07    0.00    0.20 ^ clkbuf_2_0__f_clk/A (sky130_fd_sc_hd__clkbuf_16)
                  0.05    0.13    0.33 ^ clkbuf_2_0__f_clk/X (sky130_fd_sc_hd__clkbuf_16)
     9    0.03                           clknet_2_0__leaf_clk (net)
                  0.05    0.00    0.33 ^ _290_/CLK (sky130_fd_sc_hd__dfrtp_1)
                  0.07    0.32    0.65 ^ _290_/Q (sky130_fd_sc_hd__dfrtp_1)
     2    0.01                           shift_reg[2] (net)
                  0.07    0.00    0.65 ^ _241_/A0 (sky130_fd_sc_hd__mux2_1)
                  0.04    0.11    0.76 ^ _241_/X (sky130_fd_sc_hd__mux2_1)
     1    0.00                           _107_ (net)
                  0.04    0.00    0.76 ^ _242_/A (sky130_fd_sc_hd__clkbuf_1)
                  0.04    0.07    0.84 ^ _242_/X (sky130_fd_sc_hd__clkbuf_1)
     1    0.00                           _029_ (net)
                  0.04    0.00    0.84 ^ _290_/D (sky130_fd_sc_hd__dfrtp_1)
                                  0.84   data arrival time

                          0.00    0.00   clock clk (rise edge)
                          0.00    0.00   clock source latency
                  0.07    0.05    0.05 ^ clk (in)
     1    0.01                           clk (net)
                  0.07    0.00    0.05 ^ clkbuf_0_clk/A (sky130_fd_sc_hd__clkbuf_16)
                  0.07    0.16    0.21 ^ clkbuf_0_clk/X (sky130_fd_sc_hd__clkbuf_16)
     4    0.05                           clknet_0_clk (net)
                  0.07    0.00    0.22 ^ clkbuf_2_0__f_clk/A (sky130_fd_sc_hd__clkbuf_16)
                  0.05    0.15    0.36 ^ clkbuf_2_0__f_clk/X (sky130_fd_sc_hd__clkbuf_16)
     9    0.03                           clknet_2_0__leaf_clk (net)
                  0.05    0.00    0.37 ^ _290_/CLK (sky130_fd_sc_hd__dfrtp_1)
                          0.25    0.62   clock uncertainty
                         -0.03    0.58   clock reconvergence pessimism
                         -0.03    0.55   library hold time
                                  0.55   data required time
-----------------------------------------------------------------------------
                                  0.55   data required time
                                 -0.84   data arrival time
-----------------------------------------------------------------------------
                                  0.29   slack (MET)


Startpoint: _276_ (rising edge-triggered flip-flop clocked by clk)
Endpoint: _276_ (rising edge-triggered flip-flop clocked by clk)
Path Group: clk
Path Type: min
Corner: Typical

Fanout     Cap    Slew   Delay    Time   Description
-----------------------------------------------------------------------------
                          0.00    0.00   clock clk (rise edge)
                          0.00    0.00   clock source latency
                  0.07    0.05    0.05 ^ clk (in)
     1    0.01                           clk (net)
                  0.07    0.00    0.05 ^ clkbuf_0_clk/A (sky130_fd_sc_hd__clkbuf_16)
                  0.07    0.15    0.19 ^ clkbuf_0_clk/X (sky130_fd_sc_hd__clkbuf_16)
     4    0.05                           clknet_0_clk (net)
                  0.07    0.00    0.20 ^ clkbuf_2_2__f_clk/A (sky130_fd_sc_hd__clkbuf_16)
                  0.05    0.13    0.33 ^ clkbuf_2_2__f_clk/X (sky130_fd_sc_hd__clkbuf_16)
     8    0.02                           clknet_2_2__leaf_clk (net)
                  0.05    0.00    0.33 ^ _276_/CLK (sky130_fd_sc_hd__dfrtp_2)
                  0.11    0.38    0.71 ^ _276_/Q (sky130_fd_sc_hd__dfrtp_2)
     6    0.02                           idle_counter[2] (net)
                  0.11    0.00    0.71 ^ _193_/B2 (sky130_fd_sc_hd__a32o_1)
                  0.05    0.13    0.83 ^ _193_/X (sky130_fd_sc_hd__a32o_1)
     1    0.00                           _015_ (net)
                  0.05    0.00    0.83 ^ _276_/D (sky130_fd_sc_hd__dfrtp_2)
                                  0.83   data arrival time

                          0.00    0.00   clock clk (rise edge)
                          0.00    0.00   clock source latency
                  0.07    0.05    0.05 ^ clk (in)
     1    0.01                           clk (net)
                  0.07    0.00    0.05 ^ clkbuf_0_clk/A (sky130_fd_sc_hd__clkbuf_16)
                  0.07    0.16    0.21 ^ clkbuf_0_clk/X (sky130_fd_sc_hd__clkbuf_16)
     4    0.05                           clknet_0_clk (net)
                  0.07    0.00    0.22 ^ clkbuf_2_2__f_clk/A (sky130_fd_sc_hd__clkbuf_16)
                  0.05    0.14    0.36 ^ clkbuf_2_2__f_clk/X (sky130_fd_sc_hd__clkbuf_16)
     8    0.02                           clknet_2_2__leaf_clk (net)
                  0.05    0.00    0.36 ^ _276_/CLK (sky130_fd_sc_hd__dfrtp_2)
                          0.25    0.61   clock uncertainty
                         -0.03    0.58   clock reconvergence pessimism
                         -0.04    0.54   library hold time
                                  0.54   data required time
-----------------------------------------------------------------------------
                                  0.54   data required time
                                 -0.83   data arrival time
-----------------------------------------------------------------------------
                                  0.29   slack (MET)


Startpoint: _292_ (rising edge-triggered flip-flop clocked by clk)
Endpoint: _292_ (rising edge-triggered flip-flop clocked by clk)
Path Group: clk
Path Type: min
Corner: Typical

Fanout     Cap    Slew   Delay    Time   Description
-----------------------------------------------------------------------------
                          0.00    0.00   clock clk (rise edge)
                          0.00    0.00   clock source latency
                  0.07    0.05    0.05 ^ clk (in)
     1    0.01                           clk (net)
                  0.07    0.00    0.05 ^ clkbuf_0_clk/A (sky130_fd_sc_hd__clkbuf_16)
                  0.07    0.15    0.19 ^ clkbuf_0_clk/X (sky130_fd_sc_hd__clkbuf_16)
     4    0.05                           clknet_0_clk (net)
                  0.07    0.00    0.20 ^ clkbuf_2_0__f_clk/A (sky130_fd_sc_hd__clkbuf_16)
                  0.05    0.13    0.33 ^ clkbuf_2_0__f_clk/X (sky130_fd_sc_hd__clkbuf_16)
     9    0.03                           clknet_2_0__leaf_clk (net)
                  0.05    0.00    0.33 ^ _292_/CLK (sky130_fd_sc_hd__dfrtp_1)
                  0.06    0.32    0.65 ^ _292_/Q (sky130_fd_sc_hd__dfrtp_1)
     2    0.01                           shift_reg[4] (net)
                  0.06    0.00    0.65 ^ _247_/A0 (sky130_fd_sc_hd__mux2_1)
                  0.05    0.12    0.77 ^ _247_/X (sky130_fd_sc_hd__mux2_1)
     1    0.00                           _111_ (net)
                  0.05    0.00    0.77 ^ _248_/A (sky130_fd_sc_hd__clkbuf_1)
                  0.04    0.07    0.84 ^ _248_/X (sky130_fd_sc_hd__clkbuf_1)
     1    0.00                           _031_ (net)
                  0.04    0.00    0.84 ^ _292_/D (sky130_fd_sc_hd__dfrtp_1)
                                  0.84   data arrival time

                          0.00    0.00   clock clk (rise edge)
                          0.00    0.00   clock source latency
                  0.07    0.05    0.05 ^ clk (in)
     1    0.01                           clk (net)
                  0.07    0.00    0.05 ^ clkbuf_0_clk/A (sky130_fd_sc_hd__clkbuf_16)
                  0.07    0.16    0.21 ^ clkbuf_0_clk/X (sky130_fd_sc_hd__clkbuf_16)
     4    0.05                           clknet_0_clk (net)
                  0.07    0.00    0.22 ^ clkbuf_2_0__f_clk/A (sky130_fd_sc_hd__clkbuf_16)
                  0.05    0.15    0.36 ^ clkbuf_2_0__f_clk/X (sky130_fd_sc_hd__clkbuf_16)
     9    0.03                           clknet_2_0__leaf_clk (net)
                  0.05    0.00    0.37 ^ _292_/CLK (sky130_fd_sc_hd__dfrtp_1)
                          0.25    0.62   clock uncertainty
                         -0.03    0.58   clock reconvergence pessimism
                         -0.03    0.55   library hold time
                                  0.55   data required time
-----------------------------------------------------------------------------
                                  0.55   data required time
                                 -0.84   data arrival time
-----------------------------------------------------------------------------
                                  0.29   slack (MET)


Startpoint: _269_ (rising edge-triggered flip-flop clocked by clk)
Endpoint: _269_ (rising edge-triggered flip-flop clocked by clk)
Path Group: clk
Path Type: min
Corner: Typical

Fanout     Cap    Slew   Delay    Time   Description
-----------------------------------------------------------------------------
                          0.00    0.00   clock clk (rise edge)
                          0.00    0.00   clock source latency
                  0.07    0.05    0.05 ^ clk (in)
     1    0.01                           clk (net)
                  0.07    0.00    0.05 ^ clkbuf_0_clk/A (sky130_fd_sc_hd__clkbuf_16)
                  0.07    0.15    0.19 ^ clkbuf_0_clk/X (sky130_fd_sc_hd__clkbuf_16)
     4    0.05                           clknet_0_clk (net)
                  0.07    0.00    0.20 ^ clkbuf_2_1__f_clk/A (sky130_fd_sc_hd__clkbuf_16)
                  0.05    0.14    0.33 ^ clkbuf_2_1__f_clk/X (sky130_fd_sc_hd__clkbuf_16)
    11    0.03                           clknet_2_1__leaf_clk (net)
                  0.05    0.00    0.33 ^ _269_/CLK (sky130_fd_sc_hd__dfrtp_2)
                  0.10    0.38    0.71 ^ _269_/Q (sky130_fd_sc_hd__dfrtp_2)
     5    0.02                           baud_counter[7] (net)
                  0.10    0.00    0.71 ^ _165_/A2 (sky130_fd_sc_hd__a22o_1)
                  0.04    0.14    0.85 ^ _165_/X (sky130_fd_sc_hd__a22o_1)
     1    0.00                           _008_ (net)
                  0.04    0.00    0.85 ^ _269_/D (sky130_fd_sc_hd__dfrtp_2)
                                  0.85   data arrival time

                          0.00    0.00   clock clk (rise edge)
                          0.00    0.00   clock source latency
                  0.07    0.05    0.05 ^ clk (in)
     1    0.01                           clk (net)
                  0.07    0.00    0.05 ^ clkbuf_0_clk/A (sky130_fd_sc_hd__clkbuf_16)
                  0.07    0.16    0.21 ^ clkbuf_0_clk/X (sky130_fd_sc_hd__clkbuf_16)
     4    0.05                           clknet_0_clk (net)
                  0.07    0.00    0.22 ^ clkbuf_2_1__f_clk/A (sky130_fd_sc_hd__clkbuf_16)
                  0.05    0.15    0.37 ^ clkbuf_2_1__f_clk/X (sky130_fd_sc_hd__clkbuf_16)
    11    0.03                           clknet_2_1__leaf_clk (net)
                  0.05    0.00    0.37 ^ _269_/CLK (sky130_fd_sc_hd__dfrtp_2)
                          0.25    0.62   clock uncertainty
                         -0.04    0.59   clock reconvergence pessimism
                         -0.03    0.55   library hold time
                                  0.55   data required time
-----------------------------------------------------------------------------
                                  0.55   data required time
                                 -0.85   data arrival time
-----------------------------------------------------------------------------
                                  0.30   slack (MET)


Startpoint: _294_ (rising edge-triggered flip-flop clocked by clk)
Endpoint: _294_ (rising edge-triggered flip-flop clocked by clk)
Path Group: clk
Path Type: min
Corner: Typical

Fanout     Cap    Slew   Delay    Time   Description
-----------------------------------------------------------------------------
                          0.00    0.00   clock clk (rise edge)
                          0.00    0.00   clock source latency
                  0.07    0.05    0.05 ^ clk (in)
     1    0.01                           clk (net)
                  0.07    0.00    0.05 ^ clkbuf_0_clk/A (sky130_fd_sc_hd__clkbuf_16)
                  0.07    0.15    0.19 ^ clkbuf_0_clk/X (sky130_fd_sc_hd__clkbuf_16)
     4    0.05                           clknet_0_clk (net)
                  0.07    0.00    0.20 ^ clkbuf_2_0__f_clk/A (sky130_fd_sc_hd__clkbuf_16)
                  0.05    0.13    0.33 ^ clkbuf_2_0__f_clk/X (sky130_fd_sc_hd__clkbuf_16)
     9    0.03                           clknet_2_0__leaf_clk (net)
                  0.05    0.00    0.33 ^ _294_/CLK (sky130_fd_sc_hd__dfrtp_1)
                  0.07    0.32    0.65 ^ _294_/Q (sky130_fd_sc_hd__dfrtp_1)
     2    0.01                           shift_reg[6] (net)
                  0.07    0.00    0.65 ^ _253_/A0 (sky130_fd_sc_hd__mux2_1)
                  0.04    0.12    0.77 ^ _253_/X (sky130_fd_sc_hd__mux2_1)
     1    0.00                           _115_ (net)
                  0.04    0.00    0.77 ^ _254_/A (sky130_fd_sc_hd__clkbuf_1)
                  0.05    0.08    0.84 ^ _254_/X (sky130_fd_sc_hd__clkbuf_1)
     1    0.00                           _033_ (net)
                  0.05    0.00    0.84 ^ _294_/D (sky130_fd_sc_hd__dfrtp_1)
                                  0.84   data arrival time

                          0.00    0.00   clock clk (rise edge)
                          0.00    0.00   clock source latency
                  0.07    0.05    0.05 ^ clk (in)
     1    0.01                           clk (net)
                  0.07    0.00    0.05 ^ clkbuf_0_clk/A (sky130_fd_sc_hd__clkbuf_16)
                  0.07    0.16    0.21 ^ clkbuf_0_clk/X (sky130_fd_sc_hd__clkbuf_16)
     4    0.05                           clknet_0_clk (net)
                  0.07    0.00    0.22 ^ clkbuf_2_0__f_clk/A (sky130_fd_sc_hd__clkbuf_16)
                  0.05    0.15    0.36 ^ clkbuf_2_0__f_clk/X (sky130_fd_sc_hd__clkbuf_16)
     9    0.03                           clknet_2_0__leaf_clk (net)
                  0.05    0.00    0.37 ^ _294_/CLK (sky130_fd_sc_hd__dfrtp_1)
                          0.25    0.62   clock uncertainty
                         -0.03    0.58   clock reconvergence pessimism
                         -0.03    0.55   library hold time
                                  0.55   data required time
-----------------------------------------------------------------------------
                                  0.55   data required time
                                 -0.84   data arrival time
-----------------------------------------------------------------------------
                                  0.30   slack (MET)


Startpoint: _289_ (rising edge-triggered flip-flop clocked by clk)
Endpoint: _289_ (rising edge-triggered flip-flop clocked by clk)
Path Group: clk
Path Type: min
Corner: Typical

Fanout     Cap    Slew   Delay    Time   Description
-----------------------------------------------------------------------------
                          0.00    0.00   clock clk (rise edge)
                          0.00    0.00   clock source latency
                  0.07    0.05    0.05 ^ clk (in)
     1    0.01                           clk (net)
                  0.07    0.00    0.05 ^ clkbuf_0_clk/A (sky130_fd_sc_hd__clkbuf_16)
                  0.07    0.15    0.19 ^ clkbuf_0_clk/X (sky130_fd_sc_hd__clkbuf_16)
     4    0.05                           clknet_0_clk (net)
                  0.07    0.00    0.20 ^ clkbuf_2_0__f_clk/A (sky130_fd_sc_hd__clkbuf_16)
                  0.05    0.13    0.33 ^ clkbuf_2_0__f_clk/X (sky130_fd_sc_hd__clkbuf_16)
     9    0.03                           clknet_2_0__leaf_clk (net)
                  0.05    0.00    0.33 ^ _289_/CLK (sky130_fd_sc_hd__dfrtp_1)
                  0.07    0.32    0.66 ^ _289_/Q (sky130_fd_sc_hd__dfrtp_1)
     2    0.01                           shift_reg[1] (net)
                  0.07    0.00    0.66 ^ _238_/A0 (sky130_fd_sc_hd__mux2_1)
                  0.04    0.12    0.77 ^ _238_/X (sky130_fd_sc_hd__mux2_1)
     1    0.00                           _105_ (net)
                  0.04    0.00    0.77 ^ _239_/A (sky130_fd_sc_hd__clkbuf_1)
                  0.04    0.07    0.85 ^ _239_/X (sky130_fd_sc_hd__clkbuf_1)
     1    0.00                           _028_ (net)
                  0.04    0.00    0.85 ^ _289_/D (sky130_fd_sc_hd__dfrtp_1)
                                  0.85   data arrival time

                          0.00    0.00   clock clk (rise edge)
                          0.00    0.00   clock source latency
                  0.07    0.05    0.05 ^ clk (in)
     1    0.01                           clk (net)
                  0.07    0.00    0.05 ^ clkbuf_0_clk/A (sky130_fd_sc_hd__clkbuf_16)
                  0.07    0.16    0.21 ^ clkbuf_0_clk/X (sky130_fd_sc_hd__clkbuf_16)
     4    0.05                           clknet_0_clk (net)
                  0.07    0.00    0.22 ^ clkbuf_2_0__f_clk/A (sky130_fd_sc_hd__clkbuf_16)
                  0.05    0.15    0.36 ^ clkbuf_2_0__f_clk/X (sky130_fd_sc_hd__clkbuf_16)
     9    0.03                           clknet_2_0__leaf_clk (net)
                  0.05    0.00    0.37 ^ _289_/CLK (sky130_fd_sc_hd__dfrtp_1)
                          0.25    0.62   clock uncertainty
                         -0.03    0.58   clock reconvergence pessimism
                         -0.03    0.55   library hold time
                                  0.55   data required time
-----------------------------------------------------------------------------
                                  0.55   data required time
                                 -0.85   data arrival time
-----------------------------------------------------------------------------
                                  0.30   slack (MET)


Startpoint: _293_ (rising edge-triggered flip-flop clocked by clk)
Endpoint: _293_ (rising edge-triggered flip-flop clocked by clk)
Path Group: clk
Path Type: min
Corner: Typical

Fanout     Cap    Slew   Delay    Time   Description
-----------------------------------------------------------------------------
                          0.00    0.00   clock clk (rise edge)
                          0.00    0.00   clock source latency
                  0.07    0.05    0.05 ^ clk (in)
     1    0.01                           clk (net)
                  0.07    0.00    0.05 ^ clkbuf_0_clk/A (sky130_fd_sc_hd__clkbuf_16)
                  0.07    0.15    0.19 ^ clkbuf_0_clk/X (sky130_fd_sc_hd__clkbuf_16)
     4    0.05                           clknet_0_clk (net)
                  0.07    0.00    0.20 ^ clkbuf_2_0__f_clk/A (sky130_fd_sc_hd__clkbuf_16)
                  0.05    0.13    0.33 ^ clkbuf_2_0__f_clk/X (sky130_fd_sc_hd__clkbuf_16)
     9    0.03                           clknet_2_0__leaf_clk (net)
                  0.05    0.00    0.33 ^ _293_/CLK (sky130_fd_sc_hd__dfrtp_1)
                  0.07    0.33    0.66 ^ _293_/Q (sky130_fd_sc_hd__dfrtp_1)
     2    0.01                           shift_reg[5] (net)
                  0.07    0.00    0.66 ^ _250_/A0 (sky130_fd_sc_hd__mux2_1)
                  0.04    0.12    0.78 ^ _250_/X (sky130_fd_sc_hd__mux2_1)
     1    0.00                           _113_ (net)
                  0.04    0.00    0.78 ^ _251_/A (sky130_fd_sc_hd__clkbuf_1)
                  0.04    0.07    0.85 ^ _251_/X (sky130_fd_sc_hd__clkbuf_1)
     1    0.00                           _032_ (net)
                  0.04    0.00    0.85 ^ _293_/D (sky130_fd_sc_hd__dfrtp_1)
                                  0.85   data arrival time

                          0.00    0.00   clock clk (rise edge)
                          0.00    0.00   clock source latency
                  0.07    0.05    0.05 ^ clk (in)
     1    0.01                           clk (net)
                  0.07    0.00    0.05 ^ clkbuf_0_clk/A (sky130_fd_sc_hd__clkbuf_16)
                  0.07    0.16    0.21 ^ clkbuf_0_clk/X (sky130_fd_sc_hd__clkbuf_16)
     4    0.05                           clknet_0_clk (net)
                  0.07    0.00    0.22 ^ clkbuf_2_0__f_clk/A (sky130_fd_sc_hd__clkbuf_16)
                  0.05    0.15    0.36 ^ clkbuf_2_0__f_clk/X (sky130_fd_sc_hd__clkbuf_16)
     9    0.03                           clknet_2_0__leaf_clk (net)
                  0.05    0.00    0.37 ^ _293_/CLK (sky130_fd_sc_hd__dfrtp_1)
                          0.25    0.62   clock uncertainty
                         -0.03    0.58   clock reconvergence pessimism
                         -0.03    0.55   library hold time
                                  0.55   data required time
-----------------------------------------------------------------------------
                                  0.55   data required time
                                 -0.85   data arrival time
-----------------------------------------------------------------------------
                                  0.30   slack (MET)


Startpoint: _284_ (rising edge-triggered flip-flop clocked by clk)
Endpoint: _284_ (rising edge-triggered flip-flop clocked by clk)
Path Group: clk
Path Type: min
Corner: Typical

Fanout     Cap    Slew   Delay    Time   Description
-----------------------------------------------------------------------------
                          0.00    0.00   clock clk (rise edge)
                          0.00    0.00   clock source latency
                  0.07    0.05    0.05 ^ clk (in)
     1    0.01                           clk (net)
                  0.07    0.00    0.05 ^ clkbuf_0_clk/A (sky130_fd_sc_hd__clkbuf_16)
                  0.07    0.15    0.19 ^ clkbuf_0_clk/X (sky130_fd_sc_hd__clkbuf_16)
     4    0.05                           clknet_0_clk (net)
                  0.07    0.00    0.20 ^ clkbuf_2_1__f_clk/A (sky130_fd_sc_hd__clkbuf_16)
                  0.05    0.14    0.33 ^ clkbuf_2_1__f_clk/X (sky130_fd_sc_hd__clkbuf_16)
    11    0.03                           clknet_2_1__leaf_clk (net)
                  0.05    0.00    0.33 ^ _284_/CLK (sky130_fd_sc_hd__dfrtp_1)
                  0.14    0.37    0.71 ^ _284_/Q (sky130_fd_sc_hd__dfrtp_1)
     5    0.01                           bit_count[0] (net)
                  0.14    0.00    0.71 ^ _220_/A1 (sky130_fd_sc_hd__o21ba_1)
                  0.05    0.14    0.85 ^ _220_/X (sky130_fd_sc_hd__o21ba_1)
     1    0.00                           _023_ (net)
                  0.05    0.00    0.85 ^ _284_/D (sky130_fd_sc_hd__dfrtp_1)
                                  0.85   data arrival time

                          0.00    0.00   clock clk (rise edge)
                          0.00    0.00   clock source latency
                  0.07    0.05    0.05 ^ clk (in)
     1    0.01                           clk (net)
                  0.07    0.00    0.05 ^ clkbuf_0_clk/A (sky130_fd_sc_hd__clkbuf_16)
                  0.07    0.16    0.21 ^ clkbuf_0_clk/X (sky130_fd_sc_hd__clkbuf_16)
     4    0.05                           clknet_0_clk (net)
                  0.07    0.00    0.22 ^ clkbuf_2_1__f_clk/A (sky130_fd_sc_hd__clkbuf_16)
                  0.05    0.15    0.37 ^ clkbuf_2_1__f_clk/X (sky130_fd_sc_hd__clkbuf_16)
    11    0.03                           clknet_2_1__leaf_clk (net)
                  0.05    0.00    0.37 ^ _284_/CLK (sky130_fd_sc_hd__dfrtp_1)
                          0.25    0.62   clock uncertainty
                         -0.04    0.59   clock reconvergence pessimism
                         -0.03    0.55   library hold time
                                  0.55   data required time
-----------------------------------------------------------------------------
                                  0.55   data required time
                                 -0.85   data arrival time
-----------------------------------------------------------------------------
                                  0.30   slack (MET)


Startpoint: _288_ (rising edge-triggered flip-flop clocked by clk)
Endpoint: _288_ (rising edge-triggered flip-flop clocked by clk)
Path Group: clk
Path Type: min
Corner: Typical

Fanout     Cap    Slew   Delay    Time   Description
-----------------------------------------------------------------------------
                          0.00    0.00   clock clk (rise edge)
                          0.00    0.00   clock source latency
                  0.07    0.05    0.05 ^ clk (in)
     1    0.01                           clk (net)
                  0.07    0.00    0.05 ^ clkbuf_0_clk/A (sky130_fd_sc_hd__clkbuf_16)
                  0.07    0.15    0.19 ^ clkbuf_0_clk/X (sky130_fd_sc_hd__clkbuf_16)
     4    0.05                           clknet_0_clk (net)
                  0.07    0.00    0.20 ^ clkbuf_2_0__f_clk/A (sky130_fd_sc_hd__clkbuf_16)
                  0.05    0.13    0.33 ^ clkbuf_2_0__f_clk/X (sky130_fd_sc_hd__clkbuf_16)
     9    0.03                           clknet_2_0__leaf_clk (net)
                  0.05    0.00    0.33 ^ _288_/CLK (sky130_fd_sc_hd__dfrtp_1)
                  0.08    0.33    0.66 ^ _288_/Q (sky130_fd_sc_hd__dfrtp_1)
     2    0.01                           shift_reg[0] (net)
                  0.08    0.00    0.66 ^ _235_/A0 (sky130_fd_sc_hd__mux2_1)
                  0.05    0.12    0.78 ^ _235_/X (sky130_fd_sc_hd__mux2_1)
     1    0.00                           _103_ (net)
                  0.05    0.00    0.78 ^ _236_/A (sky130_fd_sc_hd__clkbuf_1)
                  0.04    0.07    0.86 ^ _236_/X (sky130_fd_sc_hd__clkbuf_1)
     1    0.00                           _027_ (net)
                  0.04    0.00    0.86 ^ _288_/D (sky130_fd_sc_hd__dfrtp_1)
                                  0.86   data arrival time

                          0.00    0.00   clock clk (rise edge)
                          0.00    0.00   clock source latency
                  0.07    0.05    0.05 ^ clk (in)
     1    0.01                           clk (net)
                  0.07    0.00    0.05 ^ clkbuf_0_clk/A (sky130_fd_sc_hd__clkbuf_16)
                  0.07    0.16    0.21 ^ clkbuf_0_clk/X (sky130_fd_sc_hd__clkbuf_16)
     4    0.05                           clknet_0_clk (net)
                  0.07    0.00    0.22 ^ clkbuf_2_0__f_clk/A (sky130_fd_sc_hd__clkbuf_16)
                  0.05    0.15    0.36 ^ clkbuf_2_0__f_clk/X (sky130_fd_sc_hd__clkbuf_16)
     9    0.03                           clknet_2_0__leaf_clk (net)
                  0.05    0.00    0.37 ^ _288_/CLK (sky130_fd_sc_hd__dfrtp_1)
                          0.25    0.62   clock uncertainty
                         -0.03    0.58   clock reconvergence pessimism
                         -0.03    0.55   library hold time
                                  0.55   data required time
-----------------------------------------------------------------------------
                                  0.55   data required time
                                 -0.86   data arrival time
-----------------------------------------------------------------------------
                                  0.31   slack (MET)


Startpoint: _298_ (rising edge-triggered flip-flop clocked by clk)
Endpoint: _297_ (rising edge-triggered flip-flop clocked by clk)
Path Group: clk
Path Type: min
Corner: Typical

Fanout     Cap    Slew   Delay    Time   Description
-----------------------------------------------------------------------------
                          0.00    0.00   clock clk (rise edge)
                          0.00    0.00   clock source latency
                  0.07    0.05    0.05 ^ clk (in)
     1    0.01                           clk (net)
                  0.07    0.00    0.05 ^ clkbuf_0_clk/A (sky130_fd_sc_hd__clkbuf_16)
                  0.07    0.15    0.19 ^ clkbuf_0_clk/X (sky130_fd_sc_hd__clkbuf_16)
     4    0.05                           clknet_0_clk (net)
                  0.07    0.00    0.20 ^ clkbuf_2_1__f_clk/A (sky130_fd_sc_hd__clkbuf_16)
                  0.05    0.14    0.33 ^ clkbuf_2_1__f_clk/X (sky130_fd_sc_hd__clkbuf_16)
    11    0.03                           clknet_2_1__leaf_clk (net)
                  0.05    0.00    0.33 ^ _298_/CLK (sky130_fd_sc_hd__dfrtp_1)
                  0.14    0.37    0.71 ^ _298_/Q (sky130_fd_sc_hd__dfrtp_1)
     4    0.01                           baud_tick (net)
                  0.14    0.00    0.71 ^ _261_/A1 (sky130_fd_sc_hd__a32o_1)
                  0.05    0.16    0.87 ^ _261_/X (sky130_fd_sc_hd__a32o_1)
     1    0.00                           _036_ (net)
                  0.05    0.00    0.87 ^ _297_/D (sky130_fd_sc_hd__dfrtp_4)
                                  0.87   data arrival time

                          0.00    0.00   clock clk (rise edge)
                          0.00    0.00   clock source latency
                  0.07    0.05    0.05 ^ clk (in)
     1    0.01                           clk (net)
                  0.07    0.00    0.05 ^ clkbuf_0_clk/A (sky130_fd_sc_hd__clkbuf_16)
                  0.07    0.16    0.21 ^ clkbuf_0_clk/X (sky130_fd_sc_hd__clkbuf_16)
     4    0.05                           clknet_0_clk (net)
                  0.07    0.00    0.22 ^ clkbuf_2_1__f_clk/A (sky130_fd_sc_hd__clkbuf_16)
                  0.05    0.15    0.37 ^ clkbuf_2_1__f_clk/X (sky130_fd_sc_hd__clkbuf_16)
    11    0.03                           clknet_2_1__leaf_clk (net)
                  0.05    0.00    0.37 ^ _297_/CLK (sky130_fd_sc_hd__dfrtp_4)
                          0.25    0.62   clock uncertainty
                         -0.04    0.58   clock reconvergence pessimism
                         -0.03    0.55   library hold time
                                  0.55   data required time
-----------------------------------------------------------------------------
                                  0.55   data required time
                                 -0.87   data arrival time
-----------------------------------------------------------------------------
                                  0.32   slack (MET)


Startpoint: _274_ (rising edge-triggered flip-flop clocked by clk)
Endpoint: _274_ (rising edge-triggered flip-flop clocked by clk)
Path Group: clk
Path Type: min
Corner: Typical

Fanout     Cap    Slew   Delay    Time   Description
-----------------------------------------------------------------------------
                          0.00    0.00   clock clk (rise edge)
                          0.00    0.00   clock source latency
                  0.07    0.05    0.05 ^ clk (in)
     1    0.01                           clk (net)
                  0.07    0.00    0.05 ^ clkbuf_0_clk/A (sky130_fd_sc_hd__clkbuf_16)
                  0.07    0.15    0.19 ^ clkbuf_0_clk/X (sky130_fd_sc_hd__clkbuf_16)
     4    0.05                           clknet_0_clk (net)
                  0.07    0.00    0.20 ^ clkbuf_2_2__f_clk/A (sky130_fd_sc_hd__clkbuf_16)
                  0.05    0.13    0.33 ^ clkbuf_2_2__f_clk/X (sky130_fd_sc_hd__clkbuf_16)
     8    0.02                           clknet_2_2__leaf_clk (net)
                  0.05    0.00    0.33 ^ _274_/CLK (sky130_fd_sc_hd__dfrtp_4)
                  0.10    0.42    0.75 ^ _274_/Q (sky130_fd_sc_hd__dfrtp_4)
     8    0.02                           idle_counter[0] (net)
                  0.10    0.00    0.75 ^ _183_/A1 (sky130_fd_sc_hd__o21a_1)
                  0.04    0.12    0.87 ^ _183_/X (sky130_fd_sc_hd__o21a_1)
     1    0.00                           _013_ (net)
                  0.04    0.00    0.87 ^ _274_/D (sky130_fd_sc_hd__dfrtp_4)
                                  0.87   data arrival time

                          0.00    0.00   clock clk (rise edge)
                          0.00    0.00   clock source latency
                  0.07    0.05    0.05 ^ clk (in)
     1    0.01                           clk (net)
                  0.07    0.00    0.05 ^ clkbuf_0_clk/A (sky130_fd_sc_hd__clkbuf_16)
                  0.07    0.16    0.21 ^ clkbuf_0_clk/X (sky130_fd_sc_hd__clkbuf_16)
     4    0.05                           clknet_0_clk (net)
                  0.07    0.00    0.22 ^ clkbuf_2_2__f_clk/A (sky130_fd_sc_hd__clkbuf_16)
                  0.05    0.14    0.36 ^ clkbuf_2_2__f_clk/X (sky130_fd_sc_hd__clkbuf_16)
     8    0.02                           clknet_2_2__leaf_clk (net)
                  0.05    0.00    0.36 ^ _274_/CLK (sky130_fd_sc_hd__dfrtp_4)
                          0.25    0.61   clock uncertainty
                         -0.03    0.58   clock reconvergence pessimism
                         -0.03    0.54   library hold time
                                  0.54   data required time
-----------------------------------------------------------------------------
                                  0.54   data required time
                                 -0.87   data arrival time
-----------------------------------------------------------------------------
                                  0.33   slack (MET)


Startpoint: _296_ (rising edge-triggered flip-flop clocked by clk)
Endpoint: _296_ (rising edge-triggered flip-flop clocked by clk)
Path Group: clk
Path Type: min
Corner: Typical

Fanout     Cap    Slew   Delay    Time   Description
-----------------------------------------------------------------------------
                          0.00    0.00   clock clk (rise edge)
                          0.00    0.00   clock source latency
                  0.07    0.05    0.05 ^ clk (in)
     1    0.01                           clk (net)
                  0.07    0.00    0.05 ^ clkbuf_0_clk/A (sky130_fd_sc_hd__clkbuf_16)
                  0.07    0.15    0.19 ^ clkbuf_0_clk/X (sky130_fd_sc_hd__clkbuf_16)
     4    0.05                           clknet_0_clk (net)
                  0.07    0.00    0.20 ^ clkbuf_2_1__f_clk/A (sky130_fd_sc_hd__clkbuf_16)
                  0.05    0.14    0.33 ^ clkbuf_2_1__f_clk/X (sky130_fd_sc_hd__clkbuf_16)
    11    0.03                           clknet_2_1__leaf_clk (net)
                  0.05    0.00    0.33 ^ _296_/CLK (sky130_fd_sc_hd__dfrtp_4)
                  0.11    0.43    0.76 ^ _296_/Q (sky130_fd_sc_hd__dfrtp_4)
     8    0.03                           state[0] (net)
                  0.11    0.00    0.77 ^ _260_/A1 (sky130_fd_sc_hd__a21o_1)
                  0.05    0.12    0.89 ^ _260_/X (sky130_fd_sc_hd__a21o_1)
     1    0.00                           _035_ (net)
                  0.05    0.00    0.89 ^ _296_/D (sky130_fd_sc_hd__dfrtp_4)
                                  0.89   data arrival time

                          0.00    0.00   clock clk (rise edge)
                          0.00    0.00   clock source latency
                  0.07    0.05    0.05 ^ clk (in)
     1    0.01                           clk (net)
                  0.07    0.00    0.05 ^ clkbuf_0_clk/A (sky130_fd_sc_hd__clkbuf_16)
                  0.07    0.16    0.21 ^ clkbuf_0_clk/X (sky130_fd_sc_hd__clkbuf_16)
     4    0.05                           clknet_0_clk (net)
                  0.07    0.00    0.22 ^ clkbuf_2_1__f_clk/A (sky130_fd_sc_hd__clkbuf_16)
                  0.05    0.15    0.37 ^ clkbuf_2_1__f_clk/X (sky130_fd_sc_hd__clkbuf_16)
    11    0.03                           clknet_2_1__leaf_clk (net)
                  0.05    0.00    0.37 ^ _296_/CLK (sky130_fd_sc_hd__dfrtp_4)
                          0.25    0.62   clock uncertainty
                         -0.04    0.58   clock reconvergence pessimism
                         -0.03    0.55   library hold time
                                  0.55   data required time
-----------------------------------------------------------------------------
                                  0.55   data required time
                                 -0.89   data arrival time
-----------------------------------------------------------------------------
                                  0.34   slack (MET)


Startpoint: _262_ (rising edge-triggered flip-flop clocked by clk)
Endpoint: _262_ (rising edge-triggered flip-flop clocked by clk)
Path Group: clk
Path Type: min
Corner: Typical

Fanout     Cap    Slew   Delay    Time   Description
-----------------------------------------------------------------------------
                          0.00    0.00   clock clk (rise edge)
                          0.00    0.00   clock source latency
                  0.07    0.05    0.05 ^ clk (in)
     1    0.01                           clk (net)
                  0.07    0.00    0.05 ^ clkbuf_0_clk/A (sky130_fd_sc_hd__clkbuf_16)
                  0.07    0.15    0.19 ^ clkbuf_0_clk/X (sky130_fd_sc_hd__clkbuf_16)
     4    0.05                           clknet_0_clk (net)
                  0.07    0.00    0.20 ^ clkbuf_2_3__f_clk/A (sky130_fd_sc_hd__clkbuf_16)
                  0.05    0.14    0.33 ^ clkbuf_2_3__f_clk/X (sky130_fd_sc_hd__clkbuf_16)
     9    0.03                           clknet_2_3__leaf_clk (net)
                  0.05    0.00    0.33 ^ _262_/CLK (sky130_fd_sc_hd__dfrtp_1)
                  0.10    0.35    0.68 ^ _262_/Q (sky130_fd_sc_hd__dfrtp_1)
     4    0.01                           baud_counter[0] (net)
                  0.10    0.00    0.68 ^ _143_/B (sky130_fd_sc_hd__and2b_1)
                  0.09    0.16    0.84 ^ _143_/X (sky130_fd_sc_hd__and2b_1)
     3    0.01                           _037_ (net)
                  0.09    0.00    0.84 ^ _145_/A (sky130_fd_sc_hd__nor2_1)
                  0.02    0.05    0.89 v _145_/Y (sky130_fd_sc_hd__nor2_1)
     1    0.00                           _001_ (net)
                  0.02    0.00    0.89 v _262_/D (sky130_fd_sc_hd__dfrtp_1)
                                  0.89   data arrival time

                          0.00    0.00   clock clk (rise edge)
                          0.00    0.00   clock source latency
                  0.07    0.05    0.05 ^ clk (in)
     1    0.01                           clk (net)
                  0.07    0.00    0.05 ^ clkbuf_0_clk/A (sky130_fd_sc_hd__clkbuf_16)
                  0.07    0.16    0.21 ^ clkbuf_0_clk/X (sky130_fd_sc_hd__clkbuf_16)
     4    0.05                           clknet_0_clk (net)
                  0.07    0.00    0.22 ^ clkbuf_2_3__f_clk/A (sky130_fd_sc_hd__clkbuf_16)
                  0.05    0.15    0.37 ^ clkbuf_2_3__f_clk/X (sky130_fd_sc_hd__clkbuf_16)
     9    0.03                           clknet_2_3__leaf_clk (net)
                  0.05    0.00    0.37 ^ _262_/CLK (sky130_fd_sc_hd__dfrtp_1)
                          0.25    0.62   clock uncertainty
                         -0.03    0.58   clock reconvergence pessimism
                         -0.03    0.55   library hold time
                                  0.55   data required time
-----------------------------------------------------------------------------
                                  0.55   data required time
                                 -0.89   data arrival time
-----------------------------------------------------------------------------
                                  0.34   slack (MET)


Startpoint: _272_ (rising edge-triggered flip-flop clocked by clk)
Endpoint: _272_ (rising edge-triggered flip-flop clocked by clk)
Path Group: clk
Path Type: min
Corner: Typical

Fanout     Cap    Slew   Delay    Time   Description
-----------------------------------------------------------------------------
                          0.00    0.00   clock clk (rise edge)
                          0.00    0.00   clock source latency
                  0.07    0.05    0.05 ^ clk (in)
     1    0.01                           clk (net)
                  0.07    0.00    0.05 ^ clkbuf_0_clk/A (sky130_fd_sc_hd__clkbuf_16)
                  0.07    0.15    0.19 ^ clkbuf_0_clk/X (sky130_fd_sc_hd__clkbuf_16)
     4    0.05                           clknet_0_clk (net)
                  0.07    0.00    0.20 ^ clkbuf_2_2__f_clk/A (sky130_fd_sc_hd__clkbuf_16)
                  0.05    0.13    0.33 ^ clkbuf_2_2__f_clk/X (sky130_fd_sc_hd__clkbuf_16)
     8    0.02                           clknet_2_2__leaf_clk (net)
                  0.05    0.00    0.33 ^ _272_/CLK (sky130_fd_sc_hd__dfrtp_1)
                  0.10    0.34    0.67 ^ _272_/Q (sky130_fd_sc_hd__dfrtp_1)
     4    0.01                           sleep_pending (net)
                  0.10    0.00    0.67 ^ _176_/A (sky130_fd_sc_hd__and2_1)
                  0.06    0.13    0.80 ^ _176_/X (sky130_fd_sc_hd__and2_1)
     1    0.00                           _060_ (net)
                  0.06    0.00    0.80 ^ _177_/A2 (sky130_fd_sc_hd__o21a_1)
                  0.04    0.10    0.90 ^ _177_/X (sky130_fd_sc_hd__o21a_1)
     1    0.00                           _011_ (net)
                  0.04    0.00    0.90 ^ _272_/D (sky130_fd_sc_hd__dfrtp_1)
                                  0.90   data arrival time

                          0.00    0.00   clock clk (rise edge)
                          0.00    0.00   clock source latency
                  0.07    0.05    0.05 ^ clk (in)
     1    0.01                           clk (net)
                  0.07    0.00    0.05 ^ clkbuf_0_clk/A (sky130_fd_sc_hd__clkbuf_16)
                  0.07    0.16    0.21 ^ clkbuf_0_clk/X (sky130_fd_sc_hd__clkbuf_16)
     4    0.05                           clknet_0_clk (net)
                  0.07    0.00    0.22 ^ clkbuf_2_2__f_clk/A (sky130_fd_sc_hd__clkbuf_16)
                  0.05    0.14    0.36 ^ clkbuf_2_2__f_clk/X (sky130_fd_sc_hd__clkbuf_16)
     8    0.02                           clknet_2_2__leaf_clk (net)
                  0.05    0.00    0.36 ^ _272_/CLK (sky130_fd_sc_hd__dfrtp_1)
                          0.25    0.61   clock uncertainty
                         -0.03    0.58   clock reconvergence pessimism
                         -0.03    0.54   library hold time
                                  0.54   data required time
-----------------------------------------------------------------------------
                                  0.54   data required time
                                 -0.90   data arrival time
-----------------------------------------------------------------------------
                                  0.36   slack (MET)


Startpoint: _265_ (rising edge-triggered flip-flop clocked by clk)
Endpoint: _265_ (rising edge-triggered flip-flop clocked by clk)
Path Group: clk
Path Type: min
Corner: Typical

Fanout     Cap    Slew   Delay    Time   Description
-----------------------------------------------------------------------------
                          0.00    0.00   clock clk (rise edge)
                          0.00    0.00   clock source latency
                  0.07    0.05    0.05 ^ clk (in)
     1    0.01                           clk (net)
                  0.07    0.00    0.05 ^ clkbuf_0_clk/A (sky130_fd_sc_hd__clkbuf_16)
                  0.07    0.15    0.19 ^ clkbuf_0_clk/X (sky130_fd_sc_hd__clkbuf_16)
     4    0.05                           clknet_0_clk (net)
                  0.07    0.00    0.20 ^ clkbuf_2_3__f_clk/A (sky130_fd_sc_hd__clkbuf_16)
                  0.05    0.14    0.33 ^ clkbuf_2_3__f_clk/X (sky130_fd_sc_hd__clkbuf_16)
     9    0.03                           clknet_2_3__leaf_clk (net)
                  0.05    0.00    0.33 ^ _265_/CLK (sky130_fd_sc_hd__dfrtp_1)
                  0.11    0.35    0.68 ^ _265_/Q (sky130_fd_sc_hd__dfrtp_1)
     3    0.01                           baud_counter[3] (net)
                  0.11    0.00    0.69 ^ _151_/A (sky130_fd_sc_hd__xor2_1)
                  0.05    0.09    0.77 v _151_/X (sky130_fd_sc_hd__xor2_1)
     1    0.01                           _042_ (net)
                  0.05    0.00    0.77 v _152_/B (sky130_fd_sc_hd__xnor2_1)
                  0.05    0.12    0.90 v _152_/Y (sky130_fd_sc_hd__xnor2_1)
     1    0.00                           _004_ (net)
                  0.05    0.00    0.90 v _265_/D (sky130_fd_sc_hd__dfrtp_1)
                                  0.90   data arrival time

                          0.00    0.00   clock clk (rise edge)
                          0.00    0.00   clock source latency
                  0.07    0.05    0.05 ^ clk (in)
     1    0.01                           clk (net)
                  0.07    0.00    0.05 ^ clkbuf_0_clk/A (sky130_fd_sc_hd__clkbuf_16)
                  0.07    0.16    0.21 ^ clkbuf_0_clk/X (sky130_fd_sc_hd__clkbuf_16)
     4    0.05                           clknet_0_clk (net)
                  0.07    0.00    0.22 ^ clkbuf_2_3__f_clk/A (sky130_fd_sc_hd__clkbuf_16)
                  0.05    0.15    0.37 ^ clkbuf_2_3__f_clk/X (sky130_fd_sc_hd__clkbuf_16)
     9    0.03                           clknet_2_3__leaf_clk (net)
                  0.05    0.00    0.37 ^ _265_/CLK (sky130_fd_sc_hd__dfrtp_1)
                          0.25    0.62   clock uncertainty
                         -0.03    0.58   clock reconvergence pessimism
                         -0.05    0.54   library hold time
                                  0.54   data required time
-----------------------------------------------------------------------------
                                  0.54   data required time
                                 -0.90   data arrival time
-----------------------------------------------------------------------------
                                  0.36   slack (MET)


Startpoint: _283_ (rising edge-triggered flip-flop clocked by clk)
Endpoint: _283_ (rising edge-triggered flip-flop clocked by clk)
Path Group: clk
Path Type: min
Corner: Typical

Fanout     Cap    Slew   Delay    Time   Description
-----------------------------------------------------------------------------
                          0.00    0.00   clock clk (rise edge)
                          0.00    0.00   clock source latency
                  0.07    0.05    0.05 ^ clk (in)
     1    0.01                           clk (net)
                  0.07    0.00    0.05 ^ clkbuf_0_clk/A (sky130_fd_sc_hd__clkbuf_16)
                  0.07    0.15    0.19 ^ clkbuf_0_clk/X (sky130_fd_sc_hd__clkbuf_16)
     4    0.05                           clknet_0_clk (net)
                  0.07    0.00    0.20 ^ clkbuf_2_2__f_clk/A (sky130_fd_sc_hd__clkbuf_16)
                  0.05    0.13    0.33 ^ clkbuf_2_2__f_clk/X (sky130_fd_sc_hd__clkbuf_16)
     8    0.02                           clknet_2_2__leaf_clk (net)
                  0.05    0.00    0.33 ^ _283_/CLK (sky130_fd_sc_hd__dfrtp_1)
                  0.13    0.37    0.69 ^ _283_/Q (sky130_fd_sc_hd__dfrtp_1)
     3    0.01                           idle_counter[9] (net)
                  0.13    0.00    0.69 ^ _213_/A (sky130_fd_sc_hd__and2_1)
                  0.05    0.13    0.83 ^ _213_/X (sky130_fd_sc_hd__and2_1)
     1    0.00                           _086_ (net)
                  0.05    0.00    0.83 ^ _214_/A (sky130_fd_sc_hd__clkbuf_1)
                  0.04    0.08    0.90 ^ _214_/X (sky130_fd_sc_hd__clkbuf_1)
     1    0.00                           _022_ (net)
                  0.04    0.00    0.90 ^ _283_/D (sky130_fd_sc_hd__dfrtp_1)
                                  0.90   data arrival time

                          0.00    0.00   clock clk (rise edge)
                          0.00    0.00   clock source latency
                  0.07    0.05    0.05 ^ clk (in)
     1    0.01                           clk (net)
                  0.07    0.00    0.05 ^ clkbuf_0_clk/A (sky130_fd_sc_hd__clkbuf_16)
                  0.07    0.16    0.21 ^ clkbuf_0_clk/X (sky130_fd_sc_hd__clkbuf_16)
     4    0.05                           clknet_0_clk (net)
                  0.07    0.00    0.22 ^ clkbuf_2_2__f_clk/A (sky130_fd_sc_hd__clkbuf_16)
                  0.05    0.14    0.36 ^ clkbuf_2_2__f_clk/X (sky130_fd_sc_hd__clkbuf_16)
     8    0.02                           clknet_2_2__leaf_clk (net)
                  0.05    0.00    0.36 ^ _283_/CLK (sky130_fd_sc_hd__dfrtp_1)
                          0.25    0.61   clock uncertainty
                         -0.03    0.58   clock reconvergence pessimism
                         -0.03    0.54   library hold time
                                  0.54   data required time
-----------------------------------------------------------------------------
                                  0.54   data required time
                                 -0.90   data arrival time
-----------------------------------------------------------------------------
                                  0.36   slack (MET)


Startpoint: _271_ (rising edge-triggered flip-flop clocked by clk)
Endpoint: _298_ (rising edge-triggered flip-flop clocked by clk)
Path Group: clk
Path Type: min
Corner: Typical

Fanout     Cap    Slew   Delay    Time   Description
-----------------------------------------------------------------------------
                          0.00    0.00   clock clk (rise edge)
                          0.00    0.00   clock source latency
                  0.07    0.05    0.05 ^ clk (in)
     1    0.01                           clk (net)
                  0.07    0.00    0.05 ^ clkbuf_0_clk/A (sky130_fd_sc_hd__clkbuf_16)
                  0.07    0.15    0.19 ^ clkbuf_0_clk/X (sky130_fd_sc_hd__clkbuf_16)
     4    0.05                           clknet_0_clk (net)
                  0.07    0.00    0.20 ^ clkbuf_2_3__f_clk/A (sky130_fd_sc_hd__clkbuf_16)
                  0.05    0.14    0.33 ^ clkbuf_2_3__f_clk/X (sky130_fd_sc_hd__clkbuf_16)
     9    0.03                           clknet_2_3__leaf_clk (net)
                  0.05    0.00    0.33 ^ _271_/CLK (sky130_fd_sc_hd__dfrtp_1)
                  0.06    0.31    0.65 ^ _271_/Q (sky130_fd_sc_hd__dfrtp_1)
     2    0.00                           baud_counter[9] (net)
                  0.06    0.00    0.65 ^ _135_/B (sky130_fd_sc_hd__or3b_1)
                  0.04    0.09    0.74 ^ _135_/X (sky130_fd_sc_hd__or3b_1)
     1    0.00                           _124_ (net)
                  0.04    0.00    0.74 ^ _138_/B (sky130_fd_sc_hd__or4_1)
                  0.10    0.13    0.88 ^ _138_/X (sky130_fd_sc_hd__or4_1)
     3    0.01                           _127_ (net)
                  0.10    0.00    0.88 ^ _139_/B (sky130_fd_sc_hd__nor2_1)
                  0.03    0.05    0.92 v _139_/Y (sky130_fd_sc_hd__nor2_1)
     1    0.00                           _000_ (net)
                  0.03    0.00    0.92 v _298_/D (sky130_fd_sc_hd__dfrtp_1)
                                  0.92   data arrival time

                          0.00    0.00   clock clk (rise edge)
                          0.00    0.00   clock source latency
                  0.07    0.05    0.05 ^ clk (in)
     1    0.01                           clk (net)
                  0.07    0.00    0.05 ^ clkbuf_0_clk/A (sky130_fd_sc_hd__clkbuf_16)
                  0.07    0.16    0.21 ^ clkbuf_0_clk/X (sky130_fd_sc_hd__clkbuf_16)
     4    0.05                           clknet_0_clk (net)
                  0.07    0.00    0.22 ^ clkbuf_2_1__f_clk/A (sky130_fd_sc_hd__clkbuf_16)
                  0.05    0.15    0.37 ^ clkbuf_2_1__f_clk/X (sky130_fd_sc_hd__clkbuf_16)
    11    0.03                           clknet_2_1__leaf_clk (net)
                  0.05    0.00    0.37 ^ _298_/CLK (sky130_fd_sc_hd__dfrtp_1)
                          0.25    0.62   clock uncertainty
                         -0.02    0.60   clock reconvergence pessimism
                         -0.04    0.56   library hold time
                                  0.56   data required time
-----------------------------------------------------------------------------
                                  0.56   data required time
                                 -0.92   data arrival time
-----------------------------------------------------------------------------
                                  0.36   slack (MET)


Startpoint: _281_ (rising edge-triggered flip-flop clocked by clk)
Endpoint: _281_ (rising edge-triggered flip-flop clocked by clk)
Path Group: clk
Path Type: min
Corner: Typical

Fanout     Cap    Slew   Delay    Time   Description
-----------------------------------------------------------------------------
                          0.00    0.00   clock clk (rise edge)
                          0.00    0.00   clock source latency
                  0.07    0.05    0.05 ^ clk (in)
     1    0.01                           clk (net)
                  0.07    0.00    0.05 ^ clkbuf_0_clk/A (sky130_fd_sc_hd__clkbuf_16)
                  0.07    0.15    0.19 ^ clkbuf_0_clk/X (sky130_fd_sc_hd__clkbuf_16)
     4    0.05                           clknet_0_clk (net)
                  0.07    0.00    0.20 ^ clkbuf_2_3__f_clk/A (sky130_fd_sc_hd__clkbuf_16)
                  0.05    0.14    0.33 ^ clkbuf_2_3__f_clk/X (sky130_fd_sc_hd__clkbuf_16)
     9    0.03                           clknet_2_3__leaf_clk (net)
                  0.05    0.00    0.33 ^ _281_/CLK (sky130_fd_sc_hd__dfrtp_1)
                  0.09    0.34    0.67 ^ _281_/Q (sky130_fd_sc_hd__dfrtp_1)
     3    0.01                           idle_counter[7] (net)
                  0.09    0.00    0.67 ^ _208_/B1 (sky130_fd_sc_hd__a21o_1)
                  0.04    0.09    0.76 ^ _208_/X (sky130_fd_sc_hd__a21o_1)
     1    0.00                           _083_ (net)
                  0.04    0.00    0.76 ^ _210_/A2 (sky130_fd_sc_hd__a32o_1)
                  0.05    0.15    0.91 ^ _210_/X (sky130_fd_sc_hd__a32o_1)
     1    0.00                           _020_ (net)
                  0.05    0.00    0.91 ^ _281_/D (sky130_fd_sc_hd__dfrtp_1)
                                  0.91   data arrival time

                          0.00    0.00   clock clk (rise edge)
                          0.00    0.00   clock source latency
                  0.07    0.05    0.05 ^ clk (in)
     1    0.01                           clk (net)
                  0.07    0.00    0.05 ^ clkbuf_0_clk/A (sky130_fd_sc_hd__clkbuf_16)
                  0.07    0.16    0.21 ^ clkbuf_0_clk/X (sky130_fd_sc_hd__clkbuf_16)
     4    0.05                           clknet_0_clk (net)
                  0.07    0.00    0.22 ^ clkbuf_2_3__f_clk/A (sky130_fd_sc_hd__clkbuf_16)
                  0.05    0.15    0.37 ^ clkbuf_2_3__f_clk/X (sky130_fd_sc_hd__clkbuf_16)
     9    0.03                           clknet_2_3__leaf_clk (net)
                  0.05    0.00    0.37 ^ _281_/CLK (sky130_fd_sc_hd__dfrtp_1)
                          0.25    0.62   clock uncertainty
                         -0.03    0.58   clock reconvergence pessimism
                         -0.04    0.55   library hold time
                                  0.55   data required time
-----------------------------------------------------------------------------
                                  0.55   data required time
                                 -0.91   data arrival time
-----------------------------------------------------------------------------
                                  0.36   slack (MET)


Startpoint: _263_ (rising edge-triggered flip-flop clocked by clk)
Endpoint: _263_ (rising edge-triggered flip-flop clocked by clk)
Path Group: clk
Path Type: min
Corner: Typical

Fanout     Cap    Slew   Delay    Time   Description
-----------------------------------------------------------------------------
                          0.00    0.00   clock clk (rise edge)
                          0.00    0.00   clock source latency
                  0.07    0.05    0.05 ^ clk (in)
     1    0.01                           clk (net)
                  0.07    0.00    0.05 ^ clkbuf_0_clk/A (sky130_fd_sc_hd__clkbuf_16)
                  0.07    0.15    0.19 ^ clkbuf_0_clk/X (sky130_fd_sc_hd__clkbuf_16)
     4    0.05                           clknet_0_clk (net)
                  0.07    0.00    0.20 ^ clkbuf_2_3__f_clk/A (sky130_fd_sc_hd__clkbuf_16)
                  0.05    0.14    0.33 ^ clkbuf_2_3__f_clk/X (sky130_fd_sc_hd__clkbuf_16)
     9    0.03                           clknet_2_3__leaf_clk (net)
                  0.05    0.00    0.33 ^ _263_/CLK (sky130_fd_sc_hd__dfrtp_1)
                  0.11    0.36    0.69 ^ _263_/Q (sky130_fd_sc_hd__dfrtp_1)
     4    0.01                           baud_counter[1] (net)
                  0.11    0.00    0.69 ^ _147_/A (sky130_fd_sc_hd__or2_1)
                  0.04    0.11    0.80 ^ _147_/X (sky130_fd_sc_hd__or2_1)
     1    0.00                           _040_ (net)
                  0.04    0.00    0.80 ^ _148_/C1 (sky130_fd_sc_hd__o211a_1)
                  0.04    0.12    0.91 ^ _148_/X (sky130_fd_sc_hd__o211a_1)
     1    0.00                           _002_ (net)
                  0.04    0.00    0.91 ^ _263_/D (sky130_fd_sc_hd__dfrtp_1)
                                  0.91   data arrival time

                          0.00    0.00   clock clk (rise edge)
                          0.00    0.00   clock source latency
                  0.07    0.05    0.05 ^ clk (in)
     1    0.01                           clk (net)
                  0.07    0.00    0.05 ^ clkbuf_0_clk/A (sky130_fd_sc_hd__clkbuf_16)
                  0.07    0.16    0.21 ^ clkbuf_0_clk/X (sky130_fd_sc_hd__clkbuf_16)
     4    0.05                           clknet_0_clk (net)
                  0.07    0.00    0.22 ^ clkbuf_2_3__f_clk/A (sky130_fd_sc_hd__clkbuf_16)
                  0.05    0.15    0.37 ^ clkbuf_2_3__f_clk/X (sky130_fd_sc_hd__clkbuf_16)
     9    0.03                           clknet_2_3__leaf_clk (net)
                  0.05    0.00    0.37 ^ _263_/CLK (sky130_fd_sc_hd__dfrtp_1)
                          0.25    0.62   clock uncertainty
                         -0.03    0.58   clock reconvergence pessimism
                         -0.03    0.55   library hold time
                                  0.55   data required time
-----------------------------------------------------------------------------
                                  0.55   data required time
                                 -0.91   data arrival time
-----------------------------------------------------------------------------
                                  0.36   slack (MET)


Startpoint: _263_ (rising edge-triggered flip-flop clocked by clk)
Endpoint: _264_ (rising edge-triggered flip-flop clocked by clk)
Path Group: clk
Path Type: min
Corner: Typical

Fanout     Cap    Slew   Delay    Time   Description
-----------------------------------------------------------------------------
                          0.00    0.00   clock clk (rise edge)
                          0.00    0.00   clock source latency
                  0.07    0.05    0.05 ^ clk (in)
     1    0.01                           clk (net)
                  0.07    0.00    0.05 ^ clkbuf_0_clk/A (sky130_fd_sc_hd__clkbuf_16)
                  0.07    0.15    0.19 ^ clkbuf_0_clk/X (sky130_fd_sc_hd__clkbuf_16)
     4    0.05                           clknet_0_clk (net)
                  0.07    0.00    0.20 ^ clkbuf_2_3__f_clk/A (sky130_fd_sc_hd__clkbuf_16)
                  0.05    0.14    0.33 ^ clkbuf_2_3__f_clk/X (sky130_fd_sc_hd__clkbuf_16)
     9    0.03                           clknet_2_3__leaf_clk (net)
                  0.05    0.00    0.33 ^ _263_/CLK (sky130_fd_sc_hd__dfrtp_1)
                  0.07    0.38    0.71 v _263_/Q (sky130_fd_sc_hd__dfrtp_1)
     4    0.01                           baud_counter[1] (net)
                  0.07    0.00    0.71 v _146_/A (sky130_fd_sc_hd__nand2_1)
                  0.12    0.12    0.83 ^ _146_/Y (sky130_fd_sc_hd__nand2_1)
     3    0.01                           _039_ (net)
                  0.12    0.00    0.83 ^ _149_/B (sky130_fd_sc_hd__xnor2_1)
                  0.04    0.07    0.91 v _149_/Y (sky130_fd_sc_hd__xnor2_1)
     1    0.00                           _003_ (net)
                  0.04    0.00    0.91 v _264_/D (sky130_fd_sc_hd__dfrtp_1)
                                  0.91   data arrival time

                          0.00    0.00   clock clk (rise edge)
                          0.00    0.00   clock source latency
                  0.07    0.05    0.05 ^ clk (in)
     1    0.01                           clk (net)
                  0.07    0.00    0.05 ^ clkbuf_0_clk/A (sky130_fd_sc_hd__clkbuf_16)
                  0.07    0.16    0.21 ^ clkbuf_0_clk/X (sky130_fd_sc_hd__clkbuf_16)
     4    0.05                           clknet_0_clk (net)
                  0.07    0.00    0.22 ^ clkbuf_2_3__f_clk/A (sky130_fd_sc_hd__clkbuf_16)
                  0.05    0.15    0.37 ^ clkbuf_2_3__f_clk/X (sky130_fd_sc_hd__clkbuf_16)
     9    0.03                           clknet_2_3__leaf_clk (net)
                  0.05    0.00    0.37 ^ _264_/CLK (sky130_fd_sc_hd__dfrtp_1)
                          0.25    0.62   clock uncertainty
                         -0.03    0.58   clock reconvergence pessimism
                         -0.04    0.54   library hold time
                                  0.54   data required time
-----------------------------------------------------------------------------
                                  0.54   data required time
                                 -0.91   data arrival time
-----------------------------------------------------------------------------
                                  0.37   slack (MET)


Startpoint: _280_ (rising edge-triggered flip-flop clocked by clk)
Endpoint: _280_ (rising edge-triggered flip-flop clocked by clk)
Path Group: clk
Path Type: min
Corner: Typical

Fanout     Cap    Slew   Delay    Time   Description
-----------------------------------------------------------------------------
                          0.00    0.00   clock clk (rise edge)
                          0.00    0.00   clock source latency
                  0.07    0.05    0.05 ^ clk (in)
     1    0.01                           clk (net)
                  0.07    0.00    0.05 ^ clkbuf_0_clk/A (sky130_fd_sc_hd__clkbuf_16)
                  0.07    0.15    0.19 ^ clkbuf_0_clk/X (sky130_fd_sc_hd__clkbuf_16)
     4    0.05                           clknet_0_clk (net)
                  0.07    0.00    0.20 ^ clkbuf_2_3__f_clk/A (sky130_fd_sc_hd__clkbuf_16)
                  0.05    0.14    0.33 ^ clkbuf_2_3__f_clk/X (sky130_fd_sc_hd__clkbuf_16)
     9    0.03                           clknet_2_3__leaf_clk (net)
                  0.05    0.00    0.33 ^ _280_/CLK (sky130_fd_sc_hd__dfrtp_1)
                  0.08    0.38    0.72 v _280_/Q (sky130_fd_sc_hd__dfrtp_1)
     5    0.01                           idle_counter[6] (net)
                  0.08    0.00    0.72 v _206_/A (sky130_fd_sc_hd__nand2_1)
                  0.04    0.07    0.78 ^ _206_/Y (sky130_fd_sc_hd__nand2_1)
     1    0.00                           _082_ (net)
                  0.04    0.00    0.78 ^ _207_/A3 (sky130_fd_sc_hd__a32o_1)
                  0.05    0.14    0.93 ^ _207_/X (sky130_fd_sc_hd__a32o_1)
     1    0.00                           _019_ (net)
                  0.05    0.00    0.93 ^ _280_/D (sky130_fd_sc_hd__dfrtp_1)
                                  0.93   data arrival time

                          0.00    0.00   clock clk (rise edge)
                          0.00    0.00   clock source latency
                  0.07    0.05    0.05 ^ clk (in)
     1    0.01                           clk (net)
                  0.07    0.00    0.05 ^ clkbuf_0_clk/A (sky130_fd_sc_hd__clkbuf_16)
                  0.07    0.16    0.21 ^ clkbuf_0_clk/X (sky130_fd_sc_hd__clkbuf_16)
     4    0.05                           clknet_0_clk (net)
                  0.07    0.00    0.22 ^ clkbuf_2_3__f_clk/A (sky130_fd_sc_hd__clkbuf_16)
                  0.05    0.15    0.37 ^ clkbuf_2_3__f_clk/X (sky130_fd_sc_hd__clkbuf_16)
     9    0.03                           clknet_2_3__leaf_clk (net)
                  0.05    0.00    0.37 ^ _280_/CLK (sky130_fd_sc_hd__dfrtp_1)
                          0.25    0.62   clock uncertainty
                         -0.03    0.58   clock reconvergence pessimism
                         -0.03    0.55   library hold time
                                  0.55   data required time
-----------------------------------------------------------------------------
                                  0.55   data required time
                                 -0.93   data arrival time
-----------------------------------------------------------------------------
                                  0.38   slack (MET)


Startpoint: _286_ (rising edge-triggered flip-flop clocked by clk)
Endpoint: _286_ (rising edge-triggered flip-flop clocked by clk)
Path Group: clk
Path Type: min
Corner: Typical

Fanout     Cap    Slew   Delay    Time   Description
-----------------------------------------------------------------------------
                          0.00    0.00   clock clk (rise edge)
                          0.00    0.00   clock source latency
                  0.07    0.05    0.05 ^ clk (in)
     1    0.01                           clk (net)
                  0.07    0.00    0.05 ^ clkbuf_0_clk/A (sky130_fd_sc_hd__clkbuf_16)
                  0.07    0.15    0.19 ^ clkbuf_0_clk/X (sky130_fd_sc_hd__clkbuf_16)
     4    0.05                           clknet_0_clk (net)
                  0.07    0.00    0.20 ^ clkbuf_2_1__f_clk/A (sky130_fd_sc_hd__clkbuf_16)
                  0.05    0.14    0.33 ^ clkbuf_2_1__f_clk/X (sky130_fd_sc_hd__clkbuf_16)
    11    0.03                           clknet_2_1__leaf_clk (net)
                  0.05    0.00    0.34 ^ _286_/CLK (sky130_fd_sc_hd__dfrtp_1)
                  0.07    0.33    0.66 ^ _286_/Q (sky130_fd_sc_hd__dfrtp_1)
     2    0.01                           bit_count[2] (net)
                  0.07    0.00    0.66 ^ _228_/B1 (sky130_fd_sc_hd__a31o_1)
                  0.04    0.09    0.75 ^ _228_/X (sky130_fd_sc_hd__a31o_1)
     1    0.00                           _098_ (net)
                  0.04    0.00    0.75 ^ _229_/B (sky130_fd_sc_hd__and2_1)
                  0.05    0.11    0.86 ^ _229_/X (sky130_fd_sc_hd__and2_1)
     1    0.00                           _099_ (net)
                  0.05    0.00    0.86 ^ _230_/A (sky130_fd_sc_hd__clkbuf_1)
                  0.04    0.07    0.94 ^ _230_/X (sky130_fd_sc_hd__clkbuf_1)
     1    0.00                           _025_ (net)
                  0.04    0.00    0.94 ^ _286_/D (sky130_fd_sc_hd__dfrtp_1)
                                  0.94   data arrival time

                          0.00    0.00   clock clk (rise edge)
                          0.00    0.00   clock source latency
                  0.07    0.05    0.05 ^ clk (in)
     1    0.01                           clk (net)
                  0.07    0.00    0.05 ^ clkbuf_0_clk/A (sky130_fd_sc_hd__clkbuf_16)
                  0.07    0.16    0.21 ^ clkbuf_0_clk/X (sky130_fd_sc_hd__clkbuf_16)
     4    0.05                           clknet_0_clk (net)
                  0.07    0.00    0.22 ^ clkbuf_2_1__f_clk/A (sky130_fd_sc_hd__clkbuf_16)
                  0.05    0.15    0.37 ^ clkbuf_2_1__f_clk/X (sky130_fd_sc_hd__clkbuf_16)
    11    0.03                           clknet_2_1__leaf_clk (net)
                  0.05    0.00    0.37 ^ _286_/CLK (sky130_fd_sc_hd__dfrtp_1)
                          0.25    0.62   clock uncertainty
                         -0.04    0.59   clock reconvergence pessimism
                         -0.03    0.55   library hold time
                                  0.55   data required time
-----------------------------------------------------------------------------
                                  0.55   data required time
                                 -0.94   data arrival time
-----------------------------------------------------------------------------
                                  0.39   slack (MET)


Startpoint: _277_ (rising edge-triggered flip-flop clocked by clk)
Endpoint: _277_ (rising edge-triggered flip-flop clocked by clk)
Path Group: clk
Path Type: min
Corner: Typical

Fanout     Cap    Slew   Delay    Time   Description
-----------------------------------------------------------------------------
                          0.00    0.00   clock clk (rise edge)
                          0.00    0.00   clock source latency
                  0.07    0.05    0.05 ^ clk (in)
     1    0.01                           clk (net)
                  0.07    0.00    0.05 ^ clkbuf_0_clk/A (sky130_fd_sc_hd__clkbuf_16)
                  0.07    0.15    0.19 ^ clkbuf_0_clk/X (sky130_fd_sc_hd__clkbuf_16)
     4    0.05                           clknet_0_clk (net)
                  0.07    0.00    0.20 ^ clkbuf_2_2__f_clk/A (sky130_fd_sc_hd__clkbuf_16)
                  0.05    0.13    0.33 ^ clkbuf_2_2__f_clk/X (sky130_fd_sc_hd__clkbuf_16)
     8    0.02                           clknet_2_2__leaf_clk (net)
                  0.05    0.00    0.33 ^ _277_/CLK (sky130_fd_sc_hd__dfrtp_1)
                  0.11    0.35    0.68 ^ _277_/Q (sky130_fd_sc_hd__dfrtp_1)
     4    0.01                           idle_counter[3] (net)
                  0.11    0.00    0.68 ^ _194_/B1 (sky130_fd_sc_hd__a31o_1)
                  0.05    0.11    0.79 ^ _194_/X (sky130_fd_sc_hd__a31o_1)
     1    0.00                           _073_ (net)
                  0.05    0.00    0.79 ^ _197_/A2 (sky130_fd_sc_hd__a32o_1)
                  0.05    0.14    0.93 ^ _197_/X (sky130_fd_sc_hd__a32o_1)
     1    0.00                           _016_ (net)
                  0.05    0.00    0.93 ^ _277_/D (sky130_fd_sc_hd__dfrtp_1)
                                  0.93   data arrival time

                          0.00    0.00   clock clk (rise edge)
                          0.00    0.00   clock source latency
                  0.07    0.05    0.05 ^ clk (in)
     1    0.01                           clk (net)
                  0.07    0.00    0.05 ^ clkbuf_0_clk/A (sky130_fd_sc_hd__clkbuf_16)
                  0.07    0.16    0.21 ^ clkbuf_0_clk/X (sky130_fd_sc_hd__clkbuf_16)
     4    0.05                           clknet_0_clk (net)
                  0.07    0.00    0.22 ^ clkbuf_2_2__f_clk/A (sky130_fd_sc_hd__clkbuf_16)
                  0.05    0.14    0.36 ^ clkbuf_2_2__f_clk/X (sky130_fd_sc_hd__clkbuf_16)
     8    0.02                           clknet_2_2__leaf_clk (net)
                  0.05    0.00    0.36 ^ _277_/CLK (sky130_fd_sc_hd__dfrtp_1)
                          0.25    0.61   clock uncertainty
                         -0.03    0.58   clock reconvergence pessimism
                         -0.03    0.54   library hold time
                                  0.54   data required time
-----------------------------------------------------------------------------
                                  0.54   data required time
                                 -0.93   data arrival time
-----------------------------------------------------------------------------
                                  0.39   slack (MET)


Startpoint: _267_ (rising edge-triggered flip-flop clocked by clk)
Endpoint: _267_ (rising edge-triggered flip-flop clocked by clk)
Path Group: clk
Path Type: min
Corner: Typical

Fanout     Cap    Slew   Delay    Time   Description
-----------------------------------------------------------------------------
                          0.00    0.00   clock clk (rise edge)
                          0.00    0.00   clock source latency
                  0.07    0.05    0.05 ^ clk (in)
     1    0.01                           clk (net)
                  0.07    0.00    0.05 ^ clkbuf_0_clk/A (sky130_fd_sc_hd__clkbuf_16)
                  0.07    0.15    0.19 ^ clkbuf_0_clk/X (sky130_fd_sc_hd__clkbuf_16)
     4    0.05                           clknet_0_clk (net)
                  0.07    0.00    0.20 ^ clkbuf_2_1__f_clk/A (sky130_fd_sc_hd__clkbuf_16)
                  0.05    0.14    0.33 ^ clkbuf_2_1__f_clk/X (sky130_fd_sc_hd__clkbuf_16)
    11    0.03                           clknet_2_1__leaf_clk (net)
                  0.05    0.00    0.33 ^ _267_/CLK (sky130_fd_sc_hd__dfrtp_1)
                  0.13    0.37    0.70 ^ _267_/Q (sky130_fd_sc_hd__dfrtp_1)
     4    0.01                           baud_counter[5] (net)
                  0.13    0.00    0.70 ^ _158_/B1 (sky130_fd_sc_hd__a21o_1)
                  0.04    0.10    0.80 ^ _158_/X (sky130_fd_sc_hd__a21o_1)
     1    0.00                           _047_ (net)
                  0.04    0.00    0.80 ^ _160_/A2 (sky130_fd_sc_hd__a32o_1)
                  0.05    0.14    0.94 ^ _160_/X (sky130_fd_sc_hd__a32o_1)
     1    0.00                           _006_ (net)
                  0.05    0.00    0.94 ^ _267_/D (sky130_fd_sc_hd__dfrtp_1)
                                  0.94   data arrival time

                          0.00    0.00   clock clk (rise edge)
                          0.00    0.00   clock source latency
                  0.07    0.05    0.05 ^ clk (in)
     1    0.01                           clk (net)
                  0.07    0.00    0.05 ^ clkbuf_0_clk/A (sky130_fd_sc_hd__clkbuf_16)
                  0.07    0.16    0.21 ^ clkbuf_0_clk/X (sky130_fd_sc_hd__clkbuf_16)
     4    0.05                           clknet_0_clk (net)
                  0.07    0.00    0.22 ^ clkbuf_2_1__f_clk/A (sky130_fd_sc_hd__clkbuf_16)
                  0.05    0.15    0.37 ^ clkbuf_2_1__f_clk/X (sky130_fd_sc_hd__clkbuf_16)
    11    0.03                           clknet_2_1__leaf_clk (net)
                  0.05    0.00    0.37 ^ _267_/CLK (sky130_fd_sc_hd__dfrtp_1)
                          0.25    0.62   clock uncertainty
                         -0.04    0.58   clock reconvergence pessimism
                         -0.03    0.55   library hold time
                                  0.55   data required time
-----------------------------------------------------------------------------
                                  0.55   data required time
                                 -0.94   data arrival time
-----------------------------------------------------------------------------
                                  0.39   slack (MET)


Startpoint: _285_ (rising edge-triggered flip-flop clocked by clk)
Endpoint: _285_ (rising edge-triggered flip-flop clocked by clk)
Path Group: clk
Path Type: min
Corner: Typical

Fanout     Cap    Slew   Delay    Time   Description
-----------------------------------------------------------------------------
                          0.00    0.00   clock clk (rise edge)
                          0.00    0.00   clock source latency
                  0.07    0.05    0.05 ^ clk (in)
     1    0.01                           clk (net)
                  0.07    0.00    0.05 ^ clkbuf_0_clk/A (sky130_fd_sc_hd__clkbuf_16)
                  0.07    0.15    0.19 ^ clkbuf_0_clk/X (sky130_fd_sc_hd__clkbuf_16)
     4    0.05                           clknet_0_clk (net)
                  0.07    0.00    0.20 ^ clkbuf_2_1__f_clk/A (sky130_fd_sc_hd__clkbuf_16)
                  0.05    0.14    0.33 ^ clkbuf_2_1__f_clk/X (sky130_fd_sc_hd__clkbuf_16)
    11    0.03                           clknet_2_1__leaf_clk (net)
                  0.05    0.00    0.33 ^ _285_/CLK (sky130_fd_sc_hd__dfrtp_1)
                  0.11    0.35    0.69 ^ _285_/Q (sky130_fd_sc_hd__dfrtp_1)
     4    0.01                           bit_count[1] (net)
                  0.11    0.00    0.69 ^ _222_/A2 (sky130_fd_sc_hd__a21oi_1)
                  0.05    0.08    0.77 v _222_/Y (sky130_fd_sc_hd__a21oi_1)
     1    0.00                           _093_ (net)
                  0.05    0.00    0.77 v _225_/B1 (sky130_fd_sc_hd__o22a_1)
                  0.04    0.17    0.94 v _225_/X (sky130_fd_sc_hd__o22a_1)
     1    0.00                           _024_ (net)
                  0.04    0.00    0.94 v _285_/D (sky130_fd_sc_hd__dfrtp_1)
                                  0.94   data arrival time

                          0.00    0.00   clock clk (rise edge)
                          0.00    0.00   clock source latency
                  0.07    0.05    0.05 ^ clk (in)
     1    0.01                           clk (net)
                  0.07    0.00    0.05 ^ clkbuf_0_clk/A (sky130_fd_sc_hd__clkbuf_16)
                  0.07    0.16    0.21 ^ clkbuf_0_clk/X (sky130_fd_sc_hd__clkbuf_16)
     4    0.05                           clknet_0_clk (net)
                  0.07    0.00    0.22 ^ clkbuf_2_1__f_clk/A (sky130_fd_sc_hd__clkbuf_16)
                  0.05    0.15    0.37 ^ clkbuf_2_1__f_clk/X (sky130_fd_sc_hd__clkbuf_16)
    11    0.03                           clknet_2_1__leaf_clk (net)
                  0.05    0.00    0.37 ^ _285_/CLK (sky130_fd_sc_hd__dfrtp_1)
                          0.25    0.62   clock uncertainty
                         -0.04    0.59   clock reconvergence pessimism
                         -0.04    0.54   library hold time
                                  0.54   data required time
-----------------------------------------------------------------------------
                                  0.54   data required time
                                 -0.94   data arrival time
-----------------------------------------------------------------------------
                                  0.40   slack (MET)


Startpoint: _270_ (rising edge-triggered flip-flop clocked by clk)
Endpoint: _270_ (rising edge-triggered flip-flop clocked by clk)
Path Group: clk
Path Type: min
Corner: Typical

Fanout     Cap    Slew   Delay    Time   Description
-----------------------------------------------------------------------------
                          0.00    0.00   clock clk (rise edge)
                          0.00    0.00   clock source latency
                  0.07    0.05    0.05 ^ clk (in)
     1    0.01                           clk (net)
                  0.07    0.00    0.05 ^ clkbuf_0_clk/A (sky130_fd_sc_hd__clkbuf_16)
                  0.07    0.15    0.19 ^ clkbuf_0_clk/X (sky130_fd_sc_hd__clkbuf_16)
     4    0.05                           clknet_0_clk (net)
                  0.07    0.00    0.20 ^ clkbuf_2_1__f_clk/A (sky130_fd_sc_hd__clkbuf_16)
                  0.05    0.14    0.33 ^ clkbuf_2_1__f_clk/X (sky130_fd_sc_hd__clkbuf_16)
    11    0.03                           clknet_2_1__leaf_clk (net)
                  0.05    0.00    0.33 ^ _270_/CLK (sky130_fd_sc_hd__dfrtp_1)
                  0.12    0.36    0.70 ^ _270_/Q (sky130_fd_sc_hd__dfrtp_1)
     3    0.01                           baud_counter[8] (net)
                  0.12    0.00    0.70 ^ _166_/B1 (sky130_fd_sc_hd__a21o_1)
                  0.04    0.10    0.80 ^ _166_/X (sky130_fd_sc_hd__a21o_1)
     1    0.00                           _052_ (net)
                  0.04    0.00    0.80 ^ _169_/A2 (sky130_fd_sc_hd__a32o_1)
                  0.06    0.15    0.95 ^ _169_/X (sky130_fd_sc_hd__a32o_1)
     1    0.00                           _009_ (net)
                  0.06    0.00    0.95 ^ _270_/D (sky130_fd_sc_hd__dfrtp_1)
                                  0.95   data arrival time

                          0.00    0.00   clock clk (rise edge)
                          0.00    0.00   clock source latency
                  0.07    0.05    0.05 ^ clk (in)
     1    0.01                           clk (net)
                  0.07    0.00    0.05 ^ clkbuf_0_clk/A (sky130_fd_sc_hd__clkbuf_16)
                  0.07    0.16    0.21 ^ clkbuf_0_clk/X (sky130_fd_sc_hd__clkbuf_16)
     4    0.05                           clknet_0_clk (net)
                  0.07    0.00    0.22 ^ clkbuf_2_1__f_clk/A (sky130_fd_sc_hd__clkbuf_16)
                  0.05    0.15    0.37 ^ clkbuf_2_1__f_clk/X (sky130_fd_sc_hd__clkbuf_16)
    11    0.03                           clknet_2_1__leaf_clk (net)
                  0.05    0.00    0.37 ^ _270_/CLK (sky130_fd_sc_hd__dfrtp_1)
                          0.25    0.62   clock uncertainty
                         -0.04    0.58   clock reconvergence pessimism
                         -0.04    0.55   library hold time
                                  0.55   data required time
-----------------------------------------------------------------------------
                                  0.55   data required time
                                 -0.95   data arrival time
-----------------------------------------------------------------------------
                                  0.40   slack (MET)


Startpoint: _279_ (rising edge-triggered flip-flop clocked by clk)
Endpoint: _279_ (rising edge-triggered flip-flop clocked by clk)
Path Group: clk
Path Type: min
Corner: Typical

Fanout     Cap    Slew   Delay    Time   Description
-----------------------------------------------------------------------------
                          0.00    0.00   clock clk (rise edge)
                          0.00    0.00   clock source latency
                  0.07    0.05    0.05 ^ clk (in)
     1    0.01                           clk (net)
                  0.07    0.00    0.05 ^ clkbuf_0_clk/A (sky130_fd_sc_hd__clkbuf_16)
                  0.07    0.15    0.19 ^ clkbuf_0_clk/X (sky130_fd_sc_hd__clkbuf_16)
     4    0.05                           clknet_0_clk (net)
                  0.07    0.00    0.20 ^ clkbuf_2_3__f_clk/A (sky130_fd_sc_hd__clkbuf_16)
                  0.05    0.14    0.33 ^ clkbuf_2_3__f_clk/X (sky130_fd_sc_hd__clkbuf_16)
     9    0.03                           clknet_2_3__leaf_clk (net)
                  0.05    0.00    0.33 ^ _279_/CLK (sky130_fd_sc_hd__dfrtp_1)
                  0.12    0.36    0.69 ^ _279_/Q (sky130_fd_sc_hd__dfrtp_1)
     4    0.01                           idle_counter[5] (net)
                  0.12    0.00    0.69 ^ _201_/A (sky130_fd_sc_hd__inv_2)
                  0.03    0.03    0.73 v _201_/Y (sky130_fd_sc_hd__inv_2)
     1    0.00                           _078_ (net)
                  0.03    0.00    0.73 v _203_/A1 (sky130_fd_sc_hd__a21oi_1)
                  0.10    0.11    0.84 ^ _203_/Y (sky130_fd_sc_hd__a21oi_1)
     1    0.00                           _080_ (net)
                  0.10    0.00    0.84 ^ _204_/B2 (sky130_fd_sc_hd__a22o_1)
                  0.05    0.13    0.97 ^ _204_/X (sky130_fd_sc_hd__a22o_1)
     1    0.00                           _018_ (net)
                  0.05    0.00    0.97 ^ _279_/D (sky130_fd_sc_hd__dfrtp_1)
                                  0.97   data arrival time

                          0.00    0.00   clock clk (rise edge)
                          0.00    0.00   clock source latency
                  0.07    0.05    0.05 ^ clk (in)
     1    0.01                           clk (net)
                  0.07    0.00    0.05 ^ clkbuf_0_clk/A (sky130_fd_sc_hd__clkbuf_16)
                  0.07    0.16    0.21 ^ clkbuf_0_clk/X (sky130_fd_sc_hd__clkbuf_16)
     4    0.05                           clknet_0_clk (net)
                  0.07    0.00    0.22 ^ clkbuf_2_3__f_clk/A (sky130_fd_sc_hd__clkbuf_16)
                  0.05    0.15    0.37 ^ clkbuf_2_3__f_clk/X (sky130_fd_sc_hd__clkbuf_16)
     9    0.03                           clknet_2_3__leaf_clk (net)
                  0.05    0.00    0.37 ^ _279_/CLK (sky130_fd_sc_hd__dfrtp_1)
                          0.25    0.62   clock uncertainty
                         -0.03    0.58   clock reconvergence pessimism
                         -0.03    0.55   library hold time
                                  0.55   data required time
-----------------------------------------------------------------------------
                                  0.55   data required time
                                 -0.97   data arrival time
-----------------------------------------------------------------------------
                                  0.42   slack (MET)


Startpoint: _278_ (rising edge-triggered flip-flop clocked by clk)
Endpoint: _278_ (rising edge-triggered flip-flop clocked by clk)
Path Group: clk
Path Type: min
Corner: Typical

Fanout     Cap    Slew   Delay    Time   Description
-----------------------------------------------------------------------------
                          0.00    0.00   clock clk (rise edge)
                          0.00    0.00   clock source latency
                  0.07    0.05    0.05 ^ clk (in)
     1    0.01                           clk (net)
                  0.07    0.00    0.05 ^ clkbuf_0_clk/A (sky130_fd_sc_hd__clkbuf_16)
                  0.07    0.15    0.19 ^ clkbuf_0_clk/X (sky130_fd_sc_hd__clkbuf_16)
     4    0.05                           clknet_0_clk (net)
                  0.07    0.00    0.20 ^ clkbuf_2_3__f_clk/A (sky130_fd_sc_hd__clkbuf_16)
                  0.05    0.14    0.33 ^ clkbuf_2_3__f_clk/X (sky130_fd_sc_hd__clkbuf_16)
     9    0.03                           clknet_2_3__leaf_clk (net)
                  0.05    0.00    0.33 ^ _278_/CLK (sky130_fd_sc_hd__dfrtp_1)
                  0.13    0.37    0.70 ^ _278_/Q (sky130_fd_sc_hd__dfrtp_1)
     5    0.01                           idle_counter[4] (net)
                  0.13    0.00    0.70 ^ _198_/A (sky130_fd_sc_hd__or2_1)
                  0.05    0.12    0.82 ^ _198_/X (sky130_fd_sc_hd__or2_1)
     1    0.00                           _076_ (net)
                  0.05    0.00    0.82 ^ _200_/A2 (sky130_fd_sc_hd__a32o_1)
                  0.05    0.15    0.97 ^ _200_/X (sky130_fd_sc_hd__a32o_1)
     1    0.00                           _017_ (net)
                  0.05    0.00    0.97 ^ _278_/D (sky130_fd_sc_hd__dfrtp_1)
                                  0.97   data arrival time

                          0.00    0.00   clock clk (rise edge)
                          0.00    0.00   clock source latency
                  0.07    0.05    0.05 ^ clk (in)
     1    0.01                           clk (net)
                  0.07    0.00    0.05 ^ clkbuf_0_clk/A (sky130_fd_sc_hd__clkbuf_16)
                  0.07    0.16    0.21 ^ clkbuf_0_clk/X (sky130_fd_sc_hd__clkbuf_16)
     4    0.05                           clknet_0_clk (net)
                  0.07    0.00    0.22 ^ clkbuf_2_3__f_clk/A (sky130_fd_sc_hd__clkbuf_16)
                  0.05    0.15    0.37 ^ clkbuf_2_3__f_clk/X (sky130_fd_sc_hd__clkbuf_16)
     9    0.03                           clknet_2_3__leaf_clk (net)
                  0.05    0.00    0.37 ^ _278_/CLK (sky130_fd_sc_hd__dfrtp_1)
                          0.25    0.62   clock uncertainty
                         -0.03    0.58   clock reconvergence pessimism
                         -0.03    0.55   library hold time
                                  0.55   data required time
-----------------------------------------------------------------------------
                                  0.55   data required time
                                 -0.97   data arrival time
-----------------------------------------------------------------------------
                                  0.42   slack (MET)


Startpoint: _266_ (rising edge-triggered flip-flop clocked by clk)
Endpoint: _266_ (rising edge-triggered flip-flop clocked by clk)
Path Group: clk
Path Type: min
Corner: Typical

Fanout     Cap    Slew   Delay    Time   Description
-----------------------------------------------------------------------------
                          0.00    0.00   clock clk (rise edge)
                          0.00    0.00   clock source latency
                  0.07    0.05    0.05 ^ clk (in)
     1    0.01                           clk (net)
                  0.07    0.00    0.05 ^ clkbuf_0_clk/A (sky130_fd_sc_hd__clkbuf_16)
                  0.07    0.15    0.19 ^ clkbuf_0_clk/X (sky130_fd_sc_hd__clkbuf_16)
     4    0.05                           clknet_0_clk (net)
                  0.07    0.00    0.20 ^ clkbuf_2_1__f_clk/A (sky130_fd_sc_hd__clkbuf_16)
                  0.05    0.14    0.33 ^ clkbuf_2_1__f_clk/X (sky130_fd_sc_hd__clkbuf_16)
    11    0.03                           clknet_2_1__leaf_clk (net)
                  0.05    0.00    0.33 ^ _266_/CLK (sky130_fd_sc_hd__dfrtp_1)
                  0.09    0.40    0.73 v _266_/Q (sky130_fd_sc_hd__dfrtp_1)
     6    0.02                           baud_counter[4] (net)
                  0.09    0.00    0.73 v _156_/A (sky130_fd_sc_hd__nand2_1)
                  0.06    0.08    0.81 ^ _156_/Y (sky130_fd_sc_hd__nand2_1)
     1    0.00                           _046_ (net)
                  0.06    0.00    0.81 ^ _157_/A3 (sky130_fd_sc_hd__a32o_1)
                  0.06    0.16    0.98 ^ _157_/X (sky130_fd_sc_hd__a32o_1)
     1    0.00                           _005_ (net)
                  0.06    0.00    0.98 ^ _266_/D (sky130_fd_sc_hd__dfrtp_1)
                                  0.98   data arrival time

                          0.00    0.00   clock clk (rise edge)
                          0.00    0.00   clock source latency
                  0.07    0.05    0.05 ^ clk (in)
     1    0.01                           clk (net)
                  0.07    0.00    0.05 ^ clkbuf_0_clk/A (sky130_fd_sc_hd__clkbuf_16)
                  0.07    0.16    0.21 ^ clkbuf_0_clk/X (sky130_fd_sc_hd__clkbuf_16)
     4    0.05                           clknet_0_clk (net)
                  0.07    0.00    0.22 ^ clkbuf_2_1__f_clk/A (sky130_fd_sc_hd__clkbuf_16)
                  0.05    0.15    0.37 ^ clkbuf_2_1__f_clk/X (sky130_fd_sc_hd__clkbuf_16)
    11    0.03                           clknet_2_1__leaf_clk (net)
                  0.05    0.00    0.37 ^ _266_/CLK (sky130_fd_sc_hd__dfrtp_1)
                          0.25    0.62   clock uncertainty
                         -0.04    0.58   clock reconvergence pessimism
                         -0.04    0.55   library hold time
                                  0.55   data required time
-----------------------------------------------------------------------------
                                  0.55   data required time
                                 -0.98   data arrival time
-----------------------------------------------------------------------------
                                  0.43   slack (MET)


Startpoint: _273_ (rising edge-triggered flip-flop clocked by clk)
Endpoint: _287_ (rising edge-triggered flip-flop clocked by clk)
Path Group: clk
Path Type: min
Corner: Typical

Fanout     Cap    Slew   Delay    Time   Description
-----------------------------------------------------------------------------
                          0.00    0.00   clock clk (rise edge)
                          0.00    0.00   clock source latency
                  0.07    0.05    0.05 ^ clk (in)
     1    0.01                           clk (net)
                  0.07    0.00    0.05 ^ clkbuf_0_clk/A (sky130_fd_sc_hd__clkbuf_16)
                  0.07    0.15    0.19 ^ clkbuf_0_clk/X (sky130_fd_sc_hd__clkbuf_16)
     4    0.05                           clknet_0_clk (net)
                  0.07    0.00    0.20 ^ clkbuf_2_2__f_clk/A (sky130_fd_sc_hd__clkbuf_16)
                  0.05    0.13    0.33 ^ clkbuf_2_2__f_clk/X (sky130_fd_sc_hd__clkbuf_16)
     8    0.02                           clknet_2_2__leaf_clk (net)
                  0.05    0.00    0.33 ^ _273_/CLK (sky130_fd_sc_hd__dfrtp_2)
                  0.12    0.39    0.72 ^ _273_/Q (sky130_fd_sc_hd__dfrtp_2)
     5    0.02                           net12 (net)
                  0.12    0.00    0.72 ^ _217_/B1 (sky130_fd_sc_hd__a21oi_2)
                  0.05    0.07    0.78 v _217_/Y (sky130_fd_sc_hd__a21oi_2)
     4    0.01                           _089_ (net)
                  0.05    0.00    0.78 v _227_/B1 (sky130_fd_sc_hd__o21ai_1)
                  0.11    0.10    0.88 ^ _227_/Y (sky130_fd_sc_hd__o21ai_1)
     2    0.01                           _097_ (net)
                  0.11    0.00    0.88 ^ _232_/B1 (sky130_fd_sc_hd__a2bb2o_1)
                  0.04    0.13    1.01 ^ _232_/X (sky130_fd_sc_hd__a2bb2o_1)
     1    0.00                           _026_ (net)
                  0.04    0.00    1.01 ^ _287_/D (sky130_fd_sc_hd__dfrtp_1)
                                  1.01   data arrival time

                          0.00    0.00   clock clk (rise edge)
                          0.00    0.00   clock source latency
                  0.07    0.05    0.05 ^ clk (in)
     1    0.01                           clk (net)
                  0.07    0.00    0.05 ^ clkbuf_0_clk/A (sky130_fd_sc_hd__clkbuf_16)
                  0.07    0.16    0.21 ^ clkbuf_0_clk/X (sky130_fd_sc_hd__clkbuf_16)
     4    0.05                           clknet_0_clk (net)
                  0.07    0.00    0.22 ^ clkbuf_2_0__f_clk/A (sky130_fd_sc_hd__clkbuf_16)
                  0.05    0.15    0.36 ^ clkbuf_2_0__f_clk/X (sky130_fd_sc_hd__clkbuf_16)
     9    0.03                           clknet_2_0__leaf_clk (net)
                  0.05    0.00    0.37 ^ _287_/CLK (sky130_fd_sc_hd__dfrtp_1)
                          0.25    0.62   clock uncertainty
                         -0.02    0.60   clock reconvergence pessimism
                         -0.03    0.56   library hold time
                                  0.56   data required time
-----------------------------------------------------------------------------
                                  0.56   data required time
                                 -1.01   data arrival time
-----------------------------------------------------------------------------
                                  0.45   slack (MET)


Startpoint: _272_ (rising edge-triggered flip-flop clocked by clk)
Endpoint: _282_ (rising edge-triggered flip-flop clocked by clk)
Path Group: clk
Path Type: min
Corner: Typical

Fanout     Cap    Slew   Delay    Time   Description
-----------------------------------------------------------------------------
                          0.00    0.00   clock clk (rise edge)
                          0.00    0.00   clock source latency
                  0.07    0.05    0.05 ^ clk (in)
     1    0.01                           clk (net)
                  0.07    0.00    0.05 ^ clkbuf_0_clk/A (sky130_fd_sc_hd__clkbuf_16)
                  0.07    0.15    0.19 ^ clkbuf_0_clk/X (sky130_fd_sc_hd__clkbuf_16)
     4    0.05                           clknet_0_clk (net)
                  0.07    0.00    0.20 ^ clkbuf_2_2__f_clk/A (sky130_fd_sc_hd__clkbuf_16)
                  0.05    0.13    0.33 ^ clkbuf_2_2__f_clk/X (sky130_fd_sc_hd__clkbuf_16)
     8    0.02                           clknet_2_2__leaf_clk (net)
                  0.05    0.00    0.33 ^ _272_/CLK (sky130_fd_sc_hd__dfrtp_1)
                  0.10    0.34    0.67 ^ _272_/Q (sky130_fd_sc_hd__dfrtp_1)
     4    0.01                           sleep_pending (net)
                  0.10    0.00    0.67 ^ _184_/C (sky130_fd_sc_hd__and3b_1)
                  0.11    0.21    0.88 ^ _184_/X (sky130_fd_sc_hd__and3b_1)
     3    0.01                           _065_ (net)
                  0.11    0.00    0.88 ^ _212_/B1 (sky130_fd_sc_hd__o21a_1)
                  0.04    0.12    1.00 ^ _212_/X (sky130_fd_sc_hd__o21a_1)
     1    0.00                           _021_ (net)
                  0.04    0.00    1.00 ^ _282_/D (sky130_fd_sc_hd__dfrtp_1)
                                  1.00   data arrival time

                          0.00    0.00   clock clk (rise edge)
                          0.00    0.00   clock source latency
                  0.07    0.05    0.05 ^ clk (in)
     1    0.01                           clk (net)
                  0.07    0.00    0.05 ^ clkbuf_0_clk/A (sky130_fd_sc_hd__clkbuf_16)
                  0.07    0.16    0.21 ^ clkbuf_0_clk/X (sky130_fd_sc_hd__clkbuf_16)
     4    0.05                           clknet_0_clk (net)
                  0.07    0.00    0.22 ^ clkbuf_2_2__f_clk/A (sky130_fd_sc_hd__clkbuf_16)
                  0.05    0.14    0.36 ^ clkbuf_2_2__f_clk/X (sky130_fd_sc_hd__clkbuf_16)
     8    0.02                           clknet_2_2__leaf_clk (net)
                  0.05    0.00    0.36 ^ _282_/CLK (sky130_fd_sc_hd__dfrtp_1)
                          0.25    0.61   clock uncertainty
                         -0.03    0.58   clock reconvergence pessimism
                         -0.03    0.54   library hold time
                                  0.54   data required time
-----------------------------------------------------------------------------
                                  0.54   data required time
                                 -1.00   data arrival time
-----------------------------------------------------------------------------
                                  0.45   slack (MET)


Startpoint: _275_ (rising edge-triggered flip-flop clocked by clk)
Endpoint: _275_ (rising edge-triggered flip-flop clocked by clk)
Path Group: clk
Path Type: min
Corner: Typical

Fanout     Cap    Slew   Delay    Time   Description
-----------------------------------------------------------------------------
                          0.00    0.00   clock clk (rise edge)
                          0.00    0.00   clock source latency
                  0.07    0.05    0.05 ^ clk (in)
     1    0.01                           clk (net)
                  0.07    0.00    0.05 ^ clkbuf_0_clk/A (sky130_fd_sc_hd__clkbuf_16)
                  0.07    0.15    0.19 ^ clkbuf_0_clk/X (sky130_fd_sc_hd__clkbuf_16)
     4    0.05                           clknet_0_clk (net)
                  0.07    0.00    0.20 ^ clkbuf_2_2__f_clk/A (sky130_fd_sc_hd__clkbuf_16)
                  0.05    0.13    0.33 ^ clkbuf_2_2__f_clk/X (sky130_fd_sc_hd__clkbuf_16)
     8    0.02                           clknet_2_2__leaf_clk (net)
                  0.05    0.00    0.33 ^ _275_/CLK (sky130_fd_sc_hd__dfrtp_2)
                  0.11    0.38    0.70 ^ _275_/Q (sky130_fd_sc_hd__dfrtp_2)
     6    0.02                           idle_counter[1] (net)
                  0.11    0.00    0.71 ^ _186_/B1 (sky130_fd_sc_hd__a21o_1)
                  0.03    0.09    0.79 ^ _186_/X (sky130_fd_sc_hd__a21o_1)
     1    0.00                           _067_ (net)
                  0.03    0.00    0.79 ^ _187_/C (sky130_fd_sc_hd__and3_1)
                  0.05    0.13    0.92 ^ _187_/X (sky130_fd_sc_hd__and3_1)
     1    0.00                           _068_ (net)
                  0.05    0.00    0.92 ^ _188_/A (sky130_fd_sc_hd__clkbuf_1)
                  0.04    0.07    1.00 ^ _188_/X (sky130_fd_sc_hd__clkbuf_1)
     1    0.00                           _014_ (net)
                  0.04    0.00    1.00 ^ _275_/D (sky130_fd_sc_hd__dfrtp_2)
                                  1.00   data arrival time

                          0.00    0.00   clock clk (rise edge)
                          0.00    0.00   clock source latency
                  0.07    0.05    0.05 ^ clk (in)
     1    0.01                           clk (net)
                  0.07    0.00    0.05 ^ clkbuf_0_clk/A (sky130_fd_sc_hd__clkbuf_16)
                  0.07    0.16    0.21 ^ clkbuf_0_clk/X (sky130_fd_sc_hd__clkbuf_16)
     4    0.05                           clknet_0_clk (net)
                  0.07    0.00    0.22 ^ clkbuf_2_2__f_clk/A (sky130_fd_sc_hd__clkbuf_16)
                  0.05    0.14    0.36 ^ clkbuf_2_2__f_clk/X (sky130_fd_sc_hd__clkbuf_16)
     8    0.02                           clknet_2_2__leaf_clk (net)
                  0.05    0.00    0.36 ^ _275_/CLK (sky130_fd_sc_hd__dfrtp_2)
                          0.25    0.61   clock uncertainty
                         -0.03    0.58   clock reconvergence pessimism
                         -0.03    0.54   library hold time
                                  0.54   data required time
-----------------------------------------------------------------------------
                                  0.54   data required time
                                 -1.00   data arrival time
-----------------------------------------------------------------------------
                                  0.45   slack (MET)


Startpoint: _270_ (rising edge-triggered flip-flop clocked by clk)
Endpoint: _271_ (rising edge-triggered flip-flop clocked by clk)
Path Group: clk
Path Type: min
Corner: Typical

Fanout     Cap    Slew   Delay    Time   Description
-----------------------------------------------------------------------------
                          0.00    0.00   clock clk (rise edge)
                          0.00    0.00   clock source latency
                  0.07    0.05    0.05 ^ clk (in)
     1    0.01                           clk (net)
                  0.07    0.00    0.05 ^ clkbuf_0_clk/A (sky130_fd_sc_hd__clkbuf_16)
                  0.07    0.15    0.19 ^ clkbuf_0_clk/X (sky130_fd_sc_hd__clkbuf_16)
     4    0.05                           clknet_0_clk (net)
                  0.07    0.00    0.20 ^ clkbuf_2_1__f_clk/A (sky130_fd_sc_hd__clkbuf_16)
                  0.05    0.14    0.33 ^ clkbuf_2_1__f_clk/X (sky130_fd_sc_hd__clkbuf_16)
    11    0.03                           clknet_2_1__leaf_clk (net)
                  0.05    0.00    0.33 ^ _270_/CLK (sky130_fd_sc_hd__dfrtp_1)
                  0.08    0.38    0.72 v _270_/Q (sky130_fd_sc_hd__dfrtp_1)
     3    0.01                           baud_counter[8] (net)
                  0.08    0.00    0.72 v _134_/A (sky130_fd_sc_hd__inv_2)
                  0.04    0.06    0.78 ^ _134_/Y (sky130_fd_sc_hd__inv_2)
     2    0.01                           _123_ (net)
                  0.04    0.00    0.78 ^ _168_/A (sky130_fd_sc_hd__or4bb_1)
                  0.08    0.12    0.90 ^ _168_/X (sky130_fd_sc_hd__or4bb_1)
     2    0.01                           _054_ (net)
                  0.08    0.00    0.90 ^ _170_/B (sky130_fd_sc_hd__or2_1)
                  0.06    0.11    1.01 ^ _170_/X (sky130_fd_sc_hd__or2_1)
     1    0.01                           _055_ (net)
                  0.06    0.00    1.01 ^ _171_/B (sky130_fd_sc_hd__xnor2_1)
                  0.04    0.06    1.07 v _171_/Y (sky130_fd_sc_hd__xnor2_1)
     1    0.00                           _010_ (net)
                  0.04    0.00    1.07 v _271_/D (sky130_fd_sc_hd__dfrtp_1)
                                  1.07   data arrival time

                          0.00    0.00   clock clk (rise edge)
                          0.00    0.00   clock source latency
                  0.07    0.05    0.05 ^ clk (in)
     1    0.01                           clk (net)
                  0.07    0.00    0.05 ^ clkbuf_0_clk/A (sky130_fd_sc_hd__clkbuf_16)
                  0.07    0.16    0.21 ^ clkbuf_0_clk/X (sky130_fd_sc_hd__clkbuf_16)
     4    0.05                           clknet_0_clk (net)
                  0.07    0.00    0.22 ^ clkbuf_2_3__f_clk/A (sky130_fd_sc_hd__clkbuf_16)
                  0.05    0.15    0.37 ^ clkbuf_2_3__f_clk/X (sky130_fd_sc_hd__clkbuf_16)
     9    0.03                           clknet_2_3__leaf_clk (net)
                  0.05    0.00    0.37 ^ _271_/CLK (sky130_fd_sc_hd__dfrtp_1)
                          0.25    0.62   clock uncertainty
                         -0.02    0.60   clock reconvergence pessimism
                         -0.04    0.56   library hold time
                                  0.56   data required time
-----------------------------------------------------------------------------
                                  0.56   data required time
                                 -1.07   data arrival time
-----------------------------------------------------------------------------
                                  0.51   slack (MET)


Startpoint: _273_ (rising edge-triggered flip-flop clocked by clk)
Endpoint: _268_ (rising edge-triggered flip-flop clocked by clk)
Path Group: clk
Path Type: min
Corner: Typical

Fanout     Cap    Slew   Delay    Time   Description
-----------------------------------------------------------------------------
                          0.00    0.00   clock clk (rise edge)
                          0.00    0.00   clock source latency
                  0.07    0.05    0.05 ^ clk (in)
     1    0.01                           clk (net)
                  0.07    0.00    0.05 ^ clkbuf_0_clk/A (sky130_fd_sc_hd__clkbuf_16)
                  0.07    0.15    0.19 ^ clkbuf_0_clk/X (sky130_fd_sc_hd__clkbuf_16)
     4    0.05                           clknet_0_clk (net)
                  0.07    0.00    0.20 ^ clkbuf_2_2__f_clk/A (sky130_fd_sc_hd__clkbuf_16)
                  0.05    0.13    0.33 ^ clkbuf_2_2__f_clk/X (sky130_fd_sc_hd__clkbuf_16)
     8    0.02                           clknet_2_2__leaf_clk (net)
                  0.05    0.00    0.33 ^ _273_/CLK (sky130_fd_sc_hd__dfrtp_2)
                  0.12    0.39    0.72 ^ _273_/Q (sky130_fd_sc_hd__dfrtp_2)
     5    0.02                           net12 (net)
                  0.12    0.00    0.72 ^ _130_/A (sky130_fd_sc_hd__clkbuf_4)
                  0.13    0.22    0.94 ^ _130_/X (sky130_fd_sc_hd__clkbuf_4)
    10    0.04                           _120_ (net)
                  0.13    0.00    0.94 ^ _161_/A (sky130_fd_sc_hd__or2_1)
                  0.06    0.13    1.06 ^ _161_/X (sky130_fd_sc_hd__or2_1)
     1    0.00                           _049_ (net)
                  0.06    0.00    1.06 ^ _162_/B (sky130_fd_sc_hd__xnor2_1)
                  0.03    0.06    1.12 v _162_/Y (sky130_fd_sc_hd__xnor2_1)
     1    0.00                           _007_ (net)
                  0.03    0.00    1.12 v _268_/D (sky130_fd_sc_hd__dfrtp_1)
                                  1.12   data arrival time

                          0.00    0.00   clock clk (rise edge)
                          0.00    0.00   clock source latency
                  0.07    0.05    0.05 ^ clk (in)
     1    0.01                           clk (net)
                  0.07    0.00    0.05 ^ clkbuf_0_clk/A (sky130_fd_sc_hd__clkbuf_16)
                  0.07    0.16    0.21 ^ clkbuf_0_clk/X (sky130_fd_sc_hd__clkbuf_16)
     4    0.05                           clknet_0_clk (net)
                  0.07    0.00    0.22 ^ clkbuf_2_1__f_clk/A (sky130_fd_sc_hd__clkbuf_16)
                  0.05    0.15    0.37 ^ clkbuf_2_1__f_clk/X (sky130_fd_sc_hd__clkbuf_16)
    11    0.03                           clknet_2_1__leaf_clk (net)
                  0.05    0.00    0.37 ^ _268_/CLK (sky130_fd_sc_hd__dfrtp_1)
                          0.25    0.62   clock uncertainty
                         -0.02    0.60   clock reconvergence pessimism
                         -0.04    0.56   library hold time
                                  0.56   data required time
-----------------------------------------------------------------------------
                                  0.56   data required time
                                 -1.12   data arrival time
-----------------------------------------------------------------------------
                                  0.56   slack (MET)


Startpoint: _298_ (rising edge-triggered flip-flop clocked by clk)
Endpoint: _295_ (rising edge-triggered flip-flop clocked by clk)
Path Group: clk
Path Type: min
Corner: Typical

Fanout     Cap    Slew   Delay    Time   Description
-----------------------------------------------------------------------------
                          0.00    0.00   clock clk (rise edge)
                          0.00    0.00   clock source latency
                  0.07    0.05    0.05 ^ clk (in)
     1    0.01                           clk (net)
                  0.07    0.00    0.05 ^ clkbuf_0_clk/A (sky130_fd_sc_hd__clkbuf_16)
                  0.07    0.15    0.19 ^ clkbuf_0_clk/X (sky130_fd_sc_hd__clkbuf_16)
     4    0.05                           clknet_0_clk (net)
                  0.07    0.00    0.20 ^ clkbuf_2_1__f_clk/A (sky130_fd_sc_hd__clkbuf_16)
                  0.05    0.14    0.33 ^ clkbuf_2_1__f_clk/X (sky130_fd_sc_hd__clkbuf_16)
    11    0.03                           clknet_2_1__leaf_clk (net)
                  0.05    0.00    0.33 ^ _298_/CLK (sky130_fd_sc_hd__dfrtp_1)
                  0.09    0.39    0.72 v _298_/Q (sky130_fd_sc_hd__dfrtp_1)
     4    0.01                           baud_tick (net)
                  0.09    0.00    0.72 v _221_/B (sky130_fd_sc_hd__nand3b_2)
                  0.12    0.14    0.87 ^ _221_/Y (sky130_fd_sc_hd__nand3b_2)
     4    0.02                           _092_ (net)
                  0.12    0.00    0.87 ^ _234_/A2 (sky130_fd_sc_hd__a21oi_4)
                  0.07    0.11    0.98 v _234_/Y (sky130_fd_sc_hd__a21oi_4)
     8    0.04                           _102_ (net)
                  0.07    0.00    0.98 v _255_/A (sky130_fd_sc_hd__inv_2)
                  0.03    0.05    1.03 ^ _255_/Y (sky130_fd_sc_hd__inv_2)
     1    0.00                           _116_ (net)
                  0.03    0.00    1.03 ^ _257_/A2 (sky130_fd_sc_hd__a22o_1)
                  0.04    0.12    1.15 ^ _257_/X (sky130_fd_sc_hd__a22o_1)
     1    0.00                           _034_ (net)
                  0.04    0.00    1.15 ^ _295_/D (sky130_fd_sc_hd__dfrtp_1)
                                  1.15   data arrival time

                          0.00    0.00   clock clk (rise edge)
                          0.00    0.00   clock source latency
                  0.07    0.05    0.05 ^ clk (in)
     1    0.01                           clk (net)
                  0.07    0.00    0.05 ^ clkbuf_0_clk/A (sky130_fd_sc_hd__clkbuf_16)
                  0.07    0.16    0.21 ^ clkbuf_0_clk/X (sky130_fd_sc_hd__clkbuf_16)
     4    0.05                           clknet_0_clk (net)
                  0.07    0.00    0.22 ^ clkbuf_2_0__f_clk/A (sky130_fd_sc_hd__clkbuf_16)
                  0.05    0.15    0.36 ^ clkbuf_2_0__f_clk/X (sky130_fd_sc_hd__clkbuf_16)
     9    0.03                           clknet_2_0__leaf_clk (net)
                  0.05    0.00    0.37 ^ _295_/CLK (sky130_fd_sc_hd__dfrtp_1)
                          0.25    0.62   clock uncertainty
                         -0.02    0.60   clock reconvergence pessimism
                         -0.03    0.56   library hold time
                                  0.56   data required time
-----------------------------------------------------------------------------
                                  0.56   data required time
                                 -1.15   data arrival time
-----------------------------------------------------------------------------
                                  0.58   slack (MET)


Startpoint: _283_ (rising edge-triggered flip-flop clocked by clk)
Endpoint: _273_ (rising edge-triggered flip-flop clocked by clk)
Path Group: clk
Path Type: min
Corner: Typical

Fanout     Cap    Slew   Delay    Time   Description
-----------------------------------------------------------------------------
                          0.00    0.00   clock clk (rise edge)
                          0.00    0.00   clock source latency
                  0.07    0.05    0.05 ^ clk (in)
     1    0.01                           clk (net)
                  0.07    0.00    0.05 ^ clkbuf_0_clk/A (sky130_fd_sc_hd__clkbuf_16)
                  0.07    0.15    0.19 ^ clkbuf_0_clk/X (sky130_fd_sc_hd__clkbuf_16)
     4    0.05                           clknet_0_clk (net)
                  0.07    0.00    0.20 ^ clkbuf_2_2__f_clk/A (sky130_fd_sc_hd__clkbuf_16)
                  0.05    0.13    0.33 ^ clkbuf_2_2__f_clk/X (sky130_fd_sc_hd__clkbuf_16)
     8    0.02                           clknet_2_2__leaf_clk (net)
                  0.05    0.00    0.33 ^ _283_/CLK (sky130_fd_sc_hd__dfrtp_1)
                  0.13    0.37    0.69 ^ _283_/Q (sky130_fd_sc_hd__dfrtp_1)
     3    0.01                           idle_counter[9] (net)
                  0.13    0.00    0.70 ^ _174_/B1 (sky130_fd_sc_hd__a21o_1)
                  0.11    0.15    0.84 ^ _174_/X (sky130_fd_sc_hd__a21o_1)
     3    0.01                           _058_ (net)
                  0.11    0.00    0.84 ^ _175_/A2 (sky130_fd_sc_hd__a21oi_1)
                  0.05    0.09    0.93 v _175_/Y (sky130_fd_sc_hd__a21oi_1)
     2    0.01                           _059_ (net)
                  0.05    0.00    0.93 v _178_/A_N (sky130_fd_sc_hd__and2b_1)
                  0.05    0.18    1.11 ^ _178_/X (sky130_fd_sc_hd__and2b_1)
     1    0.00                           _061_ (net)
                  0.05    0.00    1.11 ^ _179_/A (sky130_fd_sc_hd__clkbuf_1)
                  0.04    0.07    1.18 ^ _179_/X (sky130_fd_sc_hd__clkbuf_1)
     1    0.00                           _012_ (net)
                  0.04    0.00    1.18 ^ _273_/D (sky130_fd_sc_hd__dfrtp_2)
                                  1.18   data arrival time

                          0.00    0.00   clock clk (rise edge)
                          0.00    0.00   clock source latency
                  0.07    0.05    0.05 ^ clk (in)
     1    0.01                           clk (net)
                  0.07    0.00    0.05 ^ clkbuf_0_clk/A (sky130_fd_sc_hd__clkbuf_16)
                  0.07    0.16    0.21 ^ clkbuf_0_clk/X (sky130_fd_sc_hd__clkbuf_16)
     4    0.05                           clknet_0_clk (net)
                  0.07    0.00    0.22 ^ clkbuf_2_2__f_clk/A (sky130_fd_sc_hd__clkbuf_16)
                  0.05    0.14    0.36 ^ clkbuf_2_2__f_clk/X (sky130_fd_sc_hd__clkbuf_16)
     8    0.02                           clknet_2_2__leaf_clk (net)
                  0.05    0.00    0.36 ^ _273_/CLK (sky130_fd_sc_hd__dfrtp_2)
                          0.25    0.61   clock uncertainty
                         -0.03    0.58   clock reconvergence pessimism
                         -0.03    0.54   library hold time
                                  0.54   data required time
-----------------------------------------------------------------------------
                                  0.54   data required time
                                 -1.18   data arrival time
-----------------------------------------------------------------------------
                                  0.64   slack (MET)


Startpoint: rst_n (input port clocked by clk)
Endpoint: _269_ (removal check against rising-edge clock clk)
Path Group: asynchronous
Path Type: min
Corner: Typical

Fanout     Cap    Slew   Delay    Time   Description
-----------------------------------------------------------------------------
                          0.00    0.00   clock clk (rise edge)
                          0.00    0.00   clock network delay (propagated)
                          4.00    4.00 ^ input external delay
                  0.02    0.01    4.01 ^ rst_n (in)
     1    0.00                           rst_n (net)
                  0.02    0.00    4.01 ^ input1/A (sky130_fd_sc_hd__clkbuf_2)
                  0.14    0.16    4.17 ^ input1/X (sky130_fd_sc_hd__clkbuf_2)
     4    0.03                           net1 (net)
                  0.14    0.00    4.17 ^ fanout18/A (sky130_fd_sc_hd__clkbuf_4)
                  0.14    0.23    4.40 ^ fanout18/X (sky130_fd_sc_hd__clkbuf_4)
     9    0.04                           net18 (net)
                  0.14    0.00    4.40 ^ _269_/RESET_B (sky130_fd_sc_hd__dfrtp_2)
                                  4.40   data arrival time

                          0.00    0.00   clock clk (rise edge)
                          0.00    0.00   clock source latency
                  0.07    0.05    0.05 ^ clk (in)
     1    0.01                           clk (net)
                  0.07    0.00    0.05 ^ clkbuf_0_clk/A (sky130_fd_sc_hd__clkbuf_16)
                  0.07    0.16    0.21 ^ clkbuf_0_clk/X (sky130_fd_sc_hd__clkbuf_16)
     4    0.05                           clknet_0_clk (net)
                  0.07    0.00    0.22 ^ clkbuf_2_1__f_clk/A (sky130_fd_sc_hd__clkbuf_16)
                  0.05    0.15    0.37 ^ clkbuf_2_1__f_clk/X (sky130_fd_sc_hd__clkbuf_16)
    11    0.03                           clknet_2_1__leaf_clk (net)
                  0.05    0.00    0.37 ^ _269_/CLK (sky130_fd_sc_hd__dfrtp_2)
                          0.25    0.62   clock uncertainty
                          0.00    0.62   clock reconvergence pessimism
                          0.35    0.97   library removal time
                                  0.97   data required time
-----------------------------------------------------------------------------
                                  0.97   data required time
                                 -4.40   data arrival time
-----------------------------------------------------------------------------
                                  3.43   slack (MET)


Startpoint: rst_n (input port clocked by clk)
Endpoint: _278_ (removal check against rising-edge clock clk)
Path Group: asynchronous
Path Type: min
Corner: Typical

Fanout     Cap    Slew   Delay    Time   Description
-----------------------------------------------------------------------------
                          0.00    0.00   clock clk (rise edge)
                          0.00    0.00   clock network delay (propagated)
                          4.00    4.00 ^ input external delay
                  0.02    0.01    4.01 ^ rst_n (in)
     1    0.00                           rst_n (net)
                  0.02    0.00    4.01 ^ input1/A (sky130_fd_sc_hd__clkbuf_2)
                  0.14    0.16    4.17 ^ input1/X (sky130_fd_sc_hd__clkbuf_2)
     4    0.03                           net1 (net)
                  0.14    0.00    4.17 ^ fanout16/A (sky130_fd_sc_hd__clkbuf_4)
                  0.14    0.22    4.39 ^ fanout16/X (sky130_fd_sc_hd__clkbuf_4)
     8    0.04                           net16 (net)
                  0.14    0.00    4.40 ^ _278_/RESET_B (sky130_fd_sc_hd__dfrtp_1)
                                  4.40   data arrival time

                          0.00    0.00   clock clk (rise edge)
                          0.00    0.00   clock source latency
                  0.07    0.05    0.05 ^ clk (in)
     1    0.01                           clk (net)
                  0.07    0.00    0.05 ^ clkbuf_0_clk/A (sky130_fd_sc_hd__clkbuf_16)
                  0.07    0.16    0.21 ^ clkbuf_0_clk/X (sky130_fd_sc_hd__clkbuf_16)
     4    0.05                           clknet_0_clk (net)
                  0.07    0.00    0.22 ^ clkbuf_2_3__f_clk/A (sky130_fd_sc_hd__clkbuf_16)
                  0.05    0.15    0.37 ^ clkbuf_2_3__f_clk/X (sky130_fd_sc_hd__clkbuf_16)
     9    0.03                           clknet_2_3__leaf_clk (net)
                  0.05    0.00    0.37 ^ _278_/CLK (sky130_fd_sc_hd__dfrtp_1)
                          0.25    0.62   clock uncertainty
                          0.00    0.62   clock reconvergence pessimism
                          0.35    0.96   library removal time
                                  0.96   data required time
-----------------------------------------------------------------------------
                                  0.96   data required time
                                 -4.40   data arrival time
-----------------------------------------------------------------------------
                                  3.43   slack (MET)


Startpoint: rst_n (input port clocked by clk)
Endpoint: _271_ (removal check against rising-edge clock clk)
Path Group: asynchronous
Path Type: min
Corner: Typical

Fanout     Cap    Slew   Delay    Time   Description
-----------------------------------------------------------------------------
                          0.00    0.00   clock clk (rise edge)
                          0.00    0.00   clock network delay (propagated)
                          4.00    4.00 ^ input external delay
                  0.02    0.01    4.01 ^ rst_n (in)
     1    0.00                           rst_n (net)
                  0.02    0.00    4.01 ^ input1/A (sky130_fd_sc_hd__clkbuf_2)
                  0.14    0.16    4.17 ^ input1/X (sky130_fd_sc_hd__clkbuf_2)
     4    0.03                           net1 (net)
                  0.14    0.00    4.17 ^ fanout18/A (sky130_fd_sc_hd__clkbuf_4)
                  0.14    0.23    4.40 ^ fanout18/X (sky130_fd_sc_hd__clkbuf_4)
     9    0.04                           net18 (net)
                  0.14    0.00    4.40 ^ _271_/RESET_B (sky130_fd_sc_hd__dfrtp_1)
                                  4.40   data arrival time

                          0.00    0.00   clock clk (rise edge)
                          0.00    0.00   clock source latency
                  0.07    0.05    0.05 ^ clk (in)
     1    0.01                           clk (net)
                  0.07    0.00    0.05 ^ clkbuf_0_clk/A (sky130_fd_sc_hd__clkbuf_16)
                  0.07    0.16    0.21 ^ clkbuf_0_clk/X (sky130_fd_sc_hd__clkbuf_16)
     4    0.05                           clknet_0_clk (net)
                  0.07    0.00    0.22 ^ clkbuf_2_3__f_clk/A (sky130_fd_sc_hd__clkbuf_16)
                  0.05    0.15    0.37 ^ clkbuf_2_3__f_clk/X (sky130_fd_sc_hd__clkbuf_16)
     9    0.03                           clknet_2_3__leaf_clk (net)
                  0.05    0.00    0.37 ^ _271_/CLK (sky130_fd_sc_hd__dfrtp_1)
                          0.25    0.62   clock uncertainty
                          0.00    0.62   clock reconvergence pessimism
                          0.35    0.97   library removal time
                                  0.97   data required time
-----------------------------------------------------------------------------
                                  0.97   data required time
                                 -4.40   data arrival time
-----------------------------------------------------------------------------
                                  3.43   slack (MET)


Startpoint: rst_n (input port clocked by clk)
Endpoint: _264_ (removal check against rising-edge clock clk)
Path Group: asynchronous
Path Type: min
Corner: Typical

Fanout     Cap    Slew   Delay    Time   Description
-----------------------------------------------------------------------------
                          0.00    0.00   clock clk (rise edge)
                          0.00    0.00   clock network delay (propagated)
                          4.00    4.00 ^ input external delay
                  0.02    0.01    4.01 ^ rst_n (in)
     1    0.00                           rst_n (net)
                  0.02    0.00    4.01 ^ input1/A (sky130_fd_sc_hd__clkbuf_2)
                  0.14    0.16    4.17 ^ input1/X (sky130_fd_sc_hd__clkbuf_2)
     4    0.03                           net1 (net)
                  0.14    0.00    4.17 ^ fanout18/A (sky130_fd_sc_hd__clkbuf_4)
                  0.14    0.23    4.40 ^ fanout18/X (sky130_fd_sc_hd__clkbuf_4)
     9    0.04                           net18 (net)
                  0.14    0.00    4.40 ^ _264_/RESET_B (sky130_fd_sc_hd__dfrtp_1)
                                  4.40   data arrival time

                          0.00    0.00   clock clk (rise edge)
                          0.00    0.00   clock source latency
                  0.07    0.05    0.05 ^ clk (in)
     1    0.01                           clk (net)
                  0.07    0.00    0.05 ^ clkbuf_0_clk/A (sky130_fd_sc_hd__clkbuf_16)
                  0.07    0.16    0.21 ^ clkbuf_0_clk/X (sky130_fd_sc_hd__clkbuf_16)
     4    0.05                           clknet_0_clk (net)
                  0.07    0.00    0.22 ^ clkbuf_2_3__f_clk/A (sky130_fd_sc_hd__clkbuf_16)
                  0.05    0.15    0.37 ^ clkbuf_2_3__f_clk/X (sky130_fd_sc_hd__clkbuf_16)
     9    0.03                           clknet_2_3__leaf_clk (net)
                  0.05    0.00    0.37 ^ _264_/CLK (sky130_fd_sc_hd__dfrtp_1)
                          0.25    0.62   clock uncertainty
                          0.00    0.62   clock reconvergence pessimism
                          0.35    0.97   library removal time
                                  0.97   data required time
-----------------------------------------------------------------------------
                                  0.97   data required time
                                 -4.40   data arrival time
-----------------------------------------------------------------------------
                                  3.43   slack (MET)


Startpoint: rst_n (input port clocked by clk)
Endpoint: _265_ (removal check against rising-edge clock clk)
Path Group: asynchronous
Path Type: min
Corner: Typical

Fanout     Cap    Slew   Delay    Time   Description
-----------------------------------------------------------------------------
                          0.00    0.00   clock clk (rise edge)
                          0.00    0.00   clock network delay (propagated)
                          4.00    4.00 ^ input external delay
                  0.02    0.01    4.01 ^ rst_n (in)
     1    0.00                           rst_n (net)
                  0.02    0.00    4.01 ^ input1/A (sky130_fd_sc_hd__clkbuf_2)
                  0.14    0.16    4.17 ^ input1/X (sky130_fd_sc_hd__clkbuf_2)
     4    0.03                           net1 (net)
                  0.14    0.00    4.17 ^ fanout18/A (sky130_fd_sc_hd__clkbuf_4)
                  0.14    0.23    4.40 ^ fanout18/X (sky130_fd_sc_hd__clkbuf_4)
     9    0.04                           net18 (net)
                  0.14    0.00    4.40 ^ _265_/RESET_B (sky130_fd_sc_hd__dfrtp_1)
                                  4.40   data arrival time

                          0.00    0.00   clock clk (rise edge)
                          0.00    0.00   clock source latency
                  0.07    0.05    0.05 ^ clk (in)
     1    0.01                           clk (net)
                  0.07    0.00    0.05 ^ clkbuf_0_clk/A (sky130_fd_sc_hd__clkbuf_16)
                  0.07    0.16    0.21 ^ clkbuf_0_clk/X (sky130_fd_sc_hd__clkbuf_16)
     4    0.05                           clknet_0_clk (net)
                  0.07    0.00    0.22 ^ clkbuf_2_3__f_clk/A (sky130_fd_sc_hd__clkbuf_16)
                  0.05    0.15    0.37 ^ clkbuf_2_3__f_clk/X (sky130_fd_sc_hd__clkbuf_16)
     9    0.03                           clknet_2_3__leaf_clk (net)
                  0.05    0.00    0.37 ^ _265_/CLK (sky130_fd_sc_hd__dfrtp_1)
                          0.25    0.62   clock uncertainty
                          0.00    0.62   clock reconvergence pessimism
                          0.35    0.97   library removal time
                                  0.97   data required time
-----------------------------------------------------------------------------
                                  0.97   data required time
                                 -4.40   data arrival time
-----------------------------------------------------------------------------
                                  3.43   slack (MET)


Startpoint: rst_n (input port clocked by clk)
Endpoint: _280_ (removal check against rising-edge clock clk)
Path Group: asynchronous
Path Type: min
Corner: Typical

Fanout     Cap    Slew   Delay    Time   Description
-----------------------------------------------------------------------------
                          0.00    0.00   clock clk (rise edge)
                          0.00    0.00   clock network delay (propagated)
                          4.00    4.00 ^ input external delay
                  0.02    0.01    4.01 ^ rst_n (in)
     1    0.00                           rst_n (net)
                  0.02    0.00    4.01 ^ input1/A (sky130_fd_sc_hd__clkbuf_2)
                  0.14    0.16    4.17 ^ input1/X (sky130_fd_sc_hd__clkbuf_2)
     4    0.03                           net1 (net)
                  0.14    0.00    4.17 ^ fanout18/A (sky130_fd_sc_hd__clkbuf_4)
                  0.14    0.23    4.40 ^ fanout18/X (sky130_fd_sc_hd__clkbuf_4)
     9    0.04                           net18 (net)
                  0.14    0.00    4.40 ^ _280_/RESET_B (sky130_fd_sc_hd__dfrtp_1)
                                  4.40   data arrival time

                          0.00    0.00   clock clk (rise edge)
                          0.00    0.00   clock source latency
                  0.07    0.05    0.05 ^ clk (in)
     1    0.01                           clk (net)
                  0.07    0.00    0.05 ^ clkbuf_0_clk/A (sky130_fd_sc_hd__clkbuf_16)
                  0.07    0.16    0.21 ^ clkbuf_0_clk/X (sky130_fd_sc_hd__clkbuf_16)
     4    0.05                           clknet_0_clk (net)
                  0.07    0.00    0.22 ^ clkbuf_2_3__f_clk/A (sky130_fd_sc_hd__clkbuf_16)
                  0.05    0.15    0.37 ^ clkbuf_2_3__f_clk/X (sky130_fd_sc_hd__clkbuf_16)
     9    0.03                           clknet_2_3__leaf_clk (net)
                  0.05    0.00    0.37 ^ _280_/CLK (sky130_fd_sc_hd__dfrtp_1)
                          0.25    0.62   clock uncertainty
                          0.00    0.62   clock reconvergence pessimism
                          0.35    0.97   library removal time
                                  0.97   data required time
-----------------------------------------------------------------------------
                                  0.97   data required time
                                 -4.40   data arrival time
-----------------------------------------------------------------------------
                                  3.43   slack (MET)


Startpoint: rst_n (input port clocked by clk)
Endpoint: _279_ (removal check against rising-edge clock clk)
Path Group: asynchronous
Path Type: min
Corner: Typical

Fanout     Cap    Slew   Delay    Time   Description
-----------------------------------------------------------------------------
                          0.00    0.00   clock clk (rise edge)
                          0.00    0.00   clock network delay (propagated)
                          4.00    4.00 ^ input external delay
                  0.02    0.01    4.01 ^ rst_n (in)
     1    0.00                           rst_n (net)
                  0.02    0.00    4.01 ^ input1/A (sky130_fd_sc_hd__clkbuf_2)
                  0.14    0.16    4.17 ^ input1/X (sky130_fd_sc_hd__clkbuf_2)
     4    0.03                           net1 (net)
                  0.14    0.00    4.17 ^ fanout18/A (sky130_fd_sc_hd__clkbuf_4)
                  0.14    0.23    4.40 ^ fanout18/X (sky130_fd_sc_hd__clkbuf_4)
     9    0.04                           net18 (net)
                  0.14    0.00    4.40 ^ _279_/RESET_B (sky130_fd_sc_hd__dfrtp_1)
                                  4.40   data arrival time

                          0.00    0.00   clock clk (rise edge)
                          0.00    0.00   clock source latency
                  0.07    0.05    0.05 ^ clk (in)
     1    0.01                           clk (net)
                  0.07    0.00    0.05 ^ clkbuf_0_clk/A (sky130_fd_sc_hd__clkbuf_16)
                  0.07    0.16    0.21 ^ clkbuf_0_clk/X (sky130_fd_sc_hd__clkbuf_16)
     4    0.05                           clknet_0_clk (net)
                  0.07    0.00    0.22 ^ clkbuf_2_3__f_clk/A (sky130_fd_sc_hd__clkbuf_16)
                  0.05    0.15    0.37 ^ clkbuf_2_3__f_clk/X (sky130_fd_sc_hd__clkbuf_16)
     9    0.03                           clknet_2_3__leaf_clk (net)
                  0.05    0.00    0.37 ^ _279_/CLK (sky130_fd_sc_hd__dfrtp_1)
                          0.25    0.62   clock uncertainty
                          0.00    0.62   clock reconvergence pessimism
                          0.35    0.97   library removal time
                                  0.97   data required time
-----------------------------------------------------------------------------
                                  0.97   data required time
                                 -4.40   data arrival time
-----------------------------------------------------------------------------
                                  3.43   slack (MET)


Startpoint: rst_n (input port clocked by clk)
Endpoint: _262_ (removal check against rising-edge clock clk)
Path Group: asynchronous
Path Type: min
Corner: Typical

Fanout     Cap    Slew   Delay    Time   Description
-----------------------------------------------------------------------------
                          0.00    0.00   clock clk (rise edge)
                          0.00    0.00   clock network delay (propagated)
                          4.00    4.00 ^ input external delay
                  0.02    0.01    4.01 ^ rst_n (in)
     1    0.00                           rst_n (net)
                  0.02    0.00    4.01 ^ input1/A (sky130_fd_sc_hd__clkbuf_2)
                  0.14    0.16    4.17 ^ input1/X (sky130_fd_sc_hd__clkbuf_2)
     4    0.03                           net1 (net)
                  0.14    0.00    4.17 ^ fanout18/A (sky130_fd_sc_hd__clkbuf_4)
                  0.14    0.23    4.40 ^ fanout18/X (sky130_fd_sc_hd__clkbuf_4)
     9    0.04                           net18 (net)
                  0.14    0.00    4.40 ^ _262_/RESET_B (sky130_fd_sc_hd__dfrtp_1)
                                  4.40   data arrival time

                          0.00    0.00   clock clk (rise edge)
                          0.00    0.00   clock source latency
                  0.07    0.05    0.05 ^ clk (in)
     1    0.01                           clk (net)
                  0.07    0.00    0.05 ^ clkbuf_0_clk/A (sky130_fd_sc_hd__clkbuf_16)
                  0.07    0.16    0.21 ^ clkbuf_0_clk/X (sky130_fd_sc_hd__clkbuf_16)
     4    0.05                           clknet_0_clk (net)
                  0.07    0.00    0.22 ^ clkbuf_2_3__f_clk/A (sky130_fd_sc_hd__clkbuf_16)
                  0.05    0.15    0.37 ^ clkbuf_2_3__f_clk/X (sky130_fd_sc_hd__clkbuf_16)
     9    0.03                           clknet_2_3__leaf_clk (net)
                  0.05    0.00    0.37 ^ _262_/CLK (sky130_fd_sc_hd__dfrtp_1)
                          0.25    0.62   clock uncertainty
                          0.00    0.62   clock reconvergence pessimism
                          0.35    0.97   library removal time
                                  0.97   data required time
-----------------------------------------------------------------------------
                                  0.97   data required time
                                 -4.40   data arrival time
-----------------------------------------------------------------------------
                                  3.43   slack (MET)


Startpoint: rst_n (input port clocked by clk)
Endpoint: _263_ (removal check against rising-edge clock clk)
Path Group: asynchronous
Path Type: min
Corner: Typical

Fanout     Cap    Slew   Delay    Time   Description
-----------------------------------------------------------------------------
                          0.00    0.00   clock clk (rise edge)
                          0.00    0.00   clock network delay (propagated)
                          4.00    4.00 ^ input external delay
                  0.02    0.01    4.01 ^ rst_n (in)
     1    0.00                           rst_n (net)
                  0.02    0.00    4.01 ^ input1/A (sky130_fd_sc_hd__clkbuf_2)
                  0.14    0.16    4.17 ^ input1/X (sky130_fd_sc_hd__clkbuf_2)
     4    0.03                           net1 (net)
                  0.14    0.00    4.17 ^ fanout18/A (sky130_fd_sc_hd__clkbuf_4)
                  0.14    0.23    4.40 ^ fanout18/X (sky130_fd_sc_hd__clkbuf_4)
     9    0.04                           net18 (net)
                  0.14    0.00    4.40 ^ _263_/RESET_B (sky130_fd_sc_hd__dfrtp_1)
                                  4.40   data arrival time

                          0.00    0.00   clock clk (rise edge)
                          0.00    0.00   clock source latency
                  0.07    0.05    0.05 ^ clk (in)
     1    0.01                           clk (net)
                  0.07    0.00    0.05 ^ clkbuf_0_clk/A (sky130_fd_sc_hd__clkbuf_16)
                  0.07    0.16    0.21 ^ clkbuf_0_clk/X (sky130_fd_sc_hd__clkbuf_16)
     4    0.05                           clknet_0_clk (net)
                  0.07    0.00    0.22 ^ clkbuf_2_3__f_clk/A (sky130_fd_sc_hd__clkbuf_16)
                  0.05    0.15    0.37 ^ clkbuf_2_3__f_clk/X (sky130_fd_sc_hd__clkbuf_16)
     9    0.03                           clknet_2_3__leaf_clk (net)
                  0.05    0.00    0.37 ^ _263_/CLK (sky130_fd_sc_hd__dfrtp_1)
                          0.25    0.62   clock uncertainty
                          0.00    0.62   clock reconvergence pessimism
                          0.35    0.97   library removal time
                                  0.97   data required time
-----------------------------------------------------------------------------
                                  0.97   data required time
                                 -4.40   data arrival time
-----------------------------------------------------------------------------
                                  3.43   slack (MET)


Startpoint: rst_n (input port clocked by clk)
Endpoint: _281_ (removal check against rising-edge clock clk)
Path Group: asynchronous
Path Type: min
Corner: Typical

Fanout     Cap    Slew   Delay    Time   Description
-----------------------------------------------------------------------------
                          0.00    0.00   clock clk (rise edge)
                          0.00    0.00   clock network delay (propagated)
                          4.00    4.00 ^ input external delay
                  0.02    0.01    4.01 ^ rst_n (in)
     1    0.00                           rst_n (net)
                  0.02    0.00    4.01 ^ input1/A (sky130_fd_sc_hd__clkbuf_2)
                  0.14    0.16    4.17 ^ input1/X (sky130_fd_sc_hd__clkbuf_2)
     4    0.03                           net1 (net)
                  0.14    0.00    4.17 ^ fanout18/A (sky130_fd_sc_hd__clkbuf_4)
                  0.14    0.23    4.40 ^ fanout18/X (sky130_fd_sc_hd__clkbuf_4)
     9    0.04                           net18 (net)
                  0.14    0.00    4.40 ^ _281_/RESET_B (sky130_fd_sc_hd__dfrtp_1)
                                  4.40   data arrival time

                          0.00    0.00   clock clk (rise edge)
                          0.00    0.00   clock source latency
                  0.07    0.05    0.05 ^ clk (in)
     1    0.01                           clk (net)
                  0.07    0.00    0.05 ^ clkbuf_0_clk/A (sky130_fd_sc_hd__clkbuf_16)
                  0.07    0.16    0.21 ^ clkbuf_0_clk/X (sky130_fd_sc_hd__clkbuf_16)
     4    0.05                           clknet_0_clk (net)
                  0.07    0.00    0.22 ^ clkbuf_2_3__f_clk/A (sky130_fd_sc_hd__clkbuf_16)
                  0.05    0.15    0.37 ^ clkbuf_2_3__f_clk/X (sky130_fd_sc_hd__clkbuf_16)
     9    0.03                           clknet_2_3__leaf_clk (net)
                  0.05    0.00    0.37 ^ _281_/CLK (sky130_fd_sc_hd__dfrtp_1)
                          0.25    0.62   clock uncertainty
                          0.00    0.62   clock reconvergence pessimism
                          0.35    0.97   library removal time
                                  0.97   data required time
-----------------------------------------------------------------------------
                                  0.97   data required time
                                 -4.40   data arrival time
-----------------------------------------------------------------------------
                                  3.43   slack (MET)


Startpoint: rst_n (input port clocked by clk)
Endpoint: _266_ (removal check against rising-edge clock clk)
Path Group: asynchronous
Path Type: min
Corner: Typical

Fanout     Cap    Slew   Delay    Time   Description
-----------------------------------------------------------------------------
                          0.00    0.00   clock clk (rise edge)
                          0.00    0.00   clock network delay (propagated)
                          4.00    4.00 ^ input external delay
                  0.02    0.01    4.01 ^ rst_n (in)
     1    0.00                           rst_n (net)
                  0.02    0.00    4.01 ^ input1/A (sky130_fd_sc_hd__clkbuf_2)
                  0.14    0.16    4.17 ^ input1/X (sky130_fd_sc_hd__clkbuf_2)
     4    0.03                           net1 (net)
                  0.14    0.00    4.17 ^ fanout17/A (sky130_fd_sc_hd__clkbuf_4)
                  0.16    0.24    4.41 ^ fanout17/X (sky130_fd_sc_hd__clkbuf_4)
    10    0.05                           net17 (net)
                  0.16    0.00    4.41 ^ _266_/RESET_B (sky130_fd_sc_hd__dfrtp_1)
                                  4.41   data arrival time

                          0.00    0.00   clock clk (rise edge)
                          0.00    0.00   clock source latency
                  0.07    0.05    0.05 ^ clk (in)
     1    0.01                           clk (net)
                  0.07    0.00    0.05 ^ clkbuf_0_clk/A (sky130_fd_sc_hd__clkbuf_16)
                  0.07    0.16    0.21 ^ clkbuf_0_clk/X (sky130_fd_sc_hd__clkbuf_16)
     4    0.05                           clknet_0_clk (net)
                  0.07    0.00    0.22 ^ clkbuf_2_1__f_clk/A (sky130_fd_sc_hd__clkbuf_16)
                  0.05    0.15    0.37 ^ clkbuf_2_1__f_clk/X (sky130_fd_sc_hd__clkbuf_16)
    11    0.03                           clknet_2_1__leaf_clk (net)
                  0.05    0.00    0.37 ^ _266_/CLK (sky130_fd_sc_hd__dfrtp_1)
                          0.25    0.62   clock uncertainty
                          0.00    0.62   clock reconvergence pessimism
                          0.35    0.97   library removal time
                                  0.97   data required time
-----------------------------------------------------------------------------
                                  0.97   data required time
                                 -4.41   data arrival time
-----------------------------------------------------------------------------
                                  3.44   slack (MET)


Startpoint: rst_n (input port clocked by clk)
Endpoint: _270_ (removal check against rising-edge clock clk)
Path Group: asynchronous
Path Type: min
Corner: Typical

Fanout     Cap    Slew   Delay    Time   Description
-----------------------------------------------------------------------------
                          0.00    0.00   clock clk (rise edge)
                          0.00    0.00   clock network delay (propagated)
                          4.00    4.00 ^ input external delay
                  0.02    0.01    4.01 ^ rst_n (in)
     1    0.00                           rst_n (net)
                  0.02    0.00    4.01 ^ input1/A (sky130_fd_sc_hd__clkbuf_2)
                  0.14    0.16    4.17 ^ input1/X (sky130_fd_sc_hd__clkbuf_2)
     4    0.03                           net1 (net)
                  0.14    0.00    4.17 ^ fanout17/A (sky130_fd_sc_hd__clkbuf_4)
                  0.16    0.24    4.41 ^ fanout17/X (sky130_fd_sc_hd__clkbuf_4)
    10    0.05                           net17 (net)
                  0.16    0.00    4.41 ^ _270_/RESET_B (sky130_fd_sc_hd__dfrtp_1)
                                  4.41   data arrival time

                          0.00    0.00   clock clk (rise edge)
                          0.00    0.00   clock source latency
                  0.07    0.05    0.05 ^ clk (in)
     1    0.01                           clk (net)
                  0.07    0.00    0.05 ^ clkbuf_0_clk/A (sky130_fd_sc_hd__clkbuf_16)
                  0.07    0.16    0.21 ^ clkbuf_0_clk/X (sky130_fd_sc_hd__clkbuf_16)
     4    0.05                           clknet_0_clk (net)
                  0.07    0.00    0.22 ^ clkbuf_2_1__f_clk/A (sky130_fd_sc_hd__clkbuf_16)
                  0.05    0.15    0.37 ^ clkbuf_2_1__f_clk/X (sky130_fd_sc_hd__clkbuf_16)
    11    0.03                           clknet_2_1__leaf_clk (net)
                  0.05    0.00    0.37 ^ _270_/CLK (sky130_fd_sc_hd__dfrtp_1)
                          0.25    0.62   clock uncertainty
                          0.00    0.62   clock reconvergence pessimism
                          0.35    0.97   library removal time
                                  0.97   data required time
-----------------------------------------------------------------------------
                                  0.97   data required time
                                 -4.41   data arrival time
-----------------------------------------------------------------------------
                                  3.44   slack (MET)


Startpoint: rst_n (input port clocked by clk)
Endpoint: _285_ (removal check against rising-edge clock clk)
Path Group: asynchronous
Path Type: min
Corner: Typical

Fanout     Cap    Slew   Delay    Time   Description
-----------------------------------------------------------------------------
                          0.00    0.00   clock clk (rise edge)
                          0.00    0.00   clock network delay (propagated)
                          4.00    4.00 ^ input external delay
                  0.02    0.01    4.01 ^ rst_n (in)
     1    0.00                           rst_n (net)
                  0.02    0.00    4.01 ^ input1/A (sky130_fd_sc_hd__clkbuf_2)
                  0.14    0.16    4.17 ^ input1/X (sky130_fd_sc_hd__clkbuf_2)
     4    0.03                           net1 (net)
                  0.14    0.00    4.17 ^ fanout17/A (sky130_fd_sc_hd__clkbuf_4)
                  0.16    0.24    4.41 ^ fanout17/X (sky130_fd_sc_hd__clkbuf_4)
    10    0.05                           net17 (net)
                  0.16    0.00    4.41 ^ _285_/RESET_B (sky130_fd_sc_hd__dfrtp_1)
                                  4.41   data arrival time

                          0.00    0.00   clock clk (rise edge)
                          0.00    0.00   clock source latency
                  0.07    0.05    0.05 ^ clk (in)
     1    0.01                           clk (net)
                  0.07    0.00    0.05 ^ clkbuf_0_clk/A (sky130_fd_sc_hd__clkbuf_16)
                  0.07    0.16    0.21 ^ clkbuf_0_clk/X (sky130_fd_sc_hd__clkbuf_16)
     4    0.05                           clknet_0_clk (net)
                  0.07    0.00    0.22 ^ clkbuf_2_1__f_clk/A (sky130_fd_sc_hd__clkbuf_16)
                  0.05    0.15    0.37 ^ clkbuf_2_1__f_clk/X (sky130_fd_sc_hd__clkbuf_16)
    11    0.03                           clknet_2_1__leaf_clk (net)
                  0.05    0.00    0.37 ^ _285_/CLK (sky130_fd_sc_hd__dfrtp_1)
                          0.25    0.62   clock uncertainty
                          0.00    0.62   clock reconvergence pessimism
                          0.35    0.97   library removal time
                                  0.97   data required time
-----------------------------------------------------------------------------
                                  0.97   data required time
                                 -4.41   data arrival time
-----------------------------------------------------------------------------
                                  3.44   slack (MET)


Startpoint: rst_n (input port clocked by clk)
Endpoint: _284_ (removal check against rising-edge clock clk)
Path Group: asynchronous
Path Type: min
Corner: Typical

Fanout     Cap    Slew   Delay    Time   Description
-----------------------------------------------------------------------------
                          0.00    0.00   clock clk (rise edge)
                          0.00    0.00   clock network delay (propagated)
                          4.00    4.00 ^ input external delay
                  0.02    0.01    4.01 ^ rst_n (in)
     1    0.00                           rst_n (net)
                  0.02    0.00    4.01 ^ input1/A (sky130_fd_sc_hd__clkbuf_2)
                  0.14    0.16    4.17 ^ input1/X (sky130_fd_sc_hd__clkbuf_2)
     4    0.03                           net1 (net)
                  0.14    0.00    4.17 ^ fanout17/A (sky130_fd_sc_hd__clkbuf_4)
                  0.16    0.24    4.41 ^ fanout17/X (sky130_fd_sc_hd__clkbuf_4)
    10    0.05                           net17 (net)
                  0.16    0.00    4.41 ^ _284_/RESET_B (sky130_fd_sc_hd__dfrtp_1)
                                  4.41   data arrival time

                          0.00    0.00   clock clk (rise edge)
                          0.00    0.00   clock source latency
                  0.07    0.05    0.05 ^ clk (in)
     1    0.01                           clk (net)
                  0.07    0.00    0.05 ^ clkbuf_0_clk/A (sky130_fd_sc_hd__clkbuf_16)
                  0.07    0.16    0.21 ^ clkbuf_0_clk/X (sky130_fd_sc_hd__clkbuf_16)
     4    0.05                           clknet_0_clk (net)
                  0.07    0.00    0.22 ^ clkbuf_2_1__f_clk/A (sky130_fd_sc_hd__clkbuf_16)
                  0.05    0.15    0.37 ^ clkbuf_2_1__f_clk/X (sky130_fd_sc_hd__clkbuf_16)
    11    0.03                           clknet_2_1__leaf_clk (net)
                  0.05    0.00    0.37 ^ _284_/CLK (sky130_fd_sc_hd__dfrtp_1)
                          0.25    0.62   clock uncertainty
                          0.00    0.62   clock reconvergence pessimism
                          0.35    0.97   library removal time
                                  0.97   data required time
-----------------------------------------------------------------------------
                                  0.97   data required time
                                 -4.41   data arrival time
-----------------------------------------------------------------------------
                                  3.44   slack (MET)


Startpoint: rst_n (input port clocked by clk)
Endpoint: _268_ (removal check against rising-edge clock clk)
Path Group: asynchronous
Path Type: min
Corner: Typical

Fanout     Cap    Slew   Delay    Time   Description
-----------------------------------------------------------------------------
                          0.00    0.00   clock clk (rise edge)
                          0.00    0.00   clock network delay (propagated)
                          4.00    4.00 ^ input external delay
                  0.02    0.01    4.01 ^ rst_n (in)
     1    0.00                           rst_n (net)
                  0.02    0.00    4.01 ^ input1/A (sky130_fd_sc_hd__clkbuf_2)
                  0.14    0.16    4.17 ^ input1/X (sky130_fd_sc_hd__clkbuf_2)
     4    0.03                           net1 (net)
                  0.14    0.00    4.17 ^ fanout17/A (sky130_fd_sc_hd__clkbuf_4)
                  0.16    0.24    4.41 ^ fanout17/X (sky130_fd_sc_hd__clkbuf_4)
    10    0.05                           net17 (net)
                  0.16    0.00    4.41 ^ _268_/RESET_B (sky130_fd_sc_hd__dfrtp_1)
                                  4.41   data arrival time

                          0.00    0.00   clock clk (rise edge)
                          0.00    0.00   clock source latency
                  0.07    0.05    0.05 ^ clk (in)
     1    0.01                           clk (net)
                  0.07    0.00    0.05 ^ clkbuf_0_clk/A (sky130_fd_sc_hd__clkbuf_16)
                  0.07    0.16    0.21 ^ clkbuf_0_clk/X (sky130_fd_sc_hd__clkbuf_16)
     4    0.05                           clknet_0_clk (net)
                  0.07    0.00    0.22 ^ clkbuf_2_1__f_clk/A (sky130_fd_sc_hd__clkbuf_16)
                  0.05    0.15    0.37 ^ clkbuf_2_1__f_clk/X (sky130_fd_sc_hd__clkbuf_16)
    11    0.03                           clknet_2_1__leaf_clk (net)
                  0.05    0.00    0.37 ^ _268_/CLK (sky130_fd_sc_hd__dfrtp_1)
                          0.25    0.62   clock uncertainty
                          0.00    0.62   clock reconvergence pessimism
                          0.35    0.97   library removal time
                                  0.97   data required time
-----------------------------------------------------------------------------
                                  0.97   data required time
                                 -4.41   data arrival time
-----------------------------------------------------------------------------
                                  3.44   slack (MET)


Startpoint: rst_n (input port clocked by clk)
Endpoint: _286_ (removal check against rising-edge clock clk)
Path Group: asynchronous
Path Type: min
Corner: Typical

Fanout     Cap    Slew   Delay    Time   Description
-----------------------------------------------------------------------------
                          0.00    0.00   clock clk (rise edge)
                          0.00    0.00   clock network delay (propagated)
                          4.00    4.00 ^ input external delay
                  0.02    0.01    4.01 ^ rst_n (in)
     1    0.00                           rst_n (net)
                  0.02    0.00    4.01 ^ input1/A (sky130_fd_sc_hd__clkbuf_2)
                  0.14    0.16    4.17 ^ input1/X (sky130_fd_sc_hd__clkbuf_2)
     4    0.03                           net1 (net)
                  0.14    0.00    4.17 ^ fanout17/A (sky130_fd_sc_hd__clkbuf_4)
                  0.16    0.24    4.41 ^ fanout17/X (sky130_fd_sc_hd__clkbuf_4)
    10    0.05                           net17 (net)
                  0.16    0.00    4.41 ^ _286_/RESET_B (sky130_fd_sc_hd__dfrtp_1)
                                  4.41   data arrival time

                          0.00    0.00   clock clk (rise edge)
                          0.00    0.00   clock source latency
                  0.07    0.05    0.05 ^ clk (in)
     1    0.01                           clk (net)
                  0.07    0.00    0.05 ^ clkbuf_0_clk/A (sky130_fd_sc_hd__clkbuf_16)
                  0.07    0.16    0.21 ^ clkbuf_0_clk/X (sky130_fd_sc_hd__clkbuf_16)
     4    0.05                           clknet_0_clk (net)
                  0.07    0.00    0.22 ^ clkbuf_2_1__f_clk/A (sky130_fd_sc_hd__clkbuf_16)
                  0.05    0.15    0.37 ^ clkbuf_2_1__f_clk/X (sky130_fd_sc_hd__clkbuf_16)
    11    0.03                           clknet_2_1__leaf_clk (net)
                  0.05    0.00    0.37 ^ _286_/CLK (sky130_fd_sc_hd__dfrtp_1)
                          0.25    0.62   clock uncertainty
                          0.00    0.62   clock reconvergence pessimism
                          0.35    0.97   library removal time
                                  0.97   data required time
-----------------------------------------------------------------------------
                                  0.97   data required time
                                 -4.41   data arrival time
-----------------------------------------------------------------------------
                                  3.44   slack (MET)


Startpoint: rst_n (input port clocked by clk)
Endpoint: _267_ (removal check against rising-edge clock clk)
Path Group: asynchronous
Path Type: min
Corner: Typical

Fanout     Cap    Slew   Delay    Time   Description
-----------------------------------------------------------------------------
                          0.00    0.00   clock clk (rise edge)
                          0.00    0.00   clock network delay (propagated)
                          4.00    4.00 ^ input external delay
                  0.02    0.01    4.01 ^ rst_n (in)
     1    0.00                           rst_n (net)
                  0.02    0.00    4.01 ^ input1/A (sky130_fd_sc_hd__clkbuf_2)
                  0.14    0.16    4.17 ^ input1/X (sky130_fd_sc_hd__clkbuf_2)
     4    0.03                           net1 (net)
                  0.14    0.00    4.17 ^ fanout17/A (sky130_fd_sc_hd__clkbuf_4)
                  0.16    0.24    4.41 ^ fanout17/X (sky130_fd_sc_hd__clkbuf_4)
    10    0.05                           net17 (net)
                  0.16    0.00    4.41 ^ _267_/RESET_B (sky130_fd_sc_hd__dfrtp_1)
                                  4.41   data arrival time

                          0.00    0.00   clock clk (rise edge)
                          0.00    0.00   clock source latency
                  0.07    0.05    0.05 ^ clk (in)
     1    0.01                           clk (net)
                  0.07    0.00    0.05 ^ clkbuf_0_clk/A (sky130_fd_sc_hd__clkbuf_16)
                  0.07    0.16    0.21 ^ clkbuf_0_clk/X (sky130_fd_sc_hd__clkbuf_16)
     4    0.05                           clknet_0_clk (net)
                  0.07    0.00    0.22 ^ clkbuf_2_1__f_clk/A (sky130_fd_sc_hd__clkbuf_16)
                  0.05    0.15    0.37 ^ clkbuf_2_1__f_clk/X (sky130_fd_sc_hd__clkbuf_16)
    11    0.03                           clknet_2_1__leaf_clk (net)
                  0.05    0.00    0.37 ^ _267_/CLK (sky130_fd_sc_hd__dfrtp_1)
                          0.25    0.62   clock uncertainty
                          0.00    0.62   clock reconvergence pessimism
                          0.35    0.97   library removal time
                                  0.97   data required time
-----------------------------------------------------------------------------
                                  0.97   data required time
                                 -4.41   data arrival time
-----------------------------------------------------------------------------
                                  3.44   slack (MET)


Startpoint: rst_n (input port clocked by clk)
Endpoint: _296_ (removal check against rising-edge clock clk)
Path Group: asynchronous
Path Type: min
Corner: Typical

Fanout     Cap    Slew   Delay    Time   Description
-----------------------------------------------------------------------------
                          0.00    0.00   clock clk (rise edge)
                          0.00    0.00   clock network delay (propagated)
                          4.00    4.00 ^ input external delay
                  0.02    0.01    4.01 ^ rst_n (in)
     1    0.00                           rst_n (net)
                  0.02    0.00    4.01 ^ input1/A (sky130_fd_sc_hd__clkbuf_2)
                  0.14    0.16    4.17 ^ input1/X (sky130_fd_sc_hd__clkbuf_2)
     4    0.03                           net1 (net)
                  0.14    0.00    4.17 ^ fanout17/A (sky130_fd_sc_hd__clkbuf_4)
                  0.16    0.24    4.41 ^ fanout17/X (sky130_fd_sc_hd__clkbuf_4)
    10    0.05                           net17 (net)
                  0.16    0.00    4.41 ^ _296_/RESET_B (sky130_fd_sc_hd__dfrtp_4)
                                  4.41   data arrival time

                          0.00    0.00   clock clk (rise edge)
                          0.00    0.00   clock source latency
                  0.07    0.05    0.05 ^ clk (in)
     1    0.01                           clk (net)
                  0.07    0.00    0.05 ^ clkbuf_0_clk/A (sky130_fd_sc_hd__clkbuf_16)
                  0.07    0.16    0.21 ^ clkbuf_0_clk/X (sky130_fd_sc_hd__clkbuf_16)
     4    0.05                           clknet_0_clk (net)
                  0.07    0.00    0.22 ^ clkbuf_2_1__f_clk/A (sky130_fd_sc_hd__clkbuf_16)
                  0.05    0.15    0.37 ^ clkbuf_2_1__f_clk/X (sky130_fd_sc_hd__clkbuf_16)
    11    0.03                           clknet_2_1__leaf_clk (net)
                  0.05    0.00    0.37 ^ _296_/CLK (sky130_fd_sc_hd__dfrtp_4)
                          0.25    0.62   clock uncertainty
                          0.00    0.62   clock reconvergence pessimism
                          0.35    0.97   library removal time
                                  0.97   data required time
-----------------------------------------------------------------------------
                                  0.97   data required time
                                 -4.41   data arrival time
-----------------------------------------------------------------------------
                                  3.44   slack (MET)


Startpoint: rst_n (input port clocked by clk)
Endpoint: _298_ (removal check against rising-edge clock clk)
Path Group: asynchronous
Path Type: min
Corner: Typical

Fanout     Cap    Slew   Delay    Time   Description
-----------------------------------------------------------------------------
                          0.00    0.00   clock clk (rise edge)
                          0.00    0.00   clock network delay (propagated)
                          4.00    4.00 ^ input external delay
                  0.02    0.01    4.01 ^ rst_n (in)
     1    0.00                           rst_n (net)
                  0.02    0.00    4.01 ^ input1/A (sky130_fd_sc_hd__clkbuf_2)
                  0.14    0.16    4.17 ^ input1/X (sky130_fd_sc_hd__clkbuf_2)
     4    0.03                           net1 (net)
                  0.14    0.00    4.17 ^ fanout17/A (sky130_fd_sc_hd__clkbuf_4)
                  0.16    0.24    4.41 ^ fanout17/X (sky130_fd_sc_hd__clkbuf_4)
    10    0.05                           net17 (net)
                  0.16    0.00    4.41 ^ _298_/RESET_B (sky130_fd_sc_hd__dfrtp_1)
                                  4.41   data arrival time

                          0.00    0.00   clock clk (rise edge)
                          0.00    0.00   clock source latency
                  0.07    0.05    0.05 ^ clk (in)
     1    0.01                           clk (net)
                  0.07    0.00    0.05 ^ clkbuf_0_clk/A (sky130_fd_sc_hd__clkbuf_16)
                  0.07    0.16    0.21 ^ clkbuf_0_clk/X (sky130_fd_sc_hd__clkbuf_16)
     4    0.05                           clknet_0_clk (net)
                  0.07    0.00    0.22 ^ clkbuf_2_1__f_clk/A (sky130_fd_sc_hd__clkbuf_16)
                  0.05    0.15    0.37 ^ clkbuf_2_1__f_clk/X (sky130_fd_sc_hd__clkbuf_16)
    11    0.03                           clknet_2_1__leaf_clk (net)
                  0.05    0.00    0.37 ^ _298_/CLK (sky130_fd_sc_hd__dfrtp_1)
                          0.25    0.62   clock uncertainty
                          0.00    0.62   clock reconvergence pessimism
                          0.35    0.97   library removal time
                                  0.97   data required time
-----------------------------------------------------------------------------
                                  0.97   data required time
                                 -4.41   data arrival time
-----------------------------------------------------------------------------
                                  3.44   slack (MET)


Startpoint: rst_n (input port clocked by clk)
Endpoint: _297_ (removal check against rising-edge clock clk)
Path Group: asynchronous
Path Type: min
Corner: Typical

Fanout     Cap    Slew   Delay    Time   Description
-----------------------------------------------------------------------------
                          0.00    0.00   clock clk (rise edge)
                          0.00    0.00   clock network delay (propagated)
                          4.00    4.00 ^ input external delay
                  0.02    0.01    4.01 ^ rst_n (in)
     1    0.00                           rst_n (net)
                  0.02    0.00    4.01 ^ input1/A (sky130_fd_sc_hd__clkbuf_2)
                  0.14    0.16    4.17 ^ input1/X (sky130_fd_sc_hd__clkbuf_2)
     4    0.03                           net1 (net)
                  0.14    0.00    4.17 ^ fanout17/A (sky130_fd_sc_hd__clkbuf_4)
                  0.16    0.24    4.41 ^ fanout17/X (sky130_fd_sc_hd__clkbuf_4)
    10    0.05                           net17 (net)
                  0.16    0.00    4.41 ^ _297_/RESET_B (sky130_fd_sc_hd__dfrtp_4)
                                  4.41   data arrival time

                          0.00    0.00   clock clk (rise edge)
                          0.00    0.00   clock source latency
                  0.07    0.05    0.05 ^ clk (in)
     1    0.01                           clk (net)
                  0.07    0.00    0.05 ^ clkbuf_0_clk/A (sky130_fd_sc_hd__clkbuf_16)
                  0.07    0.16    0.21 ^ clkbuf_0_clk/X (sky130_fd_sc_hd__clkbuf_16)
     4    0.05                           clknet_0_clk (net)
                  0.07    0.00    0.22 ^ clkbuf_2_1__f_clk/A (sky130_fd_sc_hd__clkbuf_16)
                  0.05    0.15    0.37 ^ clkbuf_2_1__f_clk/X (sky130_fd_sc_hd__clkbuf_16)
    11    0.03                           clknet_2_1__leaf_clk (net)
                  0.05    0.00    0.37 ^ _297_/CLK (sky130_fd_sc_hd__dfrtp_4)
                          0.25    0.62   clock uncertainty
                          0.00    0.62   clock reconvergence pessimism
                          0.35    0.97   library removal time
                                  0.97   data required time
-----------------------------------------------------------------------------
                                  0.97   data required time
                                 -4.41   data arrival time
-----------------------------------------------------------------------------
                                  3.44   slack (MET)


Startpoint: rst_n (input port clocked by clk)
Endpoint: _273_ (removal check against rising-edge clock clk)
Path Group: asynchronous
Path Type: min
Corner: Typical

Fanout     Cap    Slew   Delay    Time   Description
-----------------------------------------------------------------------------
                          0.00    0.00   clock clk (rise edge)
                          0.00    0.00   clock network delay (propagated)
                          4.00    4.00 ^ input external delay
                  0.02    0.01    4.01 ^ rst_n (in)
     1    0.00                           rst_n (net)
                  0.02    0.00    4.01 ^ input1/A (sky130_fd_sc_hd__clkbuf_2)
                  0.14    0.16    4.17 ^ input1/X (sky130_fd_sc_hd__clkbuf_2)
     4    0.03                           net1 (net)
                  0.14    0.00    4.17 ^ fanout16/A (sky130_fd_sc_hd__clkbuf_4)
                  0.14    0.22    4.39 ^ fanout16/X (sky130_fd_sc_hd__clkbuf_4)
     8    0.04                           net16 (net)
                  0.14    0.00    4.40 ^ _273_/RESET_B (sky130_fd_sc_hd__dfrtp_2)
                                  4.40   data arrival time

                          0.00    0.00   clock clk (rise edge)
                          0.00    0.00   clock source latency
                  0.07    0.05    0.05 ^ clk (in)
     1    0.01                           clk (net)
                  0.07    0.00    0.05 ^ clkbuf_0_clk/A (sky130_fd_sc_hd__clkbuf_16)
                  0.07    0.16    0.21 ^ clkbuf_0_clk/X (sky130_fd_sc_hd__clkbuf_16)
     4    0.05                           clknet_0_clk (net)
                  0.07    0.00    0.22 ^ clkbuf_2_2__f_clk/A (sky130_fd_sc_hd__clkbuf_16)
                  0.05    0.14    0.36 ^ clkbuf_2_2__f_clk/X (sky130_fd_sc_hd__clkbuf_16)
     8    0.02                           clknet_2_2__leaf_clk (net)
                  0.05    0.00    0.36 ^ _273_/CLK (sky130_fd_sc_hd__dfrtp_2)
                          0.25    0.61   clock uncertainty
                          0.00    0.61   clock reconvergence pessimism
                          0.35    0.96   library removal time
                                  0.96   data required time
-----------------------------------------------------------------------------
                                  0.96   data required time
                                 -4.40   data arrival time
-----------------------------------------------------------------------------
                                  3.44   slack (MET)


Startpoint: rst_n (input port clocked by clk)
Endpoint: _282_ (removal check against rising-edge clock clk)
Path Group: asynchronous
Path Type: min
Corner: Typical

Fanout     Cap    Slew   Delay    Time   Description
-----------------------------------------------------------------------------
                          0.00    0.00   clock clk (rise edge)
                          0.00    0.00   clock network delay (propagated)
                          4.00    4.00 ^ input external delay
                  0.02    0.01    4.01 ^ rst_n (in)
     1    0.00                           rst_n (net)
                  0.02    0.00    4.01 ^ input1/A (sky130_fd_sc_hd__clkbuf_2)
                  0.14    0.16    4.17 ^ input1/X (sky130_fd_sc_hd__clkbuf_2)
     4    0.03                           net1 (net)
                  0.14    0.00    4.17 ^ fanout16/A (sky130_fd_sc_hd__clkbuf_4)
                  0.14    0.22    4.39 ^ fanout16/X (sky130_fd_sc_hd__clkbuf_4)
     8    0.04                           net16 (net)
                  0.14    0.00    4.40 ^ _282_/RESET_B (sky130_fd_sc_hd__dfrtp_1)
                                  4.40   data arrival time

                          0.00    0.00   clock clk (rise edge)
                          0.00    0.00   clock source latency
                  0.07    0.05    0.05 ^ clk (in)
     1    0.01                           clk (net)
                  0.07    0.00    0.05 ^ clkbuf_0_clk/A (sky130_fd_sc_hd__clkbuf_16)
                  0.07    0.16    0.21 ^ clkbuf_0_clk/X (sky130_fd_sc_hd__clkbuf_16)
     4    0.05                           clknet_0_clk (net)
                  0.07    0.00    0.22 ^ clkbuf_2_2__f_clk/A (sky130_fd_sc_hd__clkbuf_16)
                  0.05    0.14    0.36 ^ clkbuf_2_2__f_clk/X (sky130_fd_sc_hd__clkbuf_16)
     8    0.02                           clknet_2_2__leaf_clk (net)
                  0.05    0.00    0.36 ^ _282_/CLK (sky130_fd_sc_hd__dfrtp_1)
                          0.25    0.61   clock uncertainty
                          0.00    0.61   clock reconvergence pessimism
                          0.35    0.96   library removal time
                                  0.96   data required time
-----------------------------------------------------------------------------
                                  0.96   data required time
                                 -4.40   data arrival time
-----------------------------------------------------------------------------
                                  3.44   slack (MET)


Startpoint: rst_n (input port clocked by clk)
Endpoint: _283_ (removal check against rising-edge clock clk)
Path Group: asynchronous
Path Type: min
Corner: Typical

Fanout     Cap    Slew   Delay    Time   Description
-----------------------------------------------------------------------------
                          0.00    0.00   clock clk (rise edge)
                          0.00    0.00   clock network delay (propagated)
                          4.00    4.00 ^ input external delay
                  0.02    0.01    4.01 ^ rst_n (in)
     1    0.00                           rst_n (net)
                  0.02    0.00    4.01 ^ input1/A (sky130_fd_sc_hd__clkbuf_2)
                  0.14    0.16    4.17 ^ input1/X (sky130_fd_sc_hd__clkbuf_2)
     4    0.03                           net1 (net)
                  0.14    0.00    4.17 ^ fanout16/A (sky130_fd_sc_hd__clkbuf_4)
                  0.14    0.22    4.39 ^ fanout16/X (sky130_fd_sc_hd__clkbuf_4)
     8    0.04                           net16 (net)
                  0.14    0.00    4.40 ^ _283_/RESET_B (sky130_fd_sc_hd__dfrtp_1)
                                  4.40   data arrival time

                          0.00    0.00   clock clk (rise edge)
                          0.00    0.00   clock source latency
                  0.07    0.05    0.05 ^ clk (in)
     1    0.01                           clk (net)
                  0.07    0.00    0.05 ^ clkbuf_0_clk/A (sky130_fd_sc_hd__clkbuf_16)
                  0.07    0.16    0.21 ^ clkbuf_0_clk/X (sky130_fd_sc_hd__clkbuf_16)
     4    0.05                           clknet_0_clk (net)
                  0.07    0.00    0.22 ^ clkbuf_2_2__f_clk/A (sky130_fd_sc_hd__clkbuf_16)
                  0.05    0.14    0.36 ^ clkbuf_2_2__f_clk/X (sky130_fd_sc_hd__clkbuf_16)
     8    0.02                           clknet_2_2__leaf_clk (net)
                  0.05    0.00    0.36 ^ _283_/CLK (sky130_fd_sc_hd__dfrtp_1)
                          0.25    0.61   clock uncertainty
                          0.00    0.61   clock reconvergence pessimism
                          0.35    0.96   library removal time
                                  0.96   data required time
-----------------------------------------------------------------------------
                                  0.96   data required time
                                 -4.40   data arrival time
-----------------------------------------------------------------------------
                                  3.44   slack (MET)


Startpoint: rst_n (input port clocked by clk)
Endpoint: _287_ (removal check against rising-edge clock clk)
Path Group: asynchronous
Path Type: min
Corner: Typical

Fanout     Cap    Slew   Delay    Time   Description
-----------------------------------------------------------------------------
                          0.00    0.00   clock clk (rise edge)
                          0.00    0.00   clock network delay (propagated)
                          4.00    4.00 ^ input external delay
                  0.02    0.01    4.01 ^ rst_n (in)
     1    0.00                           rst_n (net)
                  0.02    0.00    4.01 ^ input1/A (sky130_fd_sc_hd__clkbuf_2)
                  0.14    0.16    4.17 ^ input1/X (sky130_fd_sc_hd__clkbuf_2)
     4    0.03                           net1 (net)
                  0.14    0.00    4.17 ^ fanout15/A (sky130_fd_sc_hd__clkbuf_4)
                  0.15    0.24    4.41 ^ fanout15/X (sky130_fd_sc_hd__clkbuf_4)
    10    0.05                           net15 (net)
                  0.15    0.00    4.41 ^ _287_/RESET_B (sky130_fd_sc_hd__dfrtp_1)
                                  4.41   data arrival time

                          0.00    0.00   clock clk (rise edge)
                          0.00    0.00   clock source latency
                  0.07    0.05    0.05 ^ clk (in)
     1    0.01                           clk (net)
                  0.07    0.00    0.05 ^ clkbuf_0_clk/A (sky130_fd_sc_hd__clkbuf_16)
                  0.07    0.16    0.21 ^ clkbuf_0_clk/X (sky130_fd_sc_hd__clkbuf_16)
     4    0.05                           clknet_0_clk (net)
                  0.07    0.00    0.22 ^ clkbuf_2_0__f_clk/A (sky130_fd_sc_hd__clkbuf_16)
                  0.05    0.15    0.36 ^ clkbuf_2_0__f_clk/X (sky130_fd_sc_hd__clkbuf_16)
     9    0.03                           clknet_2_0__leaf_clk (net)
                  0.05    0.00    0.37 ^ _287_/CLK (sky130_fd_sc_hd__dfrtp_1)
                          0.25    0.62   clock uncertainty
                          0.00    0.62   clock reconvergence pessimism
                          0.35    0.97   library removal time
                                  0.97   data required time
-----------------------------------------------------------------------------
                                  0.97   data required time
                                 -4.41   data arrival time
-----------------------------------------------------------------------------
                                  3.44   slack (MET)


Startpoint: rst_n (input port clocked by clk)
Endpoint: _274_ (removal check against rising-edge clock clk)
Path Group: asynchronous
Path Type: min
Corner: Typical

Fanout     Cap    Slew   Delay    Time   Description
-----------------------------------------------------------------------------
                          0.00    0.00   clock clk (rise edge)
                          0.00    0.00   clock network delay (propagated)
                          4.00    4.00 ^ input external delay
                  0.02    0.01    4.01 ^ rst_n (in)
     1    0.00                           rst_n (net)
                  0.02    0.00    4.01 ^ input1/A (sky130_fd_sc_hd__clkbuf_2)
                  0.14    0.16    4.17 ^ input1/X (sky130_fd_sc_hd__clkbuf_2)
     4    0.03                           net1 (net)
                  0.14    0.00    4.17 ^ fanout16/A (sky130_fd_sc_hd__clkbuf_4)
                  0.14    0.22    4.39 ^ fanout16/X (sky130_fd_sc_hd__clkbuf_4)
     8    0.04                           net16 (net)
                  0.14    0.00    4.40 ^ _274_/RESET_B (sky130_fd_sc_hd__dfrtp_4)
                                  4.40   data arrival time

                          0.00    0.00   clock clk (rise edge)
                          0.00    0.00   clock source latency
                  0.07    0.05    0.05 ^ clk (in)
     1    0.01                           clk (net)
                  0.07    0.00    0.05 ^ clkbuf_0_clk/A (sky130_fd_sc_hd__clkbuf_16)
                  0.07    0.16    0.21 ^ clkbuf_0_clk/X (sky130_fd_sc_hd__clkbuf_16)
     4    0.05                           clknet_0_clk (net)
                  0.07    0.00    0.22 ^ clkbuf_2_2__f_clk/A (sky130_fd_sc_hd__clkbuf_16)
                  0.05    0.14    0.36 ^ clkbuf_2_2__f_clk/X (sky130_fd_sc_hd__clkbuf_16)
     8    0.02                           clknet_2_2__leaf_clk (net)
                  0.05    0.00    0.36 ^ _274_/CLK (sky130_fd_sc_hd__dfrtp_4)
                          0.25    0.61   clock uncertainty
                          0.00    0.61   clock reconvergence pessimism
                          0.35    0.96   library removal time
                                  0.96   data required time
-----------------------------------------------------------------------------
                                  0.96   data required time
                                 -4.40   data arrival time
-----------------------------------------------------------------------------
                                  3.44   slack (MET)


Startpoint: rst_n (input port clocked by clk)
Endpoint: _275_ (removal check against rising-edge clock clk)
Path Group: asynchronous
Path Type: min
Corner: Typical

Fanout     Cap    Slew   Delay    Time   Description
-----------------------------------------------------------------------------
                          0.00    0.00   clock clk (rise edge)
                          0.00    0.00   clock network delay (propagated)
                          4.00    4.00 ^ input external delay
                  0.02    0.01    4.01 ^ rst_n (in)
     1    0.00                           rst_n (net)
                  0.02    0.00    4.01 ^ input1/A (sky130_fd_sc_hd__clkbuf_2)
                  0.14    0.16    4.17 ^ input1/X (sky130_fd_sc_hd__clkbuf_2)
     4    0.03                           net1 (net)
                  0.14    0.00    4.17 ^ fanout16/A (sky130_fd_sc_hd__clkbuf_4)
                  0.14    0.22    4.39 ^ fanout16/X (sky130_fd_sc_hd__clkbuf_4)
     8    0.04                           net16 (net)
                  0.14    0.00    4.40 ^ _275_/RESET_B (sky130_fd_sc_hd__dfrtp_2)
                                  4.40   data arrival time

                          0.00    0.00   clock clk (rise edge)
                          0.00    0.00   clock source latency
                  0.07    0.05    0.05 ^ clk (in)
     1    0.01                           clk (net)
                  0.07    0.00    0.05 ^ clkbuf_0_clk/A (sky130_fd_sc_hd__clkbuf_16)
                  0.07    0.16    0.21 ^ clkbuf_0_clk/X (sky130_fd_sc_hd__clkbuf_16)
     4    0.05                           clknet_0_clk (net)
                  0.07    0.00    0.22 ^ clkbuf_2_2__f_clk/A (sky130_fd_sc_hd__clkbuf_16)
                  0.05    0.14    0.36 ^ clkbuf_2_2__f_clk/X (sky130_fd_sc_hd__clkbuf_16)
     8    0.02                           clknet_2_2__leaf_clk (net)
                  0.05    0.00    0.36 ^ _275_/CLK (sky130_fd_sc_hd__dfrtp_2)
                          0.25    0.61   clock uncertainty
                          0.00    0.61   clock reconvergence pessimism
                          0.35    0.96   library removal time
                                  0.96   data required time
-----------------------------------------------------------------------------
                                  0.96   data required time
                                 -4.40   data arrival time
-----------------------------------------------------------------------------
                                  3.44   slack (MET)


Startpoint: rst_n (input port clocked by clk)
Endpoint: _295_ (removal check against rising-edge clock clk)
Path Group: asynchronous
Path Type: min
Corner: Typical

Fanout     Cap    Slew   Delay    Time   Description
-----------------------------------------------------------------------------
                          0.00    0.00   clock clk (rise edge)
                          0.00    0.00   clock network delay (propagated)
                          4.00    4.00 ^ input external delay
                  0.02    0.01    4.01 ^ rst_n (in)
     1    0.00                           rst_n (net)
                  0.02    0.00    4.01 ^ input1/A (sky130_fd_sc_hd__clkbuf_2)
                  0.14    0.16    4.17 ^ input1/X (sky130_fd_sc_hd__clkbuf_2)
     4    0.03                           net1 (net)
                  0.14    0.00    4.17 ^ fanout15/A (sky130_fd_sc_hd__clkbuf_4)
                  0.15    0.24    4.41 ^ fanout15/X (sky130_fd_sc_hd__clkbuf_4)
    10    0.05                           net15 (net)
                  0.15    0.00    4.41 ^ _295_/RESET_B (sky130_fd_sc_hd__dfrtp_1)
                                  4.41   data arrival time

                          0.00    0.00   clock clk (rise edge)
                          0.00    0.00   clock source latency
                  0.07    0.05    0.05 ^ clk (in)
     1    0.01                           clk (net)
                  0.07    0.00    0.05 ^ clkbuf_0_clk/A (sky130_fd_sc_hd__clkbuf_16)
                  0.07    0.16    0.21 ^ clkbuf_0_clk/X (sky130_fd_sc_hd__clkbuf_16)
     4    0.05                           clknet_0_clk (net)
                  0.07    0.00    0.22 ^ clkbuf_2_0__f_clk/A (sky130_fd_sc_hd__clkbuf_16)
                  0.05    0.15    0.36 ^ clkbuf_2_0__f_clk/X (sky130_fd_sc_hd__clkbuf_16)
     9    0.03                           clknet_2_0__leaf_clk (net)
                  0.05    0.00    0.37 ^ _295_/CLK (sky130_fd_sc_hd__dfrtp_1)
                          0.25    0.62   clock uncertainty
                          0.00    0.62   clock reconvergence pessimism
                          0.35    0.97   library removal time
                                  0.97   data required time
-----------------------------------------------------------------------------
                                  0.97   data required time
                                 -4.41   data arrival time
-----------------------------------------------------------------------------
                                  3.44   slack (MET)


Startpoint: rst_n (input port clocked by clk)
Endpoint: _277_ (removal check against rising-edge clock clk)
Path Group: asynchronous
Path Type: min
Corner: Typical

Fanout     Cap    Slew   Delay    Time   Description
-----------------------------------------------------------------------------
                          0.00    0.00   clock clk (rise edge)
                          0.00    0.00   clock network delay (propagated)
                          4.00    4.00 ^ input external delay
                  0.02    0.01    4.01 ^ rst_n (in)
     1    0.00                           rst_n (net)
                  0.02    0.00    4.01 ^ input1/A (sky130_fd_sc_hd__clkbuf_2)
                  0.14    0.16    4.17 ^ input1/X (sky130_fd_sc_hd__clkbuf_2)
     4    0.03                           net1 (net)
                  0.14    0.00    4.17 ^ fanout16/A (sky130_fd_sc_hd__clkbuf_4)
                  0.14    0.22    4.39 ^ fanout16/X (sky130_fd_sc_hd__clkbuf_4)
     8    0.04                           net16 (net)
                  0.14    0.00    4.40 ^ _277_/RESET_B (sky130_fd_sc_hd__dfrtp_1)
                                  4.40   data arrival time

                          0.00    0.00   clock clk (rise edge)
                          0.00    0.00   clock source latency
                  0.07    0.05    0.05 ^ clk (in)
     1    0.01                           clk (net)
                  0.07    0.00    0.05 ^ clkbuf_0_clk/A (sky130_fd_sc_hd__clkbuf_16)
                  0.07    0.16    0.21 ^ clkbuf_0_clk/X (sky130_fd_sc_hd__clkbuf_16)
     4    0.05                           clknet_0_clk (net)
                  0.07    0.00    0.22 ^ clkbuf_2_2__f_clk/A (sky130_fd_sc_hd__clkbuf_16)
                  0.05    0.14    0.36 ^ clkbuf_2_2__f_clk/X (sky130_fd_sc_hd__clkbuf_16)
     8    0.02                           clknet_2_2__leaf_clk (net)
                  0.05    0.00    0.36 ^ _277_/CLK (sky130_fd_sc_hd__dfrtp_1)
                          0.25    0.61   clock uncertainty
                          0.00    0.61   clock reconvergence pessimism
                          0.35    0.96   library removal time
                                  0.96   data required time
-----------------------------------------------------------------------------
                                  0.96   data required time
                                 -4.40   data arrival time
-----------------------------------------------------------------------------
                                  3.44   slack (MET)


Startpoint: rst_n (input port clocked by clk)
Endpoint: _276_ (removal check against rising-edge clock clk)
Path Group: asynchronous
Path Type: min
Corner: Typical

Fanout     Cap    Slew   Delay    Time   Description
-----------------------------------------------------------------------------
                          0.00    0.00   clock clk (rise edge)
                          0.00    0.00   clock network delay (propagated)
                          4.00    4.00 ^ input external delay
                  0.02    0.01    4.01 ^ rst_n (in)
     1    0.00                           rst_n (net)
                  0.02    0.00    4.01 ^ input1/A (sky130_fd_sc_hd__clkbuf_2)
                  0.14    0.16    4.17 ^ input1/X (sky130_fd_sc_hd__clkbuf_2)
     4    0.03                           net1 (net)
                  0.14    0.00    4.17 ^ fanout16/A (sky130_fd_sc_hd__clkbuf_4)
                  0.14    0.22    4.39 ^ fanout16/X (sky130_fd_sc_hd__clkbuf_4)
     8    0.04                           net16 (net)
                  0.14    0.00    4.40 ^ _276_/RESET_B (sky130_fd_sc_hd__dfrtp_2)
                                  4.40   data arrival time

                          0.00    0.00   clock clk (rise edge)
                          0.00    0.00   clock source latency
                  0.07    0.05    0.05 ^ clk (in)
     1    0.01                           clk (net)
                  0.07    0.00    0.05 ^ clkbuf_0_clk/A (sky130_fd_sc_hd__clkbuf_16)
                  0.07    0.16    0.21 ^ clkbuf_0_clk/X (sky130_fd_sc_hd__clkbuf_16)
     4    0.05                           clknet_0_clk (net)
                  0.07    0.00    0.22 ^ clkbuf_2_2__f_clk/A (sky130_fd_sc_hd__clkbuf_16)
                  0.05    0.14    0.36 ^ clkbuf_2_2__f_clk/X (sky130_fd_sc_hd__clkbuf_16)
     8    0.02                           clknet_2_2__leaf_clk (net)
                  0.05    0.00    0.36 ^ _276_/CLK (sky130_fd_sc_hd__dfrtp_2)
                          0.25    0.61   clock uncertainty
                          0.00    0.61   clock reconvergence pessimism
                          0.35    0.96   library removal time
                                  0.96   data required time
-----------------------------------------------------------------------------
                                  0.96   data required time
                                 -4.40   data arrival time
-----------------------------------------------------------------------------
                                  3.44   slack (MET)


Startpoint: rst_n (input port clocked by clk)
Endpoint: _288_ (removal check against rising-edge clock clk)
Path Group: asynchronous
Path Type: min
Corner: Typical

Fanout     Cap    Slew   Delay    Time   Description
-----------------------------------------------------------------------------
                          0.00    0.00   clock clk (rise edge)
                          0.00    0.00   clock network delay (propagated)
                          4.00    4.00 ^ input external delay
                  0.02    0.01    4.01 ^ rst_n (in)
     1    0.00                           rst_n (net)
                  0.02    0.00    4.01 ^ input1/A (sky130_fd_sc_hd__clkbuf_2)
                  0.14    0.16    4.17 ^ input1/X (sky130_fd_sc_hd__clkbuf_2)
     4    0.03                           net1 (net)
                  0.14    0.00    4.17 ^ fanout15/A (sky130_fd_sc_hd__clkbuf_4)
                  0.15    0.24    4.41 ^ fanout15/X (sky130_fd_sc_hd__clkbuf_4)
    10    0.05                           net15 (net)
                  0.15    0.00    4.41 ^ _288_/RESET_B (sky130_fd_sc_hd__dfrtp_1)
                                  4.41   data arrival time

                          0.00    0.00   clock clk (rise edge)
                          0.00    0.00   clock source latency
                  0.07    0.05    0.05 ^ clk (in)
     1    0.01                           clk (net)
                  0.07    0.00    0.05 ^ clkbuf_0_clk/A (sky130_fd_sc_hd__clkbuf_16)
                  0.07    0.16    0.21 ^ clkbuf_0_clk/X (sky130_fd_sc_hd__clkbuf_16)
     4    0.05                           clknet_0_clk (net)
                  0.07    0.00    0.22 ^ clkbuf_2_0__f_clk/A (sky130_fd_sc_hd__clkbuf_16)
                  0.05    0.15    0.36 ^ clkbuf_2_0__f_clk/X (sky130_fd_sc_hd__clkbuf_16)
     9    0.03                           clknet_2_0__leaf_clk (net)
                  0.05    0.00    0.37 ^ _288_/CLK (sky130_fd_sc_hd__dfrtp_1)
                          0.25    0.62   clock uncertainty
                          0.00    0.62   clock reconvergence pessimism
                          0.35    0.97   library removal time
                                  0.97   data required time
-----------------------------------------------------------------------------
                                  0.97   data required time
                                 -4.41   data arrival time
-----------------------------------------------------------------------------
                                  3.44   slack (MET)


Startpoint: rst_n (input port clocked by clk)
Endpoint: _290_ (removal check against rising-edge clock clk)
Path Group: asynchronous
Path Type: min
Corner: Typical

Fanout     Cap    Slew   Delay    Time   Description
-----------------------------------------------------------------------------
                          0.00    0.00   clock clk (rise edge)
                          0.00    0.00   clock network delay (propagated)
                          4.00    4.00 ^ input external delay
                  0.02    0.01    4.01 ^ rst_n (in)
     1    0.00                           rst_n (net)
                  0.02    0.00    4.01 ^ input1/A (sky130_fd_sc_hd__clkbuf_2)
                  0.14    0.16    4.17 ^ input1/X (sky130_fd_sc_hd__clkbuf_2)
     4    0.03                           net1 (net)
                  0.14    0.00    4.17 ^ fanout15/A (sky130_fd_sc_hd__clkbuf_4)
                  0.15    0.24    4.41 ^ fanout15/X (sky130_fd_sc_hd__clkbuf_4)
    10    0.05                           net15 (net)
                  0.15    0.00    4.41 ^ _290_/RESET_B (sky130_fd_sc_hd__dfrtp_1)
                                  4.41   data arrival time

                          0.00    0.00   clock clk (rise edge)
                          0.00    0.00   clock source latency
                  0.07    0.05    0.05 ^ clk (in)
     1    0.01                           clk (net)
                  0.07    0.00    0.05 ^ clkbuf_0_clk/A (sky130_fd_sc_hd__clkbuf_16)
                  0.07    0.16    0.21 ^ clkbuf_0_clk/X (sky130_fd_sc_hd__clkbuf_16)
     4    0.05                           clknet_0_clk (net)
                  0.07    0.00    0.22 ^ clkbuf_2_0__f_clk/A (sky130_fd_sc_hd__clkbuf_16)
                  0.05    0.15    0.36 ^ clkbuf_2_0__f_clk/X (sky130_fd_sc_hd__clkbuf_16)
     9    0.03                           clknet_2_0__leaf_clk (net)
                  0.05    0.00    0.37 ^ _290_/CLK (sky130_fd_sc_hd__dfrtp_1)
                          0.25    0.62   clock uncertainty
                          0.00    0.62   clock reconvergence pessimism
                          0.35    0.97   library removal time
                                  0.97   data required time
-----------------------------------------------------------------------------
                                  0.97   data required time
                                 -4.41   data arrival time
-----------------------------------------------------------------------------
                                  3.44   slack (MET)


Startpoint: rst_n (input port clocked by clk)
Endpoint: _289_ (removal check against rising-edge clock clk)
Path Group: asynchronous
Path Type: min
Corner: Typical

Fanout     Cap    Slew   Delay    Time   Description
-----------------------------------------------------------------------------
                          0.00    0.00   clock clk (rise edge)
                          0.00    0.00   clock network delay (propagated)
                          4.00    4.00 ^ input external delay
                  0.02    0.01    4.01 ^ rst_n (in)
     1    0.00                           rst_n (net)
                  0.02    0.00    4.01 ^ input1/A (sky130_fd_sc_hd__clkbuf_2)
                  0.14    0.16    4.17 ^ input1/X (sky130_fd_sc_hd__clkbuf_2)
     4    0.03                           net1 (net)
                  0.14    0.00    4.17 ^ fanout15/A (sky130_fd_sc_hd__clkbuf_4)
                  0.15    0.24    4.41 ^ fanout15/X (sky130_fd_sc_hd__clkbuf_4)
    10    0.05                           net15 (net)
                  0.15    0.00    4.41 ^ _289_/RESET_B (sky130_fd_sc_hd__dfrtp_1)
                                  4.41   data arrival time

                          0.00    0.00   clock clk (rise edge)
                          0.00    0.00   clock source latency
                  0.07    0.05    0.05 ^ clk (in)
     1    0.01                           clk (net)
                  0.07    0.00    0.05 ^ clkbuf_0_clk/A (sky130_fd_sc_hd__clkbuf_16)
                  0.07    0.16    0.21 ^ clkbuf_0_clk/X (sky130_fd_sc_hd__clkbuf_16)
     4    0.05                           clknet_0_clk (net)
                  0.07    0.00    0.22 ^ clkbuf_2_0__f_clk/A (sky130_fd_sc_hd__clkbuf_16)
                  0.05    0.15    0.36 ^ clkbuf_2_0__f_clk/X (sky130_fd_sc_hd__clkbuf_16)
     9    0.03                           clknet_2_0__leaf_clk (net)
                  0.05    0.00    0.37 ^ _289_/CLK (sky130_fd_sc_hd__dfrtp_1)
                          0.25    0.62   clock uncertainty
                          0.00    0.62   clock reconvergence pessimism
                          0.35    0.97   library removal time
                                  0.97   data required time
-----------------------------------------------------------------------------
                                  0.97   data required time
                                 -4.41   data arrival time
-----------------------------------------------------------------------------
                                  3.44   slack (MET)


Startpoint: rst_n (input port clocked by clk)
Endpoint: _293_ (removal check against rising-edge clock clk)
Path Group: asynchronous
Path Type: min
Corner: Typical

Fanout     Cap    Slew   Delay    Time   Description
-----------------------------------------------------------------------------
                          0.00    0.00   clock clk (rise edge)
                          0.00    0.00   clock network delay (propagated)
                          4.00    4.00 ^ input external delay
                  0.02    0.01    4.01 ^ rst_n (in)
     1    0.00                           rst_n (net)
                  0.02    0.00    4.01 ^ input1/A (sky130_fd_sc_hd__clkbuf_2)
                  0.14    0.16    4.17 ^ input1/X (sky130_fd_sc_hd__clkbuf_2)
     4    0.03                           net1 (net)
                  0.14    0.00    4.17 ^ fanout15/A (sky130_fd_sc_hd__clkbuf_4)
                  0.15    0.24    4.41 ^ fanout15/X (sky130_fd_sc_hd__clkbuf_4)
    10    0.05                           net15 (net)
                  0.15    0.00    4.41 ^ _293_/RESET_B (sky130_fd_sc_hd__dfrtp_1)
                                  4.41   data arrival time

                          0.00    0.00   clock clk (rise edge)
                          0.00    0.00   clock source latency
                  0.07    0.05    0.05 ^ clk (in)
     1    0.01                           clk (net)
                  0.07    0.00    0.05 ^ clkbuf_0_clk/A (sky130_fd_sc_hd__clkbuf_16)
                  0.07    0.16    0.21 ^ clkbuf_0_clk/X (sky130_fd_sc_hd__clkbuf_16)
     4    0.05                           clknet_0_clk (net)
                  0.07    0.00    0.22 ^ clkbuf_2_0__f_clk/A (sky130_fd_sc_hd__clkbuf_16)
                  0.05    0.15    0.36 ^ clkbuf_2_0__f_clk/X (sky130_fd_sc_hd__clkbuf_16)
     9    0.03                           clknet_2_0__leaf_clk (net)
                  0.05    0.00    0.37 ^ _293_/CLK (sky130_fd_sc_hd__dfrtp_1)
                          0.25    0.62   clock uncertainty
                          0.00    0.62   clock reconvergence pessimism
                          0.35    0.97   library removal time
                                  0.97   data required time
-----------------------------------------------------------------------------
                                  0.97   data required time
                                 -4.41   data arrival time
-----------------------------------------------------------------------------
                                  3.44   slack (MET)


Startpoint: rst_n (input port clocked by clk)
Endpoint: _294_ (removal check against rising-edge clock clk)
Path Group: asynchronous
Path Type: min
Corner: Typical

Fanout     Cap    Slew   Delay    Time   Description
-----------------------------------------------------------------------------
                          0.00    0.00   clock clk (rise edge)
                          0.00    0.00   clock network delay (propagated)
                          4.00    4.00 ^ input external delay
                  0.02    0.01    4.01 ^ rst_n (in)
     1    0.00                           rst_n (net)
                  0.02    0.00    4.01 ^ input1/A (sky130_fd_sc_hd__clkbuf_2)
                  0.14    0.16    4.17 ^ input1/X (sky130_fd_sc_hd__clkbuf_2)
     4    0.03                           net1 (net)
                  0.14    0.00    4.17 ^ fanout15/A (sky130_fd_sc_hd__clkbuf_4)
                  0.15    0.24    4.41 ^ fanout15/X (sky130_fd_sc_hd__clkbuf_4)
    10    0.05                           net15 (net)
                  0.15    0.00    4.41 ^ _294_/RESET_B (sky130_fd_sc_hd__dfrtp_1)
                                  4.41   data arrival time

                          0.00    0.00   clock clk (rise edge)
                          0.00    0.00   clock source latency
                  0.07    0.05    0.05 ^ clk (in)
     1    0.01                           clk (net)
                  0.07    0.00    0.05 ^ clkbuf_0_clk/A (sky130_fd_sc_hd__clkbuf_16)
                  0.07    0.16    0.21 ^ clkbuf_0_clk/X (sky130_fd_sc_hd__clkbuf_16)
     4    0.05                           clknet_0_clk (net)
                  0.07    0.00    0.22 ^ clkbuf_2_0__f_clk/A (sky130_fd_sc_hd__clkbuf_16)
                  0.05    0.15    0.36 ^ clkbuf_2_0__f_clk/X (sky130_fd_sc_hd__clkbuf_16)
     9    0.03                           clknet_2_0__leaf_clk (net)
                  0.05    0.00    0.37 ^ _294_/CLK (sky130_fd_sc_hd__dfrtp_1)
                          0.25    0.62   clock uncertainty
                          0.00    0.62   clock reconvergence pessimism
                          0.35    0.97   library removal time
                                  0.97   data required time
-----------------------------------------------------------------------------
                                  0.97   data required time
                                 -4.41   data arrival time
-----------------------------------------------------------------------------
                                  3.44   slack (MET)


Startpoint: rst_n (input port clocked by clk)
Endpoint: _292_ (removal check against rising-edge clock clk)
Path Group: asynchronous
Path Type: min
Corner: Typical

Fanout     Cap    Slew   Delay    Time   Description
-----------------------------------------------------------------------------
                          0.00    0.00   clock clk (rise edge)
                          0.00    0.00   clock network delay (propagated)
                          4.00    4.00 ^ input external delay
                  0.02    0.01    4.01 ^ rst_n (in)
     1    0.00                           rst_n (net)
                  0.02    0.00    4.01 ^ input1/A (sky130_fd_sc_hd__clkbuf_2)
                  0.14    0.16    4.17 ^ input1/X (sky130_fd_sc_hd__clkbuf_2)
     4    0.03                           net1 (net)
                  0.14    0.00    4.17 ^ fanout15/A (sky130_fd_sc_hd__clkbuf_4)
                  0.15    0.24    4.41 ^ fanout15/X (sky130_fd_sc_hd__clkbuf_4)
    10    0.05                           net15 (net)
                  0.15    0.00    4.41 ^ _292_/RESET_B (sky130_fd_sc_hd__dfrtp_1)
                                  4.41   data arrival time

                          0.00    0.00   clock clk (rise edge)
                          0.00    0.00   clock source latency
                  0.07    0.05    0.05 ^ clk (in)
     1    0.01                           clk (net)
                  0.07    0.00    0.05 ^ clkbuf_0_clk/A (sky130_fd_sc_hd__clkbuf_16)
                  0.07    0.16    0.21 ^ clkbuf_0_clk/X (sky130_fd_sc_hd__clkbuf_16)
     4    0.05                           clknet_0_clk (net)
                  0.07    0.00    0.22 ^ clkbuf_2_0__f_clk/A (sky130_fd_sc_hd__clkbuf_16)
                  0.05    0.15    0.36 ^ clkbuf_2_0__f_clk/X (sky130_fd_sc_hd__clkbuf_16)
     9    0.03                           clknet_2_0__leaf_clk (net)
                  0.05    0.00    0.37 ^ _292_/CLK (sky130_fd_sc_hd__dfrtp_1)
                          0.25    0.62   clock uncertainty
                          0.00    0.62   clock reconvergence pessimism
                          0.35    0.97   library removal time
                                  0.97   data required time
-----------------------------------------------------------------------------
                                  0.97   data required time
                                 -4.41   data arrival time
-----------------------------------------------------------------------------
                                  3.44   slack (MET)


Startpoint: rst_n (input port clocked by clk)
Endpoint: _291_ (removal check against rising-edge clock clk)
Path Group: asynchronous
Path Type: min
Corner: Typical

Fanout     Cap    Slew   Delay    Time   Description
-----------------------------------------------------------------------------
                          0.00    0.00   clock clk (rise edge)
                          0.00    0.00   clock network delay (propagated)
                          4.00    4.00 ^ input external delay
                  0.02    0.01    4.01 ^ rst_n (in)
     1    0.00                           rst_n (net)
                  0.02    0.00    4.01 ^ input1/A (sky130_fd_sc_hd__clkbuf_2)
                  0.14    0.16    4.17 ^ input1/X (sky130_fd_sc_hd__clkbuf_2)
     4    0.03                           net1 (net)
                  0.14    0.00    4.17 ^ fanout15/A (sky130_fd_sc_hd__clkbuf_4)
                  0.15    0.24    4.41 ^ fanout15/X (sky130_fd_sc_hd__clkbuf_4)
    10    0.05                           net15 (net)
                  0.15    0.00    4.41 ^ _291_/RESET_B (sky130_fd_sc_hd__dfrtp_1)
                                  4.41   data arrival time

                          0.00    0.00   clock clk (rise edge)
                          0.00    0.00   clock source latency
                  0.07    0.05    0.05 ^ clk (in)
     1    0.01                           clk (net)
                  0.07    0.00    0.05 ^ clkbuf_0_clk/A (sky130_fd_sc_hd__clkbuf_16)
                  0.07    0.16    0.21 ^ clkbuf_0_clk/X (sky130_fd_sc_hd__clkbuf_16)
     4    0.05                           clknet_0_clk (net)
                  0.07    0.00    0.22 ^ clkbuf_2_0__f_clk/A (sky130_fd_sc_hd__clkbuf_16)
                  0.05    0.15    0.36 ^ clkbuf_2_0__f_clk/X (sky130_fd_sc_hd__clkbuf_16)
     9    0.03                           clknet_2_0__leaf_clk (net)
                  0.05    0.00    0.37 ^ _291_/CLK (sky130_fd_sc_hd__dfrtp_1)
                          0.25    0.62   clock uncertainty
                          0.00    0.62   clock reconvergence pessimism
                          0.35    0.97   library removal time
                                  0.97   data required time
-----------------------------------------------------------------------------
                                  0.97   data required time
                                 -4.41   data arrival time
-----------------------------------------------------------------------------
                                  3.44   slack (MET)


Startpoint: rst_n (input port clocked by clk)
Endpoint: _272_ (removal check against rising-edge clock clk)
Path Group: asynchronous
Path Type: min
Corner: Typical

Fanout     Cap    Slew   Delay    Time   Description
-----------------------------------------------------------------------------
                          0.00    0.00   clock clk (rise edge)
                          0.00    0.00   clock network delay (propagated)
                          4.00    4.00 ^ input external delay
                  0.02    0.01    4.01 ^ rst_n (in)
     1    0.00                           rst_n (net)
                  0.02    0.00    4.01 ^ input1/A (sky130_fd_sc_hd__clkbuf_2)
                  0.14    0.16    4.17 ^ input1/X (sky130_fd_sc_hd__clkbuf_2)
     4    0.03                           net1 (net)
                  0.14    0.00    4.17 ^ fanout15/A (sky130_fd_sc_hd__clkbuf_4)
                  0.15    0.24    4.41 ^ fanout15/X (sky130_fd_sc_hd__clkbuf_4)
    10    0.05                           net15 (net)
                  0.15    0.00    4.41 ^ _272_/RESET_B (sky130_fd_sc_hd__dfrtp_1)
                                  4.41   data arrival time

                          0.00    0.00   clock clk (rise edge)
                          0.00    0.00   clock source latency
                  0.07    0.05    0.05 ^ clk (in)
     1    0.01                           clk (net)
                  0.07    0.00    0.05 ^ clkbuf_0_clk/A (sky130_fd_sc_hd__clkbuf_16)
                  0.07    0.16    0.21 ^ clkbuf_0_clk/X (sky130_fd_sc_hd__clkbuf_16)
     4    0.05                           clknet_0_clk (net)
                  0.07    0.00    0.22 ^ clkbuf_2_2__f_clk/A (sky130_fd_sc_hd__clkbuf_16)
                  0.05    0.14    0.36 ^ clkbuf_2_2__f_clk/X (sky130_fd_sc_hd__clkbuf_16)
     8    0.02                           clknet_2_2__leaf_clk (net)
                  0.05    0.00    0.36 ^ _272_/CLK (sky130_fd_sc_hd__dfrtp_1)
                          0.25    0.61   clock uncertainty
                          0.00    0.61   clock reconvergence pessimism
                          0.35    0.96   library removal time
                                  0.96   data required time
-----------------------------------------------------------------------------
                                  0.96   data required time
                                 -4.41   data arrival time
-----------------------------------------------------------------------------
                                  3.45   slack (MET)


Startpoint: _273_ (rising edge-triggered flip-flop clocked by clk)
Endpoint: sleep_ack (output port clocked by clk)
Path Group: clk
Path Type: min
Corner: Typical

Fanout     Cap    Slew   Delay    Time   Description
-----------------------------------------------------------------------------
                          0.00    0.00   clock clk (rise edge)
                          0.00    0.00   clock source latency
                  0.07    0.05    0.05 ^ clk (in)
     1    0.01                           clk (net)
                  0.07    0.00    0.05 ^ clkbuf_0_clk/A (sky130_fd_sc_hd__clkbuf_16)
                  0.07    0.15    0.19 ^ clkbuf_0_clk/X (sky130_fd_sc_hd__clkbuf_16)
     4    0.05                           clknet_0_clk (net)
                  0.07    0.00    0.20 ^ clkbuf_2_2__f_clk/A (sky130_fd_sc_hd__clkbuf_16)
                  0.05    0.13    0.33 ^ clkbuf_2_2__f_clk/X (sky130_fd_sc_hd__clkbuf_16)
     8    0.02                           clknet_2_2__leaf_clk (net)
                  0.05    0.00    0.33 ^ _273_/CLK (sky130_fd_sc_hd__dfrtp_2)
                  0.12    0.39    0.72 ^ _273_/Q (sky130_fd_sc_hd__dfrtp_2)
     5    0.02                           net12 (net)
                  0.12    0.00    0.72 ^ output12/A (sky130_fd_sc_hd__clkbuf_4)
                  0.11    0.20    0.92 ^ output12/X (sky130_fd_sc_hd__clkbuf_4)
     1    0.03                           sleep_ack (net)
                  0.11    0.00    0.92 ^ sleep_ack (out)
                                  0.92   data arrival time

                          0.00    0.00   clock clk (rise edge)
                          0.00    0.00   clock network delay (propagated)
                          0.25    0.25   clock uncertainty
                          0.00    0.25   clock reconvergence pessimism
                         -4.00   -3.75   output external delay
                                 -3.75   data required time
-----------------------------------------------------------------------------
                                 -3.75   data required time
                                 -0.92   data arrival time
-----------------------------------------------------------------------------
                                  4.67   slack (MET)


Startpoint: _288_ (rising edge-triggered flip-flop clocked by clk)
Endpoint: tx (output port clocked by clk)
Path Group: clk
Path Type: min
Corner: Typical

Fanout     Cap    Slew   Delay    Time   Description
-----------------------------------------------------------------------------
                          0.00    0.00   clock clk (rise edge)
                          0.00    0.00   clock source latency
                  0.07    0.05    0.05 ^ clk (in)
     1    0.01                           clk (net)
                  0.07    0.00    0.05 ^ clkbuf_0_clk/A (sky130_fd_sc_hd__clkbuf_16)
                  0.07    0.15    0.19 ^ clkbuf_0_clk/X (sky130_fd_sc_hd__clkbuf_16)
     4    0.05                           clknet_0_clk (net)
                  0.07    0.00    0.20 ^ clkbuf_2_0__f_clk/A (sky130_fd_sc_hd__clkbuf_16)
                  0.05    0.13    0.33 ^ clkbuf_2_0__f_clk/X (sky130_fd_sc_hd__clkbuf_16)
     9    0.03                           clknet_2_0__leaf_clk (net)
                  0.05    0.00    0.33 ^ _288_/CLK (sky130_fd_sc_hd__dfrtp_1)
                  0.06    0.36    0.69 v _288_/Q (sky130_fd_sc_hd__dfrtp_1)
     2    0.01                           shift_reg[0] (net)
                  0.06    0.00    0.69 v _140_/A (sky130_fd_sc_hd__inv_2)
                  0.03    0.04    0.73 ^ _140_/Y (sky130_fd_sc_hd__inv_2)
     1    0.00                           _128_ (net)
                  0.03    0.00    0.73 ^ _142_/A2 (sky130_fd_sc_hd__o211ai_1)
                  0.09    0.09    0.83 v _142_/Y (sky130_fd_sc_hd__o211ai_1)
     1    0.01                           net13 (net)
                  0.09    0.00    0.83 v output13/A (sky130_fd_sc_hd__clkbuf_4)
                  0.08    0.19    1.02 v output13/X (sky130_fd_sc_hd__clkbuf_4)
     1    0.03                           tx (net)
                  0.08    0.00    1.02 v tx (out)
                                  1.02   data arrival time

                          0.00    0.00   clock clk (rise edge)
                          0.00    0.00   clock network delay (propagated)
                          0.25    0.25   clock uncertainty
                          0.00    0.25   clock reconvergence pessimism
                         -4.00   -3.75   output external delay
                                 -3.75   data required time
-----------------------------------------------------------------------------
                                 -3.75   data required time
                                 -1.02   data arrival time
-----------------------------------------------------------------------------
                                  4.77   slack (MET)


Startpoint: _273_ (rising edge-triggered flip-flop clocked by clk)
Endpoint: tx_busy (output port clocked by clk)
Path Group: clk
Path Type: min
Corner: Typical

Fanout     Cap    Slew   Delay    Time   Description
-----------------------------------------------------------------------------
                          0.00    0.00   clock clk (rise edge)
                          0.00    0.00   clock source latency
                  0.07    0.05    0.05 ^ clk (in)
     1    0.01                           clk (net)
                  0.07    0.00    0.05 ^ clkbuf_0_clk/A (sky130_fd_sc_hd__clkbuf_16)
                  0.07    0.15    0.19 ^ clkbuf_0_clk/X (sky130_fd_sc_hd__clkbuf_16)
     4    0.05                           clknet_0_clk (net)
                  0.07    0.00    0.20 ^ clkbuf_2_2__f_clk/A (sky130_fd_sc_hd__clkbuf_16)
                  0.05    0.13    0.33 ^ clkbuf_2_2__f_clk/X (sky130_fd_sc_hd__clkbuf_16)
     8    0.02                           clknet_2_2__leaf_clk (net)
                  0.05    0.00    0.33 ^ _273_/CLK (sky130_fd_sc_hd__dfrtp_2)
                  0.12    0.39    0.72 ^ _273_/Q (sky130_fd_sc_hd__dfrtp_2)
     5    0.02                           net12 (net)
                  0.12    0.00    0.72 ^ _130_/A (sky130_fd_sc_hd__clkbuf_4)
                  0.13    0.22    0.94 ^ _130_/X (sky130_fd_sc_hd__clkbuf_4)
    10    0.04                           _120_ (net)
                  0.13    0.00    0.94 ^ _132_/A (sky130_fd_sc_hd__nor2_1)
                  0.08    0.11    1.04 v _132_/Y (sky130_fd_sc_hd__nor2_1)
     3    0.02                           net14 (net)
                  0.08    0.00    1.05 v output14/A (sky130_fd_sc_hd__clkbuf_4)
                  0.08    0.19    1.23 v output14/X (sky130_fd_sc_hd__clkbuf_4)
     1    0.03                           tx_busy (net)
                  0.08    0.00    1.24 v tx_busy (out)
                                  1.24   data arrival time

                          0.00    0.00   clock clk (rise edge)
                          0.00    0.00   clock network delay (propagated)
                          0.25    0.25   clock uncertainty
                          0.00    0.25   clock reconvergence pessimism
                         -4.00   -3.75   output external delay
                                 -3.75   data required time
-----------------------------------------------------------------------------
                                 -3.75   data required time
                                 -1.24   data arrival time
-----------------------------------------------------------------------------
                                  4.99   slack (MET)



